ISO-10303-21;
HEADER;
FILE_DESCRIPTION(('Open CASCADE Model'),'2;1');
FILE_NAME('active_sector_peek_guide_front','2026-07-12T13:39:46',(
    'Author'),('Open CASCADE'),'Open CASCADE STEP processor 7.9',
  'build123d','Unknown');
FILE_SCHEMA(('AUTOMOTIVE_DESIGN { 1 0 10303 214 1 1 1 1 }'));
ENDSEC;
DATA;
#1 = APPLICATION_PROTOCOL_DEFINITION('international standard',
  'automotive_design',2000,#2);
#2 = APPLICATION_CONTEXT(
  'core data for automotive mechanical design processes');
#3 = SHAPE_DEFINITION_REPRESENTATION(#4,#10);
#4 = PRODUCT_DEFINITION_SHAPE('','',#5);
#5 = PRODUCT_DEFINITION('design','',#6,#9);
#6 = PRODUCT_DEFINITION_FORMATION('','',#7);
#7 = PRODUCT('active_sector_peek_guide_front',
  'active_sector_peek_guide_front','',(#8));
#8 = PRODUCT_CONTEXT('',#2,'mechanical');
#9 = PRODUCT_DEFINITION_CONTEXT('part definition',#2,'design');
#10 = SHAPE_REPRESENTATION('',(#11,#15),#19);
#11 = AXIS2_PLACEMENT_3D('',#12,#13,#14);
#12 = CARTESIAN_POINT('',(0.,0.,0.));
#13 = DIRECTION('',(0.,0.,1.));
#14 = DIRECTION('',(1.,0.,-0.));
#15 = AXIS2_PLACEMENT_3D('',#16,#17,#18);
#16 = CARTESIAN_POINT('',(-32.95402170812,0.,-21.025));
#17 = DIRECTION('',(0.,0.,1.));
#18 = DIRECTION('',(1.,0.,-0.));
#19 = ( GEOMETRIC_REPRESENTATION_CONTEXT(3) 
GLOBAL_UNCERTAINTY_ASSIGNED_CONTEXT((#23)) GLOBAL_UNIT_ASSIGNED_CONTEXT(
(#20,#21,#22)) REPRESENTATION_CONTEXT('Context #1',
  '3D Context with UNIT and UNCERTAINTY') );
#20 = ( LENGTH_UNIT() NAMED_UNIT(*) SI_UNIT(.MILLI.,.METRE.) );
#21 = ( NAMED_UNIT(*) PLANE_ANGLE_UNIT() SI_UNIT($,.RADIAN.) );
#22 = ( NAMED_UNIT(*) SI_UNIT($,.STERADIAN.) SOLID_ANGLE_UNIT() );
#23 = UNCERTAINTY_MEASURE_WITH_UNIT(LENGTH_MEASURE(1.E-07),#20,
  'distance_accuracy_value','confusion accuracy');
#24 = PRODUCT_RELATED_PRODUCT_CATEGORY('part',$,(#7));
#25 = SHAPE_DEFINITION_REPRESENTATION(#26,#32);
#26 = PRODUCT_DEFINITION_SHAPE('','',#27);
#27 = PRODUCT_DEFINITION('design','',#28,#31);
#28 = PRODUCT_DEFINITION_FORMATION('','',#29);
#29 = PRODUCT('active_sector_peek_guide_front',
  'active_sector_peek_guide_front','',(#30));
#30 = PRODUCT_CONTEXT('',#2,'mechanical');
#31 = PRODUCT_DEFINITION_CONTEXT('part definition',#2,'design');
#32 = ADVANCED_BREP_SHAPE_REPRESENTATION('',(#11,#33),#7425);
#33 = MANIFOLD_SOLID_BREP('',#34);
#34 = CLOSED_SHELL('',(#35,#305,#1187,#1263,#1334,#1361,#1388,#1395,
    #1632,#1858,#1934,#2005,#2052,#2138,#2214,#2290,#2361,#2389,#2417,
    #2459,#2509,#2562,#2609,#2659,#2707,#2752,#2799,#2826,#2858,#3062,
    #3301,#3471,#3628,#3655,#3712,#3811,#3921,#4105,#4175,#4373,#4440,
    #4732,#4977,#5112,#5165,#5192,#5243,#5292,#5320,#5665,#5741,#5812,
    #5839,#5866,#5873,#6110,#6177,#6367,#6426,#6631,#6707,#6783,#6859,
    #6926,#6934,#6942,#6989,#7036,#7043,#7095,#7162,#7210,#7262,#7289,
    #7316,#7348,#7381,#7412));
#35 = ADVANCED_FACE('',(#36),#50,.F.);
#36 = FACE_BOUND('',#37,.F.);
#37 = EDGE_LOOP('',(#38,#73,#101,#129,#167,#244));
#38 = ORIENTED_EDGE('',*,*,#39,.F.);
#39 = EDGE_CURVE('',#40,#42,#44,.T.);
#40 = VERTEX_POINT('',#41);
#41 = CARTESIAN_POINT('',(31.9,-3.6,16.45));
#42 = VERTEX_POINT('',#43);
#43 = CARTESIAN_POINT('',(31.9,-3.6,18.06062315932));
#44 = SURFACE_CURVE('',#45,(#49,#61),.PCURVE_S1.);
#45 = LINE('',#46,#47);
#46 = CARTESIAN_POINT('',(31.9,-3.6,16.45));
#47 = VECTOR('',#48,1.);
#48 = DIRECTION('',(0.,0.,1.));
#49 = PCURVE('',#50,#55);
#50 = PLANE('',#51);
#51 = AXIS2_PLACEMENT_3D('',#52,#53,#54);
#52 = CARTESIAN_POINT('',(31.9,-3.6,16.45));
#53 = DIRECTION('',(1.,0.,-0.));
#54 = DIRECTION('',(0.,0.,1.));
#55 = DEFINITIONAL_REPRESENTATION('',(#56),#60);
#56 = LINE('',#57,#58);
#57 = CARTESIAN_POINT('',(0.,0.));
#58 = VECTOR('',#59,1.);
#59 = DIRECTION('',(1.,0.));
#60 = ( GEOMETRIC_REPRESENTATION_CONTEXT(2) 
PARAMETRIC_REPRESENTATION_CONTEXT() REPRESENTATION_CONTEXT('2D SPACE',''
  ) );
#61 = PCURVE('',#62,#67);
#62 = PLANE('',#63);
#63 = AXIS2_PLACEMENT_3D('',#64,#65,#66);
#64 = CARTESIAN_POINT('',(31.9,-3.6,16.45));
#65 = DIRECTION('',(-0.,1.,0.));
#66 = DIRECTION('',(0.,0.,1.));
#67 = DEFINITIONAL_REPRESENTATION('',(#68),#72);
#68 = LINE('',#69,#70);
#69 = CARTESIAN_POINT('',(0.,0.));
#70 = VECTOR('',#71,1.);
#71 = DIRECTION('',(1.,0.));
#72 = ( GEOMETRIC_REPRESENTATION_CONTEXT(2) 
PARAMETRIC_REPRESENTATION_CONTEXT() REPRESENTATION_CONTEXT('2D SPACE',''
  ) );
#73 = ORIENTED_EDGE('',*,*,#74,.T.);
#74 = EDGE_CURVE('',#40,#75,#77,.T.);
#75 = VERTEX_POINT('',#76);
#76 = CARTESIAN_POINT('',(31.9,3.6,16.45));
#77 = SURFACE_CURVE('',#78,(#82,#89),.PCURVE_S1.);
#78 = LINE('',#79,#80);
#79 = CARTESIAN_POINT('',(31.9,-3.6,16.45));
#80 = VECTOR('',#81,1.);
#81 = DIRECTION('',(-0.,1.,0.));
#82 = PCURVE('',#50,#83);
#83 = DEFINITIONAL_REPRESENTATION('',(#84),#88);
#84 = LINE('',#85,#86);
#85 = CARTESIAN_POINT('',(0.,0.));
#86 = VECTOR('',#87,1.);
#87 = DIRECTION('',(0.,-1.));
#88 = ( GEOMETRIC_REPRESENTATION_CONTEXT(2) 
PARAMETRIC_REPRESENTATION_CONTEXT() REPRESENTATION_CONTEXT('2D SPACE',''
  ) );
#89 = PCURVE('',#90,#95);
#90 = PLANE('',#91);
#91 = AXIS2_PLACEMENT_3D('',#92,#93,#94);
#92 = CARTESIAN_POINT('',(31.9,-3.6,16.45));
#93 = DIRECTION('',(0.,0.,1.));
#94 = DIRECTION('',(1.,0.,-0.));
#95 = DEFINITIONAL_REPRESENTATION('',(#96),#100);
#96 = LINE('',#97,#98);
#97 = CARTESIAN_POINT('',(0.,0.));
#98 = VECTOR('',#99,1.);
#99 = DIRECTION('',(0.,1.));
#100 = ( GEOMETRIC_REPRESENTATION_CONTEXT(2) 
PARAMETRIC_REPRESENTATION_CONTEXT() REPRESENTATION_CONTEXT('2D SPACE',''
  ) );
#101 = ORIENTED_EDGE('',*,*,#102,.T.);
#102 = EDGE_CURVE('',#75,#103,#105,.T.);
#103 = VERTEX_POINT('',#104);
#104 = CARTESIAN_POINT('',(31.9,3.6,18.06062315932));
#105 = SURFACE_CURVE('',#106,(#110,#117),.PCURVE_S1.);
#106 = LINE('',#107,#108);
#107 = CARTESIAN_POINT('',(31.9,3.6,16.45));
#108 = VECTOR('',#109,1.);
#109 = DIRECTION('',(0.,0.,1.));
#110 = PCURVE('',#50,#111);
#111 = DEFINITIONAL_REPRESENTATION('',(#112),#116);
#112 = LINE('',#113,#114);
#113 = CARTESIAN_POINT('',(0.,-7.2));
#114 = VECTOR('',#115,1.);
#115 = DIRECTION('',(1.,0.));
#116 = ( GEOMETRIC_REPRESENTATION_CONTEXT(2) 
PARAMETRIC_REPRESENTATION_CONTEXT() REPRESENTATION_CONTEXT('2D SPACE',''
  ) );
#117 = PCURVE('',#118,#123);
#118 = PLANE('',#119);
#119 = AXIS2_PLACEMENT_3D('',#120,#121,#122);
#120 = CARTESIAN_POINT('',(31.9,3.6,16.45));
#121 = DIRECTION('',(-0.,1.,0.));
#122 = DIRECTION('',(0.,0.,1.));
#123 = DEFINITIONAL_REPRESENTATION('',(#124),#128);
#124 = LINE('',#125,#126);
#125 = CARTESIAN_POINT('',(0.,0.));
#126 = VECTOR('',#127,1.);
#127 = DIRECTION('',(1.,0.));
#128 = ( GEOMETRIC_REPRESENTATION_CONTEXT(2) 
PARAMETRIC_REPRESENTATION_CONTEXT() REPRESENTATION_CONTEXT('2D SPACE',''
  ) );
#129 = ORIENTED_EDGE('',*,*,#130,.F.);
#130 = EDGE_CURVE('',#131,#103,#133,.T.);
#131 = VERTEX_POINT('',#132);
#132 = CARTESIAN_POINT('',(31.9,2.05,17.713724432885));
#133 = SURFACE_CURVE('',#134,(#139,#146),.PCURVE_S1.);
#134 = CIRCLE('',#135,3.636275567115);
#135 = AXIS2_PLACEMENT_3D('',#136,#137,#138);
#136 = CARTESIAN_POINT('',(31.9,2.05,21.35));
#137 = DIRECTION('',(1.,0.,-0.));
#138 = DIRECTION('',(0.,0.,1.));
#139 = PCURVE('',#50,#140);
#140 = DEFINITIONAL_REPRESENTATION('',(#141),#145);
#141 = CIRCLE('',#142,3.636275567115);
#142 = AXIS2_PLACEMENT_2D('',#143,#144);
#143 = CARTESIAN_POINT('',(4.9,-5.65));
#144 = DIRECTION('',(1.,0.));
#145 = ( GEOMETRIC_REPRESENTATION_CONTEXT(2) 
PARAMETRIC_REPRESENTATION_CONTEXT() REPRESENTATION_CONTEXT('2D SPACE',''
  ) );
#146 = PCURVE('',#147,#152);
#147 = SPHERICAL_SURFACE('',#148,4.25);
#148 = AXIS2_PLACEMENT_3D('',#149,#150,#151);
#149 = CARTESIAN_POINT('',(29.7,2.05,21.35));
#150 = DIRECTION('',(0.,0.,1.));
#151 = DIRECTION('',(1.,0.,-0.));
#152 = DEFINITIONAL_REPRESENTATION('',(#153),#166);
#153 = B_SPLINE_CURVE_WITH_KNOTS('',6,(#154,#155,#156,#157,#158,#159,
    #160,#161,#162,#163,#164,#165),.UNSPECIFIED.,.F.,.F.,(7,5,7),(
    3.14159265359,3.361769986973,3.581947320357),.UNSPECIFIED.);
#154 = CARTESIAN_POINT('',(0.,-1.026697737819));
#155 = CARTESIAN_POINT('',(6.065344377383E-02,-1.026697737819));
#156 = CARTESIAN_POINT('',(0.121306564052,-1.024026977709));
#157 = CARTESIAN_POINT('',(0.18101171373,-1.018684436083));
#158 = CARTESIAN_POINT('',(0.238807060013,-1.010772854215));
#159 = CARTESIAN_POINT('',(0.294064076026,-1.000482051526));
#160 = CARTESIAN_POINT('',(0.398794800286,-0.975562267878));
#161 = CARTESIAN_POINT('',(0.448268738036,-0.960933428987));
#162 = CARTESIAN_POINT('',(0.494494584583,-0.944346893462));
#163 = CARTESIAN_POINT('',(0.537402707979,-0.92603921352));
#164 = CARTESIAN_POINT('',(0.577103619656,-0.906223804791));
#165 = CARTESIAN_POINT('',(0.613770095017,-0.885088485971));
#166 = ( GEOMETRIC_REPRESENTATION_CONTEXT(2) 
PARAMETRIC_REPRESENTATION_CONTEXT() REPRESENTATION_CONTEXT('2D SPACE',''
  ) );
#167 = ORIENTED_EDGE('',*,*,#168,.F.);
#168 = EDGE_CURVE('',#169,#131,#171,.T.);
#169 = VERTEX_POINT('',#170);
#170 = CARTESIAN_POINT('',(31.9,-3.537910705139E-14,18.346668516464));
#171 = SURFACE_CURVE('',#172,(#177,#184),.PCURVE_S1.);
#172 = CIRCLE('',#173,3.636275567115);
#173 = AXIS2_PLACEMENT_3D('',#174,#175,#176);
#174 = CARTESIAN_POINT('',(31.9,2.05,21.35));
#175 = DIRECTION('',(1.,0.,-0.));
#176 = DIRECTION('',(0.,0.,1.));
#177 = PCURVE('',#50,#178);
#178 = DEFINITIONAL_REPRESENTATION('',(#179),#183);
#179 = CIRCLE('',#180,3.636275567115);
#180 = AXIS2_PLACEMENT_2D('',#181,#182);
#181 = CARTESIAN_POINT('',(4.9,-5.65));
#182 = DIRECTION('',(1.,0.));
#183 = ( GEOMETRIC_REPRESENTATION_CONTEXT(2) 
PARAMETRIC_REPRESENTATION_CONTEXT() REPRESENTATION_CONTEXT('2D SPACE',''
  ) );
#184 = PCURVE('',#185,#190);
#185 = SPHERICAL_SURFACE('',#186,4.25);
#186 = AXIS2_PLACEMENT_3D('',#187,#188,#189);
#187 = CARTESIAN_POINT('',(29.7,2.05,21.35));
#188 = DIRECTION('',(0.,0.,1.));
#189 = DIRECTION('',(1.,0.,-0.));
#190 = DEFINITIONAL_REPRESENTATION('',(#191),#243);
#191 = B_SPLINE_CURVE_WITH_KNOTS('',8,(#192,#193,#194,#195,#196,#197,
    #198,#199,#200,#201,#202,#203,#204,#205,#206,#207,#208,#209,#210,
    #211,#212,#213,#214,#215,#216,#217,#218,#219,#220,#221,#222,#223,
    #224,#225,#226,#227,#228,#229,#230,#231,#232,#233,#234,#235,#236,
    #237,#238,#239,#240,#241,#242),.UNSPECIFIED.,.F.,.F.,(9,7,7,7,7,7,7,
    9),(0.,0.196349540849,0.564504929942,1.208776860854,2.175184757222,
    2.658388705406,2.899990679498,3.14159265359),.UNSPECIFIED.);
#192 = CARTESIAN_POINT('',(6.28318530718,1.026697737819));
#193 = CARTESIAN_POINT('',(6.242618202747,1.026697737819));
#194 = CARTESIAN_POINT('',(6.202051201985,1.025559866292));
#195 = CARTESIAN_POINT('',(6.16172445841,1.023283965888));
#196 = CARTESIAN_POINT('',(6.121879799339,1.019883743763));
#197 = CARTESIAN_POINT('',(6.082740040178,1.015386010826));
#198 = CARTESIAN_POINT('',(6.044495362031,1.009828846657));
#199 = CARTESIAN_POINT('',(6.007296752622,1.003258690072));
#200 = CARTESIAN_POINT('',(5.903681056621,0.981603227759));
#201 = CARTESIAN_POINT('',(5.840178161392,0.964097595663));
#202 = CARTESIAN_POINT('',(5.781490043031,0.943545308294));
#203 = CARTESIAN_POINT('',(5.727886165914,0.920343677959));
#204 = CARTESIAN_POINT('',(5.679188701809,0.894875575329));
#205 = CARTESIAN_POINT('',(5.635084097664,0.867468957632));
#206 = CARTESIAN_POINT('',(5.595191085558,0.838405210978));
#207 = CARTESIAN_POINT('',(5.496017273825,0.754572478849));
#208 = CARTESIAN_POINT('',(5.444635714265,0.696872855523));
#209 = CARTESIAN_POINT('',(5.40292952674,0.636090259435));
#210 = CARTESIAN_POINT('',(5.368830729034,0.573072150672));
#211 = CARTESIAN_POINT('',(5.341033100251,0.508368738764));
#212 = CARTESIAN_POINT('',(5.318498096161,0.442399783841));
#213 = CARTESIAN_POINT('',(5.300524909987,0.37547771515));
#214 = CARTESIAN_POINT('',(5.265751013634,0.206434294702));
#215 = CARTESIAN_POINT('',(5.254030535417,0.103443730557));
#216 = CARTESIAN_POINT('',(5.249786586824,-2.4523723323E-04));
#217 = CARTESIAN_POINT('',(5.252463386011,-0.10405781408));
#218 = CARTESIAN_POINT('',(5.262170815263,-0.207456302791));
#219 = CARTESIAN_POINT('',(5.279652312674,-0.309829446682));
#220 = CARTESIAN_POINT('',(5.306579402948,-0.410410166573));
#221 = CARTESIAN_POINT('',(5.366301875367,-0.556397181544));
#222 = CARTESIAN_POINT('',(5.389431205985,-0.604245500979));
#223 = CARTESIAN_POINT('',(5.416212299131,-0.65109650726));
#224 = CARTESIAN_POINT('',(5.447182825065,-0.696724064814));
#225 = CARTESIAN_POINT('',(5.483015553426,-0.740837504004));
#226 = CARTESIAN_POINT('',(5.524522059035,-0.783065709314));
#227 = CARTESIAN_POINT('',(5.572688626638,-0.822898359934));
#228 = CARTESIAN_POINT('',(5.6561015381,-0.878080595941));
#229 = CARTESIAN_POINT('',(5.685766550831,-0.895713587679));
#230 = CARTESIAN_POINT('',(5.717389127163,-0.912504256315));
#231 = CARTESIAN_POINT('',(5.751055669911,-0.928363213805));
#232 = CARTESIAN_POINT('',(5.786826739553,-0.943192220443));
#233 = CARTESIAN_POINT('',(5.824719448871,-0.956886121168));
#234 = CARTESIAN_POINT('',(5.864687642679,-0.969337417948));
#235 = CARTESIAN_POINT('',(5.948512082605,-0.991549538555));
#236 = CARTESIAN_POINT('',(5.992368571609,-1.001310234051));
#237 = CARTESIAN_POINT('',(6.038039159234,-1.009623760658));
#238 = CARTESIAN_POINT('',(6.085313388274,-1.016391426397));
#239 = CARTESIAN_POINT('',(6.133883409069,-1.021528926301));
#240 = CARTESIAN_POINT('',(6.183352434103,-1.024975037981));
#241 = CARTESIAN_POINT('',(6.233268752898,-1.026697737819));
#242 = CARTESIAN_POINT('',(6.28318530718,-1.026697737819));
#243 = ( GEOMETRIC_REPRESENTATION_CONTEXT(2) 
PARAMETRIC_REPRESENTATION_CONTEXT() REPRESENTATION_CONTEXT('2D SPACE',''
  ) );
#244 = ORIENTED_EDGE('',*,*,#245,.F.);
#245 = EDGE_CURVE('',#42,#169,#246,.T.);
#246 = SURFACE_CURVE('',#247,(#252,#259),.PCURVE_S1.);
#247 = CIRCLE('',#248,3.636275567115);
#248 = AXIS2_PLACEMENT_3D('',#249,#250,#251);
#249 = CARTESIAN_POINT('',(31.9,-2.05,21.35));
#250 = DIRECTION('',(1.,0.,0.));
#251 = DIRECTION('',(0.,-0.426260323617,-0.904600539747));
#252 = PCURVE('',#50,#253);
#253 = DEFINITIONAL_REPRESENTATION('',(#254),#258);
#254 = CIRCLE('',#255,3.636275567115);
#255 = AXIS2_PLACEMENT_2D('',#256,#257);
#256 = CARTESIAN_POINT('',(4.9,-1.55));
#257 = DIRECTION('',(-0.904600539747,0.426260323617));
#258 = ( GEOMETRIC_REPRESENTATION_CONTEXT(2) 
PARAMETRIC_REPRESENTATION_CONTEXT() REPRESENTATION_CONTEXT('2D SPACE',''
  ) );
#259 = PCURVE('',#260,#265);
#260 = SPHERICAL_SURFACE('',#261,4.25);
#261 = AXIS2_PLACEMENT_3D('',#262,#263,#264);
#262 = CARTESIAN_POINT('',(29.7,-2.05,21.35));
#263 = DIRECTION('',(0.,0.,1.));
#264 = DIRECTION('',(1.,0.,-0.));
#265 = DEFINITIONAL_REPRESENTATION('',(#266),#304);
#266 = B_SPLINE_CURVE_WITH_KNOTS('',8,(#267,#268,#269,#270,#271,#272,
    #273,#274,#275,#276,#277,#278,#279,#280,#281,#282,#283,#284,#285,
    #286,#287,#288,#289,#290,#291,#292,#293,#294,#295,#296,#297,#298,
    #299,#300,#301,#302,#303),.UNSPECIFIED.,.F.,.F.,(9,7,7,7,7,9),(0.,
    0.220177333383,0.440354666767,0.636704207616,1.004859596709,
    1.039290251437),.UNSPECIFIED.);
#267 = CARTESIAN_POINT('',(5.669415212163,-0.885088485971));
#268 = CARTESIAN_POINT('',(5.696915068684,-0.900939975086));
#269 = CARTESIAN_POINT('',(5.726040516088,-0.916084369509));
#270 = CARTESIAN_POINT('',(5.756853259877,-0.930454591135));
#271 = CARTESIAN_POINT('',(5.789401663272,-0.943978076801));
#272 = CARTESIAN_POINT('',(5.823708117278,-0.956577041895));
#273 = CARTESIAN_POINT('',(5.859756803175,-0.968170386037));
#274 = CARTESIAN_POINT('',(5.897481847426,-0.978677240834));
#275 = CARTESIAN_POINT('',(5.976029890621,-0.99736707857));
#276 = CARTESIAN_POINT('',(6.016853012513,-1.005549985402));
#277 = CARTESIAN_POINT('',(6.059099047695,-1.012495833166));
#278 = CARTESIAN_POINT('',(6.102582837034,-1.01813392746));
#279 = CARTESIAN_POINT('',(6.147054023986,-1.022405079997));
#280 = CARTESIAN_POINT('',(6.19220531482,-1.025266973474));
#281 = CARTESIAN_POINT('',(6.237695224349,-1.026697737819));
#282 = CARTESIAN_POINT('',(6.323752411612,-1.026697737819));
#283 = CARTESIAN_POINT('',(6.364319412374,-1.025559866292));
#284 = CARTESIAN_POINT('',(6.40464615595,-1.023283965888));
#285 = CARTESIAN_POINT('',(6.444490815021,-1.019883743763));
#286 = CARTESIAN_POINT('',(6.483630574181,-1.015386010826));
#287 = CARTESIAN_POINT('',(6.521875252328,-1.009828846657));
#288 = CARTESIAN_POINT('',(6.559073861738,-1.003258690072));
#289 = CARTESIAN_POINT('',(6.662689557738,-0.981603227759));
#290 = CARTESIAN_POINT('',(6.726192452967,-0.964097595664));
#291 = CARTESIAN_POINT('',(6.784880571329,-0.943545308294));
#292 = CARTESIAN_POINT('',(6.838484448444,-0.920343677959));
#293 = CARTESIAN_POINT('',(6.887181912551,-0.894875575329));
#294 = CARTESIAN_POINT('',(6.931286516695,-0.867468957632));
#295 = CARTESIAN_POINT('',(6.971179528801,-0.838405210978));
#296 = CARTESIAN_POINT('',(7.010615438646,-0.80506959537));
#297 = CARTESIAN_POINT('',(7.013954646532,-0.802206181857));
#298 = CARTESIAN_POINT('',(7.017260670168,-0.799330534186));
#299 = CARTESIAN_POINT('',(7.020533823115,-0.796442842536));
#300 = CARTESIAN_POINT('',(7.023774418714,-0.793543293706));
#301 = CARTESIAN_POINT('',(7.026982769772,-0.790632071168));
#302 = CARTESIAN_POINT('',(7.030159188288,-0.787709355124));
#303 = CARTESIAN_POINT('',(7.033303985189,-0.784775322564));
#304 = ( GEOMETRIC_REPRESENTATION_CONTEXT(2) 
PARAMETRIC_REPRESENTATION_CONTEXT() REPRESENTATION_CONTEXT('2D SPACE',''
  ) );
#305 = ADVANCED_FACE('',(#306,#1056),#260,.T.);
#306 = FACE_BOUND('',#307,.T.);
#307 = EDGE_LOOP('',(#308,#377,#523,#551,#574,#686,#714,#737,#883,#884,
    #921,#953,#993,#1021));
#308 = ORIENTED_EDGE('',*,*,#309,.T.);
#309 = EDGE_CURVE('',#310,#312,#314,.T.);
#310 = VERTEX_POINT('',#311);
#311 = CARTESIAN_POINT('',(31.9,-3.6,24.63937684068));
#312 = VERTEX_POINT('',#313);
#313 = CARTESIAN_POINT('',(31.9,2.960594732334E-14,24.353331483536));
#314 = SURFACE_CURVE('',#315,(#320,#361),.PCURVE_S1.);
#315 = CIRCLE('',#316,3.636275567115);
#316 = AXIS2_PLACEMENT_3D('',#317,#318,#319);
#317 = CARTESIAN_POINT('',(31.9,-2.05,21.35));
#318 = DIRECTION('',(-1.,0.,0.));
#319 = DIRECTION('',(0.,-0.426260323617,0.904600539747));
#320 = PCURVE('',#260,#321);
#321 = DEFINITIONAL_REPRESENTATION('',(#322),#360);
#322 = B_SPLINE_CURVE_WITH_KNOTS('',8,(#323,#324,#325,#326,#327,#328,
    #329,#330,#331,#332,#333,#334,#335,#336,#337,#338,#339,#340,#341,
    #342,#343,#344,#345,#346,#347,#348,#349,#350,#351,#352,#353,#354,
    #355,#356,#357,#358,#359),.UNSPECIFIED.,.F.,.F.,(9,7,7,7,7,9),(0.,
    0.220177333383,0.440354666767,0.681956640859,0.923558614951,
    1.039290251438),.UNSPECIFIED.);
#323 = CARTESIAN_POINT('',(5.669415212163,0.885088485971));
#324 = CARTESIAN_POINT('',(5.696915068684,0.900939975086));
#325 = CARTESIAN_POINT('',(5.726040516088,0.916084369509));
#326 = CARTESIAN_POINT('',(5.756853259877,0.930454591135));
#327 = CARTESIAN_POINT('',(5.789401663272,0.943978076801));
#328 = CARTESIAN_POINT('',(5.823708117278,0.956577041895));
#329 = CARTESIAN_POINT('',(5.859756803175,0.968170386037));
#330 = CARTESIAN_POINT('',(5.897481847426,0.978677240834));
#331 = CARTESIAN_POINT('',(5.976029890621,0.99736707857));
#332 = CARTESIAN_POINT('',(6.016853012513,1.005549985402));
#333 = CARTESIAN_POINT('',(6.059099047695,1.012495833166));
#334 = CARTESIAN_POINT('',(6.102582837034,1.01813392746));
#335 = CARTESIAN_POINT('',(6.147054023987,1.022405079997));
#336 = CARTESIAN_POINT('',(6.19220531482,1.025266973474));
#337 = CARTESIAN_POINT('',(6.237695224349,1.026697737819));
#338 = CARTESIAN_POINT('',(6.333101861461,1.026697737819));
#339 = CARTESIAN_POINT('',(6.383018180256,1.024975037981));
#340 = CARTESIAN_POINT('',(6.43248720529,1.021528926301));
#341 = CARTESIAN_POINT('',(6.481057226085,1.016391426397));
#342 = CARTESIAN_POINT('',(6.528331455126,1.009623760658));
#343 = CARTESIAN_POINT('',(6.57400204275,1.001310234051));
#344 = CARTESIAN_POINT('',(6.617858531754,0.991549538555));
#345 = CARTESIAN_POINT('',(6.70168297168,0.969337417948));
#346 = CARTESIAN_POINT('',(6.741651165488,0.956886121168));
#347 = CARTESIAN_POINT('',(6.779543874806,0.943192220443));
#348 = CARTESIAN_POINT('',(6.815314944449,0.928363213805));
#349 = CARTESIAN_POINT('',(6.848981487196,0.912504256315));
#350 = CARTESIAN_POINT('',(6.880604063528,0.895713587679));
#351 = CARTESIAN_POINT('',(6.910269076259,0.878080595941));
#352 = CARTESIAN_POINT('',(6.95139213542,0.850875426908));
#353 = CARTESIAN_POINT('',(6.964283981827,0.841889690697));
#354 = CARTESIAN_POINT('',(6.976759663138,0.832738224607));
#355 = CARTESIAN_POINT('',(6.9888305955,0.823429488458));
#356 = CARTESIAN_POINT('',(7.000508568647,0.813971485459));
#357 = CARTESIAN_POINT('',(7.011805525504,0.804371772948));
#358 = CARTESIAN_POINT('',(7.022733399898,0.794637479714));
#359 = CARTESIAN_POINT('',(7.033303997611,0.784775326915));
#360 = ( GEOMETRIC_REPRESENTATION_CONTEXT(2) 
PARAMETRIC_REPRESENTATION_CONTEXT() REPRESENTATION_CONTEXT('2D SPACE',''
  ) );
#361 = PCURVE('',#362,#367);
#362 = PLANE('',#363);
#363 = AXIS2_PLACEMENT_3D('',#364,#365,#366);
#364 = CARTESIAN_POINT('',(31.9,-3.6,16.45));
#365 = DIRECTION('',(1.,0.,-0.));
#366 = DIRECTION('',(0.,0.,1.));
#367 = DEFINITIONAL_REPRESENTATION('',(#368),#376);
#368 = ( BOUNDED_CURVE() B_SPLINE_CURVE(2,(#369,#370,#371,#372,#373,#374
,#375),.UNSPECIFIED.,.T.,.F.) B_SPLINE_CURVE_WITH_KNOTS((1,2,2,2,2,1),(
    -2.094395102393,0.,2.094395102393,4.188790204786,6.28318530718,
8.377580409573),.UNSPECIFIED.) CURVE() GEOMETRIC_REPRESENTATION_ITEM() 
RATIONAL_B_SPLINE_CURVE((1.,0.5,1.,0.5,1.,0.5,1.)) REPRESENTATION_ITEM(
  '') );
#369 = CARTESIAN_POINT('',(8.18937684068,-2.509104035653E-14));
#370 = CARTESIAN_POINT('',(10.874055592411,-5.697367813298));
#371 = CARTESIAN_POINT('',(4.597650955526,-5.173683906649));
#372 = CARTESIAN_POINT('',(-1.678753681359,-4.65));
#373 = CARTESIAN_POINT('',(1.912972203794,0.523683906649));
#374 = CARTESIAN_POINT('',(5.504698088948,5.697367813298));
#375 = CARTESIAN_POINT('',(8.18937684068,-2.509104035653E-14));
#376 = ( GEOMETRIC_REPRESENTATION_CONTEXT(2) 
PARAMETRIC_REPRESENTATION_CONTEXT() REPRESENTATION_CONTEXT('2D SPACE',''
  ) );
#377 = ORIENTED_EDGE('',*,*,#378,.T.);
#378 = EDGE_CURVE('',#312,#379,#381,.T.);
#379 = VERTEX_POINT('',#380);
#380 = CARTESIAN_POINT('',(29.7,6.310887241768E-30,25.072902093797));
#381 = SURFACE_CURVE('',#382,(#387,#414),.PCURVE_S1.);
#382 = CIRCLE('',#383,3.722902093797);
#383 = AXIS2_PLACEMENT_3D('',#384,#385,#386);
#384 = CARTESIAN_POINT('',(29.7,0.,21.35));
#385 = DIRECTION('',(1.345724878333E-14,-1.,7.88860905221E-31));
#386 = DIRECTION('',(0.590936840285,7.952384074957E-15,0.806717826005));
#387 = PCURVE('',#260,#388);
#388 = DEFINITIONAL_REPRESENTATION('',(#389),#413);
#389 = B_SPLINE_CURVE_WITH_KNOTS('',8,(#390,#391,#392,#393,#394,#395,
    #396,#397,#398,#399,#400,#401,#402,#403,#404,#405,#406,#407,#408,
    #409,#410,#411,#412),.UNSPECIFIED.,.F.,.F.,(9,7,7,9),(0.,
    5.544286987401E-02,0.43587010527,0.632219646119),.UNSPECIFIED.);
#390 = CARTESIAN_POINT('',(7.033303997362,0.784775325838));
#391 = CARTESIAN_POINT('',(7.038022720241,0.789845631203));
#392 = CARTESIAN_POINT('',(7.04282343876,0.794890457636));
#393 = CARTESIAN_POINT('',(7.047707702514,0.799909116619));
#394 = CARTESIAN_POINT('',(7.052677087941,0.804900896582));
#395 = CARTESIAN_POINT('',(7.057733196804,0.809865061999));
#396 = CARTESIAN_POINT('',(7.06287765431,0.814800852482));
#397 = CARTESIAN_POINT('',(7.068112106795,0.81970748184));
#398 = CARTESIAN_POINT('',(7.109983912214,0.858045833719));
#399 = CARTESIAN_POINT('',(7.150845232562,0.890096275819));
#400 = CARTESIAN_POINT('',(7.196557246856,0.920473296545));
#401 = CARTESIAN_POINT('',(7.247703571526,0.948854219571));
#402 = CARTESIAN_POINT('',(7.304820816504,0.974849634858));
#403 = CARTESIAN_POINT('',(7.368378551734,0.997980928492));
#404 = CARTESIAN_POINT('',(7.438232972889,1.017716505676));
#405 = CARTESIAN_POINT('',(7.552327467928,1.041793588538));
#406 = CARTESIAN_POINT('',(7.592606472827,1.048963050888));
#407 = CARTESIAN_POINT('',(7.634200937901,1.05504260508));
#408 = CARTESIAN_POINT('',(7.676934749332,1.059973454534));
#409 = CARTESIAN_POINT('',(7.720574349471,1.063706643877));
#410 = CARTESIAN_POINT('',(7.764836651719,1.066207317851));
#411 = CARTESIAN_POINT('',(7.80940906588,1.067457518148));
#412 = CARTESIAN_POINT('',(7.853981633974,1.067457518148));
#413 = ( GEOMETRIC_REPRESENTATION_CONTEXT(2) 
PARAMETRIC_REPRESENTATION_CONTEXT() REPRESENTATION_CONTEXT('2D SPACE',''
  ) );
#414 = PCURVE('',#415,#420);
#415 = SPHERICAL_SURFACE('',#416,4.25);
#416 = AXIS2_PLACEMENT_3D('',#417,#418,#419);
#417 = CARTESIAN_POINT('',(29.7,2.05,21.35));
#418 = DIRECTION('',(0.,0.,1.));
#419 = DIRECTION('',(1.,0.,-0.));
#420 = DEFINITIONAL_REPRESENTATION('',(#421),#522);
#421 = B_SPLINE_CURVE_WITH_KNOTS('',8,(#422,#423,#424,#425,#426,#427,
    #428,#429,#430,#431,#432,#433,#434,#435,#436,#437,#438,#439,#440,
    #441,#442,#443,#444,#445,#446,#447,#448,#449,#450,#451,#452,#453,
    #454,#455,#456,#457,#458,#459,#460,#461,#462,#463,#464,#465,#466,
    #467,#468,#469,#470,#471,#472,#473,#474,#475,#476,#477,#478,#479,
    #480,#481,#482,#483,#484,#485,#486,#487,#488,#489,#490,#491,#492,
    #493,#494,#495,#496,#497,#498,#499,#500,#501,#502,#503,#504,#505,
    #506,#507,#508,#509,#510,#511,#512,#513,#514,#515,#516,#517,#518,
    #519,#520,#521),.UNSPECIFIED.,.F.,.F.,(9,7,7,7,7,7,7,7,7,7,7,7,7,7,9
    ),(0.,5.544286987399E-02,0.43587010527,0.632219646119,0.844182377561
    ,1.056145109004,1.480070571888,2.327921497657,2.89315544817,
    3.216146277035,3.58527865288,3.782149253331,3.992144560478,
    4.216139554769,4.406031945828),.UNSPECIFIED.);
#422 = CARTESIAN_POINT('',(5.533066616997,0.784775325838));
#423 = CARTESIAN_POINT('',(5.528347894118,0.789845631203));
#424 = CARTESIAN_POINT('',(5.523547175599,0.794890457636));
#425 = CARTESIAN_POINT('',(5.518662911845,0.799909116619));
#426 = CARTESIAN_POINT('',(5.513693526418,0.804900896582));
#427 = CARTESIAN_POINT('',(5.508637417555,0.809865061999));
#428 = CARTESIAN_POINT('',(5.503492960049,0.814800852482));
#429 = CARTESIAN_POINT('',(5.498258507565,0.81970748184));
#430 = CARTESIAN_POINT('',(5.456386702145,0.858045833719));
#431 = CARTESIAN_POINT('',(5.415525381798,0.890096275819));
#432 = CARTESIAN_POINT('',(5.369813367495,0.920473296545));
#433 = CARTESIAN_POINT('',(5.318667042859,0.948854219571));
#434 = CARTESIAN_POINT('',(5.261549797831,0.974849634858));
#435 = CARTESIAN_POINT('',(5.197992062626,0.997980928492));
#436 = CARTESIAN_POINT('',(5.12813764147,1.017716505676));
#437 = CARTESIAN_POINT('',(5.014043146431,1.041793588538));
#438 = CARTESIAN_POINT('',(4.973764141532,1.048963050888));
#439 = CARTESIAN_POINT('',(4.932169676459,1.05504260508));
#440 = CARTESIAN_POINT('',(4.889435865027,1.059973454534));
#441 = CARTESIAN_POINT('',(4.845796264888,1.063706643877));
#442 = CARTESIAN_POINT('',(4.80153396264,1.066207317851));
#443 = CARTESIAN_POINT('',(4.756961548479,1.067457518148));
#444 = CARTESIAN_POINT('',(4.66427212083,1.067457518148));
#445 = CARTESIAN_POINT('',(4.616155467579,1.066000620387));
#446 = CARTESIAN_POINT('',(4.568428845285,1.063086348601));
#447 = CARTESIAN_POINT('',(4.521485891634,1.058739271341));
#448 = CARTESIAN_POINT('',(4.475676614561,1.053006652498));
#449 = CARTESIAN_POINT('',(4.431279373795,1.045954093192));
#450 = CARTESIAN_POINT('',(4.388492286696,1.037659165043));
#451 = CARTESIAN_POINT('',(4.306395830129,1.018746904565));
#452 = CARTESIAN_POINT('',(4.267086285543,1.008129664212));
#453 = CARTESIAN_POINT('',(4.229645426716,0.996433021652));
#454 = CARTESIAN_POINT('',(4.194130224086,0.983743555933));
#455 = CARTESIAN_POINT('',(4.160540865362,0.970147000538));
#456 = CARTESIAN_POINT('',(4.128836312307,0.955724478131));
#457 = CARTESIAN_POINT('',(4.098949165387,0.940550686751));
#458 = CARTESIAN_POINT('',(4.014501178144,0.892980738853));
#459 = CARTESIAN_POINT('',(3.965153041504,0.85853592336));
#460 = CARTESIAN_POINT('',(3.922112353443,0.821906354539));
#461 = CARTESIAN_POINT('',(3.884505024122,0.783533269221));
#462 = CARTESIAN_POINT('',(3.851573738622,0.743742871517));
#463 = CARTESIAN_POINT('',(3.822678987482,0.702791559139));
#464 = CARTESIAN_POINT('',(3.797294700231,0.660879437023));
#465 = CARTESIAN_POINT('',(3.730380492197,0.53274457318));
#466 = CARTESIAN_POINT('',(3.698089729983,0.444123321565));
#467 = CARTESIAN_POINT('',(3.674665290942,0.353592916649));
#468 = CARTESIAN_POINT('',(3.658210388025,0.261811556351));
#469 = CARTESIAN_POINT('',(3.647688427252,0.169263377851));
#470 = CARTESIAN_POINT('',(3.642528420949,7.631879679806E-02));
#471 = CARTESIAN_POINT('',(3.642596975133,-1.668042302735E-02));
#472 = CARTESIAN_POINT('',(3.652007002634,-0.171126155349));
#473 = CARTESIAN_POINT('',(3.658250073465,-0.232756990272));
#474 = CARTESIAN_POINT('',(3.667076001269,-0.294125530143));
#475 = CARTESIAN_POINT('',(3.678687429259,-0.355108229322));
#476 = CARTESIAN_POINT('',(3.693395020986,-0.415559640905));
#477 = CARTESIAN_POINT('',(3.711649674078,-0.475300974743));
#478 = CARTESIAN_POINT('',(3.734101186988,-0.534095459423));
#479 = CARTESIAN_POINT('',(3.777449995294,-0.624452762597));
#480 = CARTESIAN_POINT('',(3.794889641634,-0.65688729232));
#481 = CARTESIAN_POINT('',(3.814180218609,-0.68883430977));
#482 = CARTESIAN_POINT('',(3.835527446722,-0.720216926292));
#483 = CARTESIAN_POINT('',(3.85917020298,-0.750943276582));
#484 = CARTESIAN_POINT('',(3.885388164293,-0.780901516328));
#485 = CARTESIAN_POINT('',(3.914500544029,-0.809953777441));
#486 = CARTESIAN_POINT('',(3.983802152833,-0.869903065738));
#487 = CARTESIAN_POINT('',(4.024979773837,-0.900470701816));
#488 = CARTESIAN_POINT('',(4.070870667707,-0.929379742329));
#489 = CARTESIAN_POINT('',(4.122002723099,-0.956321012729));
#490 = CARTESIAN_POINT('',(4.178846092669,-0.980925227757));
#491 = CARTESIAN_POINT('',(4.241771251707,-1.002744621504));
#492 = CARTESIAN_POINT('',(4.310561148287,-1.021294243583));
#493 = CARTESIAN_POINT('',(4.423667638866,-1.044090698429));
#494 = CARTESIAN_POINT('',(4.464424127042,-1.050972396743));
#495 = CARTESIAN_POINT('',(4.506461395464,-1.056744228278));
#496 = CARTESIAN_POINT('',(4.549590256347,-1.061348663186));
#497 = CARTESIAN_POINT('',(4.593564482136,-1.064738906115));
#498 = CARTESIAN_POINT('',(4.638090494476,-1.066883116557));
#499 = CARTESIAN_POINT('',(4.682848914054,-1.067766948593));
#500 = CARTESIAN_POINT('',(4.775185632364,-1.066997035593));
#501 = CARTESIAN_POINT('',(4.822752636681,-1.065170222308));
#502 = CARTESIAN_POINT('',(4.869850173847,-1.061918054936));
#503 = CARTESIAN_POINT('',(4.916102342022,-1.05726871275));
#504 = CARTESIAN_POINT('',(4.961179706693,-1.051271607339));
#505 = CARTESIAN_POINT('',(5.004824196403,-1.043992889125));
#506 = CARTESIAN_POINT('',(5.046855335429,-1.035509322572));
#507 = CARTESIAN_POINT('',(5.130147123293,-1.015651151495));
#508 = CARTESIAN_POINT('',(5.171169639151,-1.004121629426));
#509 = CARTESIAN_POINT('',(5.210085299598,-0.991409125053));
#510 = CARTESIAN_POINT('',(5.246840479663,-0.977616267244));
#511 = CARTESIAN_POINT('',(5.28145195977,-0.962843305405));
#512 = CARTESIAN_POINT('',(5.313982718194,-0.947183903402));
#513 = CARTESIAN_POINT('',(5.344519854841,-0.930723541676));
#514 = CARTESIAN_POINT('',(5.397448918412,-0.898971670072));
#515 = CARTESIAN_POINT('',(5.420373070155,-0.883883731));
#516 = CARTESIAN_POINT('',(5.441999171221,-0.868322782158));
#517 = CARTESIAN_POINT('',(5.462395966833,-0.852331578931));
#518 = CARTESIAN_POINT('',(5.481633747139,-0.835948553313));
#519 = CARTESIAN_POINT('',(5.499781416372,-0.819208136628));
#520 = CARTESIAN_POINT('',(5.516904946944,-0.802141170891));
#521 = CARTESIAN_POINT('',(5.533066612547,-0.784775321775));
#522 = ( GEOMETRIC_REPRESENTATION_CONTEXT(2) 
PARAMETRIC_REPRESENTATION_CONTEXT() REPRESENTATION_CONTEXT('2D SPACE',''
  ) );
#523 = ORIENTED_EDGE('',*,*,#524,.T.);
#524 = EDGE_CURVE('',#379,#525,#527,.T.);
#525 = VERTEX_POINT('',#526);
#526 = CARTESIAN_POINT('',(29.7,-2.05,25.6));
#527 = SURFACE_CURVE('',#528,(#533,#539),.PCURVE_S1.);
#528 = CIRCLE('',#529,4.25);
#529 = AXIS2_PLACEMENT_3D('',#530,#531,#532);
#530 = CARTESIAN_POINT('',(29.7,-2.05,21.35));
#531 = DIRECTION('',(1.,0.,-0.));
#532 = DIRECTION('',(0.,0.,1.));
#533 = PCURVE('',#260,#534);
#534 = DEFINITIONAL_REPRESENTATION('',(#535),#538);
#535 = B_SPLINE_CURVE_WITH_KNOTS('',1,(#536,#537),.UNSPECIFIED.,.F.,.F.,
  (2,2),(5.779846498533,6.28318530718),.PIECEWISE_BEZIER_KNOTS.);
#536 = CARTESIAN_POINT('',(7.853981633974,1.067457518148));
#537 = CARTESIAN_POINT('',(7.853981633974,1.570796326795));
#538 = ( GEOMETRIC_REPRESENTATION_CONTEXT(2) 
PARAMETRIC_REPRESENTATION_CONTEXT() REPRESENTATION_CONTEXT('2D SPACE',''
  ) );
#539 = PCURVE('',#540,#545);
#540 = PLANE('',#541);
#541 = AXIS2_PLACEMENT_3D('',#542,#543,#544);
#542 = CARTESIAN_POINT('',(29.7,-2.75,16.6));
#543 = DIRECTION('',(1.,0.,-0.));
#544 = DIRECTION('',(0.,0.,1.));
#545 = DEFINITIONAL_REPRESENTATION('',(#546),#550);
#546 = CIRCLE('',#547,4.25);
#547 = AXIS2_PLACEMENT_2D('',#548,#549);
#548 = CARTESIAN_POINT('',(4.75,-0.7));
#549 = DIRECTION('',(1.,0.));
#550 = ( GEOMETRIC_REPRESENTATION_CONTEXT(2) 
PARAMETRIC_REPRESENTATION_CONTEXT() REPRESENTATION_CONTEXT('2D SPACE',''
  ) );
#551 = ORIENTED_EDGE('',*,*,#552,.T.);
#552 = EDGE_CURVE('',#525,#553,#555,.T.);
#553 = VERTEX_POINT('',#554);
#554 = CARTESIAN_POINT('',(29.7,-2.75,25.541956583745));
#555 = SURFACE_CURVE('',#556,(#561,#567),.PCURVE_S1.);
#556 = CIRCLE('',#557,4.25);
#557 = AXIS2_PLACEMENT_3D('',#558,#559,#560);
#558 = CARTESIAN_POINT('',(29.7,-2.05,21.35));
#559 = DIRECTION('',(1.,0.,-0.));
#560 = DIRECTION('',(0.,0.,1.));
#561 = PCURVE('',#260,#562);
#562 = DEFINITIONAL_REPRESENTATION('',(#563),#566);
#563 = B_SPLINE_CURVE_WITH_KNOTS('',1,(#564,#565),.UNSPECIFIED.,.F.,.F.,
  (2,2),(0.,0.165459813769),.PIECEWISE_BEZIER_KNOTS.);
#564 = CARTESIAN_POINT('',(4.712388980385,1.570796326795));
#565 = CARTESIAN_POINT('',(4.712388980385,1.405336513025));
#566 = ( GEOMETRIC_REPRESENTATION_CONTEXT(2) 
PARAMETRIC_REPRESENTATION_CONTEXT() REPRESENTATION_CONTEXT('2D SPACE',''
  ) );
#567 = PCURVE('',#540,#568);
#568 = DEFINITIONAL_REPRESENTATION('',(#569),#573);
#569 = CIRCLE('',#570,4.25);
#570 = AXIS2_PLACEMENT_2D('',#571,#572);
#571 = CARTESIAN_POINT('',(4.75,-0.7));
#572 = DIRECTION('',(1.,0.));
#573 = ( GEOMETRIC_REPRESENTATION_CONTEXT(2) 
PARAMETRIC_REPRESENTATION_CONTEXT() REPRESENTATION_CONTEXT('2D SPACE',''
  ) );
#574 = ORIENTED_EDGE('',*,*,#575,.F.);
#575 = EDGE_CURVE('',#576,#553,#578,.T.);
#576 = VERTEX_POINT('',#577);
#577 = CARTESIAN_POINT('',(29.7,-2.75,17.158043416255));
#578 = SURFACE_CURVE('',#579,(#584,#674),.PCURVE_S1.);
#579 = CIRCLE('',#580,4.191956583745);
#580 = AXIS2_PLACEMENT_3D('',#581,#582,#583);
#581 = CARTESIAN_POINT('',(29.7,-2.75,21.35));
#582 = DIRECTION('',(-0.,1.,0.));
#583 = DIRECTION('',(0.,0.,1.));
#584 = PCURVE('',#260,#585);
#585 = DEFINITIONAL_REPRESENTATION('',(#586),#673);
#586 = B_SPLINE_CURVE_WITH_KNOTS('',8,(#587,#588,#589,#590,#591,#592,
    #593,#594,#595,#596,#597,#598,#599,#600,#601,#602,#603,#604,#605,
    #606,#607,#608,#609,#610,#611,#612,#613,#614,#615,#616,#617,#618,
    #619,#620,#621,#622,#623,#624,#625,#626,#627,#628,#629,#630,#631,
    #632,#633,#634,#635,#636,#637,#638,#639,#640,#641,#642,#643,#644,
    #645,#646,#647,#648,#649,#650,#651,#652,#653,#654,#655,#656,#657,
    #658,#659,#660,#661,#662,#663,#664,#665,#666,#667,#668,#669,#670,
    #671,#672),.UNSPECIFIED.,.F.,.F.,(9,7,7,7,7,7,7,7,7,7,7,7,9),(
    3.14159265359,3.239767424014,3.334874232863,3.519143675008,
    3.86464887903,4.469282986067,4.922758566345,5.262865251554,
    5.51794526546,5.90056528632,6.09187529675,6.187530301965,
    6.28318530718),.UNSPECIFIED.);
#587 = CARTESIAN_POINT('',(4.712388980385,-1.405336513025));
#588 = CARTESIAN_POINT('',(4.638898913378,-1.405336513025));
#589 = CARTESIAN_POINT('',(4.565409002257,-1.404305807741));
#590 = CARTESIAN_POINT('',(4.49314438375,-1.402244486572));
#591 = CARTESIAN_POINT('',(4.423336771102,-1.399188100262));
#592 = CARTESIAN_POINT('',(4.35694413059,-1.395209810356));
#593 = CARTESIAN_POINT('',(4.294435028857,-1.390398604877));
#594 = CARTESIAN_POINT('',(4.235995468932,-1.384844344603));
#595 = CARTESIAN_POINT('',(4.128905520747,-1.372614128297));
#596 = CARTESIAN_POINT('',(4.080006342135,-1.365978638498));
#597 = CARTESIAN_POINT('',(4.034882828244,-1.358803087514));
#598 = CARTESIAN_POINT('',(3.993333052576,-1.351160361033));
#599 = CARTESIAN_POINT('',(3.955078522888,-1.343113524308));
#600 = CARTESIAN_POINT('',(3.919825384244,-1.334715666276));
#601 = CARTESIAN_POINT('',(3.887292562861,-1.326011821294));
#602 = CARTESIAN_POINT('',(3.798947766932,-1.299656748217));
#603 = CARTESIAN_POINT('',(3.749905461954,-1.281267217104));
#604 = CARTESIAN_POINT('',(3.708183850216,-1.262147304134));
#605 = CARTESIAN_POINT('',(3.672179243975,-1.242473583416));
#606 = CARTESIAN_POINT('',(3.640808123419,-1.222364133822));
#607 = CARTESIAN_POINT('',(3.613209240618,-1.201905527843));
#608 = CARTESIAN_POINT('',(3.588746738197,-1.181161134858));
#609 = CARTESIAN_POINT('',(3.525985132664,-1.12083933086));
#610 = CARTESIAN_POINT('',(3.494308689978,-1.080665472928));
#611 = CARTESIAN_POINT('',(3.468579481905,-1.039977897913));
#612 = CARTESIAN_POINT('',(3.447231625933,-0.998912536085));
#613 = CARTESIAN_POINT('',(3.429184240396,-0.95756930236));
#614 = CARTESIAN_POINT('',(3.413747700109,-0.916007208826));
#615 = CARTESIAN_POINT('',(3.40040958774,-0.874272256508));
#616 = CARTESIAN_POINT('',(3.368479026629,-0.759115380393));
#617 = CARTESIAN_POINT('',(3.353447429734,-0.685404311808));
#618 = CARTESIAN_POINT('',(3.341709026794,-0.611439849954));
#619 = CARTESIAN_POINT('',(3.332481927077,-0.537291629664));
#620 = CARTESIAN_POINT('',(3.325169332664,-0.46301566612));
#621 = CARTESIAN_POINT('',(3.319456101012,-0.388644222029));
#622 = CARTESIAN_POINT('',(3.315102339436,-0.314205190614));
#623 = CARTESIAN_POINT('',(3.30962099786,-0.183856548199));
#624 = CARTESIAN_POINT('',(3.307958761772,-0.127967049907));
#625 = CARTESIAN_POINT('',(3.306924059048,-7.206098597382E-02));
#626 = CARTESIAN_POINT('',(3.306484441629,-1.614621800783E-02));
#627 = CARTESIAN_POINT('',(3.306627709732,3.977009954548E-02));
#628 = CARTESIAN_POINT('',(3.307359382609,9.568088492103E-02));
#629 = CARTESIAN_POINT('',(3.30870432066,0.151578520056));
#630 = CARTESIAN_POINT('',(3.312218632556,0.249361077413));
#631 = CARTESIAN_POINT('',(3.314097889586,0.291255566178));
#632 = CARTESIAN_POINT('',(3.316371133423,0.333134050699));
#633 = CARTESIAN_POINT('',(3.31906783746,0.374992399342));
#634 = CARTESIAN_POINT('',(3.322226500129,0.416825938709));
#635 = CARTESIAN_POINT('',(3.325897507592,0.458629162106));
#636 = CARTESIAN_POINT('',(3.330148444032,0.500395239343));
#637 = CARTESIAN_POINT('',(3.338764403695,0.573405394215));
#638 = CARTESIAN_POINT('',(3.342835312002,0.604669583582));
#639 = CARTESIAN_POINT('',(3.347323481323,0.635904178046));
#640 = CARTESIAN_POINT('',(3.352276700314,0.667104732081));
#641 = CARTESIAN_POINT('',(3.357752692417,0.6982659826));
#642 = CARTESIAN_POINT('',(3.363822896751,0.729381513514));
#643 = CARTESIAN_POINT('',(3.370578976923,0.760443174779));
#644 = CARTESIAN_POINT('',(3.389486678996,0.837935877688));
#645 = CARTESIAN_POINT('',(3.402647610812,0.884286103944));
#646 = CARTESIAN_POINT('',(3.418031212075,0.930455339316));
#647 = CARTESIAN_POINT('',(3.436216569602,0.976391218622));
#648 = CARTESIAN_POINT('',(3.457969963178,1.0220295117));
#649 = CARTESIAN_POINT('',(3.484582902995,1.067249848956));
#650 = CARTESIAN_POINT('',(3.517875515048,1.111897750163));
#651 = CARTESIAN_POINT('',(3.584313764361,1.177387063418));
#652 = CARTESIAN_POINT('',(3.609209550868,1.198969732242));
#653 = CARTESIAN_POINT('',(3.63739816682,1.22025306899));
#654 = CARTESIAN_POINT('',(3.669567095818,1.241168716504));
#655 = CARTESIAN_POINT('',(3.706663611138,1.261622180035));
#656 = CARTESIAN_POINT('',(3.749876500666,1.281483774806));
#657 = CARTESIAN_POINT('',(3.80101645399,1.300556185025));
#658 = CARTESIAN_POINT('',(3.892844373955,1.327508727597));
#659 = CARTESIAN_POINT('',(3.925973154057,1.336216896119));
#660 = CARTESIAN_POINT('',(3.961890503084,1.344609757509));
#661 = CARTESIAN_POINT('',(4.000883437641,1.352640594399));
#662 = CARTESIAN_POINT('',(4.043250740931,1.36025433408));
#663 = CARTESIAN_POINT('',(4.089271165074,1.367385602544));
#664 = CARTESIAN_POINT('',(4.139137003119,1.373959082705));
#665 = CARTESIAN_POINT('',(4.246551084183,1.385831905677));
#666 = CARTESIAN_POINT('',(4.304099325837,1.391131258663));
#667 = CARTESIAN_POINT('',(4.36548691337,1.395714252157));
#668 = CARTESIAN_POINT('',(4.430512904662,1.399497956798));
#669 = CARTESIAN_POINT('',(4.498711176395,1.402401163082));
#670 = CARTESIAN_POINT('',(4.569181374744,1.404358038255));
#671 = CARTESIAN_POINT('',(4.640785118085,1.405336513025));
#672 = CARTESIAN_POINT('',(4.712388980385,1.405336513025));
#673 = ( GEOMETRIC_REPRESENTATION_CONTEXT(2) 
PARAMETRIC_REPRESENTATION_CONTEXT() REPRESENTATION_CONTEXT('2D SPACE',''
  ) );
#674 = PCURVE('',#675,#680);
#675 = PLANE('',#676);
#676 = AXIS2_PLACEMENT_3D('',#677,#678,#679);
#677 = CARTESIAN_POINT('',(21.75,-2.75,16.6));
#678 = DIRECTION('',(-0.,1.,0.));
#679 = DIRECTION('',(0.,0.,1.));
#680 = DEFINITIONAL_REPRESENTATION('',(#681),#685);
#681 = CIRCLE('',#682,4.191956583745);
#682 = AXIS2_PLACEMENT_2D('',#683,#684);
#683 = CARTESIAN_POINT('',(4.75,7.95));
#684 = DIRECTION('',(1.,0.));
#685 = ( GEOMETRIC_REPRESENTATION_CONTEXT(2) 
PARAMETRIC_REPRESENTATION_CONTEXT() REPRESENTATION_CONTEXT('2D SPACE',''
  ) );
#686 = ORIENTED_EDGE('',*,*,#687,.T.);
#687 = EDGE_CURVE('',#576,#688,#690,.T.);
#688 = VERTEX_POINT('',#689);
#689 = CARTESIAN_POINT('',(29.7,-2.05,17.1));
#690 = SURFACE_CURVE('',#691,(#696,#702),.PCURVE_S1.);
#691 = CIRCLE('',#692,4.25);
#692 = AXIS2_PLACEMENT_3D('',#693,#694,#695);
#693 = CARTESIAN_POINT('',(29.7,-2.05,21.35));
#694 = DIRECTION('',(1.,0.,-0.));
#695 = DIRECTION('',(0.,0.,1.));
#696 = PCURVE('',#260,#697);
#697 = DEFINITIONAL_REPRESENTATION('',(#698),#701);
#698 = B_SPLINE_CURVE_WITH_KNOTS('',1,(#699,#700),.UNSPECIFIED.,.F.,.F.,
  (2,2),(2.97613283982,3.14159265359),.PIECEWISE_BEZIER_KNOTS.);
#699 = CARTESIAN_POINT('',(4.712388980385,-1.405336513025));
#700 = CARTESIAN_POINT('',(4.712388980385,-1.570796326795));
#701 = ( GEOMETRIC_REPRESENTATION_CONTEXT(2) 
PARAMETRIC_REPRESENTATION_CONTEXT() REPRESENTATION_CONTEXT('2D SPACE',''
  ) );
#702 = PCURVE('',#703,#708);
#703 = PLANE('',#704);
#704 = AXIS2_PLACEMENT_3D('',#705,#706,#707);
#705 = CARTESIAN_POINT('',(29.7,-2.75,16.6));
#706 = DIRECTION('',(1.,0.,-0.));
#707 = DIRECTION('',(0.,0.,1.));
#708 = DEFINITIONAL_REPRESENTATION('',(#709),#713);
#709 = CIRCLE('',#710,4.25);
#710 = AXIS2_PLACEMENT_2D('',#711,#712);
#711 = CARTESIAN_POINT('',(4.75,-0.7));
#712 = DIRECTION('',(1.,0.));
#713 = ( GEOMETRIC_REPRESENTATION_CONTEXT(2) 
PARAMETRIC_REPRESENTATION_CONTEXT() REPRESENTATION_CONTEXT('2D SPACE',''
  ) );
#714 = ORIENTED_EDGE('',*,*,#715,.T.);
#715 = EDGE_CURVE('',#688,#716,#718,.T.);
#716 = VERTEX_POINT('',#717);
#717 = CARTESIAN_POINT('',(29.7,-9.466330862652E-30,17.627097906203));
#718 = SURFACE_CURVE('',#719,(#724,#730),.PCURVE_S1.);
#719 = CIRCLE('',#720,4.25);
#720 = AXIS2_PLACEMENT_3D('',#721,#722,#723);
#721 = CARTESIAN_POINT('',(29.7,-2.05,21.35));
#722 = DIRECTION('',(1.,0.,-0.));
#723 = DIRECTION('',(0.,0.,1.));
#724 = PCURVE('',#260,#725);
#725 = DEFINITIONAL_REPRESENTATION('',(#726),#729);
#726 = B_SPLINE_CURVE_WITH_KNOTS('',1,(#727,#728),.UNSPECIFIED.,.F.,.F.,
  (2,2),(3.14159265359,3.644931462237),.PIECEWISE_BEZIER_KNOTS.);
#727 = CARTESIAN_POINT('',(7.853981633974,-1.570796326795));
#728 = CARTESIAN_POINT('',(7.853981633974,-1.067457518148));
#729 = ( GEOMETRIC_REPRESENTATION_CONTEXT(2) 
PARAMETRIC_REPRESENTATION_CONTEXT() REPRESENTATION_CONTEXT('2D SPACE',''
  ) );
#730 = PCURVE('',#703,#731);
#731 = DEFINITIONAL_REPRESENTATION('',(#732),#736);
#732 = CIRCLE('',#733,4.25);
#733 = AXIS2_PLACEMENT_2D('',#734,#735);
#734 = CARTESIAN_POINT('',(4.75,-0.7));
#735 = DIRECTION('',(1.,0.));
#736 = ( GEOMETRIC_REPRESENTATION_CONTEXT(2) 
PARAMETRIC_REPRESENTATION_CONTEXT() REPRESENTATION_CONTEXT('2D SPACE',''
  ) );
#737 = ORIENTED_EDGE('',*,*,#738,.T.);
#738 = EDGE_CURVE('',#716,#169,#739,.T.);
#739 = SURFACE_CURVE('',#740,(#745,#779),.PCURVE_S1.);
#740 = CIRCLE('',#741,3.722902093797);
#741 = AXIS2_PLACEMENT_3D('',#742,#743,#744);
#742 = CARTESIAN_POINT('',(29.7,0.,21.35));
#743 = DIRECTION('',(1.345724878333E-14,-1.,7.88860905221E-31));
#744 = DIRECTION('',(0.590936840285,7.952384074957E-15,0.806717826005));
#745 = PCURVE('',#260,#746);
#746 = DEFINITIONAL_REPRESENTATION('',(#747),#778);
#747 = B_SPLINE_CURVE_WITH_KNOTS('',8,(#748,#749,#750,#751,#752,#753,
    #754,#755,#756,#757,#758,#759,#760,#761,#762,#763,#764,#765,#766,
    #767,#768,#769,#770,#771,#772,#773,#774,#775,#776,#777),
  .UNSPECIFIED.,.F.,.F.,(9,7,7,7,9),(3.773812299709,3.782149253331,
    3.992144560478,4.216139554769,4.406031945828),.UNSPECIFIED.);
#748 = CARTESIAN_POINT('',(7.853981627904,-1.067457519974));
#749 = CARTESIAN_POINT('',(7.85208908866,-1.067457519622));
#750 = CARTESIAN_POINT('',(7.850196549403,-1.067455265277));
#751 = CARTESIAN_POINT('',(7.848304033884,-1.06745075695));
#752 = CARTESIAN_POINT('',(7.846411565853,-1.067443994709));
#753 = CARTESIAN_POINT('',(7.844519169044,-1.067434978682));
#754 = CARTESIAN_POINT('',(7.842626867179,-1.067423709056));
#755 = CARTESIAN_POINT('',(7.840734683958,-1.067410186075));
#756 = CARTESIAN_POINT('',(7.791184981995,-1.066997035593));
#757 = CARTESIAN_POINT('',(7.743617977679,-1.065170222308));
#758 = CARTESIAN_POINT('',(7.696520440512,-1.061918054936));
#759 = CARTESIAN_POINT('',(7.650268272337,-1.05726871275));
#760 = CARTESIAN_POINT('',(7.605190907666,-1.051271607339));
#761 = CARTESIAN_POINT('',(7.561546417957,-1.043992889125));
#762 = CARTESIAN_POINT('',(7.51951527893,-1.035509322572));
#763 = CARTESIAN_POINT('',(7.436223491066,-1.015651151495));
#764 = CARTESIAN_POINT('',(7.395200975207,-1.004121629426));
#765 = CARTESIAN_POINT('',(7.356285314762,-0.991409125053));
#766 = CARTESIAN_POINT('',(7.319530134696,-0.977616267244));
#767 = CARTESIAN_POINT('',(7.284918654587,-0.962843305405));
#768 = CARTESIAN_POINT('',(7.252387896166,-0.947183903402));
#769 = CARTESIAN_POINT('',(7.221850759518,-0.930723541676));
#770 = CARTESIAN_POINT('',(7.168921695948,-0.898971670072));
#771 = CARTESIAN_POINT('',(7.145997544204,-0.883883731));
#772 = CARTESIAN_POINT('',(7.124371443138,-0.868322782158));
#773 = CARTESIAN_POINT('',(7.103974647526,-0.852331578931));
#774 = CARTESIAN_POINT('',(7.084736867221,-0.835948553313));
#775 = CARTESIAN_POINT('',(7.066589197988,-0.819208136628));
#776 = CARTESIAN_POINT('',(7.049465667415,-0.802141170891));
#777 = CARTESIAN_POINT('',(7.033304001813,-0.784775321775));
#778 = ( GEOMETRIC_REPRESENTATION_CONTEXT(2) 
PARAMETRIC_REPRESENTATION_CONTEXT() REPRESENTATION_CONTEXT('2D SPACE',''
  ) );
#779 = PCURVE('',#185,#780);
#780 = DEFINITIONAL_REPRESENTATION('',(#781),#882);
#781 = B_SPLINE_CURVE_WITH_KNOTS('',8,(#782,#783,#784,#785,#786,#787,
    #788,#789,#790,#791,#792,#793,#794,#795,#796,#797,#798,#799,#800,
    #801,#802,#803,#804,#805,#806,#807,#808,#809,#810,#811,#812,#813,
    #814,#815,#816,#817,#818,#819,#820,#821,#822,#823,#824,#825,#826,
    #827,#828,#829,#830,#831,#832,#833,#834,#835,#836,#837,#838,#839,
    #840,#841,#842,#843,#844,#845,#846,#847,#848,#849,#850,#851,#852,
    #853,#854,#855,#856,#857,#858,#859,#860,#861,#862,#863,#864,#865,
    #866,#867,#868,#869,#870,#871,#872,#873,#874,#875,#876,#877,#878,
    #879,#880,#881),.UNSPECIFIED.,.F.,.F.,(9,7,7,7,7,7,7,7,7,7,7,7,7,7,9
    ),(0.,5.544286987399E-02,0.43587010527,0.632219646119,0.844182377561
    ,1.056145109004,1.480070571888,2.327921497657,2.89315544817,
    3.216146277035,3.58527865288,3.782149253331,3.992144560478,
    4.216139554769,4.406031945828),.UNSPECIFIED.);
#782 = CARTESIAN_POINT('',(5.533066616997,0.784775325838));
#783 = CARTESIAN_POINT('',(5.528347894118,0.789845631203));
#784 = CARTESIAN_POINT('',(5.523547175599,0.794890457636));
#785 = CARTESIAN_POINT('',(5.518662911845,0.799909116619));
#786 = CARTESIAN_POINT('',(5.513693526418,0.804900896582));
#787 = CARTESIAN_POINT('',(5.508637417555,0.809865061999));
#788 = CARTESIAN_POINT('',(5.503492960049,0.814800852482));
#789 = CARTESIAN_POINT('',(5.498258507565,0.81970748184));
#790 = CARTESIAN_POINT('',(5.456386702145,0.858045833719));
#791 = CARTESIAN_POINT('',(5.415525381798,0.890096275819));
#792 = CARTESIAN_POINT('',(5.369813367495,0.920473296545));
#793 = CARTESIAN_POINT('',(5.318667042859,0.948854219571));
#794 = CARTESIAN_POINT('',(5.261549797831,0.974849634858));
#795 = CARTESIAN_POINT('',(5.197992062626,0.997980928492));
#796 = CARTESIAN_POINT('',(5.12813764147,1.017716505676));
#797 = CARTESIAN_POINT('',(5.014043146431,1.041793588538));
#798 = CARTESIAN_POINT('',(4.973764141532,1.048963050888));
#799 = CARTESIAN_POINT('',(4.932169676459,1.05504260508));
#800 = CARTESIAN_POINT('',(4.889435865027,1.059973454534));
#801 = CARTESIAN_POINT('',(4.845796264888,1.063706643877));
#802 = CARTESIAN_POINT('',(4.80153396264,1.066207317851));
#803 = CARTESIAN_POINT('',(4.756961548479,1.067457518148));
#804 = CARTESIAN_POINT('',(4.66427212083,1.067457518148));
#805 = CARTESIAN_POINT('',(4.616155467579,1.066000620387));
#806 = CARTESIAN_POINT('',(4.568428845285,1.063086348601));
#807 = CARTESIAN_POINT('',(4.521485891634,1.058739271341));
#808 = CARTESIAN_POINT('',(4.475676614561,1.053006652498));
#809 = CARTESIAN_POINT('',(4.431279373795,1.045954093192));
#810 = CARTESIAN_POINT('',(4.388492286696,1.037659165043));
#811 = CARTESIAN_POINT('',(4.306395830129,1.018746904565));
#812 = CARTESIAN_POINT('',(4.267086285543,1.008129664212));
#813 = CARTESIAN_POINT('',(4.229645426716,0.996433021652));
#814 = CARTESIAN_POINT('',(4.194130224086,0.983743555933));
#815 = CARTESIAN_POINT('',(4.160540865362,0.970147000538));
#816 = CARTESIAN_POINT('',(4.128836312307,0.955724478131));
#817 = CARTESIAN_POINT('',(4.098949165387,0.940550686751));
#818 = CARTESIAN_POINT('',(4.014501178144,0.892980738853));
#819 = CARTESIAN_POINT('',(3.965153041504,0.85853592336));
#820 = CARTESIAN_POINT('',(3.922112353443,0.821906354539));
#821 = CARTESIAN_POINT('',(3.884505024122,0.783533269221));
#822 = CARTESIAN_POINT('',(3.851573738622,0.743742871517));
#823 = CARTESIAN_POINT('',(3.822678987482,0.702791559139));
#824 = CARTESIAN_POINT('',(3.797294700231,0.660879437023));
#825 = CARTESIAN_POINT('',(3.730380492197,0.53274457318));
#826 = CARTESIAN_POINT('',(3.698089729983,0.444123321565));
#827 = CARTESIAN_POINT('',(3.674665290942,0.353592916649));
#828 = CARTESIAN_POINT('',(3.658210388025,0.261811556351));
#829 = CARTESIAN_POINT('',(3.647688427252,0.169263377851));
#830 = CARTESIAN_POINT('',(3.642528420949,7.631879679806E-02));
#831 = CARTESIAN_POINT('',(3.642596975133,-1.668042302735E-02));
#832 = CARTESIAN_POINT('',(3.652007002634,-0.171126155349));
#833 = CARTESIAN_POINT('',(3.658250073465,-0.232756990272));
#834 = CARTESIAN_POINT('',(3.667076001269,-0.294125530143));
#835 = CARTESIAN_POINT('',(3.678687429259,-0.355108229322));
#836 = CARTESIAN_POINT('',(3.693395020986,-0.415559640905));
#837 = CARTESIAN_POINT('',(3.711649674078,-0.475300974743));
#838 = CARTESIAN_POINT('',(3.734101186988,-0.534095459423));
#839 = CARTESIAN_POINT('',(3.777449995294,-0.624452762597));
#840 = CARTESIAN_POINT('',(3.794889641634,-0.65688729232));
#841 = CARTESIAN_POINT('',(3.814180218609,-0.68883430977));
#842 = CARTESIAN_POINT('',(3.835527446722,-0.720216926292));
#843 = CARTESIAN_POINT('',(3.85917020298,-0.750943276582));
#844 = CARTESIAN_POINT('',(3.885388164293,-0.780901516328));
#845 = CARTESIAN_POINT('',(3.914500544029,-0.809953777441));
#846 = CARTESIAN_POINT('',(3.983802152833,-0.869903065738));
#847 = CARTESIAN_POINT('',(4.024979773837,-0.900470701816));
#848 = CARTESIAN_POINT('',(4.070870667707,-0.929379742329));
#849 = CARTESIAN_POINT('',(4.122002723099,-0.956321012729));
#850 = CARTESIAN_POINT('',(4.178846092669,-0.980925227757));
#851 = CARTESIAN_POINT('',(4.241771251707,-1.002744621504));
#852 = CARTESIAN_POINT('',(4.310561148287,-1.021294243583));
#853 = CARTESIAN_POINT('',(4.423667638866,-1.044090698429));
#854 = CARTESIAN_POINT('',(4.464424127042,-1.050972396743));
#855 = CARTESIAN_POINT('',(4.506461395464,-1.056744228278));
#856 = CARTESIAN_POINT('',(4.549590256347,-1.061348663186));
#857 = CARTESIAN_POINT('',(4.593564482136,-1.064738906115));
#858 = CARTESIAN_POINT('',(4.638090494476,-1.066883116557));
#859 = CARTESIAN_POINT('',(4.682848914054,-1.067766948593));
#860 = CARTESIAN_POINT('',(4.775185632364,-1.066997035593));
#861 = CARTESIAN_POINT('',(4.822752636681,-1.065170222308));
#862 = CARTESIAN_POINT('',(4.869850173847,-1.061918054936));
#863 = CARTESIAN_POINT('',(4.916102342022,-1.05726871275));
#864 = CARTESIAN_POINT('',(4.961179706693,-1.051271607339));
#865 = CARTESIAN_POINT('',(5.004824196403,-1.043992889125));
#866 = CARTESIAN_POINT('',(5.046855335429,-1.035509322572));
#867 = CARTESIAN_POINT('',(5.130147123293,-1.015651151495));
#868 = CARTESIAN_POINT('',(5.171169639151,-1.004121629426));
#869 = CARTESIAN_POINT('',(5.210085299598,-0.991409125053));
#870 = CARTESIAN_POINT('',(5.246840479663,-0.977616267244));
#871 = CARTESIAN_POINT('',(5.28145195977,-0.962843305405));
#872 = CARTESIAN_POINT('',(5.313982718194,-0.947183903402));
#873 = CARTESIAN_POINT('',(5.344519854841,-0.930723541676));
#874 = CARTESIAN_POINT('',(5.397448918412,-0.898971670072));
#875 = CARTESIAN_POINT('',(5.420373070155,-0.883883731));
#876 = CARTESIAN_POINT('',(5.441999171221,-0.868322782158));
#877 = CARTESIAN_POINT('',(5.462395966833,-0.852331578931));
#878 = CARTESIAN_POINT('',(5.481633747139,-0.835948553313));
#879 = CARTESIAN_POINT('',(5.499781416372,-0.819208136628));
#880 = CARTESIAN_POINT('',(5.516904946944,-0.802141170891));
#881 = CARTESIAN_POINT('',(5.533066612547,-0.784775321775));
#882 = ( GEOMETRIC_REPRESENTATION_CONTEXT(2) 
PARAMETRIC_REPRESENTATION_CONTEXT() REPRESENTATION_CONTEXT('2D SPACE',''
  ) );
#883 = ORIENTED_EDGE('',*,*,#245,.F.);
#884 = ORIENTED_EDGE('',*,*,#885,.F.);
#885 = EDGE_CURVE('',#886,#42,#888,.T.);
#886 = VERTEX_POINT('',#887);
#887 = CARTESIAN_POINT('',(33.528837943815,-3.6,20.35));
#888 = SURFACE_CURVE('',#889,(#894,#914),.PCURVE_S1.);
#889 = CIRCLE('',#890,3.957271787482);
#890 = AXIS2_PLACEMENT_3D('',#891,#892,#893);
#891 = CARTESIAN_POINT('',(29.7,-3.6,21.35));
#892 = DIRECTION('',(-0.,1.,0.));
#893 = DIRECTION('',(0.,0.,1.));
#894 = PCURVE('',#260,#895);
#895 = DEFINITIONAL_REPRESENTATION('',(#896),#913);
#896 = B_SPLINE_CURVE_WITH_KNOTS('',8,(#897,#898,#899,#900,#901,#902,
    #903,#904,#905,#906,#907,#908,#909,#910,#911,#912),.UNSPECIFIED.,.F.
  ,.F.,(9,7,9),(1.826265464151,2.184111732542,2.55210097599),
  .UNSPECIFIED.);
#897 = CARTESIAN_POINT('',(5.898528470485,-0.237521170375));
#898 = CARTESIAN_POINT('',(5.894465005115,-0.278983349785));
#899 = CARTESIAN_POINT('',(5.889512930561,-0.320367572979));
#900 = CARTESIAN_POINT('',(5.883617457603,-0.361652983474));
#901 = CARTESIAN_POINT('',(5.876704553928,-0.402816066089));
#902 = CARTESIAN_POINT('',(5.868678868648,-0.443829995354));
#903 = CARTESIAN_POINT('',(5.859417569537,-0.484662994182));
#904 = CARTESIAN_POINT('',(5.848760092957,-0.525275702807));
#905 = CARTESIAN_POINT('',(5.823879838231,-0.607102883071));
#906 = CARTESIAN_POINT('',(5.809564579377,-0.648301601391));
#907 = CARTESIAN_POINT('',(5.793315969294,-0.689159298575));
#908 = CARTESIAN_POINT('',(5.774843044191,-0.729606671928));
#909 = CARTESIAN_POINT('',(5.753776639292,-0.769557990427));
#910 = CARTESIAN_POINT('',(5.729638254692,-0.808902017018));
#911 = CARTESIAN_POINT('',(5.701797084915,-0.847485393208));
#912 = CARTESIAN_POINT('',(5.669415212163,-0.885088485971));
#913 = ( GEOMETRIC_REPRESENTATION_CONTEXT(2) 
PARAMETRIC_REPRESENTATION_CONTEXT() REPRESENTATION_CONTEXT('2D SPACE',''
  ) );
#914 = PCURVE('',#62,#915);
#915 = DEFINITIONAL_REPRESENTATION('',(#916),#920);
#916 = CIRCLE('',#917,3.957271787482);
#917 = AXIS2_PLACEMENT_2D('',#918,#919);
#918 = CARTESIAN_POINT('',(4.9,-2.2));
#919 = DIRECTION('',(1.,0.));
#920 = ( GEOMETRIC_REPRESENTATION_CONTEXT(2) 
PARAMETRIC_REPRESENTATION_CONTEXT() REPRESENTATION_CONTEXT('2D SPACE',''
  ) );
#921 = ORIENTED_EDGE('',*,*,#922,.T.);
#922 = EDGE_CURVE('',#886,#923,#925,.T.);
#923 = VERTEX_POINT('',#924);
#924 = CARTESIAN_POINT('',(30.512403840464,-6.1,20.35));
#925 = SURFACE_CURVE('',#926,(#931,#937),.PCURVE_S1.);
#926 = CIRCLE('',#927,4.130677910465);
#927 = AXIS2_PLACEMENT_3D('',#928,#929,#930);
#928 = CARTESIAN_POINT('',(29.7,-2.05,20.35));
#929 = DIRECTION('',(1.230565932769E-14,1.206107479168E-14,-1.));
#930 = DIRECTION('',(0.92692725669,-0.375241070255,6.880640429117E-15));
#931 = PCURVE('',#260,#932);
#932 = DEFINITIONAL_REPRESENTATION('',(#933),#936);
#933 = B_SPLINE_CURVE_WITH_KNOTS('',1,(#934,#935),.UNSPECIFIED.,.F.,.F.,
  (2,2),(0.,0.988173284351),.PIECEWISE_BEZIER_KNOTS.);
#934 = CARTESIAN_POINT('',(5.89852847175,-0.237521170781));
#935 = CARTESIAN_POINT('',(4.910355187398,-0.237521170781));
#936 = ( GEOMETRIC_REPRESENTATION_CONTEXT(2) 
PARAMETRIC_REPRESENTATION_CONTEXT() REPRESENTATION_CONTEXT('2D SPACE',''
  ) );
#937 = PCURVE('',#938,#943);
#938 = PLANE('',#939);
#939 = AXIS2_PLACEMENT_3D('',#940,#941,#942);
#940 = CARTESIAN_POINT('',(30.,-5.4,20.35));
#941 = DIRECTION('',(0.,0.,1.));
#942 = DIRECTION('',(1.,0.,-0.));
#943 = DEFINITIONAL_REPRESENTATION('',(#944),#952);
#944 = ( BOUNDED_CURVE() B_SPLINE_CURVE(2,(#945,#946,#947,#948,#949,#950
,#951),.UNSPECIFIED.,.T.,.F.) B_SPLINE_CURVE_WITH_KNOTS((1,2,2,2,2,1),(
    -2.094395102393,0.,2.094395102393,4.188790204786,6.28318530718,
8.377580409573),.UNSPECIFIED.) CURVE() GEOMETRIC_REPRESENTATION_ITEM() 
RATIONAL_B_SPLINE_CURVE((1.,0.5,1.,0.5,1.,0.5,1.)) REPRESENTATION_ITEM(
  '') );
#945 = CARTESIAN_POINT('',(3.528837943815,1.8));
#946 = CARTESIAN_POINT('',(0.844159192084,-4.831741852636));
#947 = CARTESIAN_POINT('',(-3.556758347774,0.809129073682));
#948 = CARTESIAN_POINT('',(-7.957675887631,6.45));
#949 = CARTESIAN_POINT('',(-0.872079596042,7.440870926318));
#950 = CARTESIAN_POINT('',(6.213516695547,8.431741852636));
#951 = CARTESIAN_POINT('',(3.528837943815,1.8));
#952 = ( GEOMETRIC_REPRESENTATION_CONTEXT(2) 
PARAMETRIC_REPRESENTATION_CONTEXT() REPRESENTATION_CONTEXT('2D SPACE',''
  ) );
#953 = ORIENTED_EDGE('',*,*,#954,.F.);
#954 = EDGE_CURVE('',#955,#923,#957,.T.);
#955 = VERTEX_POINT('',#956);
#956 = CARTESIAN_POINT('',(30.512403840464,-6.1,22.35));
#957 = SURFACE_CURVE('',#958,(#963,#981),.PCURVE_S1.);
#958 = CIRCLE('',#959,1.288409872673);
#959 = AXIS2_PLACEMENT_3D('',#960,#961,#962);
#960 = CARTESIAN_POINT('',(29.7,-6.1,21.35));
#961 = DIRECTION('',(-0.,1.,0.));
#962 = DIRECTION('',(0.,0.,1.));
#963 = PCURVE('',#260,#964);
#964 = DEFINITIONAL_REPRESENTATION('',(#965),#980);
#965 = B_SPLINE_CURVE_WITH_KNOTS('',7,(#966,#967,#968,#969,#970,#971,
    #972,#973,#974,#975,#976,#977,#978,#979),.UNSPECIFIED.,.F.,.F.,(8,6,
    8),(0.682258630169,1.570796326795,2.459334023421),.UNSPECIFIED.);
#966 = CARTESIAN_POINT('',(4.910355187398,0.237521170781));
#967 = CARTESIAN_POINT('',(4.940484566122,0.212556349967));
#968 = CARTESIAN_POINT('',(4.966564354005,0.183216890145));
#969 = CARTESIAN_POINT('',(4.987906146562,0.150244881478));
#970 = CARTESIAN_POINT('',(5.004099104602,0.114522237768));
#971 = CARTESIAN_POINT('',(5.014960674433,7.696144408462E-02));
#972 = CARTESIAN_POINT('',(5.020390978096,3.848069716216E-02));
#973 = CARTESIAN_POINT('',(5.020390978096,-3.848069716216E-02));
#974 = CARTESIAN_POINT('',(5.014960674433,-7.696144408463E-02));
#975 = CARTESIAN_POINT('',(5.0040991046,-0.114522237768));
#976 = CARTESIAN_POINT('',(4.987906146564,-0.150244881478));
#977 = CARTESIAN_POINT('',(4.966564354004,-0.183216890145));
#978 = CARTESIAN_POINT('',(4.940484566122,-0.212556349967));
#979 = CARTESIAN_POINT('',(4.910355187398,-0.237521170781));
#980 = ( GEOMETRIC_REPRESENTATION_CONTEXT(2) 
PARAMETRIC_REPRESENTATION_CONTEXT() REPRESENTATION_CONTEXT('2D SPACE',''
  ) );
#981 = PCURVE('',#982,#987);
#982 = PLANE('',#983);
#983 = AXIS2_PLACEMENT_3D('',#984,#985,#986);
#984 = CARTESIAN_POINT('',(25.6,-6.1,20.35));
#985 = DIRECTION('',(-0.,1.,0.));
#986 = DIRECTION('',(0.,0.,1.));
#987 = DEFINITIONAL_REPRESENTATION('',(#988),#992);
#988 = CIRCLE('',#989,1.288409872673);
#989 = AXIS2_PLACEMENT_2D('',#990,#991);
#990 = CARTESIAN_POINT('',(1.,4.1));
#991 = DIRECTION('',(1.,0.));
#992 = ( GEOMETRIC_REPRESENTATION_CONTEXT(2) 
PARAMETRIC_REPRESENTATION_CONTEXT() REPRESENTATION_CONTEXT('2D SPACE',''
  ) );
#993 = ORIENTED_EDGE('',*,*,#994,.T.);
#994 = EDGE_CURVE('',#955,#995,#997,.T.);
#995 = VERTEX_POINT('',#996);
#996 = CARTESIAN_POINT('',(33.528837943815,-3.6,22.35));
#997 = SURFACE_CURVE('',#998,(#1003,#1009),.PCURVE_S1.);
#998 = CIRCLE('',#999,4.130677910465);
#999 = AXIS2_PLACEMENT_3D('',#1000,#1001,#1002);
#1000 = CARTESIAN_POINT('',(29.7,-2.05,22.35));
#1001 = DIRECTION('',(0.,0.,1.));
#1002 = DIRECTION('',(0.196675668758,-0.980468602923,0.));
#1003 = PCURVE('',#260,#1004);
#1004 = DEFINITIONAL_REPRESENTATION('',(#1005),#1008);
#1005 = B_SPLINE_CURVE_WITH_KNOTS('',1,(#1006,#1007),.UNSPECIFIED.,.F.,
  .F.,(2,2),(0.,0.988173284351),.PIECEWISE_BEZIER_KNOTS.);
#1006 = CARTESIAN_POINT('',(4.910355187398,0.237521170781));
#1007 = CARTESIAN_POINT('',(5.89852847175,0.237521170781));
#1008 = ( GEOMETRIC_REPRESENTATION_CONTEXT(2) 
PARAMETRIC_REPRESENTATION_CONTEXT() REPRESENTATION_CONTEXT('2D SPACE',''
  ) );
#1009 = PCURVE('',#1010,#1015);
#1010 = PLANE('',#1011);
#1011 = AXIS2_PLACEMENT_3D('',#1012,#1013,#1014);
#1012 = CARTESIAN_POINT('',(30.,-5.4,22.35));
#1013 = DIRECTION('',(0.,0.,1.));
#1014 = DIRECTION('',(1.,0.,-0.));
#1015 = DEFINITIONAL_REPRESENTATION('',(#1016),#1020);
#1016 = CIRCLE('',#1017,4.130677910465);
#1017 = AXIS2_PLACEMENT_2D('',#1018,#1019);
#1018 = CARTESIAN_POINT('',(-0.3,3.35));
#1019 = DIRECTION('',(0.196675668758,-0.980468602923));
#1020 = ( GEOMETRIC_REPRESENTATION_CONTEXT(2) 
PARAMETRIC_REPRESENTATION_CONTEXT() REPRESENTATION_CONTEXT('2D SPACE',''
  ) );
#1021 = ORIENTED_EDGE('',*,*,#1022,.F.);
#1022 = EDGE_CURVE('',#310,#995,#1023,.T.);
#1023 = SURFACE_CURVE('',#1024,(#1029,#1049),.PCURVE_S1.);
#1024 = CIRCLE('',#1025,3.957271787482);
#1025 = AXIS2_PLACEMENT_3D('',#1026,#1027,#1028);
#1026 = CARTESIAN_POINT('',(29.7,-3.6,21.35));
#1027 = DIRECTION('',(-0.,1.,0.));
#1028 = DIRECTION('',(0.,0.,1.));
#1029 = PCURVE('',#260,#1030);
#1030 = DEFINITIONAL_REPRESENTATION('',(#1031),#1048);
#1031 = B_SPLINE_CURVE_WITH_KNOTS('',8,(#1032,#1033,#1034,#1035,#1036,
    #1037,#1038,#1039,#1040,#1041,#1042,#1043,#1044,#1045,#1046,#1047),
  .UNSPECIFIED.,.F.,.F.,(9,7,9),(0.5894916776,1.080144002197,
    1.315327189439),.UNSPECIFIED.);
#1032 = CARTESIAN_POINT('',(5.669415212163,0.885088485971));
#1033 = CARTESIAN_POINT('',(5.7125910425,0.834951028954));
#1034 = CARTESIAN_POINT('',(5.747694877263,0.783070544898));
#1035 = CARTESIAN_POINT('',(5.776710357648,0.729969642605));
#1036 = CARTESIAN_POINT('',(5.800976881852,0.675953870046));
#1037 = CARTESIAN_POINT('',(5.821388525801,0.621234671619));
#1038 = CARTESIAN_POINT('',(5.838609536048,0.565963700225));
#1039 = CARTESIAN_POINT('',(5.853117633419,0.510256248451));
#1040 = CARTESIAN_POINT('',(5.871096447554,0.427335219273));
#1041 = CARTESIAN_POINT('',(5.876380860904,0.400387948198));
#1042 = CARTESIAN_POINT('',(5.881163568049,0.373371233919));
#1043 = CARTESIAN_POINT('',(5.885477357114,0.346293791709));
#1044 = CARTESIAN_POINT('',(5.889349681289,0.319163361724));
#1045 = CARTESIAN_POINT('',(5.892803501836,0.291986927626));
#1046 = CARTESIAN_POINT('',(5.895857893281,0.264770883887));
#1047 = CARTESIAN_POINT('',(5.898528472917,0.237521171382));
#1048 = ( GEOMETRIC_REPRESENTATION_CONTEXT(2) 
PARAMETRIC_REPRESENTATION_CONTEXT() REPRESENTATION_CONTEXT('2D SPACE',''
  ) );
#1049 = PCURVE('',#62,#1050);
#1050 = DEFINITIONAL_REPRESENTATION('',(#1051),#1055);
#1051 = CIRCLE('',#1052,3.957271787482);
#1052 = AXIS2_PLACEMENT_2D('',#1053,#1054);
#1053 = CARTESIAN_POINT('',(4.9,-2.2));
#1054 = DIRECTION('',(1.,0.));
#1055 = ( GEOMETRIC_REPRESENTATION_CONTEXT(2) 
PARAMETRIC_REPRESENTATION_CONTEXT() REPRESENTATION_CONTEXT('2D SPACE',''
  ) );
#1056 = FACE_BOUND('',#1057,.T.);
#1057 = EDGE_LOOP('',(#1058,#1100,#1128,#1161));
#1058 = ORIENTED_EDGE('',*,*,#1059,.F.);
#1059 = EDGE_CURVE('',#1060,#1062,#1064,.T.);
#1060 = VERTEX_POINT('',#1061);
#1061 = CARTESIAN_POINT('',(28.887596159536,-6.1,20.35));
#1062 = VERTEX_POINT('',#1063);
#1063 = CARTESIAN_POINT('',(28.887596159536,-6.1,22.35));
#1064 = SURFACE_CURVE('',#1065,(#1070,#1088),.PCURVE_S1.);
#1065 = CIRCLE('',#1066,1.288409872673);
#1066 = AXIS2_PLACEMENT_3D('',#1067,#1068,#1069);
#1067 = CARTESIAN_POINT('',(29.7,-6.1,21.35));
#1068 = DIRECTION('',(-0.,1.,0.));
#1069 = DIRECTION('',(0.,0.,1.));
#1070 = PCURVE('',#260,#1071);
#1071 = DEFINITIONAL_REPRESENTATION('',(#1072),#1087);
#1072 = B_SPLINE_CURVE_WITH_KNOTS('',7,(#1073,#1074,#1075,#1076,#1077,
    #1078,#1079,#1080,#1081,#1082,#1083,#1084,#1085,#1086),
  .UNSPECIFIED.,.F.,.F.,(8,6,8),(3.823851283759,4.712388980385,
    5.60092667701),.UNSPECIFIED.);
#1073 = CARTESIAN_POINT('',(4.514422773371,-0.237521170781));
#1074 = CARTESIAN_POINT('',(4.484293394647,-0.212556349967));
#1075 = CARTESIAN_POINT('',(4.458213606766,-0.183216890145));
#1076 = CARTESIAN_POINT('',(4.436871814204,-0.150244881478));
#1077 = CARTESIAN_POINT('',(4.420678856172,-0.114522237768));
#1078 = CARTESIAN_POINT('',(4.409817286336,-7.696144408464E-02));
#1079 = CARTESIAN_POINT('',(4.404386982673,-3.848069716216E-02));
#1080 = CARTESIAN_POINT('',(4.404386982673,3.848069716216E-02));
#1081 = CARTESIAN_POINT('',(4.409817286336,7.69614440846E-02));
#1082 = CARTESIAN_POINT('',(4.42067885617,0.114522237768));
#1083 = CARTESIAN_POINT('',(4.436871814205,0.150244881478));
#1084 = CARTESIAN_POINT('',(4.458213606766,0.183216890146));
#1085 = CARTESIAN_POINT('',(4.484293394647,0.212556349967));
#1086 = CARTESIAN_POINT('',(4.514422773371,0.237521170781));
#1087 = ( GEOMETRIC_REPRESENTATION_CONTEXT(2) 
PARAMETRIC_REPRESENTATION_CONTEXT() REPRESENTATION_CONTEXT('2D SPACE',''
  ) );
#1088 = PCURVE('',#1089,#1094);
#1089 = PLANE('',#1090);
#1090 = AXIS2_PLACEMENT_3D('',#1091,#1092,#1093);
#1091 = CARTESIAN_POINT('',(25.6,-6.1,20.35));
#1092 = DIRECTION('',(-0.,1.,0.));
#1093 = DIRECTION('',(0.,0.,1.));
#1094 = DEFINITIONAL_REPRESENTATION('',(#1095),#1099);
#1095 = CIRCLE('',#1096,1.288409872673);
#1096 = AXIS2_PLACEMENT_2D('',#1097,#1098);
#1097 = CARTESIAN_POINT('',(1.,4.1));
#1098 = DIRECTION('',(1.,0.));
#1099 = ( GEOMETRIC_REPRESENTATION_CONTEXT(2) 
PARAMETRIC_REPRESENTATION_CONTEXT() REPRESENTATION_CONTEXT('2D SPACE',''
  ) );
#1100 = ORIENTED_EDGE('',*,*,#1101,.F.);
#1101 = EDGE_CURVE('',#1102,#1060,#1104,.T.);
#1102 = VERTEX_POINT('',#1103);
#1103 = CARTESIAN_POINT('',(26.80863354104,-5.,20.35));
#1104 = SURFACE_CURVE('',#1105,(#1110,#1116),.PCURVE_S1.);
#1105 = CIRCLE('',#1106,4.130677910465);
#1106 = AXIS2_PLACEMENT_3D('',#1107,#1108,#1109);
#1107 = CARTESIAN_POINT('',(29.7,-2.05,20.35));
#1108 = DIRECTION('',(0.,0.,1.));
#1109 = DIRECTION('',(1.,0.,-0.));
#1110 = PCURVE('',#260,#1111);
#1111 = DEFINITIONAL_REPRESENTATION('',(#1112),#1115);
#1112 = B_SPLINE_CURVE_WITH_KNOTS('',1,(#1113,#1114),.UNSPECIFIED.,.F.,
  .F.,(2,2),(3.937028121166,4.514422773371),.PIECEWISE_BEZIER_KNOTS.);
#1113 = CARTESIAN_POINT('',(3.937028121166,-0.237521170781));
#1114 = CARTESIAN_POINT('',(4.514422773371,-0.237521170781));
#1115 = ( GEOMETRIC_REPRESENTATION_CONTEXT(2) 
PARAMETRIC_REPRESENTATION_CONTEXT() REPRESENTATION_CONTEXT('2D SPACE',''
  ) );
#1116 = PCURVE('',#1117,#1122);
#1117 = PLANE('',#1118);
#1118 = AXIS2_PLACEMENT_3D('',#1119,#1120,#1121);
#1119 = CARTESIAN_POINT('',(25.6,-6.1,20.35));
#1120 = DIRECTION('',(0.,0.,1.));
#1121 = DIRECTION('',(1.,0.,-0.));
#1122 = DEFINITIONAL_REPRESENTATION('',(#1123),#1127);
#1123 = CIRCLE('',#1124,4.130677910465);
#1124 = AXIS2_PLACEMENT_2D('',#1125,#1126);
#1125 = CARTESIAN_POINT('',(4.1,4.05));
#1126 = DIRECTION('',(1.,0.));
#1127 = ( GEOMETRIC_REPRESENTATION_CONTEXT(2) 
PARAMETRIC_REPRESENTATION_CONTEXT() REPRESENTATION_CONTEXT('2D SPACE',''
  ) );
#1128 = ORIENTED_EDGE('',*,*,#1129,.T.);
#1129 = EDGE_CURVE('',#1102,#1130,#1132,.T.);
#1130 = VERTEX_POINT('',#1131);
#1131 = CARTESIAN_POINT('',(26.80863354104,-5.,22.35));
#1132 = SURFACE_CURVE('',#1133,(#1138,#1149),.PCURVE_S1.);
#1133 = CIRCLE('',#1134,3.059411708156);
#1134 = AXIS2_PLACEMENT_3D('',#1135,#1136,#1137);
#1135 = CARTESIAN_POINT('',(29.7,-5.,21.35));
#1136 = DIRECTION('',(-0.,1.,0.));
#1137 = DIRECTION('',(0.,0.,1.));
#1138 = PCURVE('',#260,#1139);
#1139 = DEFINITIONAL_REPRESENTATION('',(#1140),#1148);
#1140 = B_SPLINE_CURVE_WITH_KNOTS('',6,(#1141,#1142,#1143,#1144,#1145,
    #1146,#1147),.UNSPECIFIED.,.F.,.F.,(7,7),(4.379409579662,
    5.045368381107),.PIECEWISE_BEZIER_KNOTS.);
#1141 = CARTESIAN_POINT('',(3.937028121166,-0.237521170781));
#1142 = CARTESIAN_POINT('',(3.917838099537,-0.159828881393));
#1143 = CARTESIAN_POINT('',(3.906904688308,-8.031153283493E-02));
#1144 = CARTESIAN_POINT('',(3.903352851422,4.440892098501E-15));
#1145 = CARTESIAN_POINT('',(3.906904688308,8.031153283493E-02));
#1146 = CARTESIAN_POINT('',(3.917838099537,0.159828881393));
#1147 = CARTESIAN_POINT('',(3.937028121166,0.237521170781));
#1148 = ( GEOMETRIC_REPRESENTATION_CONTEXT(2) 
PARAMETRIC_REPRESENTATION_CONTEXT() REPRESENTATION_CONTEXT('2D SPACE',''
  ) );
#1149 = PCURVE('',#1150,#1155);
#1150 = PLANE('',#1151);
#1151 = AXIS2_PLACEMENT_3D('',#1152,#1153,#1154);
#1152 = CARTESIAN_POINT('',(25.6,-5.,20.35));
#1153 = DIRECTION('',(-0.,1.,0.));
#1154 = DIRECTION('',(0.,0.,1.));
#1155 = DEFINITIONAL_REPRESENTATION('',(#1156),#1160);
#1156 = CIRCLE('',#1157,3.059411708156);
#1157 = AXIS2_PLACEMENT_2D('',#1158,#1159);
#1158 = CARTESIAN_POINT('',(1.,4.1));
#1159 = DIRECTION('',(1.,0.));
#1160 = ( GEOMETRIC_REPRESENTATION_CONTEXT(2) 
PARAMETRIC_REPRESENTATION_CONTEXT() REPRESENTATION_CONTEXT('2D SPACE',''
  ) );
#1161 = ORIENTED_EDGE('',*,*,#1162,.T.);
#1162 = EDGE_CURVE('',#1130,#1062,#1163,.T.);
#1163 = SURFACE_CURVE('',#1164,(#1169,#1175),.PCURVE_S1.);
#1164 = CIRCLE('',#1165,4.130677910465);
#1165 = AXIS2_PLACEMENT_3D('',#1166,#1167,#1168);
#1166 = CARTESIAN_POINT('',(29.7,-2.05,22.35));
#1167 = DIRECTION('',(0.,0.,1.));
#1168 = DIRECTION('',(1.,0.,-0.));
#1169 = PCURVE('',#260,#1170);
#1170 = DEFINITIONAL_REPRESENTATION('',(#1171),#1174);
#1171 = B_SPLINE_CURVE_WITH_KNOTS('',1,(#1172,#1173),.UNSPECIFIED.,.F.,
  .F.,(2,2),(3.937028121166,4.514422773371),.PIECEWISE_BEZIER_KNOTS.);
#1172 = CARTESIAN_POINT('',(3.937028121166,0.237521170781));
#1173 = CARTESIAN_POINT('',(4.514422773371,0.237521170781));
#1174 = ( GEOMETRIC_REPRESENTATION_CONTEXT(2) 
PARAMETRIC_REPRESENTATION_CONTEXT() REPRESENTATION_CONTEXT('2D SPACE',''
  ) );
#1175 = PCURVE('',#1176,#1181);
#1176 = PLANE('',#1177);
#1177 = AXIS2_PLACEMENT_3D('',#1178,#1179,#1180);
#1178 = CARTESIAN_POINT('',(25.6,-6.1,22.35));
#1179 = DIRECTION('',(0.,0.,1.));
#1180 = DIRECTION('',(1.,0.,-0.));
#1181 = DEFINITIONAL_REPRESENTATION('',(#1182),#1186);
#1182 = CIRCLE('',#1183,4.130677910465);
#1183 = AXIS2_PLACEMENT_2D('',#1184,#1185);
#1184 = CARTESIAN_POINT('',(4.1,4.05));
#1185 = DIRECTION('',(1.,0.));
#1186 = ( GEOMETRIC_REPRESENTATION_CONTEXT(2) 
PARAMETRIC_REPRESENTATION_CONTEXT() REPRESENTATION_CONTEXT('2D SPACE',''
  ) );
#1187 = ADVANCED_FACE('',(#1188),#1176,.T.);
#1188 = FACE_BOUND('',#1189,.T.);
#1189 = EDGE_LOOP('',(#1190,#1213,#1241,#1262));
#1190 = ORIENTED_EDGE('',*,*,#1191,.F.);
#1191 = EDGE_CURVE('',#1192,#1130,#1194,.T.);
#1192 = VERTEX_POINT('',#1193);
#1193 = CARTESIAN_POINT('',(25.6,-5.,22.35));
#1194 = SURFACE_CURVE('',#1195,(#1199,#1206),.PCURVE_S1.);
#1195 = LINE('',#1196,#1197);
#1196 = CARTESIAN_POINT('',(25.6,-5.,22.35));
#1197 = VECTOR('',#1198,1.);
#1198 = DIRECTION('',(1.,0.,-0.));
#1199 = PCURVE('',#1176,#1200);
#1200 = DEFINITIONAL_REPRESENTATION('',(#1201),#1205);
#1201 = LINE('',#1202,#1203);
#1202 = CARTESIAN_POINT('',(0.,1.1));
#1203 = VECTOR('',#1204,1.);
#1204 = DIRECTION('',(1.,0.));
#1205 = ( GEOMETRIC_REPRESENTATION_CONTEXT(2) 
PARAMETRIC_REPRESENTATION_CONTEXT() REPRESENTATION_CONTEXT('2D SPACE',''
  ) );
#1206 = PCURVE('',#1150,#1207);
#1207 = DEFINITIONAL_REPRESENTATION('',(#1208),#1212);
#1208 = LINE('',#1209,#1210);
#1209 = CARTESIAN_POINT('',(2.,0.));
#1210 = VECTOR('',#1211,1.);
#1211 = DIRECTION('',(0.,1.));
#1212 = ( GEOMETRIC_REPRESENTATION_CONTEXT(2) 
PARAMETRIC_REPRESENTATION_CONTEXT() REPRESENTATION_CONTEXT('2D SPACE',''
  ) );
#1213 = ORIENTED_EDGE('',*,*,#1214,.F.);
#1214 = EDGE_CURVE('',#1215,#1192,#1217,.T.);
#1215 = VERTEX_POINT('',#1216);
#1216 = CARTESIAN_POINT('',(25.6,-6.1,22.35));
#1217 = SURFACE_CURVE('',#1218,(#1222,#1229),.PCURVE_S1.);
#1218 = LINE('',#1219,#1220);
#1219 = CARTESIAN_POINT('',(25.6,-6.1,22.35));
#1220 = VECTOR('',#1221,1.);
#1221 = DIRECTION('',(-0.,1.,0.));
#1222 = PCURVE('',#1176,#1223);
#1223 = DEFINITIONAL_REPRESENTATION('',(#1224),#1228);
#1224 = LINE('',#1225,#1226);
#1225 = CARTESIAN_POINT('',(0.,0.));
#1226 = VECTOR('',#1227,1.);
#1227 = DIRECTION('',(0.,1.));
#1228 = ( GEOMETRIC_REPRESENTATION_CONTEXT(2) 
PARAMETRIC_REPRESENTATION_CONTEXT() REPRESENTATION_CONTEXT('2D SPACE',''
  ) );
#1229 = PCURVE('',#1230,#1235);
#1230 = PLANE('',#1231);
#1231 = AXIS2_PLACEMENT_3D('',#1232,#1233,#1234);
#1232 = CARTESIAN_POINT('',(25.6,-6.1,20.35));
#1233 = DIRECTION('',(1.,0.,-0.));
#1234 = DIRECTION('',(0.,0.,1.));
#1235 = DEFINITIONAL_REPRESENTATION('',(#1236),#1240);
#1236 = LINE('',#1237,#1238);
#1237 = CARTESIAN_POINT('',(2.,0.));
#1238 = VECTOR('',#1239,1.);
#1239 = DIRECTION('',(0.,-1.));
#1240 = ( GEOMETRIC_REPRESENTATION_CONTEXT(2) 
PARAMETRIC_REPRESENTATION_CONTEXT() REPRESENTATION_CONTEXT('2D SPACE',''
  ) );
#1241 = ORIENTED_EDGE('',*,*,#1242,.T.);
#1242 = EDGE_CURVE('',#1215,#1062,#1243,.T.);
#1243 = SURFACE_CURVE('',#1244,(#1248,#1255),.PCURVE_S1.);
#1244 = LINE('',#1245,#1246);
#1245 = CARTESIAN_POINT('',(25.6,-6.1,22.35));
#1246 = VECTOR('',#1247,1.);
#1247 = DIRECTION('',(1.,0.,-0.));
#1248 = PCURVE('',#1176,#1249);
#1249 = DEFINITIONAL_REPRESENTATION('',(#1250),#1254);
#1250 = LINE('',#1251,#1252);
#1251 = CARTESIAN_POINT('',(0.,0.));
#1252 = VECTOR('',#1253,1.);
#1253 = DIRECTION('',(1.,0.));
#1254 = ( GEOMETRIC_REPRESENTATION_CONTEXT(2) 
PARAMETRIC_REPRESENTATION_CONTEXT() REPRESENTATION_CONTEXT('2D SPACE',''
  ) );
#1255 = PCURVE('',#1089,#1256);
#1256 = DEFINITIONAL_REPRESENTATION('',(#1257),#1261);
#1257 = LINE('',#1258,#1259);
#1258 = CARTESIAN_POINT('',(2.,0.));
#1259 = VECTOR('',#1260,1.);
#1260 = DIRECTION('',(0.,1.));
#1261 = ( GEOMETRIC_REPRESENTATION_CONTEXT(2) 
PARAMETRIC_REPRESENTATION_CONTEXT() REPRESENTATION_CONTEXT('2D SPACE',''
  ) );
#1262 = ORIENTED_EDGE('',*,*,#1162,.F.);
#1263 = ADVANCED_FACE('',(#1264),#1230,.F.);
#1264 = FACE_BOUND('',#1265,.F.);
#1265 = EDGE_LOOP('',(#1266,#1289,#1312,#1333));
#1266 = ORIENTED_EDGE('',*,*,#1267,.F.);
#1267 = EDGE_CURVE('',#1268,#1215,#1270,.T.);
#1268 = VERTEX_POINT('',#1269);
#1269 = CARTESIAN_POINT('',(25.6,-6.1,20.35));
#1270 = SURFACE_CURVE('',#1271,(#1275,#1282),.PCURVE_S1.);
#1271 = LINE('',#1272,#1273);
#1272 = CARTESIAN_POINT('',(25.6,-6.1,20.35));
#1273 = VECTOR('',#1274,1.);
#1274 = DIRECTION('',(0.,0.,1.));
#1275 = PCURVE('',#1230,#1276);
#1276 = DEFINITIONAL_REPRESENTATION('',(#1277),#1281);
#1277 = LINE('',#1278,#1279);
#1278 = CARTESIAN_POINT('',(0.,0.));
#1279 = VECTOR('',#1280,1.);
#1280 = DIRECTION('',(1.,0.));
#1281 = ( GEOMETRIC_REPRESENTATION_CONTEXT(2) 
PARAMETRIC_REPRESENTATION_CONTEXT() REPRESENTATION_CONTEXT('2D SPACE',''
  ) );
#1282 = PCURVE('',#1089,#1283);
#1283 = DEFINITIONAL_REPRESENTATION('',(#1284),#1288);
#1284 = LINE('',#1285,#1286);
#1285 = CARTESIAN_POINT('',(0.,0.));
#1286 = VECTOR('',#1287,1.);
#1287 = DIRECTION('',(1.,0.));
#1288 = ( GEOMETRIC_REPRESENTATION_CONTEXT(2) 
PARAMETRIC_REPRESENTATION_CONTEXT() REPRESENTATION_CONTEXT('2D SPACE',''
  ) );
#1289 = ORIENTED_EDGE('',*,*,#1290,.T.);
#1290 = EDGE_CURVE('',#1268,#1291,#1293,.T.);
#1291 = VERTEX_POINT('',#1292);
#1292 = CARTESIAN_POINT('',(25.6,-5.,20.35));
#1293 = SURFACE_CURVE('',#1294,(#1298,#1305),.PCURVE_S1.);
#1294 = LINE('',#1295,#1296);
#1295 = CARTESIAN_POINT('',(25.6,-6.1,20.35));
#1296 = VECTOR('',#1297,1.);
#1297 = DIRECTION('',(-0.,1.,0.));
#1298 = PCURVE('',#1230,#1299);
#1299 = DEFINITIONAL_REPRESENTATION('',(#1300),#1304);
#1300 = LINE('',#1301,#1302);
#1301 = CARTESIAN_POINT('',(0.,0.));
#1302 = VECTOR('',#1303,1.);
#1303 = DIRECTION('',(0.,-1.));
#1304 = ( GEOMETRIC_REPRESENTATION_CONTEXT(2) 
PARAMETRIC_REPRESENTATION_CONTEXT() REPRESENTATION_CONTEXT('2D SPACE',''
  ) );
#1305 = PCURVE('',#1117,#1306);
#1306 = DEFINITIONAL_REPRESENTATION('',(#1307),#1311);
#1307 = LINE('',#1308,#1309);
#1308 = CARTESIAN_POINT('',(0.,0.));
#1309 = VECTOR('',#1310,1.);
#1310 = DIRECTION('',(0.,1.));
#1311 = ( GEOMETRIC_REPRESENTATION_CONTEXT(2) 
PARAMETRIC_REPRESENTATION_CONTEXT() REPRESENTATION_CONTEXT('2D SPACE',''
  ) );
#1312 = ORIENTED_EDGE('',*,*,#1313,.T.);
#1313 = EDGE_CURVE('',#1291,#1192,#1314,.T.);
#1314 = SURFACE_CURVE('',#1315,(#1319,#1326),.PCURVE_S1.);
#1315 = LINE('',#1316,#1317);
#1316 = CARTESIAN_POINT('',(25.6,-5.,20.35));
#1317 = VECTOR('',#1318,1.);
#1318 = DIRECTION('',(0.,0.,1.));
#1319 = PCURVE('',#1230,#1320);
#1320 = DEFINITIONAL_REPRESENTATION('',(#1321),#1325);
#1321 = LINE('',#1322,#1323);
#1322 = CARTESIAN_POINT('',(0.,-1.1));
#1323 = VECTOR('',#1324,1.);
#1324 = DIRECTION('',(1.,0.));
#1325 = ( GEOMETRIC_REPRESENTATION_CONTEXT(2) 
PARAMETRIC_REPRESENTATION_CONTEXT() REPRESENTATION_CONTEXT('2D SPACE',''
  ) );
#1326 = PCURVE('',#1150,#1327);
#1327 = DEFINITIONAL_REPRESENTATION('',(#1328),#1332);
#1328 = LINE('',#1329,#1330);
#1329 = CARTESIAN_POINT('',(0.,0.));
#1330 = VECTOR('',#1331,1.);
#1331 = DIRECTION('',(1.,0.));
#1332 = ( GEOMETRIC_REPRESENTATION_CONTEXT(2) 
PARAMETRIC_REPRESENTATION_CONTEXT() REPRESENTATION_CONTEXT('2D SPACE',''
  ) );
#1333 = ORIENTED_EDGE('',*,*,#1214,.F.);
#1334 = ADVANCED_FACE('',(#1335),#1150,.T.);
#1335 = FACE_BOUND('',#1336,.T.);
#1336 = EDGE_LOOP('',(#1337,#1358,#1359,#1360));
#1337 = ORIENTED_EDGE('',*,*,#1338,.F.);
#1338 = EDGE_CURVE('',#1291,#1102,#1339,.T.);
#1339 = SURFACE_CURVE('',#1340,(#1344,#1351),.PCURVE_S1.);
#1340 = LINE('',#1341,#1342);
#1341 = CARTESIAN_POINT('',(25.6,-5.,20.35));
#1342 = VECTOR('',#1343,1.);
#1343 = DIRECTION('',(1.,0.,-0.));
#1344 = PCURVE('',#1150,#1345);
#1345 = DEFINITIONAL_REPRESENTATION('',(#1346),#1350);
#1346 = LINE('',#1347,#1348);
#1347 = CARTESIAN_POINT('',(0.,0.));
#1348 = VECTOR('',#1349,1.);
#1349 = DIRECTION('',(0.,1.));
#1350 = ( GEOMETRIC_REPRESENTATION_CONTEXT(2) 
PARAMETRIC_REPRESENTATION_CONTEXT() REPRESENTATION_CONTEXT('2D SPACE',''
  ) );
#1351 = PCURVE('',#1117,#1352);
#1352 = DEFINITIONAL_REPRESENTATION('',(#1353),#1357);
#1353 = LINE('',#1354,#1355);
#1354 = CARTESIAN_POINT('',(0.,1.1));
#1355 = VECTOR('',#1356,1.);
#1356 = DIRECTION('',(1.,0.));
#1357 = ( GEOMETRIC_REPRESENTATION_CONTEXT(2) 
PARAMETRIC_REPRESENTATION_CONTEXT() REPRESENTATION_CONTEXT('2D SPACE',''
  ) );
#1358 = ORIENTED_EDGE('',*,*,#1313,.T.);
#1359 = ORIENTED_EDGE('',*,*,#1191,.T.);
#1360 = ORIENTED_EDGE('',*,*,#1129,.F.);
#1361 = ADVANCED_FACE('',(#1362),#1117,.F.);
#1362 = FACE_BOUND('',#1363,.F.);
#1363 = EDGE_LOOP('',(#1364,#1365,#1366,#1387));
#1364 = ORIENTED_EDGE('',*,*,#1338,.F.);
#1365 = ORIENTED_EDGE('',*,*,#1290,.F.);
#1366 = ORIENTED_EDGE('',*,*,#1367,.T.);
#1367 = EDGE_CURVE('',#1268,#1060,#1368,.T.);
#1368 = SURFACE_CURVE('',#1369,(#1373,#1380),.PCURVE_S1.);
#1369 = LINE('',#1370,#1371);
#1370 = CARTESIAN_POINT('',(25.6,-6.1,20.35));
#1371 = VECTOR('',#1372,1.);
#1372 = DIRECTION('',(1.,0.,-0.));
#1373 = PCURVE('',#1117,#1374);
#1374 = DEFINITIONAL_REPRESENTATION('',(#1375),#1379);
#1375 = LINE('',#1376,#1377);
#1376 = CARTESIAN_POINT('',(0.,0.));
#1377 = VECTOR('',#1378,1.);
#1378 = DIRECTION('',(1.,0.));
#1379 = ( GEOMETRIC_REPRESENTATION_CONTEXT(2) 
PARAMETRIC_REPRESENTATION_CONTEXT() REPRESENTATION_CONTEXT('2D SPACE',''
  ) );
#1380 = PCURVE('',#1089,#1381);
#1381 = DEFINITIONAL_REPRESENTATION('',(#1382),#1386);
#1382 = LINE('',#1383,#1384);
#1383 = CARTESIAN_POINT('',(0.,0.));
#1384 = VECTOR('',#1385,1.);
#1385 = DIRECTION('',(0.,1.));
#1386 = ( GEOMETRIC_REPRESENTATION_CONTEXT(2) 
PARAMETRIC_REPRESENTATION_CONTEXT() REPRESENTATION_CONTEXT('2D SPACE',''
  ) );
#1387 = ORIENTED_EDGE('',*,*,#1101,.F.);
#1388 = ADVANCED_FACE('',(#1389),#1089,.F.);
#1389 = FACE_BOUND('',#1390,.F.);
#1390 = EDGE_LOOP('',(#1391,#1392,#1393,#1394));
#1391 = ORIENTED_EDGE('',*,*,#1367,.F.);
#1392 = ORIENTED_EDGE('',*,*,#1267,.T.);
#1393 = ORIENTED_EDGE('',*,*,#1242,.T.);
#1394 = ORIENTED_EDGE('',*,*,#1059,.F.);
#1395 = ADVANCED_FACE('',(#1396),#1010,.T.);
#1396 = FACE_BOUND('',#1397,.T.);
#1397 = EDGE_LOOP('',(#1398,#1399,#1422,#1449,#1476,#1504,#1532,#1558,
    #1584,#1612));
#1398 = ORIENTED_EDGE('',*,*,#994,.F.);
#1399 = ORIENTED_EDGE('',*,*,#1400,.T.);
#1400 = EDGE_CURVE('',#955,#1401,#1403,.T.);
#1401 = VERTEX_POINT('',#1402);
#1402 = CARTESIAN_POINT('',(34.35,-6.1,22.35));
#1403 = SURFACE_CURVE('',#1404,(#1408,#1415),.PCURVE_S1.);
#1404 = LINE('',#1405,#1406);
#1405 = CARTESIAN_POINT('',(25.6,-6.1,22.35));
#1406 = VECTOR('',#1407,1.);
#1407 = DIRECTION('',(1.,0.,-0.));
#1408 = PCURVE('',#1010,#1409);
#1409 = DEFINITIONAL_REPRESENTATION('',(#1410),#1414);
#1410 = LINE('',#1411,#1412);
#1411 = CARTESIAN_POINT('',(-4.4,-0.7));
#1412 = VECTOR('',#1413,1.);
#1413 = DIRECTION('',(1.,0.));
#1414 = ( GEOMETRIC_REPRESENTATION_CONTEXT(2) 
PARAMETRIC_REPRESENTATION_CONTEXT() REPRESENTATION_CONTEXT('2D SPACE',''
  ) );
#1415 = PCURVE('',#982,#1416);
#1416 = DEFINITIONAL_REPRESENTATION('',(#1417),#1421);
#1417 = LINE('',#1418,#1419);
#1418 = CARTESIAN_POINT('',(2.,0.));
#1419 = VECTOR('',#1420,1.);
#1420 = DIRECTION('',(0.,1.));
#1421 = ( GEOMETRIC_REPRESENTATION_CONTEXT(2) 
PARAMETRIC_REPRESENTATION_CONTEXT() REPRESENTATION_CONTEXT('2D SPACE',''
  ) );
#1422 = ORIENTED_EDGE('',*,*,#1423,.F.);
#1423 = EDGE_CURVE('',#1424,#1401,#1426,.T.);
#1424 = VERTEX_POINT('',#1425);
#1425 = CARTESIAN_POINT('',(34.35,-5.5,22.35));
#1426 = SURFACE_CURVE('',#1427,(#1431,#1438),.PCURVE_S1.);
#1427 = LINE('',#1428,#1429);
#1428 = CARTESIAN_POINT('',(34.35,-8.1,22.35));
#1429 = VECTOR('',#1430,1.);
#1430 = DIRECTION('',(0.,-1.,0.));
#1431 = PCURVE('',#1010,#1432);
#1432 = DEFINITIONAL_REPRESENTATION('',(#1433),#1437);
#1433 = LINE('',#1434,#1435);
#1434 = CARTESIAN_POINT('',(4.35,-2.7));
#1435 = VECTOR('',#1436,1.);
#1436 = DIRECTION('',(0.,-1.));
#1437 = ( GEOMETRIC_REPRESENTATION_CONTEXT(2) 
PARAMETRIC_REPRESENTATION_CONTEXT() REPRESENTATION_CONTEXT('2D SPACE',''
  ) );
#1438 = PCURVE('',#1439,#1444);
#1439 = PLANE('',#1440);
#1440 = AXIS2_PLACEMENT_3D('',#1441,#1442,#1443);
#1441 = CARTESIAN_POINT('',(34.35,-10.1,18.35));
#1442 = DIRECTION('',(1.,0.,-0.));
#1443 = DIRECTION('',(0.,0.,1.));
#1444 = DEFINITIONAL_REPRESENTATION('',(#1445),#1448);
#1445 = B_SPLINE_CURVE_WITH_KNOTS('',1,(#1446,#1447),.UNSPECIFIED.,.F.,
  .F.,(2,2),(-2.6,-2.),.PIECEWISE_BEZIER_KNOTS.);
#1446 = CARTESIAN_POINT('',(4.,-4.6));
#1447 = CARTESIAN_POINT('',(4.,-4.));
#1448 = ( GEOMETRIC_REPRESENTATION_CONTEXT(2) 
PARAMETRIC_REPRESENTATION_CONTEXT() REPRESENTATION_CONTEXT('2D SPACE',''
  ) );
#1449 = ORIENTED_EDGE('',*,*,#1450,.T.);
#1450 = EDGE_CURVE('',#1424,#1451,#1453,.T.);
#1451 = VERTEX_POINT('',#1452);
#1452 = CARTESIAN_POINT('',(34.4,-5.5,22.35));
#1453 = SURFACE_CURVE('',#1454,(#1458,#1465),.PCURVE_S1.);
#1454 = LINE('',#1455,#1456);
#1455 = CARTESIAN_POINT('',(29.975,-5.5,22.35));
#1456 = VECTOR('',#1457,1.);
#1457 = DIRECTION('',(1.,0.,-0.));
#1458 = PCURVE('',#1010,#1459);
#1459 = DEFINITIONAL_REPRESENTATION('',(#1460),#1464);
#1460 = LINE('',#1461,#1462);
#1461 = CARTESIAN_POINT('',(-2.5E-02,-1.E-01));
#1462 = VECTOR('',#1463,1.);
#1463 = DIRECTION('',(1.,0.));
#1464 = ( GEOMETRIC_REPRESENTATION_CONTEXT(2) 
PARAMETRIC_REPRESENTATION_CONTEXT() REPRESENTATION_CONTEXT('2D SPACE',''
  ) );
#1465 = PCURVE('',#1466,#1471);
#1466 = PLANE('',#1467);
#1467 = AXIS2_PLACEMENT_3D('',#1468,#1469,#1470);
#1468 = CARTESIAN_POINT('',(34.35,-5.5,18.35));
#1469 = DIRECTION('',(-0.,1.,0.));
#1470 = DIRECTION('',(0.,0.,1.));
#1471 = DEFINITIONAL_REPRESENTATION('',(#1472),#1475);
#1472 = B_SPLINE_CURVE_WITH_KNOTS('',1,(#1473,#1474),.UNSPECIFIED.,.F.,
  .F.,(2,2),(4.375,4.425),.PIECEWISE_BEZIER_KNOTS.);
#1473 = CARTESIAN_POINT('',(4.,0.));
#1474 = CARTESIAN_POINT('',(4.,5.E-02));
#1475 = ( GEOMETRIC_REPRESENTATION_CONTEXT(2) 
PARAMETRIC_REPRESENTATION_CONTEXT() REPRESENTATION_CONTEXT('2D SPACE',''
  ) );
#1476 = ORIENTED_EDGE('',*,*,#1477,.T.);
#1477 = EDGE_CURVE('',#1451,#1478,#1480,.T.);
#1478 = VERTEX_POINT('',#1479);
#1479 = CARTESIAN_POINT('',(34.4,-5.4,22.35));
#1480 = SURFACE_CURVE('',#1481,(#1485,#1492),.PCURVE_S1.);
#1481 = LINE('',#1482,#1483);
#1482 = CARTESIAN_POINT('',(34.4,-6.1,22.35));
#1483 = VECTOR('',#1484,1.);
#1484 = DIRECTION('',(-0.,1.,0.));
#1485 = PCURVE('',#1010,#1486);
#1486 = DEFINITIONAL_REPRESENTATION('',(#1487),#1491);
#1487 = LINE('',#1488,#1489);
#1488 = CARTESIAN_POINT('',(4.4,-0.7));
#1489 = VECTOR('',#1490,1.);
#1490 = DIRECTION('',(0.,1.));
#1491 = ( GEOMETRIC_REPRESENTATION_CONTEXT(2) 
PARAMETRIC_REPRESENTATION_CONTEXT() REPRESENTATION_CONTEXT('2D SPACE',''
  ) );
#1492 = PCURVE('',#1493,#1498);
#1493 = PLANE('',#1494);
#1494 = AXIS2_PLACEMENT_3D('',#1495,#1496,#1497);
#1495 = CARTESIAN_POINT('',(34.4,-6.1,20.35));
#1496 = DIRECTION('',(1.,0.,-0.));
#1497 = DIRECTION('',(0.,0.,1.));
#1498 = DEFINITIONAL_REPRESENTATION('',(#1499),#1503);
#1499 = LINE('',#1500,#1501);
#1500 = CARTESIAN_POINT('',(2.,0.));
#1501 = VECTOR('',#1502,1.);
#1502 = DIRECTION('',(0.,-1.));
#1503 = ( GEOMETRIC_REPRESENTATION_CONTEXT(2) 
PARAMETRIC_REPRESENTATION_CONTEXT() REPRESENTATION_CONTEXT('2D SPACE',''
  ) );
#1504 = ORIENTED_EDGE('',*,*,#1505,.T.);
#1505 = EDGE_CURVE('',#1478,#1506,#1508,.T.);
#1506 = VERTEX_POINT('',#1507);
#1507 = CARTESIAN_POINT('',(34.973382968186,-5.4,22.35));
#1508 = SURFACE_CURVE('',#1509,(#1513,#1520),.PCURVE_S1.);
#1509 = LINE('',#1510,#1511);
#1510 = CARTESIAN_POINT('',(30.,-5.4,22.35));
#1511 = VECTOR('',#1512,1.);
#1512 = DIRECTION('',(1.,0.,-0.));
#1513 = PCURVE('',#1010,#1514);
#1514 = DEFINITIONAL_REPRESENTATION('',(#1515),#1519);
#1515 = LINE('',#1516,#1517);
#1516 = CARTESIAN_POINT('',(0.,0.));
#1517 = VECTOR('',#1518,1.);
#1518 = DIRECTION('',(1.,0.));
#1519 = ( GEOMETRIC_REPRESENTATION_CONTEXT(2) 
PARAMETRIC_REPRESENTATION_CONTEXT() REPRESENTATION_CONTEXT('2D SPACE',''
  ) );
#1520 = PCURVE('',#1521,#1526);
#1521 = PLANE('',#1522);
#1522 = AXIS2_PLACEMENT_3D('',#1523,#1524,#1525);
#1523 = CARTESIAN_POINT('',(30.,-5.4,20.35));
#1524 = DIRECTION('',(-0.,1.,0.));
#1525 = DIRECTION('',(0.,0.,1.));
#1526 = DEFINITIONAL_REPRESENTATION('',(#1527),#1531);
#1527 = LINE('',#1528,#1529);
#1528 = CARTESIAN_POINT('',(2.,0.));
#1529 = VECTOR('',#1530,1.);
#1530 = DIRECTION('',(0.,1.));
#1531 = ( GEOMETRIC_REPRESENTATION_CONTEXT(2) 
PARAMETRIC_REPRESENTATION_CONTEXT() REPRESENTATION_CONTEXT('2D SPACE',''
  ) );
#1532 = ORIENTED_EDGE('',*,*,#1533,.T.);
#1533 = EDGE_CURVE('',#1506,#1534,#1536,.T.);
#1534 = VERTEX_POINT('',#1535);
#1535 = CARTESIAN_POINT('',(34.973382968186,-4.6,22.35));
#1536 = SURFACE_CURVE('',#1537,(#1541,#1547),.PCURVE_S1.);
#1537 = LINE('',#1538,#1539);
#1538 = CARTESIAN_POINT('',(34.973382968186,-10.1,22.35));
#1539 = VECTOR('',#1540,1.);
#1540 = DIRECTION('',(0.,1.,0.));
#1541 = PCURVE('',#1010,#1542);
#1542 = DEFINITIONAL_REPRESENTATION('',(#1543),#1546);
#1543 = B_SPLINE_CURVE_WITH_KNOTS('',1,(#1544,#1545),.UNSPECIFIED.,.F.,
  .F.,(2,2),(3.75,5.5000006),.PIECEWISE_BEZIER_KNOTS.);
#1544 = CARTESIAN_POINT('',(4.973382968186,-0.95));
#1545 = CARTESIAN_POINT('',(4.973382968186,0.8000006));
#1546 = ( GEOMETRIC_REPRESENTATION_CONTEXT(2) 
PARAMETRIC_REPRESENTATION_CONTEXT() REPRESENTATION_CONTEXT('2D SPACE',''
  ) );
#1547 = PCURVE('',#1548,#1553);
#1548 = CYLINDRICAL_SURFACE('',#1549,2.35);
#1549 = AXIS2_PLACEMENT_3D('',#1550,#1551,#1552);
#1550 = CARTESIAN_POINT('',(37.1,-10.1,21.35));
#1551 = DIRECTION('',(0.,1.,0.));
#1552 = DIRECTION('',(1.,0.,0.));
#1553 = DEFINITIONAL_REPRESENTATION('',(#1554),#1557);
#1554 = B_SPLINE_CURVE_WITH_KNOTS('',1,(#1555,#1556),.UNSPECIFIED.,.F.,
  .F.,(2,2),(3.75,5.5000006),.PIECEWISE_BEZIER_KNOTS.);
#1555 = CARTESIAN_POINT('',(3.581142246038,3.75));
#1556 = CARTESIAN_POINT('',(3.581142246038,5.5000006));
#1557 = ( GEOMETRIC_REPRESENTATION_CONTEXT(2) 
PARAMETRIC_REPRESENTATION_CONTEXT() REPRESENTATION_CONTEXT('2D SPACE',''
  ) );
#1558 = ORIENTED_EDGE('',*,*,#1559,.F.);
#1559 = EDGE_CURVE('',#1560,#1534,#1562,.T.);
#1560 = VERTEX_POINT('',#1561);
#1561 = CARTESIAN_POINT('',(38.,-4.6,22.35));
#1562 = SURFACE_CURVE('',#1563,(#1567,#1573),.PCURVE_S1.);
#1563 = LINE('',#1564,#1565);
#1564 = CARTESIAN_POINT('',(33.55,-4.6,22.35));
#1565 = VECTOR('',#1566,1.);
#1566 = DIRECTION('',(-1.,0.,0.));
#1567 = PCURVE('',#1010,#1568);
#1568 = DEFINITIONAL_REPRESENTATION('',(#1569),#1572);
#1569 = B_SPLINE_CURVE_WITH_KNOTS('',1,(#1570,#1571),.UNSPECIFIED.,.F.,
  .F.,(2,2),(-4.45,-1.2),.PIECEWISE_BEZIER_KNOTS.);
#1570 = CARTESIAN_POINT('',(8.,0.8));
#1571 = CARTESIAN_POINT('',(4.75,0.8));
#1572 = ( GEOMETRIC_REPRESENTATION_CONTEXT(2) 
PARAMETRIC_REPRESENTATION_CONTEXT() REPRESENTATION_CONTEXT('2D SPACE',''
  ) );
#1573 = PCURVE('',#1574,#1579);
#1574 = PLANE('',#1575);
#1575 = AXIS2_PLACEMENT_3D('',#1576,#1577,#1578);
#1576 = CARTESIAN_POINT('',(37.1,-4.6,21.35));
#1577 = DIRECTION('',(0.,1.,0.));
#1578 = DIRECTION('',(1.,0.,0.));
#1579 = DEFINITIONAL_REPRESENTATION('',(#1580),#1583);
#1580 = B_SPLINE_CURVE_WITH_KNOTS('',1,(#1581,#1582),.UNSPECIFIED.,.F.,
  .F.,(2,2),(-4.45,-1.2),.PIECEWISE_BEZIER_KNOTS.);
#1581 = CARTESIAN_POINT('',(0.9,-1.));
#1582 = CARTESIAN_POINT('',(-2.35,-1.));
#1583 = ( GEOMETRIC_REPRESENTATION_CONTEXT(2) 
PARAMETRIC_REPRESENTATION_CONTEXT() REPRESENTATION_CONTEXT('2D SPACE',''
  ) );
#1584 = ORIENTED_EDGE('',*,*,#1585,.T.);
#1585 = EDGE_CURVE('',#1560,#1586,#1588,.T.);
#1586 = VERTEX_POINT('',#1587);
#1587 = CARTESIAN_POINT('',(38.,-3.6,22.35));
#1588 = SURFACE_CURVE('',#1589,(#1593,#1600),.PCURVE_S1.);
#1589 = LINE('',#1590,#1591);
#1590 = CARTESIAN_POINT('',(38.,-5.4,22.35));
#1591 = VECTOR('',#1592,1.);
#1592 = DIRECTION('',(-0.,1.,0.));
#1593 = PCURVE('',#1010,#1594);
#1594 = DEFINITIONAL_REPRESENTATION('',(#1595),#1599);
#1595 = LINE('',#1596,#1597);
#1596 = CARTESIAN_POINT('',(8.,0.));
#1597 = VECTOR('',#1598,1.);
#1598 = DIRECTION('',(0.,1.));
#1599 = ( GEOMETRIC_REPRESENTATION_CONTEXT(2) 
PARAMETRIC_REPRESENTATION_CONTEXT() REPRESENTATION_CONTEXT('2D SPACE',''
  ) );
#1600 = PCURVE('',#1601,#1606);
#1601 = PLANE('',#1602);
#1602 = AXIS2_PLACEMENT_3D('',#1603,#1604,#1605);
#1603 = CARTESIAN_POINT('',(38.,-5.4,20.35));
#1604 = DIRECTION('',(1.,0.,-0.));
#1605 = DIRECTION('',(0.,0.,1.));
#1606 = DEFINITIONAL_REPRESENTATION('',(#1607),#1611);
#1607 = LINE('',#1608,#1609);
#1608 = CARTESIAN_POINT('',(2.,0.));
#1609 = VECTOR('',#1610,1.);
#1610 = DIRECTION('',(0.,-1.));
#1611 = ( GEOMETRIC_REPRESENTATION_CONTEXT(2) 
PARAMETRIC_REPRESENTATION_CONTEXT() REPRESENTATION_CONTEXT('2D SPACE',''
  ) );
#1612 = ORIENTED_EDGE('',*,*,#1613,.F.);
#1613 = EDGE_CURVE('',#995,#1586,#1614,.T.);
#1614 = SURFACE_CURVE('',#1615,(#1619,#1626),.PCURVE_S1.);
#1615 = LINE('',#1616,#1617);
#1616 = CARTESIAN_POINT('',(30.95,-3.6,22.35));
#1617 = VECTOR('',#1618,1.);
#1618 = DIRECTION('',(1.,0.,-0.));
#1619 = PCURVE('',#1010,#1620);
#1620 = DEFINITIONAL_REPRESENTATION('',(#1621),#1625);
#1621 = LINE('',#1622,#1623);
#1622 = CARTESIAN_POINT('',(0.95,1.8));
#1623 = VECTOR('',#1624,1.);
#1624 = DIRECTION('',(1.,0.));
#1625 = ( GEOMETRIC_REPRESENTATION_CONTEXT(2) 
PARAMETRIC_REPRESENTATION_CONTEXT() REPRESENTATION_CONTEXT('2D SPACE',''
  ) );
#1626 = PCURVE('',#62,#1627);
#1627 = DEFINITIONAL_REPRESENTATION('',(#1628),#1631);
#1628 = B_SPLINE_CURVE_WITH_KNOTS('',1,(#1629,#1630),.UNSPECIFIED.,.F.,
  .F.,(2,2),(0.95,7.05),.PIECEWISE_BEZIER_KNOTS.);
#1629 = CARTESIAN_POINT('',(5.9,0.));
#1630 = CARTESIAN_POINT('',(5.9,6.1));
#1631 = ( GEOMETRIC_REPRESENTATION_CONTEXT(2) 
PARAMETRIC_REPRESENTATION_CONTEXT() REPRESENTATION_CONTEXT('2D SPACE',''
  ) );
#1632 = ADVANCED_FACE('',(#1633),#1439,.F.);
#1633 = FACE_BOUND('',#1634,.F.);
#1634 = EDGE_LOOP('',(#1635,#1665,#1693,#1716,#1738,#1757,#1758,#1781,
    #1809,#1832));
#1635 = ORIENTED_EDGE('',*,*,#1636,.F.);
#1636 = EDGE_CURVE('',#1637,#1639,#1641,.T.);
#1637 = VERTEX_POINT('',#1638);
#1638 = CARTESIAN_POINT('',(34.35,-10.1,18.35));
#1639 = VERTEX_POINT('',#1640);
#1640 = CARTESIAN_POINT('',(34.35,-10.1,22.95));
#1641 = SURFACE_CURVE('',#1642,(#1646,#1653),.PCURVE_S1.);
#1642 = LINE('',#1643,#1644);
#1643 = CARTESIAN_POINT('',(34.35,-10.1,18.35));
#1644 = VECTOR('',#1645,1.);
#1645 = DIRECTION('',(0.,0.,1.));
#1646 = PCURVE('',#1439,#1647);
#1647 = DEFINITIONAL_REPRESENTATION('',(#1648),#1652);
#1648 = LINE('',#1649,#1650);
#1649 = CARTESIAN_POINT('',(0.,0.));
#1650 = VECTOR('',#1651,1.);
#1651 = DIRECTION('',(1.,0.));
#1652 = ( GEOMETRIC_REPRESENTATION_CONTEXT(2) 
PARAMETRIC_REPRESENTATION_CONTEXT() REPRESENTATION_CONTEXT('2D SPACE',''
  ) );
#1653 = PCURVE('',#1654,#1659);
#1654 = PLANE('',#1655);
#1655 = AXIS2_PLACEMENT_3D('',#1656,#1657,#1658);
#1656 = CARTESIAN_POINT('',(34.35,-10.1,18.35));
#1657 = DIRECTION('',(-0.,1.,0.));
#1658 = DIRECTION('',(0.,0.,1.));
#1659 = DEFINITIONAL_REPRESENTATION('',(#1660),#1664);
#1660 = LINE('',#1661,#1662);
#1661 = CARTESIAN_POINT('',(0.,0.));
#1662 = VECTOR('',#1663,1.);
#1663 = DIRECTION('',(1.,0.));
#1664 = ( GEOMETRIC_REPRESENTATION_CONTEXT(2) 
PARAMETRIC_REPRESENTATION_CONTEXT() REPRESENTATION_CONTEXT('2D SPACE',''
  ) );
#1665 = ORIENTED_EDGE('',*,*,#1666,.T.);
#1666 = EDGE_CURVE('',#1637,#1667,#1669,.T.);
#1667 = VERTEX_POINT('',#1668);
#1668 = CARTESIAN_POINT('',(34.35,-5.5,18.35));
#1669 = SURFACE_CURVE('',#1670,(#1674,#1681),.PCURVE_S1.);
#1670 = LINE('',#1671,#1672);
#1671 = CARTESIAN_POINT('',(34.35,-10.1,18.35));
#1672 = VECTOR('',#1673,1.);
#1673 = DIRECTION('',(-0.,1.,0.));
#1674 = PCURVE('',#1439,#1675);
#1675 = DEFINITIONAL_REPRESENTATION('',(#1676),#1680);
#1676 = LINE('',#1677,#1678);
#1677 = CARTESIAN_POINT('',(0.,0.));
#1678 = VECTOR('',#1679,1.);
#1679 = DIRECTION('',(0.,-1.));
#1680 = ( GEOMETRIC_REPRESENTATION_CONTEXT(2) 
PARAMETRIC_REPRESENTATION_CONTEXT() REPRESENTATION_CONTEXT('2D SPACE',''
  ) );
#1681 = PCURVE('',#1682,#1687);
#1682 = PLANE('',#1683);
#1683 = AXIS2_PLACEMENT_3D('',#1684,#1685,#1686);
#1684 = CARTESIAN_POINT('',(34.35,-10.1,18.35));
#1685 = DIRECTION('',(0.,0.,1.));
#1686 = DIRECTION('',(1.,0.,-0.));
#1687 = DEFINITIONAL_REPRESENTATION('',(#1688),#1692);
#1688 = LINE('',#1689,#1690);
#1689 = CARTESIAN_POINT('',(0.,0.));
#1690 = VECTOR('',#1691,1.);
#1691 = DIRECTION('',(0.,1.));
#1692 = ( GEOMETRIC_REPRESENTATION_CONTEXT(2) 
PARAMETRIC_REPRESENTATION_CONTEXT() REPRESENTATION_CONTEXT('2D SPACE',''
  ) );
#1693 = ORIENTED_EDGE('',*,*,#1694,.T.);
#1694 = EDGE_CURVE('',#1667,#1695,#1697,.T.);
#1695 = VERTEX_POINT('',#1696);
#1696 = CARTESIAN_POINT('',(34.35,-5.5,20.35));
#1697 = SURFACE_CURVE('',#1698,(#1702,#1709),.PCURVE_S1.);
#1698 = LINE('',#1699,#1700);
#1699 = CARTESIAN_POINT('',(34.35,-5.5,18.35));
#1700 = VECTOR('',#1701,1.);
#1701 = DIRECTION('',(0.,0.,1.));
#1702 = PCURVE('',#1439,#1703);
#1703 = DEFINITIONAL_REPRESENTATION('',(#1704),#1708);
#1704 = LINE('',#1705,#1706);
#1705 = CARTESIAN_POINT('',(0.,-4.6));
#1706 = VECTOR('',#1707,1.);
#1707 = DIRECTION('',(1.,0.));
#1708 = ( GEOMETRIC_REPRESENTATION_CONTEXT(2) 
PARAMETRIC_REPRESENTATION_CONTEXT() REPRESENTATION_CONTEXT('2D SPACE',''
  ) );
#1709 = PCURVE('',#1466,#1710);
#1710 = DEFINITIONAL_REPRESENTATION('',(#1711),#1715);
#1711 = LINE('',#1712,#1713);
#1712 = CARTESIAN_POINT('',(0.,0.));
#1713 = VECTOR('',#1714,1.);
#1714 = DIRECTION('',(1.,0.));
#1715 = ( GEOMETRIC_REPRESENTATION_CONTEXT(2) 
PARAMETRIC_REPRESENTATION_CONTEXT() REPRESENTATION_CONTEXT('2D SPACE',''
  ) );
#1716 = ORIENTED_EDGE('',*,*,#1717,.T.);
#1717 = EDGE_CURVE('',#1695,#1718,#1720,.T.);
#1718 = VERTEX_POINT('',#1719);
#1719 = CARTESIAN_POINT('',(34.35,-6.1,20.35));
#1720 = SURFACE_CURVE('',#1721,(#1725,#1731),.PCURVE_S1.);
#1721 = LINE('',#1722,#1723);
#1722 = CARTESIAN_POINT('',(34.35,-8.1,20.35));
#1723 = VECTOR('',#1724,1.);
#1724 = DIRECTION('',(0.,-1.,0.));
#1725 = PCURVE('',#1439,#1726);
#1726 = DEFINITIONAL_REPRESENTATION('',(#1727),#1730);
#1727 = B_SPLINE_CURVE_WITH_KNOTS('',1,(#1728,#1729),.UNSPECIFIED.,.F.,
  .F.,(2,2),(-2.6,-2.),.PIECEWISE_BEZIER_KNOTS.);
#1728 = CARTESIAN_POINT('',(2.,-4.6));
#1729 = CARTESIAN_POINT('',(2.,-4.));
#1730 = ( GEOMETRIC_REPRESENTATION_CONTEXT(2) 
PARAMETRIC_REPRESENTATION_CONTEXT() REPRESENTATION_CONTEXT('2D SPACE',''
  ) );
#1731 = PCURVE('',#938,#1732);
#1732 = DEFINITIONAL_REPRESENTATION('',(#1733),#1737);
#1733 = LINE('',#1734,#1735);
#1734 = CARTESIAN_POINT('',(4.35,-2.7));
#1735 = VECTOR('',#1736,1.);
#1736 = DIRECTION('',(0.,-1.));
#1737 = ( GEOMETRIC_REPRESENTATION_CONTEXT(2) 
PARAMETRIC_REPRESENTATION_CONTEXT() REPRESENTATION_CONTEXT('2D SPACE',''
  ) );
#1738 = ORIENTED_EDGE('',*,*,#1739,.T.);
#1739 = EDGE_CURVE('',#1718,#1401,#1740,.T.);
#1740 = SURFACE_CURVE('',#1741,(#1745,#1751),.PCURVE_S1.);
#1741 = LINE('',#1742,#1743);
#1742 = CARTESIAN_POINT('',(34.35,-6.1,19.35));
#1743 = VECTOR('',#1744,1.);
#1744 = DIRECTION('',(0.,0.,1.));
#1745 = PCURVE('',#1439,#1746);
#1746 = DEFINITIONAL_REPRESENTATION('',(#1747),#1750);
#1747 = B_SPLINE_CURVE_WITH_KNOTS('',1,(#1748,#1749),.UNSPECIFIED.,.F.,
  .F.,(2,2),(1.,3.),.PIECEWISE_BEZIER_KNOTS.);
#1748 = CARTESIAN_POINT('',(2.,-4.));
#1749 = CARTESIAN_POINT('',(4.,-4.));
#1750 = ( GEOMETRIC_REPRESENTATION_CONTEXT(2) 
PARAMETRIC_REPRESENTATION_CONTEXT() REPRESENTATION_CONTEXT('2D SPACE',''
  ) );
#1751 = PCURVE('',#982,#1752);
#1752 = DEFINITIONAL_REPRESENTATION('',(#1753),#1756);
#1753 = B_SPLINE_CURVE_WITH_KNOTS('',1,(#1754,#1755),.UNSPECIFIED.,.F.,
  .F.,(2,2),(1.,3.),.PIECEWISE_BEZIER_KNOTS.);
#1754 = CARTESIAN_POINT('',(0.,8.75));
#1755 = CARTESIAN_POINT('',(2.,8.75));
#1756 = ( GEOMETRIC_REPRESENTATION_CONTEXT(2) 
PARAMETRIC_REPRESENTATION_CONTEXT() REPRESENTATION_CONTEXT('2D SPACE',''
  ) );
#1757 = ORIENTED_EDGE('',*,*,#1423,.F.);
#1758 = ORIENTED_EDGE('',*,*,#1759,.T.);
#1759 = EDGE_CURVE('',#1424,#1760,#1762,.T.);
#1760 = VERTEX_POINT('',#1761);
#1761 = CARTESIAN_POINT('',(34.35,-5.5,24.35));
#1762 = SURFACE_CURVE('',#1763,(#1767,#1774),.PCURVE_S1.);
#1763 = LINE('',#1764,#1765);
#1764 = CARTESIAN_POINT('',(34.35,-5.5,18.35));
#1765 = VECTOR('',#1766,1.);
#1766 = DIRECTION('',(0.,0.,1.));
#1767 = PCURVE('',#1439,#1768);
#1768 = DEFINITIONAL_REPRESENTATION('',(#1769),#1773);
#1769 = LINE('',#1770,#1771);
#1770 = CARTESIAN_POINT('',(0.,-4.6));
#1771 = VECTOR('',#1772,1.);
#1772 = DIRECTION('',(1.,0.));
#1773 = ( GEOMETRIC_REPRESENTATION_CONTEXT(2) 
PARAMETRIC_REPRESENTATION_CONTEXT() REPRESENTATION_CONTEXT('2D SPACE',''
  ) );
#1774 = PCURVE('',#1466,#1775);
#1775 = DEFINITIONAL_REPRESENTATION('',(#1776),#1780);
#1776 = LINE('',#1777,#1778);
#1777 = CARTESIAN_POINT('',(0.,0.));
#1778 = VECTOR('',#1779,1.);
#1779 = DIRECTION('',(1.,0.));
#1780 = ( GEOMETRIC_REPRESENTATION_CONTEXT(2) 
PARAMETRIC_REPRESENTATION_CONTEXT() REPRESENTATION_CONTEXT('2D SPACE',''
  ) );
#1781 = ORIENTED_EDGE('',*,*,#1782,.F.);
#1782 = EDGE_CURVE('',#1783,#1760,#1785,.T.);
#1783 = VERTEX_POINT('',#1784);
#1784 = CARTESIAN_POINT('',(34.35,-10.1,24.35));
#1785 = SURFACE_CURVE('',#1786,(#1790,#1797),.PCURVE_S1.);
#1786 = LINE('',#1787,#1788);
#1787 = CARTESIAN_POINT('',(34.35,-10.1,24.35));
#1788 = VECTOR('',#1789,1.);
#1789 = DIRECTION('',(-0.,1.,0.));
#1790 = PCURVE('',#1439,#1791);
#1791 = DEFINITIONAL_REPRESENTATION('',(#1792),#1796);
#1792 = LINE('',#1793,#1794);
#1793 = CARTESIAN_POINT('',(6.,0.));
#1794 = VECTOR('',#1795,1.);
#1795 = DIRECTION('',(0.,-1.));
#1796 = ( GEOMETRIC_REPRESENTATION_CONTEXT(2) 
PARAMETRIC_REPRESENTATION_CONTEXT() REPRESENTATION_CONTEXT('2D SPACE',''
  ) );
#1797 = PCURVE('',#1798,#1803);
#1798 = PLANE('',#1799);
#1799 = AXIS2_PLACEMENT_3D('',#1800,#1801,#1802);
#1800 = CARTESIAN_POINT('',(34.35,-10.1,24.35));
#1801 = DIRECTION('',(0.,0.,1.));
#1802 = DIRECTION('',(1.,0.,-0.));
#1803 = DEFINITIONAL_REPRESENTATION('',(#1804),#1808);
#1804 = LINE('',#1805,#1806);
#1805 = CARTESIAN_POINT('',(0.,0.));
#1806 = VECTOR('',#1807,1.);
#1807 = DIRECTION('',(0.,1.));
#1808 = ( GEOMETRIC_REPRESENTATION_CONTEXT(2) 
PARAMETRIC_REPRESENTATION_CONTEXT() REPRESENTATION_CONTEXT('2D SPACE',''
  ) );
#1809 = ORIENTED_EDGE('',*,*,#1810,.F.);
#1810 = EDGE_CURVE('',#1811,#1783,#1813,.T.);
#1811 = VERTEX_POINT('',#1812);
#1812 = CARTESIAN_POINT('',(34.35,-10.1,24.15));
#1813 = SURFACE_CURVE('',#1814,(#1818,#1825),.PCURVE_S1.);
#1814 = LINE('',#1815,#1816);
#1815 = CARTESIAN_POINT('',(34.35,-10.1,18.35));
#1816 = VECTOR('',#1817,1.);
#1817 = DIRECTION('',(0.,0.,1.));
#1818 = PCURVE('',#1439,#1819);
#1819 = DEFINITIONAL_REPRESENTATION('',(#1820),#1824);
#1820 = LINE('',#1821,#1822);
#1821 = CARTESIAN_POINT('',(0.,0.));
#1822 = VECTOR('',#1823,1.);
#1823 = DIRECTION('',(1.,0.));
#1824 = ( GEOMETRIC_REPRESENTATION_CONTEXT(2) 
PARAMETRIC_REPRESENTATION_CONTEXT() REPRESENTATION_CONTEXT('2D SPACE',''
  ) );
#1825 = PCURVE('',#1654,#1826);
#1826 = DEFINITIONAL_REPRESENTATION('',(#1827),#1831);
#1827 = LINE('',#1828,#1829);
#1828 = CARTESIAN_POINT('',(0.,0.));
#1829 = VECTOR('',#1830,1.);
#1830 = DIRECTION('',(1.,0.));
#1831 = ( GEOMETRIC_REPRESENTATION_CONTEXT(2) 
PARAMETRIC_REPRESENTATION_CONTEXT() REPRESENTATION_CONTEXT('2D SPACE',''
  ) );
#1832 = ORIENTED_EDGE('',*,*,#1833,.F.);
#1833 = EDGE_CURVE('',#1639,#1811,#1834,.T.);
#1834 = SURFACE_CURVE('',#1835,(#1839,#1846),.PCURVE_S1.);
#1835 = LINE('',#1836,#1837);
#1836 = CARTESIAN_POINT('',(34.35,-10.1,18.35));
#1837 = VECTOR('',#1838,1.);
#1838 = DIRECTION('',(0.,0.,1.));
#1839 = PCURVE('',#1439,#1840);
#1840 = DEFINITIONAL_REPRESENTATION('',(#1841),#1845);
#1841 = LINE('',#1842,#1843);
#1842 = CARTESIAN_POINT('',(0.,0.));
#1843 = VECTOR('',#1844,1.);
#1844 = DIRECTION('',(1.,0.));
#1845 = ( GEOMETRIC_REPRESENTATION_CONTEXT(2) 
PARAMETRIC_REPRESENTATION_CONTEXT() REPRESENTATION_CONTEXT('2D SPACE',''
  ) );
#1846 = PCURVE('',#1847,#1852);
#1847 = PLANE('',#1848);
#1848 = AXIS2_PLACEMENT_3D('',#1849,#1850,#1851);
#1849 = CARTESIAN_POINT('',(34.1,-10.1,22.95));
#1850 = DIRECTION('',(-0.,1.,0.));
#1851 = DIRECTION('',(0.,0.,1.));
#1852 = DEFINITIONAL_REPRESENTATION('',(#1853),#1857);
#1853 = LINE('',#1854,#1855);
#1854 = CARTESIAN_POINT('',(-4.6,0.25));
#1855 = VECTOR('',#1856,1.);
#1856 = DIRECTION('',(1.,0.));
#1857 = ( GEOMETRIC_REPRESENTATION_CONTEXT(2) 
PARAMETRIC_REPRESENTATION_CONTEXT() REPRESENTATION_CONTEXT('2D SPACE',''
  ) );
#1858 = ADVANCED_FACE('',(#1859),#1682,.F.);
#1859 = FACE_BOUND('',#1860,.F.);
#1860 = EDGE_LOOP('',(#1861,#1862,#1885,#1913));
#1861 = ORIENTED_EDGE('',*,*,#1666,.F.);
#1862 = ORIENTED_EDGE('',*,*,#1863,.T.);
#1863 = EDGE_CURVE('',#1637,#1864,#1866,.T.);
#1864 = VERTEX_POINT('',#1865);
#1865 = CARTESIAN_POINT('',(39.85,-10.1,18.35));
#1866 = SURFACE_CURVE('',#1867,(#1871,#1878),.PCURVE_S1.);
#1867 = LINE('',#1868,#1869);
#1868 = CARTESIAN_POINT('',(34.35,-10.1,18.35));
#1869 = VECTOR('',#1870,1.);
#1870 = DIRECTION('',(1.,0.,-0.));
#1871 = PCURVE('',#1682,#1872);
#1872 = DEFINITIONAL_REPRESENTATION('',(#1873),#1877);
#1873 = LINE('',#1874,#1875);
#1874 = CARTESIAN_POINT('',(0.,0.));
#1875 = VECTOR('',#1876,1.);
#1876 = DIRECTION('',(1.,0.));
#1877 = ( GEOMETRIC_REPRESENTATION_CONTEXT(2) 
PARAMETRIC_REPRESENTATION_CONTEXT() REPRESENTATION_CONTEXT('2D SPACE',''
  ) );
#1878 = PCURVE('',#1654,#1879);
#1879 = DEFINITIONAL_REPRESENTATION('',(#1880),#1884);
#1880 = LINE('',#1881,#1882);
#1881 = CARTESIAN_POINT('',(0.,0.));
#1882 = VECTOR('',#1883,1.);
#1883 = DIRECTION('',(0.,1.));
#1884 = ( GEOMETRIC_REPRESENTATION_CONTEXT(2) 
PARAMETRIC_REPRESENTATION_CONTEXT() REPRESENTATION_CONTEXT('2D SPACE',''
  ) );
#1885 = ORIENTED_EDGE('',*,*,#1886,.T.);
#1886 = EDGE_CURVE('',#1864,#1887,#1889,.T.);
#1887 = VERTEX_POINT('',#1888);
#1888 = CARTESIAN_POINT('',(39.85,-5.5,18.35));
#1889 = SURFACE_CURVE('',#1890,(#1894,#1901),.PCURVE_S1.);
#1890 = LINE('',#1891,#1892);
#1891 = CARTESIAN_POINT('',(39.85,-10.1,18.35));
#1892 = VECTOR('',#1893,1.);
#1893 = DIRECTION('',(-0.,1.,0.));
#1894 = PCURVE('',#1682,#1895);
#1895 = DEFINITIONAL_REPRESENTATION('',(#1896),#1900);
#1896 = LINE('',#1897,#1898);
#1897 = CARTESIAN_POINT('',(5.5,0.));
#1898 = VECTOR('',#1899,1.);
#1899 = DIRECTION('',(0.,1.));
#1900 = ( GEOMETRIC_REPRESENTATION_CONTEXT(2) 
PARAMETRIC_REPRESENTATION_CONTEXT() REPRESENTATION_CONTEXT('2D SPACE',''
  ) );
#1901 = PCURVE('',#1902,#1907);
#1902 = PLANE('',#1903);
#1903 = AXIS2_PLACEMENT_3D('',#1904,#1905,#1906);
#1904 = CARTESIAN_POINT('',(39.85,-10.1,18.35));
#1905 = DIRECTION('',(1.,0.,-0.));
#1906 = DIRECTION('',(0.,0.,1.));
#1907 = DEFINITIONAL_REPRESENTATION('',(#1908),#1912);
#1908 = LINE('',#1909,#1910);
#1909 = CARTESIAN_POINT('',(0.,0.));
#1910 = VECTOR('',#1911,1.);
#1911 = DIRECTION('',(0.,-1.));
#1912 = ( GEOMETRIC_REPRESENTATION_CONTEXT(2) 
PARAMETRIC_REPRESENTATION_CONTEXT() REPRESENTATION_CONTEXT('2D SPACE',''
  ) );
#1913 = ORIENTED_EDGE('',*,*,#1914,.F.);
#1914 = EDGE_CURVE('',#1667,#1887,#1915,.T.);
#1915 = SURFACE_CURVE('',#1916,(#1920,#1927),.PCURVE_S1.);
#1916 = LINE('',#1917,#1918);
#1917 = CARTESIAN_POINT('',(34.35,-5.5,18.35));
#1918 = VECTOR('',#1919,1.);
#1919 = DIRECTION('',(1.,0.,-0.));
#1920 = PCURVE('',#1682,#1921);
#1921 = DEFINITIONAL_REPRESENTATION('',(#1922),#1926);
#1922 = LINE('',#1923,#1924);
#1923 = CARTESIAN_POINT('',(0.,4.6));
#1924 = VECTOR('',#1925,1.);
#1925 = DIRECTION('',(1.,0.));
#1926 = ( GEOMETRIC_REPRESENTATION_CONTEXT(2) 
PARAMETRIC_REPRESENTATION_CONTEXT() REPRESENTATION_CONTEXT('2D SPACE',''
  ) );
#1927 = PCURVE('',#1466,#1928);
#1928 = DEFINITIONAL_REPRESENTATION('',(#1929),#1933);
#1929 = LINE('',#1930,#1931);
#1930 = CARTESIAN_POINT('',(0.,0.));
#1931 = VECTOR('',#1932,1.);
#1932 = DIRECTION('',(0.,1.));
#1933 = ( GEOMETRIC_REPRESENTATION_CONTEXT(2) 
PARAMETRIC_REPRESENTATION_CONTEXT() REPRESENTATION_CONTEXT('2D SPACE',''
  ) );
#1934 = ADVANCED_FACE('',(#1935),#1902,.T.);
#1935 = FACE_BOUND('',#1936,.T.);
#1936 = EDGE_LOOP('',(#1937,#1960,#1961,#1984));
#1937 = ORIENTED_EDGE('',*,*,#1938,.F.);
#1938 = EDGE_CURVE('',#1864,#1939,#1941,.T.);
#1939 = VERTEX_POINT('',#1940);
#1940 = CARTESIAN_POINT('',(39.85,-10.1,24.35));
#1941 = SURFACE_CURVE('',#1942,(#1946,#1953),.PCURVE_S1.);
#1942 = LINE('',#1943,#1944);
#1943 = CARTESIAN_POINT('',(39.85,-10.1,18.35));
#1944 = VECTOR('',#1945,1.);
#1945 = DIRECTION('',(0.,0.,1.));
#1946 = PCURVE('',#1902,#1947);
#1947 = DEFINITIONAL_REPRESENTATION('',(#1948),#1952);
#1948 = LINE('',#1949,#1950);
#1949 = CARTESIAN_POINT('',(0.,0.));
#1950 = VECTOR('',#1951,1.);
#1951 = DIRECTION('',(1.,0.));
#1952 = ( GEOMETRIC_REPRESENTATION_CONTEXT(2) 
PARAMETRIC_REPRESENTATION_CONTEXT() REPRESENTATION_CONTEXT('2D SPACE',''
  ) );
#1953 = PCURVE('',#1654,#1954);
#1954 = DEFINITIONAL_REPRESENTATION('',(#1955),#1959);
#1955 = LINE('',#1956,#1957);
#1956 = CARTESIAN_POINT('',(0.,5.5));
#1957 = VECTOR('',#1958,1.);
#1958 = DIRECTION('',(1.,0.));
#1959 = ( GEOMETRIC_REPRESENTATION_CONTEXT(2) 
PARAMETRIC_REPRESENTATION_CONTEXT() REPRESENTATION_CONTEXT('2D SPACE',''
  ) );
#1960 = ORIENTED_EDGE('',*,*,#1886,.T.);
#1961 = ORIENTED_EDGE('',*,*,#1962,.T.);
#1962 = EDGE_CURVE('',#1887,#1963,#1965,.T.);
#1963 = VERTEX_POINT('',#1964);
#1964 = CARTESIAN_POINT('',(39.85,-5.5,24.35));
#1965 = SURFACE_CURVE('',#1966,(#1970,#1977),.PCURVE_S1.);
#1966 = LINE('',#1967,#1968);
#1967 = CARTESIAN_POINT('',(39.85,-5.5,18.35));
#1968 = VECTOR('',#1969,1.);
#1969 = DIRECTION('',(0.,0.,1.));
#1970 = PCURVE('',#1902,#1971);
#1971 = DEFINITIONAL_REPRESENTATION('',(#1972),#1976);
#1972 = LINE('',#1973,#1974);
#1973 = CARTESIAN_POINT('',(0.,-4.6));
#1974 = VECTOR('',#1975,1.);
#1975 = DIRECTION('',(1.,0.));
#1976 = ( GEOMETRIC_REPRESENTATION_CONTEXT(2) 
PARAMETRIC_REPRESENTATION_CONTEXT() REPRESENTATION_CONTEXT('2D SPACE',''
  ) );
#1977 = PCURVE('',#1466,#1978);
#1978 = DEFINITIONAL_REPRESENTATION('',(#1979),#1983);
#1979 = LINE('',#1980,#1981);
#1980 = CARTESIAN_POINT('',(0.,5.5));
#1981 = VECTOR('',#1982,1.);
#1982 = DIRECTION('',(1.,0.));
#1983 = ( GEOMETRIC_REPRESENTATION_CONTEXT(2) 
PARAMETRIC_REPRESENTATION_CONTEXT() REPRESENTATION_CONTEXT('2D SPACE',''
  ) );
#1984 = ORIENTED_EDGE('',*,*,#1985,.F.);
#1985 = EDGE_CURVE('',#1939,#1963,#1986,.T.);
#1986 = SURFACE_CURVE('',#1987,(#1991,#1998),.PCURVE_S1.);
#1987 = LINE('',#1988,#1989);
#1988 = CARTESIAN_POINT('',(39.85,-10.1,24.35));
#1989 = VECTOR('',#1990,1.);
#1990 = DIRECTION('',(-0.,1.,0.));
#1991 = PCURVE('',#1902,#1992);
#1992 = DEFINITIONAL_REPRESENTATION('',(#1993),#1997);
#1993 = LINE('',#1994,#1995);
#1994 = CARTESIAN_POINT('',(6.,0.));
#1995 = VECTOR('',#1996,1.);
#1996 = DIRECTION('',(0.,-1.));
#1997 = ( GEOMETRIC_REPRESENTATION_CONTEXT(2) 
PARAMETRIC_REPRESENTATION_CONTEXT() REPRESENTATION_CONTEXT('2D SPACE',''
  ) );
#1998 = PCURVE('',#1798,#1999);
#1999 = DEFINITIONAL_REPRESENTATION('',(#2000),#2004);
#2000 = LINE('',#2001,#2002);
#2001 = CARTESIAN_POINT('',(5.5,0.));
#2002 = VECTOR('',#2003,1.);
#2003 = DIRECTION('',(0.,1.));
#2004 = ( GEOMETRIC_REPRESENTATION_CONTEXT(2) 
PARAMETRIC_REPRESENTATION_CONTEXT() REPRESENTATION_CONTEXT('2D SPACE',''
  ) );
#2005 = ADVANCED_FACE('',(#2006),#1798,.T.);
#2006 = FACE_BOUND('',#2007,.T.);
#2007 = EDGE_LOOP('',(#2008,#2009,#2030,#2031));
#2008 = ORIENTED_EDGE('',*,*,#1782,.F.);
#2009 = ORIENTED_EDGE('',*,*,#2010,.T.);
#2010 = EDGE_CURVE('',#1783,#1939,#2011,.T.);
#2011 = SURFACE_CURVE('',#2012,(#2016,#2023),.PCURVE_S1.);
#2012 = LINE('',#2013,#2014);
#2013 = CARTESIAN_POINT('',(34.35,-10.1,24.35));
#2014 = VECTOR('',#2015,1.);
#2015 = DIRECTION('',(1.,0.,-0.));
#2016 = PCURVE('',#1798,#2017);
#2017 = DEFINITIONAL_REPRESENTATION('',(#2018),#2022);
#2018 = LINE('',#2019,#2020);
#2019 = CARTESIAN_POINT('',(0.,0.));
#2020 = VECTOR('',#2021,1.);
#2021 = DIRECTION('',(1.,0.));
#2022 = ( GEOMETRIC_REPRESENTATION_CONTEXT(2) 
PARAMETRIC_REPRESENTATION_CONTEXT() REPRESENTATION_CONTEXT('2D SPACE',''
  ) );
#2023 = PCURVE('',#1654,#2024);
#2024 = DEFINITIONAL_REPRESENTATION('',(#2025),#2029);
#2025 = LINE('',#2026,#2027);
#2026 = CARTESIAN_POINT('',(6.,0.));
#2027 = VECTOR('',#2028,1.);
#2028 = DIRECTION('',(0.,1.));
#2029 = ( GEOMETRIC_REPRESENTATION_CONTEXT(2) 
PARAMETRIC_REPRESENTATION_CONTEXT() REPRESENTATION_CONTEXT('2D SPACE',''
  ) );
#2030 = ORIENTED_EDGE('',*,*,#1985,.T.);
#2031 = ORIENTED_EDGE('',*,*,#2032,.F.);
#2032 = EDGE_CURVE('',#1760,#1963,#2033,.T.);
#2033 = SURFACE_CURVE('',#2034,(#2038,#2045),.PCURVE_S1.);
#2034 = LINE('',#2035,#2036);
#2035 = CARTESIAN_POINT('',(34.35,-5.5,24.35));
#2036 = VECTOR('',#2037,1.);
#2037 = DIRECTION('',(1.,0.,-0.));
#2038 = PCURVE('',#1798,#2039);
#2039 = DEFINITIONAL_REPRESENTATION('',(#2040),#2044);
#2040 = LINE('',#2041,#2042);
#2041 = CARTESIAN_POINT('',(0.,4.6));
#2042 = VECTOR('',#2043,1.);
#2043 = DIRECTION('',(1.,0.));
#2044 = ( GEOMETRIC_REPRESENTATION_CONTEXT(2) 
PARAMETRIC_REPRESENTATION_CONTEXT() REPRESENTATION_CONTEXT('2D SPACE',''
  ) );
#2045 = PCURVE('',#1466,#2046);
#2046 = DEFINITIONAL_REPRESENTATION('',(#2047),#2051);
#2047 = LINE('',#2048,#2049);
#2048 = CARTESIAN_POINT('',(6.,0.));
#2049 = VECTOR('',#2050,1.);
#2050 = DIRECTION('',(0.,1.));
#2051 = ( GEOMETRIC_REPRESENTATION_CONTEXT(2) 
PARAMETRIC_REPRESENTATION_CONTEXT() REPRESENTATION_CONTEXT('2D SPACE',''
  ) );
#2052 = ADVANCED_FACE('',(#2053),#1847,.T.);
#2053 = FACE_BOUND('',#2054,.T.);
#2054 = EDGE_LOOP('',(#2055,#2083,#2111,#2137));
#2055 = ORIENTED_EDGE('',*,*,#2056,.F.);
#2056 = EDGE_CURVE('',#2057,#1639,#2059,.T.);
#2057 = VERTEX_POINT('',#2058);
#2058 = CARTESIAN_POINT('',(34.1,-10.1,22.95));
#2059 = SURFACE_CURVE('',#2060,(#2064,#2071),.PCURVE_S1.);
#2060 = LINE('',#2061,#2062);
#2061 = CARTESIAN_POINT('',(34.1,-10.1,22.95));
#2062 = VECTOR('',#2063,1.);
#2063 = DIRECTION('',(1.,0.,-0.));
#2064 = PCURVE('',#1847,#2065);
#2065 = DEFINITIONAL_REPRESENTATION('',(#2066),#2070);
#2066 = LINE('',#2067,#2068);
#2067 = CARTESIAN_POINT('',(0.,0.));
#2068 = VECTOR('',#2069,1.);
#2069 = DIRECTION('',(0.,1.));
#2070 = ( GEOMETRIC_REPRESENTATION_CONTEXT(2) 
PARAMETRIC_REPRESENTATION_CONTEXT() REPRESENTATION_CONTEXT('2D SPACE',''
  ) );
#2071 = PCURVE('',#2072,#2077);
#2072 = PLANE('',#2073);
#2073 = AXIS2_PLACEMENT_3D('',#2074,#2075,#2076);
#2074 = CARTESIAN_POINT('',(34.1,-10.9,22.95));
#2075 = DIRECTION('',(0.,0.,1.));
#2076 = DIRECTION('',(1.,0.,-0.));
#2077 = DEFINITIONAL_REPRESENTATION('',(#2078),#2082);
#2078 = LINE('',#2079,#2080);
#2079 = CARTESIAN_POINT('',(0.,0.8));
#2080 = VECTOR('',#2081,1.);
#2081 = DIRECTION('',(1.,0.));
#2082 = ( GEOMETRIC_REPRESENTATION_CONTEXT(2) 
PARAMETRIC_REPRESENTATION_CONTEXT() REPRESENTATION_CONTEXT('2D SPACE',''
  ) );
#2083 = ORIENTED_EDGE('',*,*,#2084,.T.);
#2084 = EDGE_CURVE('',#2057,#2085,#2087,.T.);
#2085 = VERTEX_POINT('',#2086);
#2086 = CARTESIAN_POINT('',(34.1,-10.1,24.15));
#2087 = SURFACE_CURVE('',#2088,(#2092,#2099),.PCURVE_S1.);
#2088 = LINE('',#2089,#2090);
#2089 = CARTESIAN_POINT('',(34.1,-10.1,22.95));
#2090 = VECTOR('',#2091,1.);
#2091 = DIRECTION('',(0.,0.,1.));
#2092 = PCURVE('',#1847,#2093);
#2093 = DEFINITIONAL_REPRESENTATION('',(#2094),#2098);
#2094 = LINE('',#2095,#2096);
#2095 = CARTESIAN_POINT('',(0.,0.));
#2096 = VECTOR('',#2097,1.);
#2097 = DIRECTION('',(1.,0.));
#2098 = ( GEOMETRIC_REPRESENTATION_CONTEXT(2) 
PARAMETRIC_REPRESENTATION_CONTEXT() REPRESENTATION_CONTEXT('2D SPACE',''
  ) );
#2099 = PCURVE('',#2100,#2105);
#2100 = PLANE('',#2101);
#2101 = AXIS2_PLACEMENT_3D('',#2102,#2103,#2104);
#2102 = CARTESIAN_POINT('',(34.1,-10.9,22.95));
#2103 = DIRECTION('',(1.,0.,-0.));
#2104 = DIRECTION('',(0.,0.,1.));
#2105 = DEFINITIONAL_REPRESENTATION('',(#2106),#2110);
#2106 = LINE('',#2107,#2108);
#2107 = CARTESIAN_POINT('',(0.,-0.8));
#2108 = VECTOR('',#2109,1.);
#2109 = DIRECTION('',(1.,0.));
#2110 = ( GEOMETRIC_REPRESENTATION_CONTEXT(2) 
PARAMETRIC_REPRESENTATION_CONTEXT() REPRESENTATION_CONTEXT('2D SPACE',''
  ) );
#2111 = ORIENTED_EDGE('',*,*,#2112,.T.);
#2112 = EDGE_CURVE('',#2085,#1811,#2113,.T.);
#2113 = SURFACE_CURVE('',#2114,(#2118,#2125),.PCURVE_S1.);
#2114 = LINE('',#2115,#2116);
#2115 = CARTESIAN_POINT('',(34.1,-10.1,24.15));
#2116 = VECTOR('',#2117,1.);
#2117 = DIRECTION('',(1.,0.,-0.));
#2118 = PCURVE('',#1847,#2119);
#2119 = DEFINITIONAL_REPRESENTATION('',(#2120),#2124);
#2120 = LINE('',#2121,#2122);
#2121 = CARTESIAN_POINT('',(1.2,0.));
#2122 = VECTOR('',#2123,1.);
#2123 = DIRECTION('',(0.,1.));
#2124 = ( GEOMETRIC_REPRESENTATION_CONTEXT(2) 
PARAMETRIC_REPRESENTATION_CONTEXT() REPRESENTATION_CONTEXT('2D SPACE',''
  ) );
#2125 = PCURVE('',#2126,#2131);
#2126 = PLANE('',#2127);
#2127 = AXIS2_PLACEMENT_3D('',#2128,#2129,#2130);
#2128 = CARTESIAN_POINT('',(34.1,-10.9,24.15));
#2129 = DIRECTION('',(0.,0.,1.));
#2130 = DIRECTION('',(1.,0.,-0.));
#2131 = DEFINITIONAL_REPRESENTATION('',(#2132),#2136);
#2132 = LINE('',#2133,#2134);
#2133 = CARTESIAN_POINT('',(0.,0.8));
#2134 = VECTOR('',#2135,1.);
#2135 = DIRECTION('',(1.,0.));
#2136 = ( GEOMETRIC_REPRESENTATION_CONTEXT(2) 
PARAMETRIC_REPRESENTATION_CONTEXT() REPRESENTATION_CONTEXT('2D SPACE',''
  ) );
#2137 = ORIENTED_EDGE('',*,*,#1833,.F.);
#2138 = ADVANCED_FACE('',(#2139),#2100,.F.);
#2139 = FACE_BOUND('',#2140,.F.);
#2140 = EDGE_LOOP('',(#2141,#2171,#2192,#2193));
#2141 = ORIENTED_EDGE('',*,*,#2142,.F.);
#2142 = EDGE_CURVE('',#2143,#2145,#2147,.T.);
#2143 = VERTEX_POINT('',#2144);
#2144 = CARTESIAN_POINT('',(34.1,-10.9,22.95));
#2145 = VERTEX_POINT('',#2146);
#2146 = CARTESIAN_POINT('',(34.1,-10.9,24.15));
#2147 = SURFACE_CURVE('',#2148,(#2152,#2159),.PCURVE_S1.);
#2148 = LINE('',#2149,#2150);
#2149 = CARTESIAN_POINT('',(34.1,-10.9,22.95));
#2150 = VECTOR('',#2151,1.);
#2151 = DIRECTION('',(0.,0.,1.));
#2152 = PCURVE('',#2100,#2153);
#2153 = DEFINITIONAL_REPRESENTATION('',(#2154),#2158);
#2154 = LINE('',#2155,#2156);
#2155 = CARTESIAN_POINT('',(0.,0.));
#2156 = VECTOR('',#2157,1.);
#2157 = DIRECTION('',(1.,0.));
#2158 = ( GEOMETRIC_REPRESENTATION_CONTEXT(2) 
PARAMETRIC_REPRESENTATION_CONTEXT() REPRESENTATION_CONTEXT('2D SPACE',''
  ) );
#2159 = PCURVE('',#2160,#2165);
#2160 = PLANE('',#2161);
#2161 = AXIS2_PLACEMENT_3D('',#2162,#2163,#2164);
#2162 = CARTESIAN_POINT('',(34.1,-10.9,22.95));
#2163 = DIRECTION('',(-0.,1.,0.));
#2164 = DIRECTION('',(0.,0.,1.));
#2165 = DEFINITIONAL_REPRESENTATION('',(#2166),#2170);
#2166 = LINE('',#2167,#2168);
#2167 = CARTESIAN_POINT('',(0.,0.));
#2168 = VECTOR('',#2169,1.);
#2169 = DIRECTION('',(1.,0.));
#2170 = ( GEOMETRIC_REPRESENTATION_CONTEXT(2) 
PARAMETRIC_REPRESENTATION_CONTEXT() REPRESENTATION_CONTEXT('2D SPACE',''
  ) );
#2171 = ORIENTED_EDGE('',*,*,#2172,.T.);
#2172 = EDGE_CURVE('',#2143,#2057,#2173,.T.);
#2173 = SURFACE_CURVE('',#2174,(#2178,#2185),.PCURVE_S1.);
#2174 = LINE('',#2175,#2176);
#2175 = CARTESIAN_POINT('',(34.1,-10.9,22.95));
#2176 = VECTOR('',#2177,1.);
#2177 = DIRECTION('',(-0.,1.,0.));
#2178 = PCURVE('',#2100,#2179);
#2179 = DEFINITIONAL_REPRESENTATION('',(#2180),#2184);
#2180 = LINE('',#2181,#2182);
#2181 = CARTESIAN_POINT('',(0.,0.));
#2182 = VECTOR('',#2183,1.);
#2183 = DIRECTION('',(0.,-1.));
#2184 = ( GEOMETRIC_REPRESENTATION_CONTEXT(2) 
PARAMETRIC_REPRESENTATION_CONTEXT() REPRESENTATION_CONTEXT('2D SPACE',''
  ) );
#2185 = PCURVE('',#2072,#2186);
#2186 = DEFINITIONAL_REPRESENTATION('',(#2187),#2191);
#2187 = LINE('',#2188,#2189);
#2188 = CARTESIAN_POINT('',(0.,0.));
#2189 = VECTOR('',#2190,1.);
#2190 = DIRECTION('',(0.,1.));
#2191 = ( GEOMETRIC_REPRESENTATION_CONTEXT(2) 
PARAMETRIC_REPRESENTATION_CONTEXT() REPRESENTATION_CONTEXT('2D SPACE',''
  ) );
#2192 = ORIENTED_EDGE('',*,*,#2084,.T.);
#2193 = ORIENTED_EDGE('',*,*,#2194,.F.);
#2194 = EDGE_CURVE('',#2145,#2085,#2195,.T.);
#2195 = SURFACE_CURVE('',#2196,(#2200,#2207),.PCURVE_S1.);
#2196 = LINE('',#2197,#2198);
#2197 = CARTESIAN_POINT('',(34.1,-10.9,24.15));
#2198 = VECTOR('',#2199,1.);
#2199 = DIRECTION('',(-0.,1.,0.));
#2200 = PCURVE('',#2100,#2201);
#2201 = DEFINITIONAL_REPRESENTATION('',(#2202),#2206);
#2202 = LINE('',#2203,#2204);
#2203 = CARTESIAN_POINT('',(1.2,0.));
#2204 = VECTOR('',#2205,1.);
#2205 = DIRECTION('',(0.,-1.));
#2206 = ( GEOMETRIC_REPRESENTATION_CONTEXT(2) 
PARAMETRIC_REPRESENTATION_CONTEXT() REPRESENTATION_CONTEXT('2D SPACE',''
  ) );
#2207 = PCURVE('',#2126,#2208);
#2208 = DEFINITIONAL_REPRESENTATION('',(#2209),#2213);
#2209 = LINE('',#2210,#2211);
#2210 = CARTESIAN_POINT('',(0.,0.));
#2211 = VECTOR('',#2212,1.);
#2212 = DIRECTION('',(0.,1.));
#2213 = ( GEOMETRIC_REPRESENTATION_CONTEXT(2) 
PARAMETRIC_REPRESENTATION_CONTEXT() REPRESENTATION_CONTEXT('2D SPACE',''
  ) );
#2214 = ADVANCED_FACE('',(#2215),#2160,.F.);
#2215 = FACE_BOUND('',#2216,.F.);
#2216 = EDGE_LOOP('',(#2217,#2240,#2241,#2264));
#2217 = ORIENTED_EDGE('',*,*,#2218,.F.);
#2218 = EDGE_CURVE('',#2143,#2219,#2221,.T.);
#2219 = VERTEX_POINT('',#2220);
#2220 = CARTESIAN_POINT('',(35.3,-10.9,22.95));
#2221 = SURFACE_CURVE('',#2222,(#2226,#2233),.PCURVE_S1.);
#2222 = LINE('',#2223,#2224);
#2223 = CARTESIAN_POINT('',(34.1,-10.9,22.95));
#2224 = VECTOR('',#2225,1.);
#2225 = DIRECTION('',(1.,0.,-0.));
#2226 = PCURVE('',#2160,#2227);
#2227 = DEFINITIONAL_REPRESENTATION('',(#2228),#2232);
#2228 = LINE('',#2229,#2230);
#2229 = CARTESIAN_POINT('',(0.,0.));
#2230 = VECTOR('',#2231,1.);
#2231 = DIRECTION('',(0.,1.));
#2232 = ( GEOMETRIC_REPRESENTATION_CONTEXT(2) 
PARAMETRIC_REPRESENTATION_CONTEXT() REPRESENTATION_CONTEXT('2D SPACE',''
  ) );
#2233 = PCURVE('',#2072,#2234);
#2234 = DEFINITIONAL_REPRESENTATION('',(#2235),#2239);
#2235 = LINE('',#2236,#2237);
#2236 = CARTESIAN_POINT('',(0.,0.));
#2237 = VECTOR('',#2238,1.);
#2238 = DIRECTION('',(1.,0.));
#2239 = ( GEOMETRIC_REPRESENTATION_CONTEXT(2) 
PARAMETRIC_REPRESENTATION_CONTEXT() REPRESENTATION_CONTEXT('2D SPACE',''
  ) );
#2240 = ORIENTED_EDGE('',*,*,#2142,.T.);
#2241 = ORIENTED_EDGE('',*,*,#2242,.T.);
#2242 = EDGE_CURVE('',#2145,#2243,#2245,.T.);
#2243 = VERTEX_POINT('',#2244);
#2244 = CARTESIAN_POINT('',(35.3,-10.9,24.15));
#2245 = SURFACE_CURVE('',#2246,(#2250,#2257),.PCURVE_S1.);
#2246 = LINE('',#2247,#2248);
#2247 = CARTESIAN_POINT('',(34.1,-10.9,24.15));
#2248 = VECTOR('',#2249,1.);
#2249 = DIRECTION('',(1.,0.,-0.));
#2250 = PCURVE('',#2160,#2251);
#2251 = DEFINITIONAL_REPRESENTATION('',(#2252),#2256);
#2252 = LINE('',#2253,#2254);
#2253 = CARTESIAN_POINT('',(1.2,0.));
#2254 = VECTOR('',#2255,1.);
#2255 = DIRECTION('',(0.,1.));
#2256 = ( GEOMETRIC_REPRESENTATION_CONTEXT(2) 
PARAMETRIC_REPRESENTATION_CONTEXT() REPRESENTATION_CONTEXT('2D SPACE',''
  ) );
#2257 = PCURVE('',#2126,#2258);
#2258 = DEFINITIONAL_REPRESENTATION('',(#2259),#2263);
#2259 = LINE('',#2260,#2261);
#2260 = CARTESIAN_POINT('',(0.,0.));
#2261 = VECTOR('',#2262,1.);
#2262 = DIRECTION('',(1.,0.));
#2263 = ( GEOMETRIC_REPRESENTATION_CONTEXT(2) 
PARAMETRIC_REPRESENTATION_CONTEXT() REPRESENTATION_CONTEXT('2D SPACE',''
  ) );
#2264 = ORIENTED_EDGE('',*,*,#2265,.F.);
#2265 = EDGE_CURVE('',#2219,#2243,#2266,.T.);
#2266 = SURFACE_CURVE('',#2267,(#2271,#2278),.PCURVE_S1.);
#2267 = LINE('',#2268,#2269);
#2268 = CARTESIAN_POINT('',(35.3,-10.9,22.95));
#2269 = VECTOR('',#2270,1.);
#2270 = DIRECTION('',(0.,0.,1.));
#2271 = PCURVE('',#2160,#2272);
#2272 = DEFINITIONAL_REPRESENTATION('',(#2273),#2277);
#2273 = LINE('',#2274,#2275);
#2274 = CARTESIAN_POINT('',(0.,1.2));
#2275 = VECTOR('',#2276,1.);
#2276 = DIRECTION('',(1.,0.));
#2277 = ( GEOMETRIC_REPRESENTATION_CONTEXT(2) 
PARAMETRIC_REPRESENTATION_CONTEXT() REPRESENTATION_CONTEXT('2D SPACE',''
  ) );
#2278 = PCURVE('',#2279,#2284);
#2279 = PLANE('',#2280);
#2280 = AXIS2_PLACEMENT_3D('',#2281,#2282,#2283);
#2281 = CARTESIAN_POINT('',(35.3,-10.9,22.95));
#2282 = DIRECTION('',(1.,0.,-0.));
#2283 = DIRECTION('',(0.,0.,1.));
#2284 = DEFINITIONAL_REPRESENTATION('',(#2285),#2289);
#2285 = LINE('',#2286,#2287);
#2286 = CARTESIAN_POINT('',(0.,0.));
#2287 = VECTOR('',#2288,1.);
#2288 = DIRECTION('',(1.,0.));
#2289 = ( GEOMETRIC_REPRESENTATION_CONTEXT(2) 
PARAMETRIC_REPRESENTATION_CONTEXT() REPRESENTATION_CONTEXT('2D SPACE',''
  ) );
#2290 = ADVANCED_FACE('',(#2291),#2279,.T.);
#2291 = FACE_BOUND('',#2292,.T.);
#2292 = EDGE_LOOP('',(#2293,#2294,#2317,#2340));
#2293 = ORIENTED_EDGE('',*,*,#2265,.F.);
#2294 = ORIENTED_EDGE('',*,*,#2295,.T.);
#2295 = EDGE_CURVE('',#2219,#2296,#2298,.T.);
#2296 = VERTEX_POINT('',#2297);
#2297 = CARTESIAN_POINT('',(35.3,-10.1,22.95));
#2298 = SURFACE_CURVE('',#2299,(#2303,#2310),.PCURVE_S1.);
#2299 = LINE('',#2300,#2301);
#2300 = CARTESIAN_POINT('',(35.3,-10.9,22.95));
#2301 = VECTOR('',#2302,1.);
#2302 = DIRECTION('',(-0.,1.,0.));
#2303 = PCURVE('',#2279,#2304);
#2304 = DEFINITIONAL_REPRESENTATION('',(#2305),#2309);
#2305 = LINE('',#2306,#2307);
#2306 = CARTESIAN_POINT('',(0.,0.));
#2307 = VECTOR('',#2308,1.);
#2308 = DIRECTION('',(0.,-1.));
#2309 = ( GEOMETRIC_REPRESENTATION_CONTEXT(2) 
PARAMETRIC_REPRESENTATION_CONTEXT() REPRESENTATION_CONTEXT('2D SPACE',''
  ) );
#2310 = PCURVE('',#2072,#2311);
#2311 = DEFINITIONAL_REPRESENTATION('',(#2312),#2316);
#2312 = LINE('',#2313,#2314);
#2313 = CARTESIAN_POINT('',(1.2,0.));
#2314 = VECTOR('',#2315,1.);
#2315 = DIRECTION('',(0.,1.));
#2316 = ( GEOMETRIC_REPRESENTATION_CONTEXT(2) 
PARAMETRIC_REPRESENTATION_CONTEXT() REPRESENTATION_CONTEXT('2D SPACE',''
  ) );
#2317 = ORIENTED_EDGE('',*,*,#2318,.T.);
#2318 = EDGE_CURVE('',#2296,#2319,#2321,.T.);
#2319 = VERTEX_POINT('',#2320);
#2320 = CARTESIAN_POINT('',(35.3,-10.1,24.15));
#2321 = SURFACE_CURVE('',#2322,(#2326,#2333),.PCURVE_S1.);
#2322 = LINE('',#2323,#2324);
#2323 = CARTESIAN_POINT('',(35.3,-10.1,22.95));
#2324 = VECTOR('',#2325,1.);
#2325 = DIRECTION('',(0.,0.,1.));
#2326 = PCURVE('',#2279,#2327);
#2327 = DEFINITIONAL_REPRESENTATION('',(#2328),#2332);
#2328 = LINE('',#2329,#2330);
#2329 = CARTESIAN_POINT('',(0.,-0.8));
#2330 = VECTOR('',#2331,1.);
#2331 = DIRECTION('',(1.,0.));
#2332 = ( GEOMETRIC_REPRESENTATION_CONTEXT(2) 
PARAMETRIC_REPRESENTATION_CONTEXT() REPRESENTATION_CONTEXT('2D SPACE',''
  ) );
#2333 = PCURVE('',#1654,#2334);
#2334 = DEFINITIONAL_REPRESENTATION('',(#2335),#2339);
#2335 = LINE('',#2336,#2337);
#2336 = CARTESIAN_POINT('',(4.6,0.95));
#2337 = VECTOR('',#2338,1.);
#2338 = DIRECTION('',(1.,0.));
#2339 = ( GEOMETRIC_REPRESENTATION_CONTEXT(2) 
PARAMETRIC_REPRESENTATION_CONTEXT() REPRESENTATION_CONTEXT('2D SPACE',''
  ) );
#2340 = ORIENTED_EDGE('',*,*,#2341,.F.);
#2341 = EDGE_CURVE('',#2243,#2319,#2342,.T.);
#2342 = SURFACE_CURVE('',#2343,(#2347,#2354),.PCURVE_S1.);
#2343 = LINE('',#2344,#2345);
#2344 = CARTESIAN_POINT('',(35.3,-10.9,24.15));
#2345 = VECTOR('',#2346,1.);
#2346 = DIRECTION('',(-0.,1.,0.));
#2347 = PCURVE('',#2279,#2348);
#2348 = DEFINITIONAL_REPRESENTATION('',(#2349),#2353);
#2349 = LINE('',#2350,#2351);
#2350 = CARTESIAN_POINT('',(1.2,0.));
#2351 = VECTOR('',#2352,1.);
#2352 = DIRECTION('',(0.,-1.));
#2353 = ( GEOMETRIC_REPRESENTATION_CONTEXT(2) 
PARAMETRIC_REPRESENTATION_CONTEXT() REPRESENTATION_CONTEXT('2D SPACE',''
  ) );
#2354 = PCURVE('',#2126,#2355);
#2355 = DEFINITIONAL_REPRESENTATION('',(#2356),#2360);
#2356 = LINE('',#2357,#2358);
#2357 = CARTESIAN_POINT('',(1.2,0.));
#2358 = VECTOR('',#2359,1.);
#2359 = DIRECTION('',(0.,1.));
#2360 = ( GEOMETRIC_REPRESENTATION_CONTEXT(2) 
PARAMETRIC_REPRESENTATION_CONTEXT() REPRESENTATION_CONTEXT('2D SPACE',''
  ) );
#2361 = ADVANCED_FACE('',(#2362),#2126,.T.);
#2362 = FACE_BOUND('',#2363,.T.);
#2363 = EDGE_LOOP('',(#2364,#2365,#2366,#2367,#2388));
#2364 = ORIENTED_EDGE('',*,*,#2194,.F.);
#2365 = ORIENTED_EDGE('',*,*,#2242,.T.);
#2366 = ORIENTED_EDGE('',*,*,#2341,.T.);
#2367 = ORIENTED_EDGE('',*,*,#2368,.F.);
#2368 = EDGE_CURVE('',#1811,#2319,#2369,.T.);
#2369 = SURFACE_CURVE('',#2370,(#2374,#2381),.PCURVE_S1.);
#2370 = LINE('',#2371,#2372);
#2371 = CARTESIAN_POINT('',(34.1,-10.1,24.15));
#2372 = VECTOR('',#2373,1.);
#2373 = DIRECTION('',(1.,0.,-0.));
#2374 = PCURVE('',#2126,#2375);
#2375 = DEFINITIONAL_REPRESENTATION('',(#2376),#2380);
#2376 = LINE('',#2377,#2378);
#2377 = CARTESIAN_POINT('',(0.,0.8));
#2378 = VECTOR('',#2379,1.);
#2379 = DIRECTION('',(1.,0.));
#2380 = ( GEOMETRIC_REPRESENTATION_CONTEXT(2) 
PARAMETRIC_REPRESENTATION_CONTEXT() REPRESENTATION_CONTEXT('2D SPACE',''
  ) );
#2381 = PCURVE('',#1654,#2382);
#2382 = DEFINITIONAL_REPRESENTATION('',(#2383),#2387);
#2383 = LINE('',#2384,#2385);
#2384 = CARTESIAN_POINT('',(5.8,-0.25));
#2385 = VECTOR('',#2386,1.);
#2386 = DIRECTION('',(0.,1.));
#2387 = ( GEOMETRIC_REPRESENTATION_CONTEXT(2) 
PARAMETRIC_REPRESENTATION_CONTEXT() REPRESENTATION_CONTEXT('2D SPACE',''
  ) );
#2388 = ORIENTED_EDGE('',*,*,#2112,.F.);
#2389 = ADVANCED_FACE('',(#2390),#2072,.F.);
#2390 = FACE_BOUND('',#2391,.F.);
#2391 = EDGE_LOOP('',(#2392,#2393,#2394,#2395,#2416));
#2392 = ORIENTED_EDGE('',*,*,#2172,.F.);
#2393 = ORIENTED_EDGE('',*,*,#2218,.T.);
#2394 = ORIENTED_EDGE('',*,*,#2295,.T.);
#2395 = ORIENTED_EDGE('',*,*,#2396,.F.);
#2396 = EDGE_CURVE('',#1639,#2296,#2397,.T.);
#2397 = SURFACE_CURVE('',#2398,(#2402,#2409),.PCURVE_S1.);
#2398 = LINE('',#2399,#2400);
#2399 = CARTESIAN_POINT('',(34.1,-10.1,22.95));
#2400 = VECTOR('',#2401,1.);
#2401 = DIRECTION('',(1.,0.,-0.));
#2402 = PCURVE('',#2072,#2403);
#2403 = DEFINITIONAL_REPRESENTATION('',(#2404),#2408);
#2404 = LINE('',#2405,#2406);
#2405 = CARTESIAN_POINT('',(0.,0.8));
#2406 = VECTOR('',#2407,1.);
#2407 = DIRECTION('',(1.,0.));
#2408 = ( GEOMETRIC_REPRESENTATION_CONTEXT(2) 
PARAMETRIC_REPRESENTATION_CONTEXT() REPRESENTATION_CONTEXT('2D SPACE',''
  ) );
#2409 = PCURVE('',#1654,#2410);
#2410 = DEFINITIONAL_REPRESENTATION('',(#2411),#2415);
#2411 = LINE('',#2412,#2413);
#2412 = CARTESIAN_POINT('',(4.6,-0.25));
#2413 = VECTOR('',#2414,1.);
#2414 = DIRECTION('',(0.,1.));
#2415 = ( GEOMETRIC_REPRESENTATION_CONTEXT(2) 
PARAMETRIC_REPRESENTATION_CONTEXT() REPRESENTATION_CONTEXT('2D SPACE',''
  ) );
#2416 = ORIENTED_EDGE('',*,*,#2056,.F.);
#2417 = ADVANCED_FACE('',(#2418,#2428),#1654,.F.);
#2418 = FACE_BOUND('',#2419,.F.);
#2419 = EDGE_LOOP('',(#2420,#2421,#2422,#2423,#2424,#2425,#2426,#2427));
#2420 = ORIENTED_EDGE('',*,*,#1938,.F.);
#2421 = ORIENTED_EDGE('',*,*,#1863,.F.);
#2422 = ORIENTED_EDGE('',*,*,#1636,.T.);
#2423 = ORIENTED_EDGE('',*,*,#2396,.T.);
#2424 = ORIENTED_EDGE('',*,*,#2318,.T.);
#2425 = ORIENTED_EDGE('',*,*,#2368,.F.);
#2426 = ORIENTED_EDGE('',*,*,#1810,.T.);
#2427 = ORIENTED_EDGE('',*,*,#2010,.T.);
#2428 = FACE_BOUND('',#2429,.F.);
#2429 = EDGE_LOOP('',(#2430));
#2430 = ORIENTED_EDGE('',*,*,#2431,.F.);
#2431 = EDGE_CURVE('',#2432,#2432,#2434,.T.);
#2432 = VERTEX_POINT('',#2433);
#2433 = CARTESIAN_POINT('',(39.45,-10.1,21.35));
#2434 = SURFACE_CURVE('',#2435,(#2440,#2447),.PCURVE_S1.);
#2435 = CIRCLE('',#2436,2.35);
#2436 = AXIS2_PLACEMENT_3D('',#2437,#2438,#2439);
#2437 = CARTESIAN_POINT('',(37.1,-10.1,21.35));
#2438 = DIRECTION('',(-0.,1.,0.));
#2439 = DIRECTION('',(1.,0.,0.));
#2440 = PCURVE('',#1654,#2441);
#2441 = DEFINITIONAL_REPRESENTATION('',(#2442),#2446);
#2442 = CIRCLE('',#2443,2.35);
#2443 = AXIS2_PLACEMENT_2D('',#2444,#2445);
#2444 = CARTESIAN_POINT('',(3.,2.75));
#2445 = DIRECTION('',(0.,1.));
#2446 = ( GEOMETRIC_REPRESENTATION_CONTEXT(2) 
PARAMETRIC_REPRESENTATION_CONTEXT() REPRESENTATION_CONTEXT('2D SPACE',''
  ) );
#2447 = PCURVE('',#2448,#2453);
#2448 = CYLINDRICAL_SURFACE('',#2449,2.35);
#2449 = AXIS2_PLACEMENT_3D('',#2450,#2451,#2452);
#2450 = CARTESIAN_POINT('',(37.1,-10.1,21.35));
#2451 = DIRECTION('',(0.,1.,0.));
#2452 = DIRECTION('',(1.,0.,0.));
#2453 = DEFINITIONAL_REPRESENTATION('',(#2454),#2458);
#2454 = LINE('',#2455,#2456);
#2455 = CARTESIAN_POINT('',(0.,0.));
#2456 = VECTOR('',#2457,1.);
#2457 = DIRECTION('',(1.,0.));
#2458 = ( GEOMETRIC_REPRESENTATION_CONTEXT(2) 
PARAMETRIC_REPRESENTATION_CONTEXT() REPRESENTATION_CONTEXT('2D SPACE',''
  ) );
#2459 = ADVANCED_FACE('',(#2460),#2448,.F.);
#2460 = FACE_BOUND('',#2461,.F.);
#2461 = EDGE_LOOP('',(#2462,#2486,#2507,#2508));
#2462 = ORIENTED_EDGE('',*,*,#2463,.F.);
#2463 = EDGE_CURVE('',#2464,#2464,#2466,.T.);
#2464 = VERTEX_POINT('',#2465);
#2465 = CARTESIAN_POINT('',(39.45,-5.5,21.35));
#2466 = SURFACE_CURVE('',#2467,(#2472,#2479),.PCURVE_S1.);
#2467 = CIRCLE('',#2468,2.35);
#2468 = AXIS2_PLACEMENT_3D('',#2469,#2470,#2471);
#2469 = CARTESIAN_POINT('',(37.1,-5.5,21.35));
#2470 = DIRECTION('',(-0.,1.,0.));
#2471 = DIRECTION('',(1.,0.,0.));
#2472 = PCURVE('',#2448,#2473);
#2473 = DEFINITIONAL_REPRESENTATION('',(#2474),#2478);
#2474 = LINE('',#2475,#2476);
#2475 = CARTESIAN_POINT('',(0.,4.6));
#2476 = VECTOR('',#2477,1.);
#2477 = DIRECTION('',(1.,0.));
#2478 = ( GEOMETRIC_REPRESENTATION_CONTEXT(2) 
PARAMETRIC_REPRESENTATION_CONTEXT() REPRESENTATION_CONTEXT('2D SPACE',''
  ) );
#2479 = PCURVE('',#1466,#2480);
#2480 = DEFINITIONAL_REPRESENTATION('',(#2481),#2485);
#2481 = CIRCLE('',#2482,2.35);
#2482 = AXIS2_PLACEMENT_2D('',#2483,#2484);
#2483 = CARTESIAN_POINT('',(3.,2.75));
#2484 = DIRECTION('',(0.,1.));
#2485 = ( GEOMETRIC_REPRESENTATION_CONTEXT(2) 
PARAMETRIC_REPRESENTATION_CONTEXT() REPRESENTATION_CONTEXT('2D SPACE',''
  ) );
#2486 = ORIENTED_EDGE('',*,*,#2487,.F.);
#2487 = EDGE_CURVE('',#2432,#2464,#2488,.T.);
#2488 = SEAM_CURVE('',#2489,(#2493,#2500),.PCURVE_S1.);
#2489 = LINE('',#2490,#2491);
#2490 = CARTESIAN_POINT('',(39.45,-10.1,21.35));
#2491 = VECTOR('',#2492,1.);
#2492 = DIRECTION('',(0.,1.,0.));
#2493 = PCURVE('',#2448,#2494);
#2494 = DEFINITIONAL_REPRESENTATION('',(#2495),#2499);
#2495 = LINE('',#2496,#2497);
#2496 = CARTESIAN_POINT('',(6.28318530718,-0.));
#2497 = VECTOR('',#2498,1.);
#2498 = DIRECTION('',(0.,1.));
#2499 = ( GEOMETRIC_REPRESENTATION_CONTEXT(2) 
PARAMETRIC_REPRESENTATION_CONTEXT() REPRESENTATION_CONTEXT('2D SPACE',''
  ) );
#2500 = PCURVE('',#2448,#2501);
#2501 = DEFINITIONAL_REPRESENTATION('',(#2502),#2506);
#2502 = LINE('',#2503,#2504);
#2503 = CARTESIAN_POINT('',(0.,-0.));
#2504 = VECTOR('',#2505,1.);
#2505 = DIRECTION('',(0.,1.));
#2506 = ( GEOMETRIC_REPRESENTATION_CONTEXT(2) 
PARAMETRIC_REPRESENTATION_CONTEXT() REPRESENTATION_CONTEXT('2D SPACE',''
  ) );
#2507 = ORIENTED_EDGE('',*,*,#2431,.T.);
#2508 = ORIENTED_EDGE('',*,*,#2487,.T.);
#2509 = ADVANCED_FACE('',(#2510,#2559),#1466,.T.);
#2510 = FACE_BOUND('',#2511,.T.);
#2511 = EDGE_LOOP('',(#2512,#2513,#2514,#2515,#2537,#2556,#2557,#2558));
#2512 = ORIENTED_EDGE('',*,*,#1962,.F.);
#2513 = ORIENTED_EDGE('',*,*,#1914,.F.);
#2514 = ORIENTED_EDGE('',*,*,#1694,.T.);
#2515 = ORIENTED_EDGE('',*,*,#2516,.T.);
#2516 = EDGE_CURVE('',#1695,#2517,#2519,.T.);
#2517 = VERTEX_POINT('',#2518);
#2518 = CARTESIAN_POINT('',(34.4,-5.5,20.35));
#2519 = SURFACE_CURVE('',#2520,(#2524,#2530),.PCURVE_S1.);
#2520 = LINE('',#2521,#2522);
#2521 = CARTESIAN_POINT('',(29.975,-5.5,20.35));
#2522 = VECTOR('',#2523,1.);
#2523 = DIRECTION('',(1.,0.,-0.));
#2524 = PCURVE('',#1466,#2525);
#2525 = DEFINITIONAL_REPRESENTATION('',(#2526),#2529);
#2526 = B_SPLINE_CURVE_WITH_KNOTS('',1,(#2527,#2528),.UNSPECIFIED.,.F.,
  .F.,(2,2),(4.375,4.425),.PIECEWISE_BEZIER_KNOTS.);
#2527 = CARTESIAN_POINT('',(2.,0.));
#2528 = CARTESIAN_POINT('',(2.,5.E-02));
#2529 = ( GEOMETRIC_REPRESENTATION_CONTEXT(2) 
PARAMETRIC_REPRESENTATION_CONTEXT() REPRESENTATION_CONTEXT('2D SPACE',''
  ) );
#2530 = PCURVE('',#938,#2531);
#2531 = DEFINITIONAL_REPRESENTATION('',(#2532),#2536);
#2532 = LINE('',#2533,#2534);
#2533 = CARTESIAN_POINT('',(-2.5E-02,-1.E-01));
#2534 = VECTOR('',#2535,1.);
#2535 = DIRECTION('',(1.,0.));
#2536 = ( GEOMETRIC_REPRESENTATION_CONTEXT(2) 
PARAMETRIC_REPRESENTATION_CONTEXT() REPRESENTATION_CONTEXT('2D SPACE',''
  ) );
#2537 = ORIENTED_EDGE('',*,*,#2538,.F.);
#2538 = EDGE_CURVE('',#1451,#2517,#2539,.T.);
#2539 = SURFACE_CURVE('',#2540,(#2544,#2550),.PCURVE_S1.);
#2540 = LINE('',#2541,#2542);
#2541 = CARTESIAN_POINT('',(34.4,-5.5,19.35));
#2542 = VECTOR('',#2543,1.);
#2543 = DIRECTION('',(-0.,0.,-1.));
#2544 = PCURVE('',#1466,#2545);
#2545 = DEFINITIONAL_REPRESENTATION('',(#2546),#2549);
#2546 = B_SPLINE_CURVE_WITH_KNOTS('',1,(#2547,#2548),.UNSPECIFIED.,.F.,
  .F.,(2,2),(-3.,-1.),.PIECEWISE_BEZIER_KNOTS.);
#2547 = CARTESIAN_POINT('',(4.,5.E-02));
#2548 = CARTESIAN_POINT('',(2.,5.E-02));
#2549 = ( GEOMETRIC_REPRESENTATION_CONTEXT(2) 
PARAMETRIC_REPRESENTATION_CONTEXT() REPRESENTATION_CONTEXT('2D SPACE',''
  ) );
#2550 = PCURVE('',#1493,#2551);
#2551 = DEFINITIONAL_REPRESENTATION('',(#2552),#2555);
#2552 = B_SPLINE_CURVE_WITH_KNOTS('',1,(#2553,#2554),.UNSPECIFIED.,.F.,
  .F.,(2,2),(-3.,-1.),.PIECEWISE_BEZIER_KNOTS.);
#2553 = CARTESIAN_POINT('',(2.,-0.6));
#2554 = CARTESIAN_POINT('',(0.,-0.6));
#2555 = ( GEOMETRIC_REPRESENTATION_CONTEXT(2) 
PARAMETRIC_REPRESENTATION_CONTEXT() REPRESENTATION_CONTEXT('2D SPACE',''
  ) );
#2556 = ORIENTED_EDGE('',*,*,#1450,.F.);
#2557 = ORIENTED_EDGE('',*,*,#1759,.T.);
#2558 = ORIENTED_EDGE('',*,*,#2032,.T.);
#2559 = FACE_BOUND('',#2560,.T.);
#2560 = EDGE_LOOP('',(#2561));
#2561 = ORIENTED_EDGE('',*,*,#2463,.F.);
#2562 = ADVANCED_FACE('',(#2563),#1493,.T.);
#2563 = FACE_BOUND('',#2564,.T.);
#2564 = EDGE_LOOP('',(#2565,#2566,#2567,#2590));
#2565 = ORIENTED_EDGE('',*,*,#1477,.F.);
#2566 = ORIENTED_EDGE('',*,*,#2538,.T.);
#2567 = ORIENTED_EDGE('',*,*,#2568,.T.);
#2568 = EDGE_CURVE('',#2517,#2569,#2571,.T.);
#2569 = VERTEX_POINT('',#2570);
#2570 = CARTESIAN_POINT('',(34.4,-5.4,20.35));
#2571 = SURFACE_CURVE('',#2572,(#2576,#2583),.PCURVE_S1.);
#2572 = LINE('',#2573,#2574);
#2573 = CARTESIAN_POINT('',(34.4,-6.1,20.35));
#2574 = VECTOR('',#2575,1.);
#2575 = DIRECTION('',(-0.,1.,0.));
#2576 = PCURVE('',#1493,#2577);
#2577 = DEFINITIONAL_REPRESENTATION('',(#2578),#2582);
#2578 = LINE('',#2579,#2580);
#2579 = CARTESIAN_POINT('',(0.,0.));
#2580 = VECTOR('',#2581,1.);
#2581 = DIRECTION('',(0.,-1.));
#2582 = ( GEOMETRIC_REPRESENTATION_CONTEXT(2) 
PARAMETRIC_REPRESENTATION_CONTEXT() REPRESENTATION_CONTEXT('2D SPACE',''
  ) );
#2583 = PCURVE('',#938,#2584);
#2584 = DEFINITIONAL_REPRESENTATION('',(#2585),#2589);
#2585 = LINE('',#2586,#2587);
#2586 = CARTESIAN_POINT('',(4.4,-0.7));
#2587 = VECTOR('',#2588,1.);
#2588 = DIRECTION('',(0.,1.));
#2589 = ( GEOMETRIC_REPRESENTATION_CONTEXT(2) 
PARAMETRIC_REPRESENTATION_CONTEXT() REPRESENTATION_CONTEXT('2D SPACE',''
  ) );
#2590 = ORIENTED_EDGE('',*,*,#2591,.F.);
#2591 = EDGE_CURVE('',#1478,#2569,#2592,.T.);
#2592 = SURFACE_CURVE('',#2593,(#2597,#2603),.PCURVE_S1.);
#2593 = LINE('',#2594,#2595);
#2594 = CARTESIAN_POINT('',(34.4,-5.4,20.35));
#2595 = VECTOR('',#2596,1.);
#2596 = DIRECTION('',(-0.,0.,-1.));
#2597 = PCURVE('',#1493,#2598);
#2598 = DEFINITIONAL_REPRESENTATION('',(#2599),#2602);
#2599 = B_SPLINE_CURVE_WITH_KNOTS('',1,(#2600,#2601),.UNSPECIFIED.,.F.,
  .F.,(2,2),(-2.,-0.),.PIECEWISE_BEZIER_KNOTS.);
#2600 = CARTESIAN_POINT('',(2.,-0.7));
#2601 = CARTESIAN_POINT('',(0.,-0.7));
#2602 = ( GEOMETRIC_REPRESENTATION_CONTEXT(2) 
PARAMETRIC_REPRESENTATION_CONTEXT() REPRESENTATION_CONTEXT('2D SPACE',''
  ) );
#2603 = PCURVE('',#1521,#2604);
#2604 = DEFINITIONAL_REPRESENTATION('',(#2605),#2608);
#2605 = B_SPLINE_CURVE_WITH_KNOTS('',1,(#2606,#2607),.UNSPECIFIED.,.F.,
  .F.,(2,2),(-2.,-0.),.PIECEWISE_BEZIER_KNOTS.);
#2606 = CARTESIAN_POINT('',(2.,4.4));
#2607 = CARTESIAN_POINT('',(0.,4.4));
#2608 = ( GEOMETRIC_REPRESENTATION_CONTEXT(2) 
PARAMETRIC_REPRESENTATION_CONTEXT() REPRESENTATION_CONTEXT('2D SPACE',''
  ) );
#2609 = ADVANCED_FACE('',(#2610),#1521,.F.);
#2610 = FACE_BOUND('',#2611,.F.);
#2611 = EDGE_LOOP('',(#2612,#2635,#2636,#2637));
#2612 = ORIENTED_EDGE('',*,*,#2613,.F.);
#2613 = EDGE_CURVE('',#2569,#2614,#2616,.T.);
#2614 = VERTEX_POINT('',#2615);
#2615 = CARTESIAN_POINT('',(34.973382968186,-5.4,20.35));
#2616 = SURFACE_CURVE('',#2617,(#2621,#2628),.PCURVE_S1.);
#2617 = LINE('',#2618,#2619);
#2618 = CARTESIAN_POINT('',(30.,-5.4,20.35));
#2619 = VECTOR('',#2620,1.);
#2620 = DIRECTION('',(1.,0.,-0.));
#2621 = PCURVE('',#1521,#2622);
#2622 = DEFINITIONAL_REPRESENTATION('',(#2623),#2627);
#2623 = LINE('',#2624,#2625);
#2624 = CARTESIAN_POINT('',(0.,0.));
#2625 = VECTOR('',#2626,1.);
#2626 = DIRECTION('',(0.,1.));
#2627 = ( GEOMETRIC_REPRESENTATION_CONTEXT(2) 
PARAMETRIC_REPRESENTATION_CONTEXT() REPRESENTATION_CONTEXT('2D SPACE',''
  ) );
#2628 = PCURVE('',#938,#2629);
#2629 = DEFINITIONAL_REPRESENTATION('',(#2630),#2634);
#2630 = LINE('',#2631,#2632);
#2631 = CARTESIAN_POINT('',(0.,0.));
#2632 = VECTOR('',#2633,1.);
#2633 = DIRECTION('',(1.,0.));
#2634 = ( GEOMETRIC_REPRESENTATION_CONTEXT(2) 
PARAMETRIC_REPRESENTATION_CONTEXT() REPRESENTATION_CONTEXT('2D SPACE',''
  ) );
#2635 = ORIENTED_EDGE('',*,*,#2591,.F.);
#2636 = ORIENTED_EDGE('',*,*,#1505,.T.);
#2637 = ORIENTED_EDGE('',*,*,#2638,.F.);
#2638 = EDGE_CURVE('',#2614,#1506,#2639,.T.);
#2639 = SURFACE_CURVE('',#2640,(#2645,#2652),.PCURVE_S1.);
#2640 = CIRCLE('',#2641,2.35);
#2641 = AXIS2_PLACEMENT_3D('',#2642,#2643,#2644);
#2642 = CARTESIAN_POINT('',(37.1,-5.4,21.35));
#2643 = DIRECTION('',(-0.,1.,0.));
#2644 = DIRECTION('',(1.,0.,0.));
#2645 = PCURVE('',#1521,#2646);
#2646 = DEFINITIONAL_REPRESENTATION('',(#2647),#2651);
#2647 = CIRCLE('',#2648,2.35);
#2648 = AXIS2_PLACEMENT_2D('',#2649,#2650);
#2649 = CARTESIAN_POINT('',(1.,7.1));
#2650 = DIRECTION('',(0.,1.));
#2651 = ( GEOMETRIC_REPRESENTATION_CONTEXT(2) 
PARAMETRIC_REPRESENTATION_CONTEXT() REPRESENTATION_CONTEXT('2D SPACE',''
  ) );
#2652 = PCURVE('',#1548,#2653);
#2653 = DEFINITIONAL_REPRESENTATION('',(#2654),#2658);
#2654 = LINE('',#2655,#2656);
#2655 = CARTESIAN_POINT('',(0.,4.7));
#2656 = VECTOR('',#2657,1.);
#2657 = DIRECTION('',(1.,0.));
#2658 = ( GEOMETRIC_REPRESENTATION_CONTEXT(2) 
PARAMETRIC_REPRESENTATION_CONTEXT() REPRESENTATION_CONTEXT('2D SPACE',''
  ) );
#2659 = ADVANCED_FACE('',(#2660),#1548,.F.);
#2660 = FACE_BOUND('',#2661,.F.);
#2661 = EDGE_LOOP('',(#2662,#2686,#2705,#2706));
#2662 = ORIENTED_EDGE('',*,*,#2663,.F.);
#2663 = EDGE_CURVE('',#2664,#1534,#2666,.T.);
#2664 = VERTEX_POINT('',#2665);
#2665 = CARTESIAN_POINT('',(34.973382968186,-4.6,20.35));
#2666 = SURFACE_CURVE('',#2667,(#2672,#2679),.PCURVE_S1.);
#2667 = CIRCLE('',#2668,2.35);
#2668 = AXIS2_PLACEMENT_3D('',#2669,#2670,#2671);
#2669 = CARTESIAN_POINT('',(37.1,-4.6,21.35));
#2670 = DIRECTION('',(-0.,1.,0.));
#2671 = DIRECTION('',(1.,0.,0.));
#2672 = PCURVE('',#1548,#2673);
#2673 = DEFINITIONAL_REPRESENTATION('',(#2674),#2678);
#2674 = LINE('',#2675,#2676);
#2675 = CARTESIAN_POINT('',(0.,5.5));
#2676 = VECTOR('',#2677,1.);
#2677 = DIRECTION('',(1.,0.));
#2678 = ( GEOMETRIC_REPRESENTATION_CONTEXT(2) 
PARAMETRIC_REPRESENTATION_CONTEXT() REPRESENTATION_CONTEXT('2D SPACE',''
  ) );
#2679 = PCURVE('',#1574,#2680);
#2680 = DEFINITIONAL_REPRESENTATION('',(#2681),#2685);
#2681 = CIRCLE('',#2682,2.35);
#2682 = AXIS2_PLACEMENT_2D('',#2683,#2684);
#2683 = CARTESIAN_POINT('',(0.,0.));
#2684 = DIRECTION('',(1.,0.));
#2685 = ( GEOMETRIC_REPRESENTATION_CONTEXT(2) 
PARAMETRIC_REPRESENTATION_CONTEXT() REPRESENTATION_CONTEXT('2D SPACE',''
  ) );
#2686 = ORIENTED_EDGE('',*,*,#2687,.F.);
#2687 = EDGE_CURVE('',#2614,#2664,#2688,.T.);
#2688 = SURFACE_CURVE('',#2689,(#2693,#2699),.PCURVE_S1.);
#2689 = LINE('',#2690,#2691);
#2690 = CARTESIAN_POINT('',(34.973382968186,-10.1,20.35));
#2691 = VECTOR('',#2692,1.);
#2692 = DIRECTION('',(0.,1.,0.));
#2693 = PCURVE('',#1548,#2694);
#2694 = DEFINITIONAL_REPRESENTATION('',(#2695),#2698);
#2695 = B_SPLINE_CURVE_WITH_KNOTS('',1,(#2696,#2697),.UNSPECIFIED.,.F.,
  .F.,(2,2),(3.75,5.5000006),.PIECEWISE_BEZIER_KNOTS.);
#2696 = CARTESIAN_POINT('',(2.702043061142,3.75));
#2697 = CARTESIAN_POINT('',(2.702043061142,5.5000006));
#2698 = ( GEOMETRIC_REPRESENTATION_CONTEXT(2) 
PARAMETRIC_REPRESENTATION_CONTEXT() REPRESENTATION_CONTEXT('2D SPACE',''
  ) );
#2699 = PCURVE('',#938,#2700);
#2700 = DEFINITIONAL_REPRESENTATION('',(#2701),#2704);
#2701 = B_SPLINE_CURVE_WITH_KNOTS('',1,(#2702,#2703),.UNSPECIFIED.,.F.,
  .F.,(2,2),(3.75,5.5000006),.PIECEWISE_BEZIER_KNOTS.);
#2702 = CARTESIAN_POINT('',(4.973382968186,-0.95));
#2703 = CARTESIAN_POINT('',(4.973382968186,0.8000006));
#2704 = ( GEOMETRIC_REPRESENTATION_CONTEXT(2) 
PARAMETRIC_REPRESENTATION_CONTEXT() REPRESENTATION_CONTEXT('2D SPACE',''
  ) );
#2705 = ORIENTED_EDGE('',*,*,#2638,.T.);
#2706 = ORIENTED_EDGE('',*,*,#1533,.T.);
#2707 = ADVANCED_FACE('',(#2708),#1574,.F.);
#2708 = FACE_BOUND('',#2709,.F.);
#2709 = EDGE_LOOP('',(#2710,#2731,#2732,#2733));
#2710 = ORIENTED_EDGE('',*,*,#2711,.T.);
#2711 = EDGE_CURVE('',#2712,#2664,#2714,.T.);
#2712 = VERTEX_POINT('',#2713);
#2713 = CARTESIAN_POINT('',(38.,-4.6,20.35));
#2714 = SURFACE_CURVE('',#2715,(#2719,#2725),.PCURVE_S1.);
#2715 = LINE('',#2716,#2717);
#2716 = CARTESIAN_POINT('',(33.55,-4.6,20.35));
#2717 = VECTOR('',#2718,1.);
#2718 = DIRECTION('',(-1.,0.,0.));
#2719 = PCURVE('',#1574,#2720);
#2720 = DEFINITIONAL_REPRESENTATION('',(#2721),#2724);
#2721 = B_SPLINE_CURVE_WITH_KNOTS('',1,(#2722,#2723),.UNSPECIFIED.,.F.,
  .F.,(2,2),(-4.45,-1.2),.PIECEWISE_BEZIER_KNOTS.);
#2722 = CARTESIAN_POINT('',(0.9,1.));
#2723 = CARTESIAN_POINT('',(-2.35,1.));
#2724 = ( GEOMETRIC_REPRESENTATION_CONTEXT(2) 
PARAMETRIC_REPRESENTATION_CONTEXT() REPRESENTATION_CONTEXT('2D SPACE',''
  ) );
#2725 = PCURVE('',#938,#2726);
#2726 = DEFINITIONAL_REPRESENTATION('',(#2727),#2730);
#2727 = B_SPLINE_CURVE_WITH_KNOTS('',1,(#2728,#2729),.UNSPECIFIED.,.F.,
  .F.,(2,2),(-4.45,-1.2),.PIECEWISE_BEZIER_KNOTS.);
#2728 = CARTESIAN_POINT('',(8.,0.8));
#2729 = CARTESIAN_POINT('',(4.75,0.8));
#2730 = ( GEOMETRIC_REPRESENTATION_CONTEXT(2) 
PARAMETRIC_REPRESENTATION_CONTEXT() REPRESENTATION_CONTEXT('2D SPACE',''
  ) );
#2731 = ORIENTED_EDGE('',*,*,#2663,.T.);
#2732 = ORIENTED_EDGE('',*,*,#1559,.F.);
#2733 = ORIENTED_EDGE('',*,*,#2734,.F.);
#2734 = EDGE_CURVE('',#2712,#1560,#2735,.T.);
#2735 = SURFACE_CURVE('',#2736,(#2740,#2746),.PCURVE_S1.);
#2736 = LINE('',#2737,#2738);
#2737 = CARTESIAN_POINT('',(38.,-4.6,20.85));
#2738 = VECTOR('',#2739,1.);
#2739 = DIRECTION('',(0.,-0.,1.));
#2740 = PCURVE('',#1574,#2741);
#2741 = DEFINITIONAL_REPRESENTATION('',(#2742),#2745);
#2742 = B_SPLINE_CURVE_WITH_KNOTS('',1,(#2743,#2744),.UNSPECIFIED.,.F.,
  .F.,(2,2),(-0.5,1.5),.PIECEWISE_BEZIER_KNOTS.);
#2743 = CARTESIAN_POINT('',(0.9,1.));
#2744 = CARTESIAN_POINT('',(0.9,-1.));
#2745 = ( GEOMETRIC_REPRESENTATION_CONTEXT(2) 
PARAMETRIC_REPRESENTATION_CONTEXT() REPRESENTATION_CONTEXT('2D SPACE',''
  ) );
#2746 = PCURVE('',#1601,#2747);
#2747 = DEFINITIONAL_REPRESENTATION('',(#2748),#2751);
#2748 = B_SPLINE_CURVE_WITH_KNOTS('',1,(#2749,#2750),.UNSPECIFIED.,.F.,
  .F.,(2,2),(-0.5,1.5),.PIECEWISE_BEZIER_KNOTS.);
#2749 = CARTESIAN_POINT('',(0.,-0.8));
#2750 = CARTESIAN_POINT('',(2.,-0.8));
#2751 = ( GEOMETRIC_REPRESENTATION_CONTEXT(2) 
PARAMETRIC_REPRESENTATION_CONTEXT() REPRESENTATION_CONTEXT('2D SPACE',''
  ) );
#2752 = ADVANCED_FACE('',(#2753),#1601,.T.);
#2753 = FACE_BOUND('',#2754,.T.);
#2754 = EDGE_LOOP('',(#2755,#2756,#2757,#2780));
#2755 = ORIENTED_EDGE('',*,*,#1585,.F.);
#2756 = ORIENTED_EDGE('',*,*,#2734,.F.);
#2757 = ORIENTED_EDGE('',*,*,#2758,.T.);
#2758 = EDGE_CURVE('',#2712,#2759,#2761,.T.);
#2759 = VERTEX_POINT('',#2760);
#2760 = CARTESIAN_POINT('',(38.,-3.6,20.35));
#2761 = SURFACE_CURVE('',#2762,(#2766,#2773),.PCURVE_S1.);
#2762 = LINE('',#2763,#2764);
#2763 = CARTESIAN_POINT('',(38.,-5.4,20.35));
#2764 = VECTOR('',#2765,1.);
#2765 = DIRECTION('',(-0.,1.,0.));
#2766 = PCURVE('',#1601,#2767);
#2767 = DEFINITIONAL_REPRESENTATION('',(#2768),#2772);
#2768 = LINE('',#2769,#2770);
#2769 = CARTESIAN_POINT('',(0.,0.));
#2770 = VECTOR('',#2771,1.);
#2771 = DIRECTION('',(0.,-1.));
#2772 = ( GEOMETRIC_REPRESENTATION_CONTEXT(2) 
PARAMETRIC_REPRESENTATION_CONTEXT() REPRESENTATION_CONTEXT('2D SPACE',''
  ) );
#2773 = PCURVE('',#938,#2774);
#2774 = DEFINITIONAL_REPRESENTATION('',(#2775),#2779);
#2775 = LINE('',#2776,#2777);
#2776 = CARTESIAN_POINT('',(8.,0.));
#2777 = VECTOR('',#2778,1.);
#2778 = DIRECTION('',(0.,1.));
#2779 = ( GEOMETRIC_REPRESENTATION_CONTEXT(2) 
PARAMETRIC_REPRESENTATION_CONTEXT() REPRESENTATION_CONTEXT('2D SPACE',''
  ) );
#2780 = ORIENTED_EDGE('',*,*,#2781,.F.);
#2781 = EDGE_CURVE('',#1586,#2759,#2782,.T.);
#2782 = SURFACE_CURVE('',#2783,(#2787,#2793),.PCURVE_S1.);
#2783 = LINE('',#2784,#2785);
#2784 = CARTESIAN_POINT('',(38.,-3.6,18.4));
#2785 = VECTOR('',#2786,1.);
#2786 = DIRECTION('',(-0.,0.,-1.));
#2787 = PCURVE('',#1601,#2788);
#2788 = DEFINITIONAL_REPRESENTATION('',(#2789),#2792);
#2789 = B_SPLINE_CURVE_WITH_KNOTS('',1,(#2790,#2791),.UNSPECIFIED.,.F.,
  .F.,(2,2),(-3.95,-1.95),.PIECEWISE_BEZIER_KNOTS.);
#2790 = CARTESIAN_POINT('',(2.,-1.8));
#2791 = CARTESIAN_POINT('',(0.,-1.8));
#2792 = ( GEOMETRIC_REPRESENTATION_CONTEXT(2) 
PARAMETRIC_REPRESENTATION_CONTEXT() REPRESENTATION_CONTEXT('2D SPACE',''
  ) );
#2793 = PCURVE('',#62,#2794);
#2794 = DEFINITIONAL_REPRESENTATION('',(#2795),#2798);
#2795 = B_SPLINE_CURVE_WITH_KNOTS('',1,(#2796,#2797),.UNSPECIFIED.,.F.,
  .F.,(2,2),(-3.95,-1.95),.PIECEWISE_BEZIER_KNOTS.);
#2796 = CARTESIAN_POINT('',(5.9,6.1));
#2797 = CARTESIAN_POINT('',(3.9,6.1));
#2798 = ( GEOMETRIC_REPRESENTATION_CONTEXT(2) 
PARAMETRIC_REPRESENTATION_CONTEXT() REPRESENTATION_CONTEXT('2D SPACE',''
  ) );
#2799 = ADVANCED_FACE('',(#2800),#982,.F.);
#2800 = FACE_BOUND('',#2801,.F.);
#2801 = EDGE_LOOP('',(#2802,#2823,#2824,#2825));
#2802 = ORIENTED_EDGE('',*,*,#2803,.F.);
#2803 = EDGE_CURVE('',#923,#1718,#2804,.T.);
#2804 = SURFACE_CURVE('',#2805,(#2809,#2816),.PCURVE_S1.);
#2805 = LINE('',#2806,#2807);
#2806 = CARTESIAN_POINT('',(25.6,-6.1,20.35));
#2807 = VECTOR('',#2808,1.);
#2808 = DIRECTION('',(1.,0.,-0.));
#2809 = PCURVE('',#982,#2810);
#2810 = DEFINITIONAL_REPRESENTATION('',(#2811),#2815);
#2811 = LINE('',#2812,#2813);
#2812 = CARTESIAN_POINT('',(0.,0.));
#2813 = VECTOR('',#2814,1.);
#2814 = DIRECTION('',(0.,1.));
#2815 = ( GEOMETRIC_REPRESENTATION_CONTEXT(2) 
PARAMETRIC_REPRESENTATION_CONTEXT() REPRESENTATION_CONTEXT('2D SPACE',''
  ) );
#2816 = PCURVE('',#938,#2817);
#2817 = DEFINITIONAL_REPRESENTATION('',(#2818),#2822);
#2818 = LINE('',#2819,#2820);
#2819 = CARTESIAN_POINT('',(-4.4,-0.7));
#2820 = VECTOR('',#2821,1.);
#2821 = DIRECTION('',(1.,0.));
#2822 = ( GEOMETRIC_REPRESENTATION_CONTEXT(2) 
PARAMETRIC_REPRESENTATION_CONTEXT() REPRESENTATION_CONTEXT('2D SPACE',''
  ) );
#2823 = ORIENTED_EDGE('',*,*,#954,.F.);
#2824 = ORIENTED_EDGE('',*,*,#1400,.T.);
#2825 = ORIENTED_EDGE('',*,*,#1739,.F.);
#2826 = ADVANCED_FACE('',(#2827),#938,.F.);
#2827 = FACE_BOUND('',#2828,.F.);
#2828 = EDGE_LOOP('',(#2829,#2849,#2850,#2851,#2852,#2853,#2854,#2855,
    #2856,#2857));
#2829 = ORIENTED_EDGE('',*,*,#2830,.F.);
#2830 = EDGE_CURVE('',#886,#2759,#2831,.T.);
#2831 = SURFACE_CURVE('',#2832,(#2836,#2843),.PCURVE_S1.);
#2832 = LINE('',#2833,#2834);
#2833 = CARTESIAN_POINT('',(30.95,-3.6,20.35));
#2834 = VECTOR('',#2835,1.);
#2835 = DIRECTION('',(1.,0.,-0.));
#2836 = PCURVE('',#938,#2837);
#2837 = DEFINITIONAL_REPRESENTATION('',(#2838),#2842);
#2838 = LINE('',#2839,#2840);
#2839 = CARTESIAN_POINT('',(0.95,1.8));
#2840 = VECTOR('',#2841,1.);
#2841 = DIRECTION('',(1.,0.));
#2842 = ( GEOMETRIC_REPRESENTATION_CONTEXT(2) 
PARAMETRIC_REPRESENTATION_CONTEXT() REPRESENTATION_CONTEXT('2D SPACE',''
  ) );
#2843 = PCURVE('',#62,#2844);
#2844 = DEFINITIONAL_REPRESENTATION('',(#2845),#2848);
#2845 = B_SPLINE_CURVE_WITH_KNOTS('',1,(#2846,#2847),.UNSPECIFIED.,.F.,
  .F.,(2,2),(0.95,7.05),.PIECEWISE_BEZIER_KNOTS.);
#2846 = CARTESIAN_POINT('',(3.9,0.));
#2847 = CARTESIAN_POINT('',(3.9,6.1));
#2848 = ( GEOMETRIC_REPRESENTATION_CONTEXT(2) 
PARAMETRIC_REPRESENTATION_CONTEXT() REPRESENTATION_CONTEXT('2D SPACE',''
  ) );
#2849 = ORIENTED_EDGE('',*,*,#922,.T.);
#2850 = ORIENTED_EDGE('',*,*,#2803,.T.);
#2851 = ORIENTED_EDGE('',*,*,#1717,.F.);
#2852 = ORIENTED_EDGE('',*,*,#2516,.T.);
#2853 = ORIENTED_EDGE('',*,*,#2568,.T.);
#2854 = ORIENTED_EDGE('',*,*,#2613,.T.);
#2855 = ORIENTED_EDGE('',*,*,#2687,.T.);
#2856 = ORIENTED_EDGE('',*,*,#2711,.F.);
#2857 = ORIENTED_EDGE('',*,*,#2758,.T.);
#2858 = ADVANCED_FACE('',(#2859),#703,.F.);
#2859 = FACE_BOUND('',#2860,.F.);
#2860 = EDGE_LOOP('',(#2861,#2884,#2885,#2886,#2910,#2934,#2962,#2990,
    #3013,#3041));
#2861 = ORIENTED_EDGE('',*,*,#2862,.F.);
#2862 = EDGE_CURVE('',#576,#2863,#2865,.T.);
#2863 = VERTEX_POINT('',#2864);
#2864 = CARTESIAN_POINT('',(29.7,-2.75,17.920714360104));
#2865 = SURFACE_CURVE('',#2866,(#2870,#2877),.PCURVE_S1.);
#2866 = LINE('',#2867,#2868);
#2867 = CARTESIAN_POINT('',(29.7,-2.75,16.6));
#2868 = VECTOR('',#2869,1.);
#2869 = DIRECTION('',(0.,0.,1.));
#2870 = PCURVE('',#703,#2871);
#2871 = DEFINITIONAL_REPRESENTATION('',(#2872),#2876);
#2872 = LINE('',#2873,#2874);
#2873 = CARTESIAN_POINT('',(0.,0.));
#2874 = VECTOR('',#2875,1.);
#2875 = DIRECTION('',(1.,0.));
#2876 = ( GEOMETRIC_REPRESENTATION_CONTEXT(2) 
PARAMETRIC_REPRESENTATION_CONTEXT() REPRESENTATION_CONTEXT('2D SPACE',''
  ) );
#2877 = PCURVE('',#675,#2878);
#2878 = DEFINITIONAL_REPRESENTATION('',(#2879),#2883);
#2879 = LINE('',#2880,#2881);
#2880 = CARTESIAN_POINT('',(0.,7.95));
#2881 = VECTOR('',#2882,1.);
#2882 = DIRECTION('',(1.,0.));
#2883 = ( GEOMETRIC_REPRESENTATION_CONTEXT(2) 
PARAMETRIC_REPRESENTATION_CONTEXT() REPRESENTATION_CONTEXT('2D SPACE',''
  ) );
#2884 = ORIENTED_EDGE('',*,*,#687,.T.);
#2885 = ORIENTED_EDGE('',*,*,#715,.T.);
#2886 = ORIENTED_EDGE('',*,*,#2887,.T.);
#2887 = EDGE_CURVE('',#716,#2888,#2890,.T.);
#2888 = VERTEX_POINT('',#2889);
#2889 = CARTESIAN_POINT('',(29.7,2.05,17.1));
#2890 = SURFACE_CURVE('',#2891,(#2896,#2903),.PCURVE_S1.);
#2891 = CIRCLE('',#2892,4.25);
#2892 = AXIS2_PLACEMENT_3D('',#2893,#2894,#2895);
#2893 = CARTESIAN_POINT('',(29.7,2.05,21.35));
#2894 = DIRECTION('',(1.,0.,-0.));
#2895 = DIRECTION('',(0.,0.,1.));
#2896 = PCURVE('',#703,#2897);
#2897 = DEFINITIONAL_REPRESENTATION('',(#2898),#2902);
#2898 = CIRCLE('',#2899,4.25);
#2899 = AXIS2_PLACEMENT_2D('',#2900,#2901);
#2900 = CARTESIAN_POINT('',(4.75,-4.8));
#2901 = DIRECTION('',(1.,0.));
#2902 = ( GEOMETRIC_REPRESENTATION_CONTEXT(2) 
PARAMETRIC_REPRESENTATION_CONTEXT() REPRESENTATION_CONTEXT('2D SPACE',''
  ) );
#2903 = PCURVE('',#185,#2904);
#2904 = DEFINITIONAL_REPRESENTATION('',(#2905),#2909);
#2905 = LINE('',#2906,#2907);
#2906 = CARTESIAN_POINT('',(4.712388980385,1.570796326795));
#2907 = VECTOR('',#2908,1.);
#2908 = DIRECTION('',(0.,-1.));
#2909 = ( GEOMETRIC_REPRESENTATION_CONTEXT(2) 
PARAMETRIC_REPRESENTATION_CONTEXT() REPRESENTATION_CONTEXT('2D SPACE',''
  ) );
#2910 = ORIENTED_EDGE('',*,*,#2911,.T.);
#2911 = EDGE_CURVE('',#2888,#2912,#2914,.T.);
#2912 = VERTEX_POINT('',#2913);
#2913 = CARTESIAN_POINT('',(29.7,2.75,17.158043416255));
#2914 = SURFACE_CURVE('',#2915,(#2920,#2927),.PCURVE_S1.);
#2915 = CIRCLE('',#2916,4.25);
#2916 = AXIS2_PLACEMENT_3D('',#2917,#2918,#2919);
#2917 = CARTESIAN_POINT('',(29.7,2.05,21.35));
#2918 = DIRECTION('',(1.,0.,-0.));
#2919 = DIRECTION('',(0.,0.,1.));
#2920 = PCURVE('',#703,#2921);
#2921 = DEFINITIONAL_REPRESENTATION('',(#2922),#2926);
#2922 = CIRCLE('',#2923,4.25);
#2923 = AXIS2_PLACEMENT_2D('',#2924,#2925);
#2924 = CARTESIAN_POINT('',(4.75,-4.8));
#2925 = DIRECTION('',(1.,0.));
#2926 = ( GEOMETRIC_REPRESENTATION_CONTEXT(2) 
PARAMETRIC_REPRESENTATION_CONTEXT() REPRESENTATION_CONTEXT('2D SPACE',''
  ) );
#2927 = PCURVE('',#147,#2928);
#2928 = DEFINITIONAL_REPRESENTATION('',(#2929),#2933);
#2929 = LINE('',#2930,#2931);
#2930 = CARTESIAN_POINT('',(1.570796326795,-4.712388980385));
#2931 = VECTOR('',#2932,1.);
#2932 = DIRECTION('',(-0.,1.));
#2933 = ( GEOMETRIC_REPRESENTATION_CONTEXT(2) 
PARAMETRIC_REPRESENTATION_CONTEXT() REPRESENTATION_CONTEXT('2D SPACE',''
  ) );
#2934 = ORIENTED_EDGE('',*,*,#2935,.T.);
#2935 = EDGE_CURVE('',#2912,#2936,#2938,.T.);
#2936 = VERTEX_POINT('',#2937);
#2937 = CARTESIAN_POINT('',(29.7,2.75,17.920714360104));
#2938 = SURFACE_CURVE('',#2939,(#2943,#2950),.PCURVE_S1.);
#2939 = LINE('',#2940,#2941);
#2940 = CARTESIAN_POINT('',(29.7,2.75,16.6));
#2941 = VECTOR('',#2942,1.);
#2942 = DIRECTION('',(0.,0.,1.));
#2943 = PCURVE('',#703,#2944);
#2944 = DEFINITIONAL_REPRESENTATION('',(#2945),#2949);
#2945 = LINE('',#2946,#2947);
#2946 = CARTESIAN_POINT('',(0.,-5.5));
#2947 = VECTOR('',#2948,1.);
#2948 = DIRECTION('',(1.,0.));
#2949 = ( GEOMETRIC_REPRESENTATION_CONTEXT(2) 
PARAMETRIC_REPRESENTATION_CONTEXT() REPRESENTATION_CONTEXT('2D SPACE',''
  ) );
#2950 = PCURVE('',#2951,#2956);
#2951 = PLANE('',#2952);
#2952 = AXIS2_PLACEMENT_3D('',#2953,#2954,#2955);
#2953 = CARTESIAN_POINT('',(21.75,2.75,16.6));
#2954 = DIRECTION('',(-0.,1.,0.));
#2955 = DIRECTION('',(0.,0.,1.));
#2956 = DEFINITIONAL_REPRESENTATION('',(#2957),#2961);
#2957 = LINE('',#2958,#2959);
#2958 = CARTESIAN_POINT('',(0.,7.95));
#2959 = VECTOR('',#2960,1.);
#2960 = DIRECTION('',(1.,0.));
#2961 = ( GEOMETRIC_REPRESENTATION_CONTEXT(2) 
PARAMETRIC_REPRESENTATION_CONTEXT() REPRESENTATION_CONTEXT('2D SPACE',''
  ) );
#2962 = ORIENTED_EDGE('',*,*,#2963,.F.);
#2963 = EDGE_CURVE('',#2964,#2936,#2966,.T.);
#2964 = VERTEX_POINT('',#2965);
#2965 = CARTESIAN_POINT('',(29.7,2.05,17.85));
#2966 = SURFACE_CURVE('',#2967,(#2972,#2979),.PCURVE_S1.);
#2967 = CIRCLE('',#2968,3.5);
#2968 = AXIS2_PLACEMENT_3D('',#2969,#2970,#2971);
#2969 = CARTESIAN_POINT('',(29.7,2.05,21.35));
#2970 = DIRECTION('',(1.,0.,-0.));
#2971 = DIRECTION('',(0.,0.,1.));
#2972 = PCURVE('',#703,#2973);
#2973 = DEFINITIONAL_REPRESENTATION('',(#2974),#2978);
#2974 = CIRCLE('',#2975,3.5);
#2975 = AXIS2_PLACEMENT_2D('',#2976,#2977);
#2976 = CARTESIAN_POINT('',(4.75,-4.8));
#2977 = DIRECTION('',(1.,0.));
#2978 = ( GEOMETRIC_REPRESENTATION_CONTEXT(2) 
PARAMETRIC_REPRESENTATION_CONTEXT() REPRESENTATION_CONTEXT('2D SPACE',''
  ) );
#2979 = PCURVE('',#2980,#2985);
#2980 = SPHERICAL_SURFACE('',#2981,3.5);
#2981 = AXIS2_PLACEMENT_3D('',#2982,#2983,#2984);
#2982 = CARTESIAN_POINT('',(29.7,2.05,21.35));
#2983 = DIRECTION('',(0.,0.,1.));
#2984 = DIRECTION('',(1.,0.,-0.));
#2985 = DEFINITIONAL_REPRESENTATION('',(#2986),#2989);
#2986 = B_SPLINE_CURVE_WITH_KNOTS('',1,(#2987,#2988),.UNSPECIFIED.,.F.,
  .F.,(2,2),(3.14159265359,3.34295057438),.PIECEWISE_BEZIER_KNOTS.);
#2987 = CARTESIAN_POINT('',(7.853981633974,-1.570796326795));
#2988 = CARTESIAN_POINT('',(7.853981633974,-1.369438406005));
#2989 = ( GEOMETRIC_REPRESENTATION_CONTEXT(2) 
PARAMETRIC_REPRESENTATION_CONTEXT() REPRESENTATION_CONTEXT('2D SPACE',''
  ) );
#2990 = ORIENTED_EDGE('',*,*,#2991,.F.);
#2991 = EDGE_CURVE('',#2992,#2964,#2994,.T.);
#2992 = VERTEX_POINT('',#2993);
#2993 = CARTESIAN_POINT('',(29.7,2.005802931156E-14,18.513188409499));
#2994 = SURFACE_CURVE('',#2995,(#3000,#3007),.PCURVE_S1.);
#2995 = CIRCLE('',#2996,3.5);
#2996 = AXIS2_PLACEMENT_3D('',#2997,#2998,#2999);
#2997 = CARTESIAN_POINT('',(29.7,2.05,21.35));
#2998 = DIRECTION('',(1.,0.,-0.));
#2999 = DIRECTION('',(0.,0.,1.));
#3000 = PCURVE('',#703,#3001);
#3001 = DEFINITIONAL_REPRESENTATION('',(#3002),#3006);
#3002 = CIRCLE('',#3003,3.5);
#3003 = AXIS2_PLACEMENT_2D('',#3004,#3005);
#3004 = CARTESIAN_POINT('',(4.75,-4.8));
#3005 = DIRECTION('',(1.,0.));
#3006 = ( GEOMETRIC_REPRESENTATION_CONTEXT(2) 
PARAMETRIC_REPRESENTATION_CONTEXT() REPRESENTATION_CONTEXT('2D SPACE',''
  ) );
#3007 = PCURVE('',#2980,#3008);
#3008 = DEFINITIONAL_REPRESENTATION('',(#3009),#3012);
#3009 = B_SPLINE_CURVE_WITH_KNOTS('',1,(#3010,#3011),.UNSPECIFIED.,.F.,
  .F.,(2,2),(2.515831605077,3.14159265359),.PIECEWISE_BEZIER_KNOTS.);
#3010 = CARTESIAN_POINT('',(4.712388980385,-0.945035278282));
#3011 = CARTESIAN_POINT('',(4.712388980385,-1.570796326795));
#3012 = ( GEOMETRIC_REPRESENTATION_CONTEXT(2) 
PARAMETRIC_REPRESENTATION_CONTEXT() REPRESENTATION_CONTEXT('2D SPACE',''
  ) );
#3013 = ORIENTED_EDGE('',*,*,#3014,.F.);
#3014 = EDGE_CURVE('',#3015,#2992,#3017,.T.);
#3015 = VERTEX_POINT('',#3016);
#3016 = CARTESIAN_POINT('',(29.7,-2.05,17.85));
#3017 = SURFACE_CURVE('',#3018,(#3023,#3030),.PCURVE_S1.);
#3018 = CIRCLE('',#3019,3.5);
#3019 = AXIS2_PLACEMENT_3D('',#3020,#3021,#3022);
#3020 = CARTESIAN_POINT('',(29.7,-2.05,21.35));
#3021 = DIRECTION('',(1.,0.,-0.));
#3022 = DIRECTION('',(0.,0.,1.));
#3023 = PCURVE('',#703,#3024);
#3024 = DEFINITIONAL_REPRESENTATION('',(#3025),#3029);
#3025 = CIRCLE('',#3026,3.5);
#3026 = AXIS2_PLACEMENT_2D('',#3027,#3028);
#3027 = CARTESIAN_POINT('',(4.75,-0.7));
#3028 = DIRECTION('',(1.,0.));
#3029 = ( GEOMETRIC_REPRESENTATION_CONTEXT(2) 
PARAMETRIC_REPRESENTATION_CONTEXT() REPRESENTATION_CONTEXT('2D SPACE',''
  ) );
#3030 = PCURVE('',#3031,#3036);
#3031 = SPHERICAL_SURFACE('',#3032,3.5);
#3032 = AXIS2_PLACEMENT_3D('',#3033,#3034,#3035);
#3033 = CARTESIAN_POINT('',(29.7,-2.05,21.35));
#3034 = DIRECTION('',(0.,0.,1.));
#3035 = DIRECTION('',(1.,0.,-0.));
#3036 = DEFINITIONAL_REPRESENTATION('',(#3037),#3040);
#3037 = B_SPLINE_CURVE_WITH_KNOTS('',1,(#3038,#3039),.UNSPECIFIED.,.F.,
  .F.,(2,2),(3.14159265359,3.767353702103),.PIECEWISE_BEZIER_KNOTS.);
#3038 = CARTESIAN_POINT('',(7.853981633974,-1.570796326795));
#3039 = CARTESIAN_POINT('',(7.853981633974,-0.945035278282));
#3040 = ( GEOMETRIC_REPRESENTATION_CONTEXT(2) 
PARAMETRIC_REPRESENTATION_CONTEXT() REPRESENTATION_CONTEXT('2D SPACE',''
  ) );
#3041 = ORIENTED_EDGE('',*,*,#3042,.F.);
#3042 = EDGE_CURVE('',#2863,#3015,#3043,.T.);
#3043 = SURFACE_CURVE('',#3044,(#3049,#3056),.PCURVE_S1.);
#3044 = CIRCLE('',#3045,3.5);
#3045 = AXIS2_PLACEMENT_3D('',#3046,#3047,#3048);
#3046 = CARTESIAN_POINT('',(29.7,-2.05,21.35));
#3047 = DIRECTION('',(1.,0.,-0.));
#3048 = DIRECTION('',(0.,0.,1.));
#3049 = PCURVE('',#703,#3050);
#3050 = DEFINITIONAL_REPRESENTATION('',(#3051),#3055);
#3051 = CIRCLE('',#3052,3.5);
#3052 = AXIS2_PLACEMENT_2D('',#3053,#3054);
#3053 = CARTESIAN_POINT('',(4.75,-0.7));
#3054 = DIRECTION('',(1.,0.));
#3055 = ( GEOMETRIC_REPRESENTATION_CONTEXT(2) 
PARAMETRIC_REPRESENTATION_CONTEXT() REPRESENTATION_CONTEXT('2D SPACE',''
  ) );
#3056 = PCURVE('',#3031,#3057);
#3057 = DEFINITIONAL_REPRESENTATION('',(#3058),#3061);
#3058 = B_SPLINE_CURVE_WITH_KNOTS('',1,(#3059,#3060),.UNSPECIFIED.,.F.,
  .F.,(2,2),(2.940234732799,3.14159265359),.PIECEWISE_BEZIER_KNOTS.);
#3059 = CARTESIAN_POINT('',(4.712388980385,-1.369438406005));
#3060 = CARTESIAN_POINT('',(4.712388980385,-1.570796326795));
#3061 = ( GEOMETRIC_REPRESENTATION_CONTEXT(2) 
PARAMETRIC_REPRESENTATION_CONTEXT() REPRESENTATION_CONTEXT('2D SPACE',''
  ) );
#3062 = ADVANCED_FACE('',(#3063),#2951,.F.);
#3063 = FACE_BOUND('',#3064,.F.);
#3064 = EDGE_LOOP('',(#3065,#3066,#3173,#3196));
#3065 = ORIENTED_EDGE('',*,*,#2935,.F.);
#3066 = ORIENTED_EDGE('',*,*,#3067,.T.);
#3067 = EDGE_CURVE('',#2912,#3068,#3070,.T.);
#3068 = VERTEX_POINT('',#3069);
#3069 = CARTESIAN_POINT('',(29.7,2.75,25.541956583745));
#3070 = SURFACE_CURVE('',#3071,(#3076,#3083),.PCURVE_S1.);
#3071 = CIRCLE('',#3072,4.191956583745);
#3072 = AXIS2_PLACEMENT_3D('',#3073,#3074,#3075);
#3073 = CARTESIAN_POINT('',(29.7,2.75,21.35));
#3074 = DIRECTION('',(-0.,1.,0.));
#3075 = DIRECTION('',(0.,0.,1.));
#3076 = PCURVE('',#2951,#3077);
#3077 = DEFINITIONAL_REPRESENTATION('',(#3078),#3082);
#3078 = CIRCLE('',#3079,4.191956583745);
#3079 = AXIS2_PLACEMENT_2D('',#3080,#3081);
#3080 = CARTESIAN_POINT('',(4.75,7.95));
#3081 = DIRECTION('',(1.,0.));
#3082 = ( GEOMETRIC_REPRESENTATION_CONTEXT(2) 
PARAMETRIC_REPRESENTATION_CONTEXT() REPRESENTATION_CONTEXT('2D SPACE',''
  ) );
#3083 = PCURVE('',#147,#3084);
#3084 = DEFINITIONAL_REPRESENTATION('',(#3085),#3172);
#3085 = B_SPLINE_CURVE_WITH_KNOTS('',8,(#3086,#3087,#3088,#3089,#3090,
    #3091,#3092,#3093,#3094,#3095,#3096,#3097,#3098,#3099,#3100,#3101,
    #3102,#3103,#3104,#3105,#3106,#3107,#3108,#3109,#3110,#3111,#3112,
    #3113,#3114,#3115,#3116,#3117,#3118,#3119,#3120,#3121,#3122,#3123,
    #3124,#3125,#3126,#3127,#3128,#3129,#3130,#3131,#3132,#3133,#3134,
    #3135,#3136,#3137,#3138,#3139,#3140,#3141,#3142,#3143,#3144,#3145,
    #3146,#3147,#3148,#3149,#3150,#3151,#3152,#3153,#3154,#3155,#3156,
    #3157,#3158,#3159,#3160,#3161,#3162,#3163,#3164,#3165,#3166,#3167,
    #3168,#3169,#3170,#3171),.UNSPECIFIED.,.F.,.F.,(9,7,7,7,7,7,7,7,7,7,
    7,7,9),(3.14159265359,3.239767424014,3.334874232863,3.519143675008,
    3.86464887903,4.469282986067,4.922758566345,5.262865251554,
    5.51794526546,5.90056528632,6.09187529675,6.187530301965,
    6.28318530718),.UNSPECIFIED.);
#3086 = CARTESIAN_POINT('',(1.570796326795,-1.405336513025));
#3087 = CARTESIAN_POINT('',(1.644286393802,-1.405336513025));
#3088 = CARTESIAN_POINT('',(1.71777630492,-1.404305807741));
#3089 = CARTESIAN_POINT('',(1.790040923427,-1.402244486572));
#3090 = CARTESIAN_POINT('',(1.859848536071,-1.399188100262));
#3091 = CARTESIAN_POINT('',(1.926241176589,-1.395209810356));
#3092 = CARTESIAN_POINT('',(1.988750278318,-1.390398604877));
#3093 = CARTESIAN_POINT('',(2.047189838247,-1.384844344603));
#3094 = CARTESIAN_POINT('',(2.154279786432,-1.372614128297));
#3095 = CARTESIAN_POINT('',(2.203178965045,-1.365978638498));
#3096 = CARTESIAN_POINT('',(2.248302478935,-1.358803087514));
#3097 = CARTESIAN_POINT('',(2.289852254603,-1.351160361033));
#3098 = CARTESIAN_POINT('',(2.328106784292,-1.343113524308));
#3099 = CARTESIAN_POINT('',(2.363359922935,-1.334715666276));
#3100 = CARTESIAN_POINT('',(2.395892744318,-1.326011821294));
#3101 = CARTESIAN_POINT('',(2.484237540247,-1.299656748217));
#3102 = CARTESIAN_POINT('',(2.533279845222,-1.281267217104));
#3103 = CARTESIAN_POINT('',(2.575001456951,-1.262147304134));
#3104 = CARTESIAN_POINT('',(2.611006063193,-1.242473583416));
#3105 = CARTESIAN_POINT('',(2.642377183758,-1.222364133822));
#3106 = CARTESIAN_POINT('',(2.669976066558,-1.201905527843));
#3107 = CARTESIAN_POINT('',(2.694438568983,-1.181161134858));
#3108 = CARTESIAN_POINT('',(2.757200174516,-1.12083933086));
#3109 = CARTESIAN_POINT('',(2.788876617194,-1.080665472928));
#3110 = CARTESIAN_POINT('',(2.814605825279,-1.039977897913));
#3111 = CARTESIAN_POINT('',(2.835953681219,-0.998912536085));
#3112 = CARTESIAN_POINT('',(2.854001066782,-0.95756930236));
#3113 = CARTESIAN_POINT('',(2.869437607063,-0.916007208826));
#3114 = CARTESIAN_POINT('',(2.88277571944,-0.874272256508));
#3115 = CARTESIAN_POINT('',(2.91470628055,-0.759115380393));
#3116 = CARTESIAN_POINT('',(2.929737877443,-0.685404311808));
#3117 = CARTESIAN_POINT('',(2.941476280375,-0.611439849954));
#3118 = CARTESIAN_POINT('',(2.950703380075,-0.537291629664));
#3119 = CARTESIAN_POINT('',(2.958015974504,-0.46301566612));
#3120 = CARTESIAN_POINT('',(2.963729206167,-0.388644222029));
#3121 = CARTESIAN_POINT('',(2.968082967744,-0.314205190614));
#3122 = CARTESIAN_POINT('',(2.973564309319,-0.183856548199));
#3123 = CARTESIAN_POINT('',(2.975226545408,-0.127967049907));
#3124 = CARTESIAN_POINT('',(2.976261248131,-7.206098597382E-02));
#3125 = CARTESIAN_POINT('',(2.97670086555,-1.614621800783E-02));
#3126 = CARTESIAN_POINT('',(2.976557597448,3.977009954548E-02));
#3127 = CARTESIAN_POINT('',(2.97582592457,9.568088492103E-02));
#3128 = CARTESIAN_POINT('',(2.97448098652,0.151578520056));
#3129 = CARTESIAN_POINT('',(2.970966674623,0.249361077413));
#3130 = CARTESIAN_POINT('',(2.969087417593,0.291255566178));
#3131 = CARTESIAN_POINT('',(2.966814173757,0.333134050699));
#3132 = CARTESIAN_POINT('',(2.96411746972,0.374992399342));
#3133 = CARTESIAN_POINT('',(2.96095880705,0.416825938709));
#3134 = CARTESIAN_POINT('',(2.957287799587,0.458629162106));
#3135 = CARTESIAN_POINT('',(2.953036863147,0.500395239343));
#3136 = CARTESIAN_POINT('',(2.944420903485,0.573405394215));
#3137 = CARTESIAN_POINT('',(2.940349995178,0.604669583582));
#3138 = CARTESIAN_POINT('',(2.935861825857,0.635904178046));
#3139 = CARTESIAN_POINT('',(2.930908606865,0.667104732081));
#3140 = CARTESIAN_POINT('',(2.925432614762,0.6982659826));
#3141 = CARTESIAN_POINT('',(2.919362410428,0.729381513514));
#3142 = CARTESIAN_POINT('',(2.912606330257,0.760443174779));
#3143 = CARTESIAN_POINT('',(2.893698628184,0.837935877688));
#3144 = CARTESIAN_POINT('',(2.88053769637,0.884286103944));
#3145 = CARTESIAN_POINT('',(2.865154095101,0.930455339316));
#3146 = CARTESIAN_POINT('',(2.846968737571,0.976391218622));
#3147 = CARTESIAN_POINT('',(2.825215344001,1.0220295117));
#3148 = CARTESIAN_POINT('',(2.798602404185,1.067249848956));
#3149 = CARTESIAN_POINT('',(2.765309792132,1.111897750163));
#3150 = CARTESIAN_POINT('',(2.698871542818,1.177387063418));
#3151 = CARTESIAN_POINT('',(2.673975756312,1.198969732242));
#3152 = CARTESIAN_POINT('',(2.645787140362,1.22025306899));
#3153 = CARTESIAN_POINT('',(2.613618211371,1.241168716504));
#3154 = CARTESIAN_POINT('',(2.576521696035,1.261622180035));
#3155 = CARTESIAN_POINT('',(2.533308806511,1.281483774806));
#3156 = CARTESIAN_POINT('',(2.482168853189,1.300556185025));
#3157 = CARTESIAN_POINT('',(2.390340933224,1.327508727597));
#3158 = CARTESIAN_POINT('',(2.357212153122,1.336216896119));
#3159 = CARTESIAN_POINT('',(2.321294804096,1.344609757509));
#3160 = CARTESIAN_POINT('',(2.282301869539,1.352640594399));
#3161 = CARTESIAN_POINT('',(2.239934566248,1.36025433408));
#3162 = CARTESIAN_POINT('',(2.193914142106,1.367385602544));
#3163 = CARTESIAN_POINT('',(2.144048304061,1.373959082705));
#3164 = CARTESIAN_POINT('',(2.036634222996,1.385831905677));
#3165 = CARTESIAN_POINT('',(1.979085981339,1.391131258663));
#3166 = CARTESIAN_POINT('',(1.917698393803,1.395714252157));
#3167 = CARTESIAN_POINT('',(1.852672402511,1.399497956798));
#3168 = CARTESIAN_POINT('',(1.784474130779,1.402401163082));
#3169 = CARTESIAN_POINT('',(1.714003932434,1.404358038255));
#3170 = CARTESIAN_POINT('',(1.642400189095,1.405336513025));
#3171 = CARTESIAN_POINT('',(1.570796326795,1.405336513025));
#3172 = ( GEOMETRIC_REPRESENTATION_CONTEXT(2) 
PARAMETRIC_REPRESENTATION_CONTEXT() REPRESENTATION_CONTEXT('2D SPACE',''
  ) );
#3173 = ORIENTED_EDGE('',*,*,#3174,.F.);
#3174 = EDGE_CURVE('',#3175,#3068,#3177,.T.);
#3175 = VERTEX_POINT('',#3176);
#3176 = CARTESIAN_POINT('',(29.7,2.75,24.779285639896));
#3177 = SURFACE_CURVE('',#3178,(#3182,#3189),.PCURVE_S1.);
#3178 = LINE('',#3179,#3180);
#3179 = CARTESIAN_POINT('',(29.7,2.75,16.6));
#3180 = VECTOR('',#3181,1.);
#3181 = DIRECTION('',(0.,0.,1.));
#3182 = PCURVE('',#2951,#3183);
#3183 = DEFINITIONAL_REPRESENTATION('',(#3184),#3188);
#3184 = LINE('',#3185,#3186);
#3185 = CARTESIAN_POINT('',(0.,7.95));
#3186 = VECTOR('',#3187,1.);
#3187 = DIRECTION('',(1.,0.));
#3188 = ( GEOMETRIC_REPRESENTATION_CONTEXT(2) 
PARAMETRIC_REPRESENTATION_CONTEXT() REPRESENTATION_CONTEXT('2D SPACE',''
  ) );
#3189 = PCURVE('',#540,#3190);
#3190 = DEFINITIONAL_REPRESENTATION('',(#3191),#3195);
#3191 = LINE('',#3192,#3193);
#3192 = CARTESIAN_POINT('',(0.,-5.5));
#3193 = VECTOR('',#3194,1.);
#3194 = DIRECTION('',(1.,0.));
#3195 = ( GEOMETRIC_REPRESENTATION_CONTEXT(2) 
PARAMETRIC_REPRESENTATION_CONTEXT() REPRESENTATION_CONTEXT('2D SPACE',''
  ) );
#3196 = ORIENTED_EDGE('',*,*,#3197,.F.);
#3197 = EDGE_CURVE('',#2936,#3175,#3198,.T.);
#3198 = SURFACE_CURVE('',#3199,(#3204,#3211),.PCURVE_S1.);
#3199 = CIRCLE('',#3200,3.429285639896);
#3200 = AXIS2_PLACEMENT_3D('',#3201,#3202,#3203);
#3201 = CARTESIAN_POINT('',(29.7,2.75,21.35));
#3202 = DIRECTION('',(-0.,1.,0.));
#3203 = DIRECTION('',(0.,0.,1.));
#3204 = PCURVE('',#2951,#3205);
#3205 = DEFINITIONAL_REPRESENTATION('',(#3206),#3210);
#3206 = CIRCLE('',#3207,3.429285639896);
#3207 = AXIS2_PLACEMENT_2D('',#3208,#3209);
#3208 = CARTESIAN_POINT('',(4.75,7.95));
#3209 = DIRECTION('',(1.,0.));
#3210 = ( GEOMETRIC_REPRESENTATION_CONTEXT(2) 
PARAMETRIC_REPRESENTATION_CONTEXT() REPRESENTATION_CONTEXT('2D SPACE',''
  ) );
#3211 = PCURVE('',#2980,#3212);
#3212 = DEFINITIONAL_REPRESENTATION('',(#3213),#3300);
#3213 = B_SPLINE_CURVE_WITH_KNOTS('',8,(#3214,#3215,#3216,#3217,#3218,
    #3219,#3220,#3221,#3222,#3223,#3224,#3225,#3226,#3227,#3228,#3229,
    #3230,#3231,#3232,#3233,#3234,#3235,#3236,#3237,#3238,#3239,#3240,
    #3241,#3242,#3243,#3244,#3245,#3246,#3247,#3248,#3249,#3250,#3251,
    #3252,#3253,#3254,#3255,#3256,#3257,#3258,#3259,#3260,#3261,#3262,
    #3263,#3264,#3265,#3266,#3267,#3268,#3269,#3270,#3271,#3272,#3273,
    #3274,#3275,#3276,#3277,#3278,#3279,#3280,#3281,#3282,#3283,#3284,
    #3285,#3286,#3287,#3288,#3289,#3290,#3291,#3292,#3293,#3294,#3295,
    #3296,#3297,#3298,#3299),.UNSPECIFIED.,.F.,.F.,(9,7,7,7,7,7,7,7,7,7,
    7,7,9),(3.14159265359,3.239767424014,3.334874232863,3.519143675008,
    3.86464887903,4.469282986067,4.922758566345,5.262865251554,
    5.51794526546,5.90056528632,6.09187529675,6.187530301965,
    6.28318530718),.UNSPECIFIED.);
#3214 = CARTESIAN_POINT('',(7.853981633974,-1.369438406005));
#3215 = CARTESIAN_POINT('',(7.914101157263,-1.369438406005));
#3216 = CARTESIAN_POINT('',(7.974220455212,-1.368595375486));
#3217 = CARTESIAN_POINT('',(8.033665229435,-1.366908618915));
#3218 = CARTESIAN_POINT('',(8.0917538125,-1.364399101996));
#3219 = CARTESIAN_POINT('',(8.147915362428,-1.361105905654));
#3220 = CARTESIAN_POINT('',(8.201750101856,-1.3570812383));
#3221 = CARTESIAN_POINT('',(8.253031601873,-1.3523840064));
#3222 = CARTESIAN_POINT('',(8.348751259518,-1.341925882213));
#3223 = CARTESIAN_POINT('',(8.393353790425,-1.336202919722));
#3224 = CARTESIAN_POINT('',(8.435360339439,-1.3299562712));
#3225 = CARTESIAN_POINT('',(8.47478760666,-1.323239335138));
#3226 = CARTESIAN_POINT('',(8.51172580452,-1.316102333577));
#3227 = CARTESIAN_POINT('',(8.546306147005,-1.308590428129));
#3228 = CARTESIAN_POINT('',(8.578677379691,-1.300743311592));
#3229 = CARTESIAN_POINT('',(8.667724669144,-1.276811392086));
#3230 = CARTESIAN_POINT('',(8.718735718494,-1.259900520249));
#3231 = CARTESIAN_POINT('',(8.763134225656,-1.242119467668));
#3232 = CARTESIAN_POINT('',(8.802090582766,-1.223656085309));
#3233 = CARTESIAN_POINT('',(8.83650090111,-1.204642346618));
#3234 = CARTESIAN_POINT('',(8.867101773302,-1.185178997942));
#3235 = CARTESIAN_POINT('',(8.894473459332,-1.165342070169));
#3236 = CARTESIAN_POINT('',(8.96523842409,-1.107408553935));
#3237 = CARTESIAN_POINT('',(9.001693740082,-1.068522405651));
#3238 = CARTESIAN_POINT('',(9.031557673768,-1.028925638223));
#3239 = CARTESIAN_POINT('',(9.05653507445,-0.98880551884));
#3240 = CARTESIAN_POINT('',(9.077745458503,-0.948292706928));
#3241 = CARTESIAN_POINT('',(9.09596740712,-0.907470716212));
#3242 = CARTESIAN_POINT('',(9.111761310405,-0.86640230426));
#3243 = CARTESIAN_POINT('',(9.149671288251,-0.752912510255));
#3244 = CARTESIAN_POINT('',(9.167645210986,-0.680077521165));
#3245 = CARTESIAN_POINT('',(9.181710709411,-0.606874520055));
#3246 = CARTESIAN_POINT('',(9.192797503097,-0.533405113779));
#3247 = CARTESIAN_POINT('',(9.201590983689,-0.459749025359));
#3248 = CARTESIAN_POINT('',(9.208470225266,-0.385953729795));
#3249 = CARTESIAN_POINT('',(9.213715391743,-0.312059560467));
#3250 = CARTESIAN_POINT('',(9.220321906033,-0.18262724786));
#3251 = CARTESIAN_POINT('',(9.222326591077,-0.127118519892));
#3252 = CARTESIAN_POINT('',(9.223574885627,-7.158552990151E-02));
#3253 = CARTESIAN_POINT('',(9.224105329602,-1.603978319833E-02));
#3254 = CARTESIAN_POINT('',(9.223932442483,3.950823431377E-02));
#3255 = CARTESIAN_POINT('',(9.223049648776,9.504814201297E-02));
#3256 = CARTESIAN_POINT('',(9.221427401532,0.150568786413));
#3257 = CARTESIAN_POINT('',(9.217190830773,0.247673858438));
#3258 = CARTESIAN_POINT('',(9.214925861819,0.289272286807));
#3259 = CARTESIAN_POINT('',(9.212186860963,0.330847301428));
#3260 = CARTESIAN_POINT('',(9.208938989339,0.372392877642));
#3261 = CARTESIAN_POINT('',(9.205136753876,0.413902209107));
#3262 = CARTESIAN_POINT('',(9.200720728636,0.455367292933));
#3263 = CARTESIAN_POINT('',(9.195611548976,0.496778239663));
#3264 = CARTESIAN_POINT('',(9.18526840067,0.569130359423));
#3265 = CARTESIAN_POINT('',(9.180384861082,0.600100780814));
#3266 = CARTESIAN_POINT('',(9.175005101817,0.631028212175));
#3267 = CARTESIAN_POINT('',(9.169073595306,0.661906272858));
#3268 = CARTESIAN_POINT('',(9.162523418059,0.69272742407));
#3269 = CARTESIAN_POINT('',(9.155272105406,0.723482507949));
#3270 = CARTESIAN_POINT('',(9.147214687259,0.754159963307));
#3271 = CARTESIAN_POINT('',(9.124712731357,0.830621850161));
#3272 = CARTESIAN_POINT('',(9.109088863972,0.876290334929));
#3273 = CARTESIAN_POINT('',(9.090877820408,0.921699632439));
#3274 = CARTESIAN_POINT('',(9.069446753459,0.966778452409));
#3275 = CARTESIAN_POINT('',(9.043906553173,1.011433599616));
#3276 = CARTESIAN_POINT('',(9.012927798586,1.055508628432));
#3277 = CARTESIAN_POINT('',(8.974467597453,1.09878516277));
#3278 = CARTESIAN_POINT('',(8.899435541815,1.161732622861));
#3279 = CARTESIAN_POINT('',(8.871534711374,1.182387216529));
#3280 = CARTESIAN_POINT('',(8.840233063678,1.202649590578));
#3281 = CARTESIAN_POINT('',(8.804898397076,1.222437387803));
#3282 = CARTESIAN_POINT('',(8.764718000785,1.24164020541));
#3283 = CARTESIAN_POINT('',(8.718700201319,1.260112662909));
#3284 = CARTESIAN_POINT('',(8.665519865258,1.277643958149));
#3285 = CARTESIAN_POINT('',(8.573148929339,1.302093655163));
#3286 = CARTESIAN_POINT('',(8.540258382255,1.309935713092));
#3287 = CARTESIAN_POINT('',(8.505113797988,1.3174335173));
#3288 = CARTESIAN_POINT('',(8.467565267401,1.324546130222));
#3289 = CARTESIAN_POINT('',(8.427482850606,1.3312270085));
#3290 = CARTESIAN_POINT('',(8.384781549837,1.337424502594));
#3291 = CARTESIAN_POINT('',(8.33945517888,1.343083936896));
#3292 = CARTESIAN_POINT('',(8.243783079255,1.353218603785));
#3293 = CARTESIAN_POINT('',(8.193436802624,1.35769374614));
#3294 = CARTESIAN_POINT('',(8.140695498132,1.361523344342));
#3295 = CARTESIAN_POINT('',(8.08578491867,1.364653511195));
#3296 = CARTESIAN_POINT('',(8.029086788174,1.367036842715));
#3297 = CARTESIAN_POINT('',(7.97113436085,1.368638078631));
#3298 = CARTESIAN_POINT('',(7.912558122504,1.369438406005));
#3299 = CARTESIAN_POINT('',(7.853981633974,1.369438406005));
#3300 = ( GEOMETRIC_REPRESENTATION_CONTEXT(2) 
PARAMETRIC_REPRESENTATION_CONTEXT() REPRESENTATION_CONTEXT('2D SPACE',''
  ) );
#3301 = ADVANCED_FACE('',(#3302),#2980,.F.);
#3302 = FACE_BOUND('',#3303,.F.);
#3303 = EDGE_LOOP('',(#3304,#3305,#3306,#3307,#3330,#3353));
#3304 = ORIENTED_EDGE('',*,*,#2991,.T.);
#3305 = ORIENTED_EDGE('',*,*,#2963,.T.);
#3306 = ORIENTED_EDGE('',*,*,#3197,.T.);
#3307 = ORIENTED_EDGE('',*,*,#3308,.T.);
#3308 = EDGE_CURVE('',#3175,#3309,#3311,.T.);
#3309 = VERTEX_POINT('',#3310);
#3310 = CARTESIAN_POINT('',(29.7,2.05,24.85));
#3311 = SURFACE_CURVE('',#3312,(#3317,#3323),.PCURVE_S1.);
#3312 = CIRCLE('',#3313,3.5);
#3313 = AXIS2_PLACEMENT_3D('',#3314,#3315,#3316);
#3314 = CARTESIAN_POINT('',(29.7,2.05,21.35));
#3315 = DIRECTION('',(1.,0.,-0.));
#3316 = DIRECTION('',(0.,0.,1.));
#3317 = PCURVE('',#2980,#3318);
#3318 = DEFINITIONAL_REPRESENTATION('',(#3319),#3322);
#3319 = B_SPLINE_CURVE_WITH_KNOTS('',1,(#3320,#3321),.UNSPECIFIED.,.F.,
  .F.,(2,2),(6.081827386389,6.28318530718),.PIECEWISE_BEZIER_KNOTS.);
#3320 = CARTESIAN_POINT('',(7.853981633974,1.369438406005));
#3321 = CARTESIAN_POINT('',(7.853981633974,1.570796326795));
#3322 = ( GEOMETRIC_REPRESENTATION_CONTEXT(2) 
PARAMETRIC_REPRESENTATION_CONTEXT() REPRESENTATION_CONTEXT('2D SPACE',''
  ) );
#3323 = PCURVE('',#540,#3324);
#3324 = DEFINITIONAL_REPRESENTATION('',(#3325),#3329);
#3325 = CIRCLE('',#3326,3.5);
#3326 = AXIS2_PLACEMENT_2D('',#3327,#3328);
#3327 = CARTESIAN_POINT('',(4.75,-4.8));
#3328 = DIRECTION('',(1.,0.));
#3329 = ( GEOMETRIC_REPRESENTATION_CONTEXT(2) 
PARAMETRIC_REPRESENTATION_CONTEXT() REPRESENTATION_CONTEXT('2D SPACE',''
  ) );
#3330 = ORIENTED_EDGE('',*,*,#3331,.T.);
#3331 = EDGE_CURVE('',#3309,#3332,#3334,.T.);
#3332 = VERTEX_POINT('',#3333);
#3333 = CARTESIAN_POINT('',(29.7,0.,24.186811590501));
#3334 = SURFACE_CURVE('',#3335,(#3340,#3346),.PCURVE_S1.);
#3335 = CIRCLE('',#3336,3.5);
#3336 = AXIS2_PLACEMENT_3D('',#3337,#3338,#3339);
#3337 = CARTESIAN_POINT('',(29.7,2.05,21.35));
#3338 = DIRECTION('',(1.,0.,-0.));
#3339 = DIRECTION('',(0.,0.,1.));
#3340 = PCURVE('',#2980,#3341);
#3341 = DEFINITIONAL_REPRESENTATION('',(#3342),#3345);
#3342 = B_SPLINE_CURVE_WITH_KNOTS('',1,(#3343,#3344),.UNSPECIFIED.,.F.,
  .F.,(2,2),(0.,0.625761048513),.PIECEWISE_BEZIER_KNOTS.);
#3343 = CARTESIAN_POINT('',(4.712388980385,1.570796326795));
#3344 = CARTESIAN_POINT('',(4.712388980385,0.945035278282));
#3345 = ( GEOMETRIC_REPRESENTATION_CONTEXT(2) 
PARAMETRIC_REPRESENTATION_CONTEXT() REPRESENTATION_CONTEXT('2D SPACE',''
  ) );
#3346 = PCURVE('',#540,#3347);
#3347 = DEFINITIONAL_REPRESENTATION('',(#3348),#3352);
#3348 = CIRCLE('',#3349,3.5);
#3349 = AXIS2_PLACEMENT_2D('',#3350,#3351);
#3350 = CARTESIAN_POINT('',(4.75,-4.8));
#3351 = DIRECTION('',(1.,0.));
#3352 = ( GEOMETRIC_REPRESENTATION_CONTEXT(2) 
PARAMETRIC_REPRESENTATION_CONTEXT() REPRESENTATION_CONTEXT('2D SPACE',''
  ) );
#3353 = ORIENTED_EDGE('',*,*,#3354,.T.);
#3354 = EDGE_CURVE('',#3332,#2992,#3355,.T.);
#3355 = SURFACE_CURVE('',#3356,(#3361,#3416),.PCURVE_S1.);
#3356 = CIRCLE('',#3357,2.836811590501);
#3357 = AXIS2_PLACEMENT_3D('',#3358,#3359,#3360);
#3358 = CARTESIAN_POINT('',(29.7,0.,21.35));
#3359 = DIRECTION('',(0.,1.,0.));
#3360 = DIRECTION('',(0.,-0.,1.));
#3361 = PCURVE('',#2980,#3362);
#3362 = DEFINITIONAL_REPRESENTATION('',(#3363),#3415);
#3363 = B_SPLINE_CURVE_WITH_KNOTS('',8,(#3364,#3365,#3366,#3367,#3368,
    #3369,#3370,#3371,#3372,#3373,#3374,#3375,#3376,#3377,#3378,#3379,
    #3380,#3381,#3382,#3383,#3384,#3385,#3386,#3387,#3388,#3389,#3390,
    #3391,#3392,#3393,#3394,#3395,#3396,#3397,#3398,#3399,#3400,#3401,
    #3402,#3403,#3404,#3405,#3406,#3407,#3408,#3409,#3410,#3411,#3412,
    #3413,#3414),.UNSPECIFIED.,.F.,.F.,(9,7,7,7,7,7,7,9),(0.,
    0.392699081699,0.760854470791,1.45114582534,2.05515076057,
    2.583655078896,3.046096357431,3.14159265359),.UNSPECIFIED.);
#3364 = CARTESIAN_POINT('',(4.712388980385,0.945035278282));
#3365 = CARTESIAN_POINT('',(4.780316621027,0.945035278282));
#3366 = CARTESIAN_POINT('',(4.848244120108,0.941224512739));
#3367 = CARTESIAN_POINT('',(4.914968068717,0.933603299236));
#3368 = CARTESIAN_POINT('',(4.979279111973,0.922302319291));
#3369 = CARTESIAN_POINT('',(5.040228039583,0.907590222816));
#3370 = CARTESIAN_POINT('',(5.097334215489,0.889795857368));
#3371 = CARTESIAN_POINT('',(5.150392847287,0.86925327378));
#3372 = CARTESIAN_POINT('',(5.245353998243,0.824744145026));
#3373 = CARTESIAN_POINT('',(5.287746307205,0.801071583637));
#3374 = CARTESIAN_POINT('',(5.326581687444,0.775526454868));
#3375 = CARTESIAN_POINT('',(5.362013529383,0.748355887412));
#3376 = CARTESIAN_POINT('',(5.394267942938,0.719779826935));
#3377 = CARTESIAN_POINT('',(5.423588973839,0.689986730117));
#3378 = CARTESIAN_POINT('',(5.450210000866,0.659135945661));
#3379 = CARTESIAN_POINT('',(5.519616276171,0.567799600879));
#3380 = CARTESIAN_POINT('',(5.556162537926,0.505002956966));
#3381 = CARTESIAN_POINT('',(5.585436013676,0.439888916258));
#3382 = CARTESIAN_POINT('',(5.6086671659,0.37308667962));
#3383 = CARTESIAN_POINT('',(5.626665732958,0.305049595901));
#3384 = CARTESIAN_POINT('',(5.640017778115,0.23614059343));
#3385 = CARTESIAN_POINT('',(5.649078375186,0.166663083558));
#3386 = CARTESIAN_POINT('',(5.658332896328,3.585575362183E-02));
#3387 = CARTESIAN_POINT('',(5.659493576867,-2.540675007541E-02));
#3388 = CARTESIAN_POINT('',(5.657606475366,-8.670054110304E-02));
#3389 = CARTESIAN_POINT('',(5.652668754959,-0.147848187054));
#3390 = CARTESIAN_POINT('',(5.644571830216,-0.208670906722));
#3391 = CARTESIAN_POINT('',(5.633094999923,-0.268971830136));
#3392 = CARTESIAN_POINT('',(5.617885310411,-0.328514230758));
#3393 = CARTESIAN_POINT('',(5.581394696041,-0.43816516653));
#3394 = CARTESIAN_POINT('',(5.56111013138,-0.488522295263));
#3395 = CARTESIAN_POINT('',(5.537225138531,-0.537862926658));
#3396 = CARTESIAN_POINT('',(5.509290722102,-0.585940117725));
#3397 = CARTESIAN_POINT('',(5.476766311656,-0.632454184047));
#3398 = CARTESIAN_POINT('',(5.438977373635,-0.677020403583));
#3399 = CARTESIAN_POINT('',(5.395154160381,-0.719137472275));
#3400 = CARTESIAN_POINT('',(5.300529593771,-0.79234365857));
#3401 = CARTESIAN_POINT('',(5.251285787413,-0.824153251598));
#3402 = CARTESIAN_POINT('',(5.196547361182,-0.853192356356));
#3403 = CARTESIAN_POINT('',(5.136015876793,-0.878971282621));
#3404 = CARTESIAN_POINT('',(5.069604930472,-0.900943790518));
#3405 = CARTESIAN_POINT('',(4.997764708235,-0.91850805918));
#3406 = CARTESIAN_POINT('',(4.921843466675,-0.931195705831));
#3407 = CARTESIAN_POINT('',(4.827417196996,-0.940318973709));
#3408 = CARTESIAN_POINT('',(4.811155340861,-0.941661912194));
#3409 = CARTESIAN_POINT('',(4.794808938543,-0.94278406431));
#3410 = CARTESIAN_POINT('',(4.778394078562,-0.943683627012));
#3411 = CARTESIAN_POINT('',(4.761927455037,-0.944359223749));
#3412 = CARTESIAN_POINT('',(4.745426181937,-0.944809929374));
#3413 = CARTESIAN_POINT('',(4.728907583251,-0.94503528168));
#3414 = CARTESIAN_POINT('',(4.712388983457,-0.945035280978));
#3415 = ( GEOMETRIC_REPRESENTATION_CONTEXT(2) 
PARAMETRIC_REPRESENTATION_CONTEXT() REPRESENTATION_CONTEXT('2D SPACE',''
  ) );
#3416 = PCURVE('',#3031,#3417);
#3417 = DEFINITIONAL_REPRESENTATION('',(#3418),#3470);
#3418 = B_SPLINE_CURVE_WITH_KNOTS('',8,(#3419,#3420,#3421,#3422,#3423,
    #3424,#3425,#3426,#3427,#3428,#3429,#3430,#3431,#3432,#3433,#3434,
    #3435,#3436,#3437,#3438,#3439,#3440,#3441,#3442,#3443,#3444,#3445,
    #3446,#3447,#3448,#3449,#3450,#3451,#3452,#3453,#3454,#3455,#3456,
    #3457,#3458,#3459,#3460,#3461,#3462,#3463,#3464,#3465,#3466,#3467,
    #3468,#3469),.UNSPECIFIED.,.F.,.F.,(9,7,7,7,7,7,7,9),(0.,
    0.392699081699,0.760854470791,1.45114582534,2.05515076057,
    2.583655078896,3.046096357431,3.14159265359),.UNSPECIFIED.);
#3419 = CARTESIAN_POINT('',(7.853981633974,0.945035278282));
#3420 = CARTESIAN_POINT('',(7.786053993332,0.945035278282));
#3421 = CARTESIAN_POINT('',(7.718126494255,0.941224512739));
#3422 = CARTESIAN_POINT('',(7.651402545625,0.933603299236));
#3423 = CARTESIAN_POINT('',(7.587091502387,0.922302319291));
#3424 = CARTESIAN_POINT('',(7.526142574754,0.907590222816));
#3425 = CARTESIAN_POINT('',(7.46903639887,0.889795857368));
#3426 = CARTESIAN_POINT('',(7.415977767072,0.86925327378));
#3427 = CARTESIAN_POINT('',(7.321016616117,0.824744145026));
#3428 = CARTESIAN_POINT('',(7.278624307154,0.801071583637));
#3429 = CARTESIAN_POINT('',(7.239788926915,0.775526454868));
#3430 = CARTESIAN_POINT('',(7.204357084976,0.748355887412));
#3431 = CARTESIAN_POINT('',(7.172102671421,0.719779826935));
#3432 = CARTESIAN_POINT('',(7.142781640521,0.689986730117));
#3433 = CARTESIAN_POINT('',(7.116160613493,0.659135945661));
#3434 = CARTESIAN_POINT('',(7.046754338188,0.567799600879));
#3435 = CARTESIAN_POINT('',(7.010208076429,0.505002956966));
#3436 = CARTESIAN_POINT('',(6.980934600683,0.439888916258));
#3437 = CARTESIAN_POINT('',(6.957703448444,0.37308667962));
#3438 = CARTESIAN_POINT('',(6.9397048814,0.305049595901));
#3439 = CARTESIAN_POINT('',(6.926352836239,0.23614059343));
#3440 = CARTESIAN_POINT('',(6.917292239173,0.166663083558));
#3441 = CARTESIAN_POINT('',(6.908037718031,3.585575362183E-02));
#3442 = CARTESIAN_POINT('',(6.906877037492,-2.540675007541E-02));
#3443 = CARTESIAN_POINT('',(6.908764138994,-8.670054110304E-02));
#3444 = CARTESIAN_POINT('',(6.9137018594,-0.147848187054));
#3445 = CARTESIAN_POINT('',(6.921798784143,-0.208670906722));
#3446 = CARTESIAN_POINT('',(6.933275614436,-0.268971830136));
#3447 = CARTESIAN_POINT('',(6.948485303948,-0.328514230758));
#3448 = CARTESIAN_POINT('',(6.984975918318,-0.43816516653));
#3449 = CARTESIAN_POINT('',(7.005260482979,-0.488522295263));
#3450 = CARTESIAN_POINT('',(7.029145475828,-0.537862926658));
#3451 = CARTESIAN_POINT('',(7.057079892258,-0.585940117725));
#3452 = CARTESIAN_POINT('',(7.089604302704,-0.632454184047));
#3453 = CARTESIAN_POINT('',(7.127393240724,-0.677020403583));
#3454 = CARTESIAN_POINT('',(7.171216453978,-0.719137472275));
#3455 = CARTESIAN_POINT('',(7.265841020588,-0.79234365857));
#3456 = CARTESIAN_POINT('',(7.31508482694,-0.824153251598));
#3457 = CARTESIAN_POINT('',(7.369823253189,-0.853192356356));
#3458 = CARTESIAN_POINT('',(7.430354737539,-0.878971282621));
#3459 = CARTESIAN_POINT('',(7.49676568389,-0.900943790518));
#3460 = CARTESIAN_POINT('',(7.568605906119,-0.91850805918));
#3461 = CARTESIAN_POINT('',(7.644527147685,-0.931195705831));
#3462 = CARTESIAN_POINT('',(7.738953417363,-0.940318973709));
#3463 = CARTESIAN_POINT('',(7.755215273498,-0.941661912194));
#3464 = CARTESIAN_POINT('',(7.771561675816,-0.94278406431));
#3465 = CARTESIAN_POINT('',(7.787976535796,-0.943683627012));
#3466 = CARTESIAN_POINT('',(7.804443159321,-0.944359223749));
#3467 = CARTESIAN_POINT('',(7.82094443242,-0.944809929374));
#3468 = CARTESIAN_POINT('',(7.837463031105,-0.94503528168));
#3469 = CARTESIAN_POINT('',(7.853981630898,-0.945035280978));
#3470 = ( GEOMETRIC_REPRESENTATION_CONTEXT(2) 
PARAMETRIC_REPRESENTATION_CONTEXT() REPRESENTATION_CONTEXT('2D SPACE',''
  ) );
#3471 = ADVANCED_FACE('',(#3472),#3031,.F.);
#3472 = FACE_BOUND('',#3473,.F.);
#3473 = EDGE_LOOP('',(#3474,#3475,#3476,#3477,#3500,#3523));
#3474 = ORIENTED_EDGE('',*,*,#3042,.T.);
#3475 = ORIENTED_EDGE('',*,*,#3014,.T.);
#3476 = ORIENTED_EDGE('',*,*,#3354,.F.);
#3477 = ORIENTED_EDGE('',*,*,#3478,.T.);
#3478 = EDGE_CURVE('',#3332,#3479,#3481,.T.);
#3479 = VERTEX_POINT('',#3480);
#3480 = CARTESIAN_POINT('',(29.7,-2.05,24.85));
#3481 = SURFACE_CURVE('',#3482,(#3487,#3493),.PCURVE_S1.);
#3482 = CIRCLE('',#3483,3.5);
#3483 = AXIS2_PLACEMENT_3D('',#3484,#3485,#3486);
#3484 = CARTESIAN_POINT('',(29.7,-2.05,21.35));
#3485 = DIRECTION('',(1.,0.,-0.));
#3486 = DIRECTION('',(0.,0.,1.));
#3487 = PCURVE('',#3031,#3488);
#3488 = DEFINITIONAL_REPRESENTATION('',(#3489),#3492);
#3489 = B_SPLINE_CURVE_WITH_KNOTS('',1,(#3490,#3491),.UNSPECIFIED.,.F.,
  .F.,(2,2),(5.657424258667,6.28318530718),.PIECEWISE_BEZIER_KNOTS.);
#3490 = CARTESIAN_POINT('',(7.853981633974,0.945035278282));
#3491 = CARTESIAN_POINT('',(7.853981633974,1.570796326795));
#3492 = ( GEOMETRIC_REPRESENTATION_CONTEXT(2) 
PARAMETRIC_REPRESENTATION_CONTEXT() REPRESENTATION_CONTEXT('2D SPACE',''
  ) );
#3493 = PCURVE('',#540,#3494);
#3494 = DEFINITIONAL_REPRESENTATION('',(#3495),#3499);
#3495 = CIRCLE('',#3496,3.5);
#3496 = AXIS2_PLACEMENT_2D('',#3497,#3498);
#3497 = CARTESIAN_POINT('',(4.75,-0.7));
#3498 = DIRECTION('',(1.,0.));
#3499 = ( GEOMETRIC_REPRESENTATION_CONTEXT(2) 
PARAMETRIC_REPRESENTATION_CONTEXT() REPRESENTATION_CONTEXT('2D SPACE',''
  ) );
#3500 = ORIENTED_EDGE('',*,*,#3501,.T.);
#3501 = EDGE_CURVE('',#3479,#3502,#3504,.T.);
#3502 = VERTEX_POINT('',#3503);
#3503 = CARTESIAN_POINT('',(29.7,-2.75,24.779285639896));
#3504 = SURFACE_CURVE('',#3505,(#3510,#3516),.PCURVE_S1.);
#3505 = CIRCLE('',#3506,3.5);
#3506 = AXIS2_PLACEMENT_3D('',#3507,#3508,#3509);
#3507 = CARTESIAN_POINT('',(29.7,-2.05,21.35));
#3508 = DIRECTION('',(1.,0.,-0.));
#3509 = DIRECTION('',(0.,0.,1.));
#3510 = PCURVE('',#3031,#3511);
#3511 = DEFINITIONAL_REPRESENTATION('',(#3512),#3515);
#3512 = B_SPLINE_CURVE_WITH_KNOTS('',1,(#3513,#3514),.UNSPECIFIED.,.F.,
  .F.,(2,2),(0.,0.20135792079),.PIECEWISE_BEZIER_KNOTS.);
#3513 = CARTESIAN_POINT('',(4.712388980385,1.570796326795));
#3514 = CARTESIAN_POINT('',(4.712388980385,1.369438406005));
#3515 = ( GEOMETRIC_REPRESENTATION_CONTEXT(2) 
PARAMETRIC_REPRESENTATION_CONTEXT() REPRESENTATION_CONTEXT('2D SPACE',''
  ) );
#3516 = PCURVE('',#540,#3517);
#3517 = DEFINITIONAL_REPRESENTATION('',(#3518),#3522);
#3518 = CIRCLE('',#3519,3.5);
#3519 = AXIS2_PLACEMENT_2D('',#3520,#3521);
#3520 = CARTESIAN_POINT('',(4.75,-0.7));
#3521 = DIRECTION('',(1.,0.));
#3522 = ( GEOMETRIC_REPRESENTATION_CONTEXT(2) 
PARAMETRIC_REPRESENTATION_CONTEXT() REPRESENTATION_CONTEXT('2D SPACE',''
  ) );
#3523 = ORIENTED_EDGE('',*,*,#3524,.F.);
#3524 = EDGE_CURVE('',#2863,#3502,#3525,.T.);
#3525 = SURFACE_CURVE('',#3526,(#3531,#3621),.PCURVE_S1.);
#3526 = CIRCLE('',#3527,3.429285639896);
#3527 = AXIS2_PLACEMENT_3D('',#3528,#3529,#3530);
#3528 = CARTESIAN_POINT('',(29.7,-2.75,21.35));
#3529 = DIRECTION('',(-0.,1.,0.));
#3530 = DIRECTION('',(0.,0.,1.));
#3531 = PCURVE('',#3031,#3532);
#3532 = DEFINITIONAL_REPRESENTATION('',(#3533),#3620);
#3533 = B_SPLINE_CURVE_WITH_KNOTS('',8,(#3534,#3535,#3536,#3537,#3538,
    #3539,#3540,#3541,#3542,#3543,#3544,#3545,#3546,#3547,#3548,#3549,
    #3550,#3551,#3552,#3553,#3554,#3555,#3556,#3557,#3558,#3559,#3560,
    #3561,#3562,#3563,#3564,#3565,#3566,#3567,#3568,#3569,#3570,#3571,
    #3572,#3573,#3574,#3575,#3576,#3577,#3578,#3579,#3580,#3581,#3582,
    #3583,#3584,#3585,#3586,#3587,#3588,#3589,#3590,#3591,#3592,#3593,
    #3594,#3595,#3596,#3597,#3598,#3599,#3600,#3601,#3602,#3603,#3604,
    #3605,#3606,#3607,#3608,#3609,#3610,#3611,#3612,#3613,#3614,#3615,
    #3616,#3617,#3618,#3619),.UNSPECIFIED.,.F.,.F.,(9,7,7,7,7,7,7,7,7,7,
    7,7,9),(3.14159265359,3.239767424014,3.334874232863,3.519143675008,
    3.86464887903,4.469282986067,4.922758566345,5.262865251554,
    5.51794526546,5.90056528632,6.09187529675,6.187530301965,
    6.28318530718),.UNSPECIFIED.);
#3534 = CARTESIAN_POINT('',(4.712388980385,-1.369438406005));
#3535 = CARTESIAN_POINT('',(4.652269457096,-1.369438406005));
#3536 = CARTESIAN_POINT('',(4.592150159147,-1.368595375486));
#3537 = CARTESIAN_POINT('',(4.532705384924,-1.366908618915));
#3538 = CARTESIAN_POINT('',(4.474616801859,-1.364399101996));
#3539 = CARTESIAN_POINT('',(4.418455251931,-1.361105905654));
#3540 = CARTESIAN_POINT('',(4.364620512503,-1.3570812383));
#3541 = CARTESIAN_POINT('',(4.313339012486,-1.3523840064));
#3542 = CARTESIAN_POINT('',(4.217619354841,-1.341925882213));
#3543 = CARTESIAN_POINT('',(4.173016823934,-1.336202919722));
#3544 = CARTESIAN_POINT('',(4.13101027492,-1.3299562712));
#3545 = CARTESIAN_POINT('',(4.091583007699,-1.323239335138));
#3546 = CARTESIAN_POINT('',(4.054644809839,-1.316102333577));
#3547 = CARTESIAN_POINT('',(4.020064467355,-1.308590428129));
#3548 = CARTESIAN_POINT('',(3.987693234668,-1.300743311592));
#3549 = CARTESIAN_POINT('',(3.898645945216,-1.276811392086));
#3550 = CARTESIAN_POINT('',(3.84763489586,-1.259900520249));
#3551 = CARTESIAN_POINT('',(3.803236388716,-1.242119467668));
#3552 = CARTESIAN_POINT('',(3.764280031577,-1.223656085309));
#3553 = CARTESIAN_POINT('',(3.729869713248,-1.204642346618));
#3554 = CARTESIAN_POINT('',(3.699268841055,-1.185178997942));
#3555 = CARTESIAN_POINT('',(3.671897155027,-1.165342070169));
#3556 = CARTESIAN_POINT('',(3.601132190269,-1.107408553935));
#3557 = CARTESIAN_POINT('',(3.564676874273,-1.068522405651));
#3558 = CARTESIAN_POINT('',(3.534812940585,-1.028925638223));
#3559 = CARTESIAN_POINT('',(3.509835539906,-0.98880551884));
#3560 = CARTESIAN_POINT('',(3.488625155849,-0.948292706928));
#3561 = CARTESIAN_POINT('',(3.470403207236,-0.907470716212));
#3562 = CARTESIAN_POINT('',(3.454609303954,-0.86640230426));
#3563 = CARTESIAN_POINT('',(3.416699326108,-0.752912510255));
#3564 = CARTESIAN_POINT('',(3.398725403373,-0.680077521165));
#3565 = CARTESIAN_POINT('',(3.38465990493,-0.606874520055));
#3566 = CARTESIAN_POINT('',(3.373573111257,-0.533405113779));
#3567 = CARTESIAN_POINT('',(3.36477963066,-0.459749025359));
#3568 = CARTESIAN_POINT('',(3.357900389098,-0.385953729795));
#3569 = CARTESIAN_POINT('',(3.352655222616,-0.312059560467));
#3570 = CARTESIAN_POINT('',(3.346048708326,-0.18262724786));
#3571 = CARTESIAN_POINT('',(3.344044023282,-0.127118519892));
#3572 = CARTESIAN_POINT('',(3.342795728732,-7.158552990151E-02));
#3573 = CARTESIAN_POINT('',(3.342265284757,-1.603978319833E-02));
#3574 = CARTESIAN_POINT('',(3.342438171876,3.950823431377E-02));
#3575 = CARTESIAN_POINT('',(3.343320965584,9.504814201297E-02));
#3576 = CARTESIAN_POINT('',(3.344943212827,0.150568786413));
#3577 = CARTESIAN_POINT('',(3.349179783587,0.247673858438));
#3578 = CARTESIAN_POINT('',(3.35144475254,0.289272286807));
#3579 = CARTESIAN_POINT('',(3.354183753396,0.330847301428));
#3580 = CARTESIAN_POINT('',(3.35743162502,0.372392877642));
#3581 = CARTESIAN_POINT('',(3.361233860483,0.413902209107));
#3582 = CARTESIAN_POINT('',(3.365649885723,0.455367292933));
#3583 = CARTESIAN_POINT('',(3.370759065383,0.496778239663));
#3584 = CARTESIAN_POINT('',(3.381102213689,0.569130359423));
#3585 = CARTESIAN_POINT('',(3.385985753277,0.600100780814));
#3586 = CARTESIAN_POINT('',(3.391365512542,0.631028212175));
#3587 = CARTESIAN_POINT('',(3.397297019053,0.661906272858));
#3588 = CARTESIAN_POINT('',(3.403847196301,0.69272742407));
#3589 = CARTESIAN_POINT('',(3.411098508953,0.723482507949));
#3590 = CARTESIAN_POINT('',(3.4191559271,0.754159963307));
#3591 = CARTESIAN_POINT('',(3.441657883002,0.830621850161));
#3592 = CARTESIAN_POINT('',(3.457281750394,0.876290334929));
#3593 = CARTESIAN_POINT('',(3.47549279391,0.921699632439));
#3594 = CARTESIAN_POINT('',(3.496923860934,0.966778452409));
#3595 = CARTESIAN_POINT('',(3.522464061147,1.011433599616));
#3596 = CARTESIAN_POINT('',(3.553442815779,1.055508628432));
#3597 = CARTESIAN_POINT('',(3.591903016906,1.09878516277));
#3598 = CARTESIAN_POINT('',(3.666935072545,1.161732622861));
#3599 = CARTESIAN_POINT('',(3.694835902983,1.182387216529));
#3600 = CARTESIAN_POINT('',(3.72613755066,1.202649590578));
#3601 = CARTESIAN_POINT('',(3.761472217269,1.222437387803));
#3602 = CARTESIAN_POINT('',(3.801652613554,1.24164020541));
#3603 = CARTESIAN_POINT('',(3.847670413037,1.260112662909));
#3604 = CARTESIAN_POINT('',(3.900850749101,1.277643958149));
#3605 = CARTESIAN_POINT('',(3.99322168502,1.302093655163));
#3606 = CARTESIAN_POINT('',(4.026112232104,1.309935713092));
#3607 = CARTESIAN_POINT('',(4.061256816371,1.3174335173));
#3608 = CARTESIAN_POINT('',(4.098805346958,1.324546130222));
#3609 = CARTESIAN_POINT('',(4.138887763753,1.3312270085));
#3610 = CARTESIAN_POINT('',(4.181589064522,1.337424502594));
#3611 = CARTESIAN_POINT('',(4.226915435479,1.343083936896));
#3612 = CARTESIAN_POINT('',(4.322587535104,1.353218603785));
#3613 = CARTESIAN_POINT('',(4.372933811735,1.35769374614));
#3614 = CARTESIAN_POINT('',(4.425675116227,1.361523344342));
#3615 = CARTESIAN_POINT('',(4.480585695689,1.364653511195));
#3616 = CARTESIAN_POINT('',(4.537283826185,1.367036842715));
#3617 = CARTESIAN_POINT('',(4.595236253509,1.368638078631));
#3618 = CARTESIAN_POINT('',(4.653812491855,1.369438406005));
#3619 = CARTESIAN_POINT('',(4.712388980385,1.369438406005));
#3620 = ( GEOMETRIC_REPRESENTATION_CONTEXT(2) 
PARAMETRIC_REPRESENTATION_CONTEXT() REPRESENTATION_CONTEXT('2D SPACE',''
  ) );
#3621 = PCURVE('',#675,#3622);
#3622 = DEFINITIONAL_REPRESENTATION('',(#3623),#3627);
#3623 = CIRCLE('',#3624,3.429285639896);
#3624 = AXIS2_PLACEMENT_2D('',#3625,#3626);
#3625 = CARTESIAN_POINT('',(4.75,7.95));
#3626 = DIRECTION('',(1.,0.));
#3627 = ( GEOMETRIC_REPRESENTATION_CONTEXT(2) 
PARAMETRIC_REPRESENTATION_CONTEXT() REPRESENTATION_CONTEXT('2D SPACE',''
  ) );
#3628 = ADVANCED_FACE('',(#3629),#675,.T.);
#3629 = FACE_BOUND('',#3630,.T.);
#3630 = EDGE_LOOP('',(#3631,#3632,#3633,#3654));
#3631 = ORIENTED_EDGE('',*,*,#2862,.F.);
#3632 = ORIENTED_EDGE('',*,*,#575,.T.);
#3633 = ORIENTED_EDGE('',*,*,#3634,.F.);
#3634 = EDGE_CURVE('',#3502,#553,#3635,.T.);
#3635 = SURFACE_CURVE('',#3636,(#3640,#3647),.PCURVE_S1.);
#3636 = LINE('',#3637,#3638);
#3637 = CARTESIAN_POINT('',(29.7,-2.75,16.6));
#3638 = VECTOR('',#3639,1.);
#3639 = DIRECTION('',(0.,0.,1.));
#3640 = PCURVE('',#675,#3641);
#3641 = DEFINITIONAL_REPRESENTATION('',(#3642),#3646);
#3642 = LINE('',#3643,#3644);
#3643 = CARTESIAN_POINT('',(0.,7.95));
#3644 = VECTOR('',#3645,1.);
#3645 = DIRECTION('',(1.,0.));
#3646 = ( GEOMETRIC_REPRESENTATION_CONTEXT(2) 
PARAMETRIC_REPRESENTATION_CONTEXT() REPRESENTATION_CONTEXT('2D SPACE',''
  ) );
#3647 = PCURVE('',#540,#3648);
#3648 = DEFINITIONAL_REPRESENTATION('',(#3649),#3653);
#3649 = LINE('',#3650,#3651);
#3650 = CARTESIAN_POINT('',(0.,0.));
#3651 = VECTOR('',#3652,1.);
#3652 = DIRECTION('',(1.,0.));
#3653 = ( GEOMETRIC_REPRESENTATION_CONTEXT(2) 
PARAMETRIC_REPRESENTATION_CONTEXT() REPRESENTATION_CONTEXT('2D SPACE',''
  ) );
#3654 = ORIENTED_EDGE('',*,*,#3524,.F.);
#3655 = ADVANCED_FACE('',(#3656),#540,.F.);
#3656 = FACE_BOUND('',#3657,.F.);
#3657 = EDGE_LOOP('',(#3658,#3659,#3660,#3661,#3662,#3663,#3664,#3688,
    #3710,#3711));
#3658 = ORIENTED_EDGE('',*,*,#3634,.F.);
#3659 = ORIENTED_EDGE('',*,*,#3501,.F.);
#3660 = ORIENTED_EDGE('',*,*,#3478,.F.);
#3661 = ORIENTED_EDGE('',*,*,#3331,.F.);
#3662 = ORIENTED_EDGE('',*,*,#3308,.F.);
#3663 = ORIENTED_EDGE('',*,*,#3174,.T.);
#3664 = ORIENTED_EDGE('',*,*,#3665,.T.);
#3665 = EDGE_CURVE('',#3068,#3666,#3668,.T.);
#3666 = VERTEX_POINT('',#3667);
#3667 = CARTESIAN_POINT('',(29.7,2.05,25.6));
#3668 = SURFACE_CURVE('',#3669,(#3674,#3681),.PCURVE_S1.);
#3669 = CIRCLE('',#3670,4.25);
#3670 = AXIS2_PLACEMENT_3D('',#3671,#3672,#3673);
#3671 = CARTESIAN_POINT('',(29.7,2.05,21.35));
#3672 = DIRECTION('',(1.,0.,-0.));
#3673 = DIRECTION('',(0.,0.,1.));
#3674 = PCURVE('',#540,#3675);
#3675 = DEFINITIONAL_REPRESENTATION('',(#3676),#3680);
#3676 = CIRCLE('',#3677,4.25);
#3677 = AXIS2_PLACEMENT_2D('',#3678,#3679);
#3678 = CARTESIAN_POINT('',(4.75,-4.8));
#3679 = DIRECTION('',(1.,0.));
#3680 = ( GEOMETRIC_REPRESENTATION_CONTEXT(2) 
PARAMETRIC_REPRESENTATION_CONTEXT() REPRESENTATION_CONTEXT('2D SPACE',''
  ) );
#3681 = PCURVE('',#147,#3682);
#3682 = DEFINITIONAL_REPRESENTATION('',(#3683),#3687);
#3683 = LINE('',#3684,#3685);
#3684 = CARTESIAN_POINT('',(1.570796326795,-4.712388980385));
#3685 = VECTOR('',#3686,1.);
#3686 = DIRECTION('',(-0.,1.));
#3687 = ( GEOMETRIC_REPRESENTATION_CONTEXT(2) 
PARAMETRIC_REPRESENTATION_CONTEXT() REPRESENTATION_CONTEXT('2D SPACE',''
  ) );
#3688 = ORIENTED_EDGE('',*,*,#3689,.T.);
#3689 = EDGE_CURVE('',#3666,#379,#3690,.T.);
#3690 = SURFACE_CURVE('',#3691,(#3696,#3703),.PCURVE_S1.);
#3691 = CIRCLE('',#3692,4.25);
#3692 = AXIS2_PLACEMENT_3D('',#3693,#3694,#3695);
#3693 = CARTESIAN_POINT('',(29.7,2.05,21.35));
#3694 = DIRECTION('',(1.,0.,-0.));
#3695 = DIRECTION('',(0.,0.,1.));
#3696 = PCURVE('',#540,#3697);
#3697 = DEFINITIONAL_REPRESENTATION('',(#3698),#3702);
#3698 = CIRCLE('',#3699,4.25);
#3699 = AXIS2_PLACEMENT_2D('',#3700,#3701);
#3700 = CARTESIAN_POINT('',(4.75,-4.8));
#3701 = DIRECTION('',(1.,0.));
#3702 = ( GEOMETRIC_REPRESENTATION_CONTEXT(2) 
PARAMETRIC_REPRESENTATION_CONTEXT() REPRESENTATION_CONTEXT('2D SPACE',''
  ) );
#3703 = PCURVE('',#415,#3704);
#3704 = DEFINITIONAL_REPRESENTATION('',(#3705),#3709);
#3705 = LINE('',#3706,#3707);
#3706 = CARTESIAN_POINT('',(4.712388980385,1.570796326795));
#3707 = VECTOR('',#3708,1.);
#3708 = DIRECTION('',(0.,-1.));
#3709 = ( GEOMETRIC_REPRESENTATION_CONTEXT(2) 
PARAMETRIC_REPRESENTATION_CONTEXT() REPRESENTATION_CONTEXT('2D SPACE',''
  ) );
#3710 = ORIENTED_EDGE('',*,*,#524,.T.);
#3711 = ORIENTED_EDGE('',*,*,#552,.T.);
#3712 = ADVANCED_FACE('',(#3713),#415,.T.);
#3713 = FACE_BOUND('',#3714,.T.);
#3714 = EDGE_LOOP('',(#3715,#3787,#3809,#3810));
#3715 = ORIENTED_EDGE('',*,*,#3716,.F.);
#3716 = EDGE_CURVE('',#3717,#312,#3719,.T.);
#3717 = VERTEX_POINT('',#3718);
#3718 = CARTESIAN_POINT('',(31.9,2.05,24.986275567115));
#3719 = SURFACE_CURVE('',#3720,(#3725,#3780),.PCURVE_S1.);
#3720 = CIRCLE('',#3721,3.636275567115);
#3721 = AXIS2_PLACEMENT_3D('',#3722,#3723,#3724);
#3722 = CARTESIAN_POINT('',(31.9,2.05,21.35));
#3723 = DIRECTION('',(1.,0.,-0.));
#3724 = DIRECTION('',(0.,0.,1.));
#3725 = PCURVE('',#415,#3726);
#3726 = DEFINITIONAL_REPRESENTATION('',(#3727),#3779);
#3727 = B_SPLINE_CURVE_WITH_KNOTS('',8,(#3728,#3729,#3730,#3731,#3732,
    #3733,#3734,#3735,#3736,#3737,#3738,#3739,#3740,#3741,#3742,#3743,
    #3744,#3745,#3746,#3747,#3748,#3749,#3750,#3751,#3752,#3753,#3754,
    #3755,#3756,#3757,#3758,#3759,#3760,#3761,#3762,#3763,#3764,#3765,
    #3766,#3767,#3768,#3769,#3770,#3771,#3772,#3773,#3774,#3775,#3776,
    #3777,#3778),.UNSPECIFIED.,.F.,.F.,(9,7,7,7,7,7,7,9),(0.,
    0.196349540849,0.564504929942,1.208776860854,2.175184757222,
    2.658388705406,2.899990679498,3.14159265359),.UNSPECIFIED.);
#3728 = CARTESIAN_POINT('',(6.28318530718,1.026697737819));
#3729 = CARTESIAN_POINT('',(6.242618202747,1.026697737819));
#3730 = CARTESIAN_POINT('',(6.202051201985,1.025559866292));
#3731 = CARTESIAN_POINT('',(6.16172445841,1.023283965888));
#3732 = CARTESIAN_POINT('',(6.121879799339,1.019883743763));
#3733 = CARTESIAN_POINT('',(6.082740040178,1.015386010826));
#3734 = CARTESIAN_POINT('',(6.044495362031,1.009828846657));
#3735 = CARTESIAN_POINT('',(6.007296752622,1.003258690072));
#3736 = CARTESIAN_POINT('',(5.903681056621,0.981603227759));
#3737 = CARTESIAN_POINT('',(5.840178161392,0.964097595663));
#3738 = CARTESIAN_POINT('',(5.781490043031,0.943545308294));
#3739 = CARTESIAN_POINT('',(5.727886165914,0.920343677959));
#3740 = CARTESIAN_POINT('',(5.679188701809,0.894875575329));
#3741 = CARTESIAN_POINT('',(5.635084097664,0.867468957632));
#3742 = CARTESIAN_POINT('',(5.595191085558,0.838405210978));
#3743 = CARTESIAN_POINT('',(5.496017273825,0.754572478849));
#3744 = CARTESIAN_POINT('',(5.444635714265,0.696872855523));
#3745 = CARTESIAN_POINT('',(5.40292952674,0.636090259435));
#3746 = CARTESIAN_POINT('',(5.368830729034,0.573072150672));
#3747 = CARTESIAN_POINT('',(5.341033100251,0.508368738764));
#3748 = CARTESIAN_POINT('',(5.318498096161,0.442399783841));
#3749 = CARTESIAN_POINT('',(5.300524909987,0.37547771515));
#3750 = CARTESIAN_POINT('',(5.265751013634,0.206434294702));
#3751 = CARTESIAN_POINT('',(5.254030535417,0.103443730557));
#3752 = CARTESIAN_POINT('',(5.249786586824,-2.4523723323E-04));
#3753 = CARTESIAN_POINT('',(5.252463386011,-0.10405781408));
#3754 = CARTESIAN_POINT('',(5.262170815263,-0.207456302791));
#3755 = CARTESIAN_POINT('',(5.279652312674,-0.309829446682));
#3756 = CARTESIAN_POINT('',(5.306579402948,-0.410410166573));
#3757 = CARTESIAN_POINT('',(5.366301875367,-0.556397181544));
#3758 = CARTESIAN_POINT('',(5.389431205985,-0.604245500979));
#3759 = CARTESIAN_POINT('',(5.416212299131,-0.65109650726));
#3760 = CARTESIAN_POINT('',(5.447182825065,-0.696724064814));
#3761 = CARTESIAN_POINT('',(5.483015553426,-0.740837504004));
#3762 = CARTESIAN_POINT('',(5.524522059035,-0.783065709314));
#3763 = CARTESIAN_POINT('',(5.572688626638,-0.822898359934));
#3764 = CARTESIAN_POINT('',(5.6561015381,-0.878080595941));
#3765 = CARTESIAN_POINT('',(5.685766550831,-0.895713587679));
#3766 = CARTESIAN_POINT('',(5.717389127163,-0.912504256315));
#3767 = CARTESIAN_POINT('',(5.751055669911,-0.928363213805));
#3768 = CARTESIAN_POINT('',(5.786826739553,-0.943192220443));
#3769 = CARTESIAN_POINT('',(5.824719448871,-0.956886121168));
#3770 = CARTESIAN_POINT('',(5.864687642679,-0.969337417948));
#3771 = CARTESIAN_POINT('',(5.948512082605,-0.991549538555));
#3772 = CARTESIAN_POINT('',(5.992368571609,-1.001310234051));
#3773 = CARTESIAN_POINT('',(6.038039159234,-1.009623760658));
#3774 = CARTESIAN_POINT('',(6.085313388274,-1.016391426397));
#3775 = CARTESIAN_POINT('',(6.133883409069,-1.021528926301));
#3776 = CARTESIAN_POINT('',(6.183352434103,-1.024975037981));
#3777 = CARTESIAN_POINT('',(6.233268752898,-1.026697737819));
#3778 = CARTESIAN_POINT('',(6.28318530718,-1.026697737819));
#3779 = ( GEOMETRIC_REPRESENTATION_CONTEXT(2) 
PARAMETRIC_REPRESENTATION_CONTEXT() REPRESENTATION_CONTEXT('2D SPACE',''
  ) );
#3780 = PCURVE('',#362,#3781);
#3781 = DEFINITIONAL_REPRESENTATION('',(#3782),#3786);
#3782 = CIRCLE('',#3783,3.636275567115);
#3783 = AXIS2_PLACEMENT_2D('',#3784,#3785);
#3784 = CARTESIAN_POINT('',(4.9,-5.65));
#3785 = DIRECTION('',(1.,0.));
#3786 = ( GEOMETRIC_REPRESENTATION_CONTEXT(2) 
PARAMETRIC_REPRESENTATION_CONTEXT() REPRESENTATION_CONTEXT('2D SPACE',''
  ) );
#3787 = ORIENTED_EDGE('',*,*,#3788,.T.);
#3788 = EDGE_CURVE('',#3717,#3666,#3789,.T.);
#3789 = SURFACE_CURVE('',#3790,(#3795,#3802),.PCURVE_S1.);
#3790 = CIRCLE('',#3791,4.25);
#3791 = AXIS2_PLACEMENT_3D('',#3792,#3793,#3794);
#3792 = CARTESIAN_POINT('',(29.7,2.05,21.35));
#3793 = DIRECTION('',(-2.449293598295E-16,-1.,0.));
#3794 = DIRECTION('',(1.,-2.449293598295E-16,0.));
#3795 = PCURVE('',#415,#3796);
#3796 = DEFINITIONAL_REPRESENTATION('',(#3797),#3801);
#3797 = LINE('',#3798,#3799);
#3798 = CARTESIAN_POINT('',(6.28318530718,-6.28318530718));
#3799 = VECTOR('',#3800,1.);
#3800 = DIRECTION('',(0.,1.));
#3801 = ( GEOMETRIC_REPRESENTATION_CONTEXT(2) 
PARAMETRIC_REPRESENTATION_CONTEXT() REPRESENTATION_CONTEXT('2D SPACE',''
  ) );
#3802 = PCURVE('',#147,#3803);
#3803 = DEFINITIONAL_REPRESENTATION('',(#3804),#3808);
#3804 = LINE('',#3805,#3806);
#3805 = CARTESIAN_POINT('',(0.,-6.28318530718));
#3806 = VECTOR('',#3807,1.);
#3807 = DIRECTION('',(0.,1.));
#3808 = ( GEOMETRIC_REPRESENTATION_CONTEXT(2) 
PARAMETRIC_REPRESENTATION_CONTEXT() REPRESENTATION_CONTEXT('2D SPACE',''
  ) );
#3809 = ORIENTED_EDGE('',*,*,#3689,.T.);
#3810 = ORIENTED_EDGE('',*,*,#378,.F.);
#3811 = ADVANCED_FACE('',(#3812),#362,.F.);
#3812 = FACE_BOUND('',#3813,.F.);
#3813 = EDGE_LOOP('',(#3814,#3815,#3816,#3849,#3872,#3900));
#3814 = ORIENTED_EDGE('',*,*,#309,.T.);
#3815 = ORIENTED_EDGE('',*,*,#3716,.F.);
#3816 = ORIENTED_EDGE('',*,*,#3817,.F.);
#3817 = EDGE_CURVE('',#3818,#3717,#3820,.T.);
#3818 = VERTEX_POINT('',#3819);
#3819 = CARTESIAN_POINT('',(31.9,3.6,24.63937684068));
#3820 = SURFACE_CURVE('',#3821,(#3826,#3833),.PCURVE_S1.);
#3821 = CIRCLE('',#3822,3.636275567115);
#3822 = AXIS2_PLACEMENT_3D('',#3823,#3824,#3825);
#3823 = CARTESIAN_POINT('',(31.9,2.05,21.35));
#3824 = DIRECTION('',(1.,0.,-0.));
#3825 = DIRECTION('',(0.,0.,1.));
#3826 = PCURVE('',#362,#3827);
#3827 = DEFINITIONAL_REPRESENTATION('',(#3828),#3832);
#3828 = CIRCLE('',#3829,3.636275567115);
#3829 = AXIS2_PLACEMENT_2D('',#3830,#3831);
#3830 = CARTESIAN_POINT('',(4.9,-5.65));
#3831 = DIRECTION('',(1.,0.));
#3832 = ( GEOMETRIC_REPRESENTATION_CONTEXT(2) 
PARAMETRIC_REPRESENTATION_CONTEXT() REPRESENTATION_CONTEXT('2D SPACE',''
  ) );
#3833 = PCURVE('',#147,#3834);
#3834 = DEFINITIONAL_REPRESENTATION('',(#3835),#3848);
#3835 = B_SPLINE_CURVE_WITH_KNOTS('',6,(#3836,#3837,#3838,#3839,#3840,
    #3841,#3842,#3843,#3844,#3845,#3846,#3847),.UNSPECIFIED.,.F.,.F.,(7,
    5,7),(5.842830640413,6.063007973796,6.28318530718),.UNSPECIFIED.);
#3836 = CARTESIAN_POINT('',(0.613770095017,0.885088485971));
#3837 = CARTESIAN_POINT('',(0.577103619656,0.906223804791));
#3838 = CARTESIAN_POINT('',(0.537402707979,0.92603921352));
#3839 = CARTESIAN_POINT('',(0.494494584583,0.944346893462));
#3840 = CARTESIAN_POINT('',(0.448268738036,0.960933428987));
#3841 = CARTESIAN_POINT('',(0.398794800286,0.975562267878));
#3842 = CARTESIAN_POINT('',(0.294064076026,1.000482051526));
#3843 = CARTESIAN_POINT('',(0.238807060013,1.010772854215));
#3844 = CARTESIAN_POINT('',(0.18101171373,1.018684436083));
#3845 = CARTESIAN_POINT('',(0.121306564052,1.024026977709));
#3846 = CARTESIAN_POINT('',(6.065344377383E-02,1.026697737819));
#3847 = CARTESIAN_POINT('',(4.037174635001E-16,1.026697737819));
#3848 = ( GEOMETRIC_REPRESENTATION_CONTEXT(2) 
PARAMETRIC_REPRESENTATION_CONTEXT() REPRESENTATION_CONTEXT('2D SPACE',''
  ) );
#3849 = ORIENTED_EDGE('',*,*,#3850,.T.);
#3850 = EDGE_CURVE('',#3818,#3851,#3853,.T.);
#3851 = VERTEX_POINT('',#3852);
#3852 = CARTESIAN_POINT('',(31.9,3.6,25.55));
#3853 = SURFACE_CURVE('',#3854,(#3858,#3865),.PCURVE_S1.);
#3854 = LINE('',#3855,#3856);
#3855 = CARTESIAN_POINT('',(31.9,3.6,16.45));
#3856 = VECTOR('',#3857,1.);
#3857 = DIRECTION('',(0.,0.,1.));
#3858 = PCURVE('',#362,#3859);
#3859 = DEFINITIONAL_REPRESENTATION('',(#3860),#3864);
#3860 = LINE('',#3861,#3862);
#3861 = CARTESIAN_POINT('',(0.,-7.2));
#3862 = VECTOR('',#3863,1.);
#3863 = DIRECTION('',(1.,0.));
#3864 = ( GEOMETRIC_REPRESENTATION_CONTEXT(2) 
PARAMETRIC_REPRESENTATION_CONTEXT() REPRESENTATION_CONTEXT('2D SPACE',''
  ) );
#3865 = PCURVE('',#118,#3866);
#3866 = DEFINITIONAL_REPRESENTATION('',(#3867),#3871);
#3867 = LINE('',#3868,#3869);
#3868 = CARTESIAN_POINT('',(0.,0.));
#3869 = VECTOR('',#3870,1.);
#3870 = DIRECTION('',(1.,0.));
#3871 = ( GEOMETRIC_REPRESENTATION_CONTEXT(2) 
PARAMETRIC_REPRESENTATION_CONTEXT() REPRESENTATION_CONTEXT('2D SPACE',''
  ) );
#3872 = ORIENTED_EDGE('',*,*,#3873,.F.);
#3873 = EDGE_CURVE('',#3874,#3851,#3876,.T.);
#3874 = VERTEX_POINT('',#3875);
#3875 = CARTESIAN_POINT('',(31.9,-3.6,25.55));
#3876 = SURFACE_CURVE('',#3877,(#3881,#3888),.PCURVE_S1.);
#3877 = LINE('',#3878,#3879);
#3878 = CARTESIAN_POINT('',(31.9,-3.6,25.55));
#3879 = VECTOR('',#3880,1.);
#3880 = DIRECTION('',(-0.,1.,0.));
#3881 = PCURVE('',#362,#3882);
#3882 = DEFINITIONAL_REPRESENTATION('',(#3883),#3887);
#3883 = LINE('',#3884,#3885);
#3884 = CARTESIAN_POINT('',(9.1,0.));
#3885 = VECTOR('',#3886,1.);
#3886 = DIRECTION('',(0.,-1.));
#3887 = ( GEOMETRIC_REPRESENTATION_CONTEXT(2) 
PARAMETRIC_REPRESENTATION_CONTEXT() REPRESENTATION_CONTEXT('2D SPACE',''
  ) );
#3888 = PCURVE('',#3889,#3894);
#3889 = PLANE('',#3890);
#3890 = AXIS2_PLACEMENT_3D('',#3891,#3892,#3893);
#3891 = CARTESIAN_POINT('',(31.9,-3.6,25.55));
#3892 = DIRECTION('',(0.,0.,1.));
#3893 = DIRECTION('',(1.,0.,-0.));
#3894 = DEFINITIONAL_REPRESENTATION('',(#3895),#3899);
#3895 = LINE('',#3896,#3897);
#3896 = CARTESIAN_POINT('',(0.,0.));
#3897 = VECTOR('',#3898,1.);
#3898 = DIRECTION('',(0.,1.));
#3899 = ( GEOMETRIC_REPRESENTATION_CONTEXT(2) 
PARAMETRIC_REPRESENTATION_CONTEXT() REPRESENTATION_CONTEXT('2D SPACE',''
  ) );
#3900 = ORIENTED_EDGE('',*,*,#3901,.F.);
#3901 = EDGE_CURVE('',#310,#3874,#3902,.T.);
#3902 = SURFACE_CURVE('',#3903,(#3907,#3914),.PCURVE_S1.);
#3903 = LINE('',#3904,#3905);
#3904 = CARTESIAN_POINT('',(31.9,-3.6,16.45));
#3905 = VECTOR('',#3906,1.);
#3906 = DIRECTION('',(0.,0.,1.));
#3907 = PCURVE('',#362,#3908);
#3908 = DEFINITIONAL_REPRESENTATION('',(#3909),#3913);
#3909 = LINE('',#3910,#3911);
#3910 = CARTESIAN_POINT('',(0.,0.));
#3911 = VECTOR('',#3912,1.);
#3912 = DIRECTION('',(1.,0.));
#3913 = ( GEOMETRIC_REPRESENTATION_CONTEXT(2) 
PARAMETRIC_REPRESENTATION_CONTEXT() REPRESENTATION_CONTEXT('2D SPACE',''
  ) );
#3914 = PCURVE('',#62,#3915);
#3915 = DEFINITIONAL_REPRESENTATION('',(#3916),#3920);
#3916 = LINE('',#3917,#3918);
#3917 = CARTESIAN_POINT('',(0.,0.));
#3918 = VECTOR('',#3919,1.);
#3919 = DIRECTION('',(1.,0.));
#3920 = ( GEOMETRIC_REPRESENTATION_CONTEXT(2) 
PARAMETRIC_REPRESENTATION_CONTEXT() REPRESENTATION_CONTEXT('2D SPACE',''
  ) );
#3921 = ADVANCED_FACE('',(#3922),#3889,.T.);
#3922 = FACE_BOUND('',#3923,.T.);
#3923 = EDGE_LOOP('',(#3924,#3947,#3948,#3971,#3999,#4026,#4052,#4079));
#3924 = ORIENTED_EDGE('',*,*,#3925,.F.);
#3925 = EDGE_CURVE('',#3851,#3926,#3928,.T.);
#3926 = VERTEX_POINT('',#3927);
#3927 = CARTESIAN_POINT('',(40.4,3.6,25.55));
#3928 = SURFACE_CURVE('',#3929,(#3933,#3940),.PCURVE_S1.);
#3929 = LINE('',#3930,#3931);
#3930 = CARTESIAN_POINT('',(31.9,3.6,25.55));
#3931 = VECTOR('',#3932,1.);
#3932 = DIRECTION('',(1.,0.,-0.));
#3933 = PCURVE('',#3889,#3934);
#3934 = DEFINITIONAL_REPRESENTATION('',(#3935),#3939);
#3935 = LINE('',#3936,#3937);
#3936 = CARTESIAN_POINT('',(0.,7.2));
#3937 = VECTOR('',#3938,1.);
#3938 = DIRECTION('',(1.,0.));
#3939 = ( GEOMETRIC_REPRESENTATION_CONTEXT(2) 
PARAMETRIC_REPRESENTATION_CONTEXT() REPRESENTATION_CONTEXT('2D SPACE',''
  ) );
#3940 = PCURVE('',#118,#3941);
#3941 = DEFINITIONAL_REPRESENTATION('',(#3942),#3946);
#3942 = LINE('',#3943,#3944);
#3943 = CARTESIAN_POINT('',(9.1,0.));
#3944 = VECTOR('',#3945,1.);
#3945 = DIRECTION('',(0.,1.));
#3946 = ( GEOMETRIC_REPRESENTATION_CONTEXT(2) 
PARAMETRIC_REPRESENTATION_CONTEXT() REPRESENTATION_CONTEXT('2D SPACE',''
  ) );
#3947 = ORIENTED_EDGE('',*,*,#3873,.F.);
#3948 = ORIENTED_EDGE('',*,*,#3949,.T.);
#3949 = EDGE_CURVE('',#3874,#3950,#3952,.T.);
#3950 = VERTEX_POINT('',#3951);
#3951 = CARTESIAN_POINT('',(40.4,-3.6,25.55));
#3952 = SURFACE_CURVE('',#3953,(#3957,#3964),.PCURVE_S1.);
#3953 = LINE('',#3954,#3955);
#3954 = CARTESIAN_POINT('',(31.9,-3.6,25.55));
#3955 = VECTOR('',#3956,1.);
#3956 = DIRECTION('',(1.,0.,-0.));
#3957 = PCURVE('',#3889,#3958);
#3958 = DEFINITIONAL_REPRESENTATION('',(#3959),#3963);
#3959 = LINE('',#3960,#3961);
#3960 = CARTESIAN_POINT('',(0.,0.));
#3961 = VECTOR('',#3962,1.);
#3962 = DIRECTION('',(1.,0.));
#3963 = ( GEOMETRIC_REPRESENTATION_CONTEXT(2) 
PARAMETRIC_REPRESENTATION_CONTEXT() REPRESENTATION_CONTEXT('2D SPACE',''
  ) );
#3964 = PCURVE('',#62,#3965);
#3965 = DEFINITIONAL_REPRESENTATION('',(#3966),#3970);
#3966 = LINE('',#3967,#3968);
#3967 = CARTESIAN_POINT('',(9.1,0.));
#3968 = VECTOR('',#3969,1.);
#3969 = DIRECTION('',(0.,1.));
#3970 = ( GEOMETRIC_REPRESENTATION_CONTEXT(2) 
PARAMETRIC_REPRESENTATION_CONTEXT() REPRESENTATION_CONTEXT('2D SPACE',''
  ) );
#3971 = ORIENTED_EDGE('',*,*,#3972,.T.);
#3972 = EDGE_CURVE('',#3950,#3973,#3975,.T.);
#3973 = VERTEX_POINT('',#3974);
#3974 = CARTESIAN_POINT('',(40.4,-3.,25.55));
#3975 = SURFACE_CURVE('',#3976,(#3980,#3987),.PCURVE_S1.);
#3976 = LINE('',#3977,#3978);
#3977 = CARTESIAN_POINT('',(40.4,-3.6,25.55));
#3978 = VECTOR('',#3979,1.);
#3979 = DIRECTION('',(-0.,1.,0.));
#3980 = PCURVE('',#3889,#3981);
#3981 = DEFINITIONAL_REPRESENTATION('',(#3982),#3986);
#3982 = LINE('',#3983,#3984);
#3983 = CARTESIAN_POINT('',(8.5,0.));
#3984 = VECTOR('',#3985,1.);
#3985 = DIRECTION('',(0.,1.));
#3986 = ( GEOMETRIC_REPRESENTATION_CONTEXT(2) 
PARAMETRIC_REPRESENTATION_CONTEXT() REPRESENTATION_CONTEXT('2D SPACE',''
  ) );
#3987 = PCURVE('',#3988,#3993);
#3988 = PLANE('',#3989);
#3989 = AXIS2_PLACEMENT_3D('',#3990,#3991,#3992);
#3990 = CARTESIAN_POINT('',(40.4,-3.6,16.45));
#3991 = DIRECTION('',(1.,0.,-0.));
#3992 = DIRECTION('',(0.,0.,1.));
#3993 = DEFINITIONAL_REPRESENTATION('',(#3994),#3998);
#3994 = LINE('',#3995,#3996);
#3995 = CARTESIAN_POINT('',(9.1,0.));
#3996 = VECTOR('',#3997,1.);
#3997 = DIRECTION('',(0.,-1.));
#3998 = ( GEOMETRIC_REPRESENTATION_CONTEXT(2) 
PARAMETRIC_REPRESENTATION_CONTEXT() REPRESENTATION_CONTEXT('2D SPACE',''
  ) );
#3999 = ORIENTED_EDGE('',*,*,#4000,.T.);
#4000 = EDGE_CURVE('',#3973,#4001,#4003,.T.);
#4001 = VERTEX_POINT('',#4002);
#4002 = CARTESIAN_POINT('',(37.2,-3.,25.55));
#4003 = SURFACE_CURVE('',#4004,(#4008,#4014),.PCURVE_S1.);
#4004 = LINE('',#4005,#4006);
#4005 = CARTESIAN_POINT('',(34.55,-3.,25.55));
#4006 = VECTOR('',#4007,1.);
#4007 = DIRECTION('',(-1.,-0.,0.));
#4008 = PCURVE('',#3889,#4009);
#4009 = DEFINITIONAL_REPRESENTATION('',(#4010),#4013);
#4010 = B_SPLINE_CURVE_WITH_KNOTS('',1,(#4011,#4012),.UNSPECIFIED.,.F.,
  .F.,(2,2),(-5.85,-2.65),.PIECEWISE_BEZIER_KNOTS.);
#4011 = CARTESIAN_POINT('',(8.5,0.6));
#4012 = CARTESIAN_POINT('',(5.3,0.6));
#4013 = ( GEOMETRIC_REPRESENTATION_CONTEXT(2) 
PARAMETRIC_REPRESENTATION_CONTEXT() REPRESENTATION_CONTEXT('2D SPACE',''
  ) );
#4014 = PCURVE('',#4015,#4020);
#4015 = PLANE('',#4016);
#4016 = AXIS2_PLACEMENT_3D('',#4017,#4018,#4019);
#4017 = CARTESIAN_POINT('',(37.2,-3.,16.2));
#4018 = DIRECTION('',(-0.,1.,0.));
#4019 = DIRECTION('',(0.,0.,1.));
#4020 = DEFINITIONAL_REPRESENTATION('',(#4021),#4025);
#4021 = LINE('',#4022,#4023);
#4022 = CARTESIAN_POINT('',(9.35,-2.65));
#4023 = VECTOR('',#4024,1.);
#4024 = DIRECTION('',(0.,-1.));
#4025 = ( GEOMETRIC_REPRESENTATION_CONTEXT(2) 
PARAMETRIC_REPRESENTATION_CONTEXT() REPRESENTATION_CONTEXT('2D SPACE',''
  ) );
#4026 = ORIENTED_EDGE('',*,*,#4027,.T.);
#4027 = EDGE_CURVE('',#4001,#4028,#4030,.T.);
#4028 = VERTEX_POINT('',#4029);
#4029 = CARTESIAN_POINT('',(37.2,3.,25.55));
#4030 = SURFACE_CURVE('',#4031,(#4035,#4041),.PCURVE_S1.);
#4031 = LINE('',#4032,#4033);
#4032 = CARTESIAN_POINT('',(37.2,-3.3,25.55));
#4033 = VECTOR('',#4034,1.);
#4034 = DIRECTION('',(-0.,1.,0.));
#4035 = PCURVE('',#3889,#4036);
#4036 = DEFINITIONAL_REPRESENTATION('',(#4037),#4040);
#4037 = B_SPLINE_CURVE_WITH_KNOTS('',1,(#4038,#4039),.UNSPECIFIED.,.F.,
  .F.,(2,2),(0.3,6.3),.PIECEWISE_BEZIER_KNOTS.);
#4038 = CARTESIAN_POINT('',(5.3,0.6));
#4039 = CARTESIAN_POINT('',(5.3,6.6));
#4040 = ( GEOMETRIC_REPRESENTATION_CONTEXT(2) 
PARAMETRIC_REPRESENTATION_CONTEXT() REPRESENTATION_CONTEXT('2D SPACE',''
  ) );
#4041 = PCURVE('',#4042,#4047);
#4042 = PLANE('',#4043);
#4043 = AXIS2_PLACEMENT_3D('',#4044,#4045,#4046);
#4044 = CARTESIAN_POINT('',(37.2,-3.,16.2));
#4045 = DIRECTION('',(1.,0.,-0.));
#4046 = DIRECTION('',(0.,0.,1.));
#4047 = DEFINITIONAL_REPRESENTATION('',(#4048),#4051);
#4048 = B_SPLINE_CURVE_WITH_KNOTS('',1,(#4049,#4050),.UNSPECIFIED.,.F.,
  .F.,(2,2),(0.3,6.3),.PIECEWISE_BEZIER_KNOTS.);
#4049 = CARTESIAN_POINT('',(9.35,0.));
#4050 = CARTESIAN_POINT('',(9.35,-6.));
#4051 = ( GEOMETRIC_REPRESENTATION_CONTEXT(2) 
PARAMETRIC_REPRESENTATION_CONTEXT() REPRESENTATION_CONTEXT('2D SPACE',''
  ) );
#4052 = ORIENTED_EDGE('',*,*,#4053,.F.);
#4053 = EDGE_CURVE('',#4054,#4028,#4056,.T.);
#4054 = VERTEX_POINT('',#4055);
#4055 = CARTESIAN_POINT('',(40.4,3.,25.55));
#4056 = SURFACE_CURVE('',#4057,(#4061,#4067),.PCURVE_S1.);
#4057 = LINE('',#4058,#4059);
#4058 = CARTESIAN_POINT('',(34.55,3.,25.55));
#4059 = VECTOR('',#4060,1.);
#4060 = DIRECTION('',(-1.,-0.,0.));
#4061 = PCURVE('',#3889,#4062);
#4062 = DEFINITIONAL_REPRESENTATION('',(#4063),#4066);
#4063 = B_SPLINE_CURVE_WITH_KNOTS('',1,(#4064,#4065),.UNSPECIFIED.,.F.,
  .F.,(2,2),(-5.85,-2.65),.PIECEWISE_BEZIER_KNOTS.);
#4064 = CARTESIAN_POINT('',(8.5,6.6));
#4065 = CARTESIAN_POINT('',(5.3,6.6));
#4066 = ( GEOMETRIC_REPRESENTATION_CONTEXT(2) 
PARAMETRIC_REPRESENTATION_CONTEXT() REPRESENTATION_CONTEXT('2D SPACE',''
  ) );
#4067 = PCURVE('',#4068,#4073);
#4068 = PLANE('',#4069);
#4069 = AXIS2_PLACEMENT_3D('',#4070,#4071,#4072);
#4070 = CARTESIAN_POINT('',(37.2,3.,16.2));
#4071 = DIRECTION('',(-0.,1.,0.));
#4072 = DIRECTION('',(0.,0.,1.));
#4073 = DEFINITIONAL_REPRESENTATION('',(#4074),#4078);
#4074 = LINE('',#4075,#4076);
#4075 = CARTESIAN_POINT('',(9.35,-2.65));
#4076 = VECTOR('',#4077,1.);
#4077 = DIRECTION('',(0.,-1.));
#4078 = ( GEOMETRIC_REPRESENTATION_CONTEXT(2) 
PARAMETRIC_REPRESENTATION_CONTEXT() REPRESENTATION_CONTEXT('2D SPACE',''
  ) );
#4079 = ORIENTED_EDGE('',*,*,#4080,.T.);
#4080 = EDGE_CURVE('',#4054,#3926,#4081,.T.);
#4081 = SURFACE_CURVE('',#4082,(#4086,#4093),.PCURVE_S1.);
#4082 = LINE('',#4083,#4084);
#4083 = CARTESIAN_POINT('',(40.4,-3.6,25.55));
#4084 = VECTOR('',#4085,1.);
#4085 = DIRECTION('',(-0.,1.,0.));
#4086 = PCURVE('',#3889,#4087);
#4087 = DEFINITIONAL_REPRESENTATION('',(#4088),#4092);
#4088 = LINE('',#4089,#4090);
#4089 = CARTESIAN_POINT('',(8.5,0.));
#4090 = VECTOR('',#4091,1.);
#4091 = DIRECTION('',(0.,1.));
#4092 = ( GEOMETRIC_REPRESENTATION_CONTEXT(2) 
PARAMETRIC_REPRESENTATION_CONTEXT() REPRESENTATION_CONTEXT('2D SPACE',''
  ) );
#4093 = PCURVE('',#4094,#4099);
#4094 = PLANE('',#4095);
#4095 = AXIS2_PLACEMENT_3D('',#4096,#4097,#4098);
#4096 = CARTESIAN_POINT('',(40.4,-3.6,16.45));
#4097 = DIRECTION('',(1.,0.,-0.));
#4098 = DIRECTION('',(0.,0.,1.));
#4099 = DEFINITIONAL_REPRESENTATION('',(#4100),#4104);
#4100 = LINE('',#4101,#4102);
#4101 = CARTESIAN_POINT('',(9.1,0.));
#4102 = VECTOR('',#4103,1.);
#4103 = DIRECTION('',(0.,-1.));
#4104 = ( GEOMETRIC_REPRESENTATION_CONTEXT(2) 
PARAMETRIC_REPRESENTATION_CONTEXT() REPRESENTATION_CONTEXT('2D SPACE',''
  ) );
#4105 = ADVANCED_FACE('',(#4106),#3988,.T.);
#4106 = FACE_BOUND('',#4107,.T.);
#4107 = EDGE_LOOP('',(#4108,#4109,#4132,#4155));
#4108 = ORIENTED_EDGE('',*,*,#3972,.F.);
#4109 = ORIENTED_EDGE('',*,*,#4110,.F.);
#4110 = EDGE_CURVE('',#4111,#3950,#4113,.T.);
#4111 = VERTEX_POINT('',#4112);
#4112 = CARTESIAN_POINT('',(40.4,-3.6,16.45));
#4113 = SURFACE_CURVE('',#4114,(#4118,#4125),.PCURVE_S1.);
#4114 = LINE('',#4115,#4116);
#4115 = CARTESIAN_POINT('',(40.4,-3.6,16.45));
#4116 = VECTOR('',#4117,1.);
#4117 = DIRECTION('',(0.,0.,1.));
#4118 = PCURVE('',#3988,#4119);
#4119 = DEFINITIONAL_REPRESENTATION('',(#4120),#4124);
#4120 = LINE('',#4121,#4122);
#4121 = CARTESIAN_POINT('',(0.,0.));
#4122 = VECTOR('',#4123,1.);
#4123 = DIRECTION('',(1.,0.));
#4124 = ( GEOMETRIC_REPRESENTATION_CONTEXT(2) 
PARAMETRIC_REPRESENTATION_CONTEXT() REPRESENTATION_CONTEXT('2D SPACE',''
  ) );
#4125 = PCURVE('',#62,#4126);
#4126 = DEFINITIONAL_REPRESENTATION('',(#4127),#4131);
#4127 = LINE('',#4128,#4129);
#4128 = CARTESIAN_POINT('',(0.,8.5));
#4129 = VECTOR('',#4130,1.);
#4130 = DIRECTION('',(1.,0.));
#4131 = ( GEOMETRIC_REPRESENTATION_CONTEXT(2) 
PARAMETRIC_REPRESENTATION_CONTEXT() REPRESENTATION_CONTEXT('2D SPACE',''
  ) );
#4132 = ORIENTED_EDGE('',*,*,#4133,.T.);
#4133 = EDGE_CURVE('',#4111,#4134,#4136,.T.);
#4134 = VERTEX_POINT('',#4135);
#4135 = CARTESIAN_POINT('',(40.4,-3.,16.45));
#4136 = SURFACE_CURVE('',#4137,(#4141,#4148),.PCURVE_S1.);
#4137 = LINE('',#4138,#4139);
#4138 = CARTESIAN_POINT('',(40.4,-3.6,16.45));
#4139 = VECTOR('',#4140,1.);
#4140 = DIRECTION('',(-0.,1.,0.));
#4141 = PCURVE('',#3988,#4142);
#4142 = DEFINITIONAL_REPRESENTATION('',(#4143),#4147);
#4143 = LINE('',#4144,#4145);
#4144 = CARTESIAN_POINT('',(0.,0.));
#4145 = VECTOR('',#4146,1.);
#4146 = DIRECTION('',(0.,-1.));
#4147 = ( GEOMETRIC_REPRESENTATION_CONTEXT(2) 
PARAMETRIC_REPRESENTATION_CONTEXT() REPRESENTATION_CONTEXT('2D SPACE',''
  ) );
#4148 = PCURVE('',#90,#4149);
#4149 = DEFINITIONAL_REPRESENTATION('',(#4150),#4154);
#4150 = LINE('',#4151,#4152);
#4151 = CARTESIAN_POINT('',(8.5,0.));
#4152 = VECTOR('',#4153,1.);
#4153 = DIRECTION('',(0.,1.));
#4154 = ( GEOMETRIC_REPRESENTATION_CONTEXT(2) 
PARAMETRIC_REPRESENTATION_CONTEXT() REPRESENTATION_CONTEXT('2D SPACE',''
  ) );
#4155 = ORIENTED_EDGE('',*,*,#4156,.T.);
#4156 = EDGE_CURVE('',#4134,#3973,#4157,.T.);
#4157 = SURFACE_CURVE('',#4158,(#4162,#4168),.PCURVE_S1.);
#4158 = LINE('',#4159,#4160);
#4159 = CARTESIAN_POINT('',(40.4,-3.,16.325));
#4160 = VECTOR('',#4161,1.);
#4161 = DIRECTION('',(0.,0.,1.));
#4162 = PCURVE('',#3988,#4163);
#4163 = DEFINITIONAL_REPRESENTATION('',(#4164),#4167);
#4164 = B_SPLINE_CURVE_WITH_KNOTS('',1,(#4165,#4166),.UNSPECIFIED.,.F.,
  .F.,(2,2),(0.125,9.225),.PIECEWISE_BEZIER_KNOTS.);
#4165 = CARTESIAN_POINT('',(0.,-0.6));
#4166 = CARTESIAN_POINT('',(9.1,-0.6));
#4167 = ( GEOMETRIC_REPRESENTATION_CONTEXT(2) 
PARAMETRIC_REPRESENTATION_CONTEXT() REPRESENTATION_CONTEXT('2D SPACE',''
  ) );
#4168 = PCURVE('',#4015,#4169);
#4169 = DEFINITIONAL_REPRESENTATION('',(#4170),#4174);
#4170 = LINE('',#4171,#4172);
#4171 = CARTESIAN_POINT('',(0.125,3.2));
#4172 = VECTOR('',#4173,1.);
#4173 = DIRECTION('',(1.,0.));
#4174 = ( GEOMETRIC_REPRESENTATION_CONTEXT(2) 
PARAMETRIC_REPRESENTATION_CONTEXT() REPRESENTATION_CONTEXT('2D SPACE',''
  ) );
#4175 = ADVANCED_FACE('',(#4176),#4015,.T.);
#4176 = FACE_BOUND('',#4177,.T.);
#4177 = EDGE_LOOP('',(#4178,#4179,#4201,#4229,#4262,#4318,#4351,#4372));
#4178 = ORIENTED_EDGE('',*,*,#4156,.F.);
#4179 = ORIENTED_EDGE('',*,*,#4180,.T.);
#4180 = EDGE_CURVE('',#4134,#4181,#4183,.T.);
#4181 = VERTEX_POINT('',#4182);
#4182 = CARTESIAN_POINT('',(37.2,-3.,16.45));
#4183 = SURFACE_CURVE('',#4184,(#4188,#4195),.PCURVE_S1.);
#4184 = LINE('',#4185,#4186);
#4185 = CARTESIAN_POINT('',(34.55,-3.,16.45));
#4186 = VECTOR('',#4187,1.);
#4187 = DIRECTION('',(-1.,-0.,0.));
#4188 = PCURVE('',#4015,#4189);
#4189 = DEFINITIONAL_REPRESENTATION('',(#4190),#4194);
#4190 = LINE('',#4191,#4192);
#4191 = CARTESIAN_POINT('',(0.25,-2.65));
#4192 = VECTOR('',#4193,1.);
#4193 = DIRECTION('',(0.,-1.));
#4194 = ( GEOMETRIC_REPRESENTATION_CONTEXT(2) 
PARAMETRIC_REPRESENTATION_CONTEXT() REPRESENTATION_CONTEXT('2D SPACE',''
  ) );
#4195 = PCURVE('',#90,#4196);
#4196 = DEFINITIONAL_REPRESENTATION('',(#4197),#4200);
#4197 = B_SPLINE_CURVE_WITH_KNOTS('',1,(#4198,#4199),.UNSPECIFIED.,.F.,
  .F.,(2,2),(-5.85,-2.65),.PIECEWISE_BEZIER_KNOTS.);
#4198 = CARTESIAN_POINT('',(8.5,0.6));
#4199 = CARTESIAN_POINT('',(5.3,0.6));
#4200 = ( GEOMETRIC_REPRESENTATION_CONTEXT(2) 
PARAMETRIC_REPRESENTATION_CONTEXT() REPRESENTATION_CONTEXT('2D SPACE',''
  ) );
#4201 = ORIENTED_EDGE('',*,*,#4202,.T.);
#4202 = EDGE_CURVE('',#4181,#4203,#4205,.T.);
#4203 = VERTEX_POINT('',#4204);
#4204 = CARTESIAN_POINT('',(37.2,-3.,17.74423588078));
#4205 = SURFACE_CURVE('',#4206,(#4210,#4217),.PCURVE_S1.);
#4206 = LINE('',#4207,#4208);
#4207 = CARTESIAN_POINT('',(37.2,-3.,16.2));
#4208 = VECTOR('',#4209,1.);
#4209 = DIRECTION('',(0.,0.,1.));
#4210 = PCURVE('',#4015,#4211);
#4211 = DEFINITIONAL_REPRESENTATION('',(#4212),#4216);
#4212 = LINE('',#4213,#4214);
#4213 = CARTESIAN_POINT('',(0.,0.));
#4214 = VECTOR('',#4215,1.);
#4215 = DIRECTION('',(1.,0.));
#4216 = ( GEOMETRIC_REPRESENTATION_CONTEXT(2) 
PARAMETRIC_REPRESENTATION_CONTEXT() REPRESENTATION_CONTEXT('2D SPACE',''
  ) );
#4217 = PCURVE('',#4218,#4223);
#4218 = PLANE('',#4219);
#4219 = AXIS2_PLACEMENT_3D('',#4220,#4221,#4222);
#4220 = CARTESIAN_POINT('',(37.2,-3.,16.2));
#4221 = DIRECTION('',(1.,0.,-0.));
#4222 = DIRECTION('',(0.,0.,1.));
#4223 = DEFINITIONAL_REPRESENTATION('',(#4224),#4228);
#4224 = LINE('',#4225,#4226);
#4225 = CARTESIAN_POINT('',(0.,0.));
#4226 = VECTOR('',#4227,1.);
#4227 = DIRECTION('',(1.,0.));
#4228 = ( GEOMETRIC_REPRESENTATION_CONTEXT(2) 
PARAMETRIC_REPRESENTATION_CONTEXT() REPRESENTATION_CONTEXT('2D SPACE',''
  ) );
#4229 = ORIENTED_EDGE('',*,*,#4230,.F.);
#4230 = EDGE_CURVE('',#4231,#4203,#4233,.T.);
#4231 = VERTEX_POINT('',#4232);
#4232 = CARTESIAN_POINT('',(32.799000193621,-3.,18.601146093381));
#4233 = SURFACE_CURVE('',#4234,(#4239,#4250),.PCURVE_S1.);
#4234 = CIRCLE('',#4235,3.65);
#4235 = AXIS2_PLACEMENT_3D('',#4236,#4237,#4238);
#4236 = CARTESIAN_POINT('',(35.55,-3.,21.));
#4237 = DIRECTION('',(0.,-1.,0.));
#4238 = DIRECTION('',(1.,0.,0.));
#4239 = PCURVE('',#4015,#4240);
#4240 = DEFINITIONAL_REPRESENTATION('',(#4241),#4249);
#4241 = ( BOUNDED_CURVE() B_SPLINE_CURVE(2,(#4242,#4243,#4244,#4245,
#4246,#4247,#4248),.UNSPECIFIED.,.T.,.F.) B_SPLINE_CURVE_WITH_KNOTS((1,2
    ,2,2,2,1),(-2.094395102393,0.,2.094395102393,4.188790204786,
6.28318530718,8.377580409573),.UNSPECIFIED.) CURVE() 
GEOMETRIC_REPRESENTATION_ITEM() RATIONAL_B_SPLINE_CURVE((1.,0.5,1.,0.5,
1.,0.5,1.)) REPRESENTATION_ITEM('') );
#4242 = CARTESIAN_POINT('',(4.8,2.));
#4243 = CARTESIAN_POINT('',(11.121985447626,2.));
#4244 = CARTESIAN_POINT('',(7.960992723813,-3.475));
#4245 = CARTESIAN_POINT('',(4.8,-8.95));
#4246 = CARTESIAN_POINT('',(1.639007276187,-3.475));
#4247 = CARTESIAN_POINT('',(-1.521985447626,2.));
#4248 = CARTESIAN_POINT('',(4.8,2.));
#4249 = ( GEOMETRIC_REPRESENTATION_CONTEXT(2) 
PARAMETRIC_REPRESENTATION_CONTEXT() REPRESENTATION_CONTEXT('2D SPACE',''
  ) );
#4250 = PCURVE('',#4251,#4256);
#4251 = CYLINDRICAL_SURFACE('',#4252,3.65);
#4252 = AXIS2_PLACEMENT_3D('',#4253,#4254,#4255);
#4253 = CARTESIAN_POINT('',(35.55,3.,21.));
#4254 = DIRECTION('',(0.,-1.,0.));
#4255 = DIRECTION('',(1.,0.,0.));
#4256 = DEFINITIONAL_REPRESENTATION('',(#4257),#4261);
#4257 = LINE('',#4258,#4259);
#4258 = CARTESIAN_POINT('',(0.,6.));
#4259 = VECTOR('',#4260,1.);
#4260 = DIRECTION('',(1.,0.));
#4261 = ( GEOMETRIC_REPRESENTATION_CONTEXT(2) 
PARAMETRIC_REPRESENTATION_CONTEXT() REPRESENTATION_CONTEXT('2D SPACE',''
  ) );
#4262 = ORIENTED_EDGE('',*,*,#4263,.F.);
#4263 = EDGE_CURVE('',#4264,#4231,#4266,.T.);
#4264 = VERTEX_POINT('',#4265);
#4265 = CARTESIAN_POINT('',(33.104642985881,-3.,23.709747049726));
#4266 = SURFACE_CURVE('',#4267,(#4272,#4279),.PCURVE_S1.);
#4267 = CIRCLE('',#4268,4.142463035442);
#4268 = AXIS2_PLACEMENT_3D('',#4269,#4270,#4271);
#4269 = CARTESIAN_POINT('',(29.7,-3.,21.35));
#4270 = DIRECTION('',(-0.,1.,0.));
#4271 = DIRECTION('',(0.,0.,1.));
#4272 = PCURVE('',#4015,#4273);
#4273 = DEFINITIONAL_REPRESENTATION('',(#4274),#4278);
#4274 = CIRCLE('',#4275,4.142463035442);
#4275 = AXIS2_PLACEMENT_2D('',#4276,#4277);
#4276 = CARTESIAN_POINT('',(5.15,-7.5));
#4277 = DIRECTION('',(1.,0.));
#4278 = ( GEOMETRIC_REPRESENTATION_CONTEXT(2) 
PARAMETRIC_REPRESENTATION_CONTEXT() REPRESENTATION_CONTEXT('2D SPACE',''
  ) );
#4279 = PCURVE('',#4280,#4285);
#4280 = SPHERICAL_SURFACE('',#4281,4.25);
#4281 = AXIS2_PLACEMENT_3D('',#4282,#4283,#4284);
#4282 = CARTESIAN_POINT('',(29.7,-2.05,21.35));
#4283 = DIRECTION('',(0.,0.,1.));
#4284 = DIRECTION('',(1.,0.,-0.));
#4285 = DEFINITIONAL_REPRESENTATION('',(#4286),#4317);
#4286 = B_SPLINE_CURVE_WITH_KNOTS('',8,(#4287,#4288,#4289,#4290,#4291,
    #4292,#4293,#4294,#4295,#4296,#4297,#4298,#4299,#4300,#4301,#4302,
    #4303,#4304,#4305,#4306,#4307,#4308,#4309,#4310,#4311,#4312,#4313,
    #4314,#4315,#4316),.UNSPECIFIED.,.F.,.F.,(9,7,7,7,9),(0.96471844498,
    1.06533844727,1.823525266557,2.202618676201,2.296389861387),
  .UNSPECIFIED.);
#4287 = CARTESIAN_POINT('',(6.011075651995,0.58864501751));
#4288 = CARTESIAN_POINT('',(6.013332375417,0.576530292911));
#4289 = CARTESIAN_POINT('',(6.015500574692,0.564406849234));
#4290 = CARTESIAN_POINT('',(6.017584049098,0.552275179594));
#4291 = CARTESIAN_POINT('',(6.01958629016,0.540135741502));
#4292 = CARTESIAN_POINT('',(6.021510516797,0.527988961348));
#4293 = CARTESIAN_POINT('',(6.023359702712,0.515835237763));
#4294 = CARTESIAN_POINT('',(6.025136595615,0.503674943609));
#4295 = CARTESIAN_POINT('',(6.039707186306,0.399831885594));
#4296 = CARTESIAN_POINT('',(6.048610208111,0.307802115966));
#4297 = CARTESIAN_POINT('',(6.054640594615,0.215568884746));
#4298 = CARTESIAN_POINT('',(6.058244226897,0.123211675201));
#4299 = CARTESIAN_POINT('',(6.059682231091,3.079690069222E-02));
#4300 = CARTESIAN_POINT('',(6.059000299375,-6.161933628596E-02));
#4301 = CARTESIAN_POINT('',(6.056104183336,-0.153978135747));
#4302 = CARTESIAN_POINT('',(6.047870415853,-0.292310819523));
#4303 = CARTESIAN_POINT('',(6.044477410205,-0.338387433481));
#4304 = CARTESIAN_POINT('',(6.040389526894,-0.384419905293));
#4305 = CARTESIAN_POINT('',(6.03554062315,-0.430396741781));
#4306 = CARTESIAN_POINT('',(6.029844531022,-0.476304651064));
#4307 = CARTESIAN_POINT('',(6.023187094378,-0.522127460466));
#4308 = CARTESIAN_POINT('',(6.015410586475,-0.567844119367));
#4309 = CARTESIAN_POINT('',(6.004034598258,-0.624700704713));
#4310 = CARTESIAN_POINT('',(6.00169648622,-0.635967364684));
#4311 = CARTESIAN_POINT('',(5.999272729042,-0.647225322591));
#4312 = CARTESIAN_POINT('',(5.996759648311,-0.658474108493));
#4313 = CARTESIAN_POINT('',(5.994153283372,-0.669713219698));
#4314 = CARTESIAN_POINT('',(5.991449349844,-0.680942114895));
#4315 = CARTESIAN_POINT('',(5.988643197529,-0.692160208549));
#4316 = CARTESIAN_POINT('',(5.985729761798,-0.703366864561));
#4317 = ( GEOMETRIC_REPRESENTATION_CONTEXT(2) 
PARAMETRIC_REPRESENTATION_CONTEXT() REPRESENTATION_CONTEXT('2D SPACE',''
  ) );
#4318 = ORIENTED_EDGE('',*,*,#4319,.F.);
#4319 = EDGE_CURVE('',#4320,#4264,#4322,.T.);
#4320 = VERTEX_POINT('',#4321);
#4321 = CARTESIAN_POINT('',(37.2,-3.,24.25576411922));
#4322 = SURFACE_CURVE('',#4323,(#4328,#4339),.PCURVE_S1.);
#4323 = CIRCLE('',#4324,3.65);
#4324 = AXIS2_PLACEMENT_3D('',#4325,#4326,#4327);
#4325 = CARTESIAN_POINT('',(35.55,-3.,21.));
#4326 = DIRECTION('',(0.,-1.,0.));
#4327 = DIRECTION('',(1.,0.,0.));
#4328 = PCURVE('',#4015,#4329);
#4329 = DEFINITIONAL_REPRESENTATION('',(#4330),#4338);
#4330 = ( BOUNDED_CURVE() B_SPLINE_CURVE(2,(#4331,#4332,#4333,#4334,
#4335,#4336,#4337),.UNSPECIFIED.,.T.,.F.) B_SPLINE_CURVE_WITH_KNOTS((1,2
    ,2,2,2,1),(-2.094395102393,0.,2.094395102393,4.188790204786,
6.28318530718,8.377580409573),.UNSPECIFIED.) CURVE() 
GEOMETRIC_REPRESENTATION_ITEM() RATIONAL_B_SPLINE_CURVE((1.,0.5,1.,0.5,
1.,0.5,1.)) REPRESENTATION_ITEM('') );
#4331 = CARTESIAN_POINT('',(4.8,2.));
#4332 = CARTESIAN_POINT('',(11.121985447626,2.));
#4333 = CARTESIAN_POINT('',(7.960992723813,-3.475));
#4334 = CARTESIAN_POINT('',(4.8,-8.95));
#4335 = CARTESIAN_POINT('',(1.639007276187,-3.475));
#4336 = CARTESIAN_POINT('',(-1.521985447626,2.));
#4337 = CARTESIAN_POINT('',(4.8,2.));
#4338 = ( GEOMETRIC_REPRESENTATION_CONTEXT(2) 
PARAMETRIC_REPRESENTATION_CONTEXT() REPRESENTATION_CONTEXT('2D SPACE',''
  ) );
#4339 = PCURVE('',#4340,#4345);
#4340 = CYLINDRICAL_SURFACE('',#4341,3.65);
#4341 = AXIS2_PLACEMENT_3D('',#4342,#4343,#4344);
#4342 = CARTESIAN_POINT('',(35.55,3.,21.));
#4343 = DIRECTION('',(0.,-1.,0.));
#4344 = DIRECTION('',(1.,0.,0.));
#4345 = DEFINITIONAL_REPRESENTATION('',(#4346),#4350);
#4346 = LINE('',#4347,#4348);
#4347 = CARTESIAN_POINT('',(0.,6.));
#4348 = VECTOR('',#4349,1.);
#4349 = DIRECTION('',(1.,0.));
#4350 = ( GEOMETRIC_REPRESENTATION_CONTEXT(2) 
PARAMETRIC_REPRESENTATION_CONTEXT() REPRESENTATION_CONTEXT('2D SPACE',''
  ) );
#4351 = ORIENTED_EDGE('',*,*,#4352,.T.);
#4352 = EDGE_CURVE('',#4320,#4001,#4353,.T.);
#4353 = SURFACE_CURVE('',#4354,(#4358,#4365),.PCURVE_S1.);
#4354 = LINE('',#4355,#4356);
#4355 = CARTESIAN_POINT('',(37.2,-3.,16.2));
#4356 = VECTOR('',#4357,1.);
#4357 = DIRECTION('',(0.,0.,1.));
#4358 = PCURVE('',#4015,#4359);
#4359 = DEFINITIONAL_REPRESENTATION('',(#4360),#4364);
#4360 = LINE('',#4361,#4362);
#4361 = CARTESIAN_POINT('',(0.,0.));
#4362 = VECTOR('',#4363,1.);
#4363 = DIRECTION('',(1.,0.));
#4364 = ( GEOMETRIC_REPRESENTATION_CONTEXT(2) 
PARAMETRIC_REPRESENTATION_CONTEXT() REPRESENTATION_CONTEXT('2D SPACE',''
  ) );
#4365 = PCURVE('',#4042,#4366);
#4366 = DEFINITIONAL_REPRESENTATION('',(#4367),#4371);
#4367 = LINE('',#4368,#4369);
#4368 = CARTESIAN_POINT('',(0.,0.));
#4369 = VECTOR('',#4370,1.);
#4370 = DIRECTION('',(1.,0.));
#4371 = ( GEOMETRIC_REPRESENTATION_CONTEXT(2) 
PARAMETRIC_REPRESENTATION_CONTEXT() REPRESENTATION_CONTEXT('2D SPACE',''
  ) );
#4372 = ORIENTED_EDGE('',*,*,#4000,.F.);
#4373 = ADVANCED_FACE('',(#4374),#4218,.T.);
#4374 = FACE_BOUND('',#4375,.T.);
#4375 = EDGE_LOOP('',(#4376,#4397,#4398,#4419));
#4376 = ORIENTED_EDGE('',*,*,#4377,.T.);
#4377 = EDGE_CURVE('',#4378,#4203,#4380,.T.);
#4378 = VERTEX_POINT('',#4379);
#4379 = CARTESIAN_POINT('',(37.2,3.,17.74423588078));
#4380 = SURFACE_CURVE('',#4381,(#4385,#4391),.PCURVE_S1.);
#4381 = LINE('',#4382,#4383);
#4382 = CARTESIAN_POINT('',(37.2,3.,17.74423588078));
#4383 = VECTOR('',#4384,1.);
#4384 = DIRECTION('',(0.,-1.,0.));
#4385 = PCURVE('',#4218,#4386);
#4386 = DEFINITIONAL_REPRESENTATION('',(#4387),#4390);
#4387 = B_SPLINE_CURVE_WITH_KNOTS('',1,(#4388,#4389),.UNSPECIFIED.,.F.,
  .F.,(2,2),(-5.999999999062E-07,6.0000006),.PIECEWISE_BEZIER_KNOTS.);
#4388 = CARTESIAN_POINT('',(1.54423588078,-6.0000006));
#4389 = CARTESIAN_POINT('',(1.54423588078,5.999999999062E-07));
#4390 = ( GEOMETRIC_REPRESENTATION_CONTEXT(2) 
PARAMETRIC_REPRESENTATION_CONTEXT() REPRESENTATION_CONTEXT('2D SPACE',''
  ) );
#4391 = PCURVE('',#4251,#4392);
#4392 = DEFINITIONAL_REPRESENTATION('',(#4393),#4396);
#4393 = B_SPLINE_CURVE_WITH_KNOTS('',1,(#4394,#4395),.UNSPECIFIED.,.F.,
  .F.,(2,2),(-5.999999999062E-07,6.0000006),.PIECEWISE_BEZIER_KNOTS.);
#4394 = CARTESIAN_POINT('',(5.181456585044,-5.999999999062E-07));
#4395 = CARTESIAN_POINT('',(5.181456585044,6.0000006));
#4396 = ( GEOMETRIC_REPRESENTATION_CONTEXT(2) 
PARAMETRIC_REPRESENTATION_CONTEXT() REPRESENTATION_CONTEXT('2D SPACE',''
  ) );
#4397 = ORIENTED_EDGE('',*,*,#4202,.F.);
#4398 = ORIENTED_EDGE('',*,*,#4399,.T.);
#4399 = EDGE_CURVE('',#4181,#4400,#4402,.T.);
#4400 = VERTEX_POINT('',#4401);
#4401 = CARTESIAN_POINT('',(37.2,3.,16.45));
#4402 = SURFACE_CURVE('',#4403,(#4407,#4413),.PCURVE_S1.);
#4403 = LINE('',#4404,#4405);
#4404 = CARTESIAN_POINT('',(37.2,-3.3,16.45));
#4405 = VECTOR('',#4406,1.);
#4406 = DIRECTION('',(-0.,1.,0.));
#4407 = PCURVE('',#4218,#4408);
#4408 = DEFINITIONAL_REPRESENTATION('',(#4409),#4412);
#4409 = B_SPLINE_CURVE_WITH_KNOTS('',1,(#4410,#4411),.UNSPECIFIED.,.F.,
  .F.,(2,2),(0.3,6.3),.PIECEWISE_BEZIER_KNOTS.);
#4410 = CARTESIAN_POINT('',(0.25,0.));
#4411 = CARTESIAN_POINT('',(0.25,-6.));
#4412 = ( GEOMETRIC_REPRESENTATION_CONTEXT(2) 
PARAMETRIC_REPRESENTATION_CONTEXT() REPRESENTATION_CONTEXT('2D SPACE',''
  ) );
#4413 = PCURVE('',#90,#4414);
#4414 = DEFINITIONAL_REPRESENTATION('',(#4415),#4418);
#4415 = B_SPLINE_CURVE_WITH_KNOTS('',1,(#4416,#4417),.UNSPECIFIED.,.F.,
  .F.,(2,2),(0.3,6.3),.PIECEWISE_BEZIER_KNOTS.);
#4416 = CARTESIAN_POINT('',(5.3,0.6));
#4417 = CARTESIAN_POINT('',(5.3,6.6));
#4418 = ( GEOMETRIC_REPRESENTATION_CONTEXT(2) 
PARAMETRIC_REPRESENTATION_CONTEXT() REPRESENTATION_CONTEXT('2D SPACE',''
  ) );
#4419 = ORIENTED_EDGE('',*,*,#4420,.T.);
#4420 = EDGE_CURVE('',#4400,#4378,#4421,.T.);
#4421 = SURFACE_CURVE('',#4422,(#4426,#4433),.PCURVE_S1.);
#4422 = LINE('',#4423,#4424);
#4423 = CARTESIAN_POINT('',(37.2,3.,16.2));
#4424 = VECTOR('',#4425,1.);
#4425 = DIRECTION('',(0.,0.,1.));
#4426 = PCURVE('',#4218,#4427);
#4427 = DEFINITIONAL_REPRESENTATION('',(#4428),#4432);
#4428 = LINE('',#4429,#4430);
#4429 = CARTESIAN_POINT('',(0.,-6.));
#4430 = VECTOR('',#4431,1.);
#4431 = DIRECTION('',(1.,0.));
#4432 = ( GEOMETRIC_REPRESENTATION_CONTEXT(2) 
PARAMETRIC_REPRESENTATION_CONTEXT() REPRESENTATION_CONTEXT('2D SPACE',''
  ) );
#4433 = PCURVE('',#4068,#4434);
#4434 = DEFINITIONAL_REPRESENTATION('',(#4435),#4439);
#4435 = LINE('',#4436,#4437);
#4436 = CARTESIAN_POINT('',(0.,0.));
#4437 = VECTOR('',#4438,1.);
#4438 = DIRECTION('',(1.,0.));
#4439 = ( GEOMETRIC_REPRESENTATION_CONTEXT(2) 
PARAMETRIC_REPRESENTATION_CONTEXT() REPRESENTATION_CONTEXT('2D SPACE',''
  ) );
#4440 = ADVANCED_FACE('',(#4441),#4251,.F.);
#4441 = FACE_BOUND('',#4442,.F.);
#4442 = EDGE_LOOP('',(#4443,#4471,#4472,#4473,#4601));
#4443 = ORIENTED_EDGE('',*,*,#4444,.T.);
#4444 = EDGE_CURVE('',#4445,#4378,#4447,.T.);
#4445 = VERTEX_POINT('',#4446);
#4446 = CARTESIAN_POINT('',(32.799000193621,3.,18.601146093381));
#4447 = SURFACE_CURVE('',#4448,(#4453,#4460),.PCURVE_S1.);
#4448 = CIRCLE('',#4449,3.65);
#4449 = AXIS2_PLACEMENT_3D('',#4450,#4451,#4452);
#4450 = CARTESIAN_POINT('',(35.55,3.,21.));
#4451 = DIRECTION('',(0.,-1.,0.));
#4452 = DIRECTION('',(1.,0.,0.));
#4453 = PCURVE('',#4251,#4454);
#4454 = DEFINITIONAL_REPRESENTATION('',(#4455),#4459);
#4455 = LINE('',#4456,#4457);
#4456 = CARTESIAN_POINT('',(0.,0.));
#4457 = VECTOR('',#4458,1.);
#4458 = DIRECTION('',(1.,0.));
#4459 = ( GEOMETRIC_REPRESENTATION_CONTEXT(2) 
PARAMETRIC_REPRESENTATION_CONTEXT() REPRESENTATION_CONTEXT('2D SPACE',''
  ) );
#4460 = PCURVE('',#4068,#4461);
#4461 = DEFINITIONAL_REPRESENTATION('',(#4462),#4470);
#4462 = ( BOUNDED_CURVE() B_SPLINE_CURVE(2,(#4463,#4464,#4465,#4466,
#4467,#4468,#4469),.UNSPECIFIED.,.T.,.F.) B_SPLINE_CURVE_WITH_KNOTS((1,2
    ,2,2,2,1),(-2.094395102393,0.,2.094395102393,4.188790204786,
6.28318530718,8.377580409573),.UNSPECIFIED.) CURVE() 
GEOMETRIC_REPRESENTATION_ITEM() RATIONAL_B_SPLINE_CURVE((1.,0.5,1.,0.5,
1.,0.5,1.)) REPRESENTATION_ITEM('') );
#4463 = CARTESIAN_POINT('',(4.8,2.));
#4464 = CARTESIAN_POINT('',(11.121985447626,2.));
#4465 = CARTESIAN_POINT('',(7.960992723813,-3.475));
#4466 = CARTESIAN_POINT('',(4.8,-8.95));
#4467 = CARTESIAN_POINT('',(1.639007276187,-3.475));
#4468 = CARTESIAN_POINT('',(-1.521985447626,2.));
#4469 = CARTESIAN_POINT('',(4.8,2.));
#4470 = ( GEOMETRIC_REPRESENTATION_CONTEXT(2) 
PARAMETRIC_REPRESENTATION_CONTEXT() REPRESENTATION_CONTEXT('2D SPACE',''
  ) );
#4471 = ORIENTED_EDGE('',*,*,#4377,.T.);
#4472 = ORIENTED_EDGE('',*,*,#4230,.F.);
#4473 = ORIENTED_EDGE('',*,*,#4474,.F.);
#4474 = EDGE_CURVE('',#4475,#4231,#4477,.T.);
#4475 = VERTEX_POINT('',#4476);
#4476 = CARTESIAN_POINT('',(32.537194585879,7.142034897517E-10,
    18.939538044296));
#4477 = SURFACE_CURVE('',#4478,(#4499,#4550),.PCURVE_S1.);
#4478 = B_SPLINE_CURVE_WITH_KNOTS('',7,(#4479,#4480,#4481,#4482,#4483,
    #4484,#4485,#4486,#4487,#4488,#4489,#4490,#4491,#4492,#4493,#4494,
    #4495,#4496,#4497,#4498),.UNSPECIFIED.,.F.,.F.,(8,6,6,8),(
    0.526991716372,0.620738668544,1.,1.21523735612),.UNSPECIFIED.);
#4479 = CARTESIAN_POINT('',(32.537194583407,-6.98278039557E-10,
    18.939538045603));
#4480 = CARTESIAN_POINT('',(32.554914453131,-5.499011334665E-02,
    18.913628098932));
#4481 = CARTESIAN_POINT('',(32.572224787286,-0.110334987136,
    18.88887486228));
#4482 = CARTESIAN_POINT('',(32.589100025003,-0.166008222295,
    18.86523979269));
#4483 = CARTESIAN_POINT('',(32.605517202973,-0.22198580797,
    18.842687042644));
#4484 = CARTESIAN_POINT('',(32.621455710085,-0.278246071488,
    18.821183177164));
#4485 = CARTESIAN_POINT('',(32.636897042067,-0.334769627624,
    18.800696890917));
#4486 = CARTESIAN_POINT('',(32.712215093919,-0.621206016754,
    18.702317224902));
#4487 = CARTESIAN_POINT('',(32.764173128746,-0.854814135581,
    18.639639071311));
#4488 = CARTESIAN_POINT('',(32.806626052221,-1.091289674025,
    18.591185834876));
#4489 = CARTESIAN_POINT('',(32.838873489236,-1.329738061802,
    18.555707959431));
#4490 = CARTESIAN_POINT('',(32.860499441583,-1.569398175282,
    18.532340441439));
#4491 = CARTESIAN_POINT('',(32.87132091669,-1.809648101738,
    18.520649607531));
#4492 = CARTESIAN_POINT('',(32.87132091669,-2.186403853569,
    18.520649607531));
#4493 = CARTESIAN_POINT('',(32.867835598394,-2.322721231566,
    18.524414502488));
#4494 = CARTESIAN_POINT('',(32.860872938491,-2.458887038113,
    18.531937602891));
#4495 = CARTESIAN_POINT('',(32.850454581718,-2.594815317846,
    18.543260658124));
#4496 = CARTESIAN_POINT('',(32.83662124064,-2.730399134477,
    18.558472545195));
#4497 = CARTESIAN_POINT('',(32.819438095424,-2.865510449349,
    18.577707957465));
#4498 = CARTESIAN_POINT('',(32.799000193621,-3.,18.601146093381));
#4499 = PCURVE('',#4251,#4500);
#4500 = DEFINITIONAL_REPRESENTATION('',(#4501),#4549);
#4501 = B_SPLINE_CURVE_WITH_KNOTS('',3,(#4502,#4503,#4504,#4505,#4506,
    #4507,#4508,#4509,#4510,#4511,#4512,#4513,#4514,#4515,#4516,#4517,
    #4518,#4519,#4520,#4521,#4522,#4523,#4524,#4525,#4526,#4527,#4528,
    #4529,#4530,#4531,#4532,#4533,#4534,#4535,#4536,#4537,#4538,#4539,
    #4540,#4541,#4542,#4543,#4544,#4545,#4546,#4547,#4548),
  .UNSPECIFIED.,.F.,.F.,(4,1,1,1,1,1,1,1,1,1,1,1,1,1,1,1,1,1,1,1,1,1,1,1
    ,1,1,1,1,1,1,1,1,1,1,1,1,1,1,1,1,1,1,1,1,4),(0.526991716372,
    0.54263366273,0.558275609088,0.573917555446,0.589559501804,
    0.605201448161,0.620843394519,0.636485340877,0.652127287235,
    0.667769233593,0.683411179951,0.699053126309,0.714695072667,
    0.730337019025,0.745978965383,0.76162091174,0.777262858098,
    0.792904804456,0.808546750814,0.824188697172,0.83983064353,
    0.855472589888,0.871114536246,0.886756482604,0.902398428962,
    0.91804037532,0.933682321677,0.949324268035,0.964966214393,
    0.980608160751,0.996250107109,1.011892053467,1.027533999825,
    1.043175946183,1.058817892541,1.074459838899,1.090101785256,
    1.105743731614,1.121385677972,1.13702762433,1.152669570688,
    1.168311517046,1.183953463404,1.199595409762,1.21523735612),
  .QUASI_UNIFORM_KNOTS.);
#4502 = CARTESIAN_POINT('',(3.74143230615,3.000000000698));
#4503 = CARTESIAN_POINT('',(3.744780437651,3.02140906198));
#4504 = CARTESIAN_POINT('',(3.751350163048,3.0643649685));
#4505 = CARTESIAN_POINT('',(3.760830263817,3.129188896488));
#4506 = CARTESIAN_POINT('',(3.769941119058,3.194378982592));
#4507 = CARTESIAN_POINT('',(3.778687563473,3.25991350922));
#4508 = CARTESIAN_POINT('',(3.787074152317,3.325771748607));
#4509 = CARTESIAN_POINT('',(3.795105355072,3.391935855395));
#4510 = CARTESIAN_POINT('',(3.802784820392,3.458384398923));
#4511 = CARTESIAN_POINT('',(3.810116102534,3.525097978282));
#4512 = CARTESIAN_POINT('',(3.817103004927,3.592062430883));
#4513 = CARTESIAN_POINT('',(3.823748874162,3.659262714698));
#4514 = CARTESIAN_POINT('',(3.830056824264,3.726684533485));
#4515 = CARTESIAN_POINT('',(3.836029708033,3.794313888681));
#4516 = CARTESIAN_POINT('',(3.841670152723,3.862137188174));
#4517 = CARTESIAN_POINT('',(3.846980575257,3.930141207086));
#4518 = CARTESIAN_POINT('',(3.851963199901,3.998313089371));
#4519 = CARTESIAN_POINT('',(3.856620072469,4.066640339557));
#4520 = CARTESIAN_POINT('',(3.860953072828,4.135110818115));
#4521 = CARTESIAN_POINT('',(3.864963925414,4.203712736771));
#4522 = CARTESIAN_POINT('',(3.868654208007,4.272434654671));
#4523 = CARTESIAN_POINT('',(3.872025358867,4.341265475064));
#4524 = CARTESIAN_POINT('',(3.875078682356,4.410194442499));
#4525 = CARTESIAN_POINT('',(3.877815353162,4.479211140546));
#4526 = CARTESIAN_POINT('',(3.880236419226,4.548305489618));
#4527 = CARTESIAN_POINT('',(3.882342803487,4.61746774616));
#4528 = CARTESIAN_POINT('',(3.884135304522,4.686688498225));
#4529 = CARTESIAN_POINT('',(3.885614596256,4.755958675654));
#4530 = CARTESIAN_POINT('',(3.886781226505,4.82526950663));
#4531 = CARTESIAN_POINT('',(3.887635615697,4.894612674911));
#4532 = CARTESIAN_POINT('',(3.888178051158,4.963979728371));
#4533 = CARTESIAN_POINT('',(3.888408694614,5.033364281608));
#4534 = CARTESIAN_POINT('',(3.888327537423,5.102753790643));
#4535 = CARTESIAN_POINT('',(3.887934720897,5.172115135034));
#4536 = CARTESIAN_POINT('',(3.887230276625,5.241448656169));
#4537 = CARTESIAN_POINT('',(3.886214064029,5.310746338531));
#4538 = CARTESIAN_POINT('',(3.884885793896,5.380001784133));
#4539 = CARTESIAN_POINT('',(3.883245028544,5.449207539081));
#4540 = CARTESIAN_POINT('',(3.881291187659,5.518355809154));
#4541 = CARTESIAN_POINT('',(3.879023551977,5.587438267202));
#4542 = CARTESIAN_POINT('',(3.876441266996,5.656446104262));
#4543 = CARTESIAN_POINT('',(3.873543345674,5.725370013957));
#4544 = CARTESIAN_POINT('',(3.87032867207,5.79420020008));
#4545 = CARTESIAN_POINT('',(3.866795999048,5.862926358125));
#4546 = CARTESIAN_POINT('',(3.862943965572,5.931537737862));
#4547 = CARTESIAN_POINT('',(3.86016201406,5.977194517807));
#4548 = CARTESIAN_POINT('',(3.858717308654,6.));
#4549 = ( GEOMETRIC_REPRESENTATION_CONTEXT(2) 
PARAMETRIC_REPRESENTATION_CONTEXT() REPRESENTATION_CONTEXT('2D SPACE',''
  ) );
#4550 = PCURVE('',#4280,#4551);
#4551 = DEFINITIONAL_REPRESENTATION('',(#4552),#4600);
#4552 = B_SPLINE_CURVE_WITH_KNOTS('',3,(#4553,#4554,#4555,#4556,#4557,
    #4558,#4559,#4560,#4561,#4562,#4563,#4564,#4565,#4566,#4567,#4568,
    #4569,#4570,#4571,#4572,#4573,#4574,#4575,#4576,#4577,#4578,#4579,
    #4580,#4581,#4582,#4583,#4584,#4585,#4586,#4587,#4588,#4589,#4590,
    #4591,#4592,#4593,#4594,#4595,#4596,#4597,#4598,#4599),
  .UNSPECIFIED.,.F.,.F.,(4,1,1,1,1,1,1,1,1,1,1,1,1,1,1,1,1,1,1,1,1,1,1,1
    ,1,1,1,1,1,1,1,1,1,1,1,1,1,1,1,1,1,1,1,1,4),(0.526991716372,
    0.54263366273,0.558275609088,0.573917555446,0.589559501804,
    0.605201448161,0.620843394519,0.636485340877,0.652127287235,
    0.667769233593,0.683411179951,0.699053126309,0.714695072667,
    0.730337019025,0.745978965383,0.76162091174,0.777262858098,
    0.792904804456,0.808546750814,0.824188697172,0.83983064353,
    0.855472589888,0.871114536246,0.886756482604,0.902398428962,
    0.91804037532,0.933682321677,0.949324268035,0.964966214393,
    0.980608160751,0.996250107109,1.011892053467,1.027533999825,
    1.043175946183,1.058817892541,1.074459838899,1.090101785256,
    1.105743731614,1.121385677972,1.13702762433,1.152669570688,
    1.168311517046,1.183953463404,1.199595409762,1.21523735612),
  .QUASI_UNIFORM_KNOTS.);
#4553 = CARTESIAN_POINT('',(6.908882268524,-0.603062630891));
#4554 = CARTESIAN_POINT('',(6.902770378841,-0.605944453555));
#4555 = CARTESIAN_POINT('',(6.890468562672,-0.611596540092));
#4556 = CARTESIAN_POINT('',(6.871789832812,-0.619744965617));
#4557 = CARTESIAN_POINT('',(6.852893275896,-0.627568753029));
#4558 = CARTESIAN_POINT('',(6.83378681233,-0.635072639219));
#4559 = CARTESIAN_POINT('',(6.814478308673,-0.642261130392));
#4560 = CARTESIAN_POINT('',(6.794975041101,-0.649138666456));
#4561 = CARTESIAN_POINT('',(6.775285584023,-0.655708989107));
#4562 = CARTESIAN_POINT('',(6.755418163993,-0.661975760687));
#4563 = CARTESIAN_POINT('',(6.735379670935,-0.667942854579));
#4564 = CARTESIAN_POINT('',(6.715177460713,-0.673613748963));
#4565 = CARTESIAN_POINT('',(6.6948188669,-0.678991715883));
#4566 = CARTESIAN_POINT('',(6.674311325366,-0.684079794164));
#4567 = CARTESIAN_POINT('',(6.653662333737,-0.688880817406));
#4568 = CARTESIAN_POINT('',(6.632879454227,-0.693397424527));
#4569 = CARTESIAN_POINT('',(6.61197030406,-0.697632072492));
#4570 = CARTESIAN_POINT('',(6.590942548491,-0.701587046118));
#4571 = CARTESIAN_POINT('',(6.569803892493,-0.705264466498));
#4572 = CARTESIAN_POINT('',(6.548562072237,-0.708666297796));
#4573 = CARTESIAN_POINT('',(6.527224846155,-0.711794352626));
#4574 = CARTESIAN_POINT('',(6.505799985724,-0.714650296118));
#4575 = CARTESIAN_POINT('',(6.484295266025,-0.717235648784));
#4576 = CARTESIAN_POINT('',(6.462718456124,-0.719551788313));
#4577 = CARTESIAN_POINT('',(6.441077309445,-0.721599950377));
#4578 = CARTESIAN_POINT('',(6.419379553791,-0.723381228587));
#4579 = CARTESIAN_POINT('',(6.397632882612,-0.724896573672));
#4580 = CARTESIAN_POINT('',(6.375844941823,-0.726146792057));
#4581 = CARTESIAN_POINT('',(6.35402333371,-0.727132543666));
#4582 = CARTESIAN_POINT('',(6.332175557757,-0.727854340108));
#4583 = CARTESIAN_POINT('',(6.310309187839,-0.728312539405));
#4584 = CARTESIAN_POINT('',(6.288431168397,-0.728507352024));
#4585 = CARTESIAN_POINT('',(6.266550399912,-0.728438803642));
#4586 = CARTESIAN_POINT('',(6.24468227323,-0.728107001517));
#4587 = CARTESIAN_POINT('',(6.222831613817,-0.727511918488));
#4588 = CARTESIAN_POINT('',(6.201005861378,-0.726653340482));
#4589 = CARTESIAN_POINT('',(6.17921191656,-0.725530886554));
#4590 = CARTESIAN_POINT('',(6.1574569756,-0.724144009499));
#4591 = CARTESIAN_POINT('',(6.135748295873,-0.72249200145));
#4592 = CARTESIAN_POINT('',(6.114093247397,-0.720573997846));
#4593 = CARTESIAN_POINT('',(6.09249928722,-0.718388981664));
#4594 = CARTESIAN_POINT('',(6.070973954123,-0.715935786865));
#4595 = CARTESIAN_POINT('',(6.049524857171,-0.713213103164));
#4596 = CARTESIAN_POINT('',(6.028159666825,-0.710219474675));
#4597 = CARTESIAN_POINT('',(6.006886100455,-0.706953319914));
#4598 = CARTESIAN_POINT('',(5.992769984479,-0.704593020384));
#4599 = CARTESIAN_POINT('',(5.985729784198,-0.703366869047));
#4600 = ( GEOMETRIC_REPRESENTATION_CONTEXT(2) 
PARAMETRIC_REPRESENTATION_CONTEXT() REPRESENTATION_CONTEXT('2D SPACE',''
  ) );
#4601 = ORIENTED_EDGE('',*,*,#4602,.T.);
#4602 = EDGE_CURVE('',#4475,#4445,#4603,.T.);
#4603 = SURFACE_CURVE('',#4604,(#4625,#4676),.PCURVE_S1.);
#4604 = B_SPLINE_CURVE_WITH_KNOTS('',7,(#4605,#4606,#4607,#4608,#4609,
    #4610,#4611,#4612,#4613,#4614,#4615,#4616,#4617,#4618,#4619,#4620,
    #4621,#4622,#4623,#4624),.UNSPECIFIED.,.F.,.F.,(8,6,6,8),(0.,
    8.765739423367E-02,0.472982511832,0.687924522188),.UNSPECIFIED.);
#4605 = CARTESIAN_POINT('',(32.537194583967,2.659092519092E-09,
    18.939538047116));
#4606 = CARTESIAN_POINT('',(32.553762625059,5.14156428622E-02,
    18.915312294493));
#4607 = CARTESIAN_POINT('',(32.569972632114,0.103141393389,
    18.892097773948));
#4608 = CARTESIAN_POINT('',(32.585803709504,0.155155665125,
    18.869862989084));
#4609 = CARTESIAN_POINT('',(32.601236957421,0.207438726079,
    18.848578490148));
#4610 = CARTESIAN_POINT('',(32.616255293624,0.259972664619,
    18.828216668823));
#4611 = CARTESIAN_POINT('',(32.630843275179,0.312741352705,
    18.808751553002));
#4612 = CARTESIAN_POINT('',(32.707159675032,0.598660153079,
    18.70842754788));
#4613 = CARTESIAN_POINT('',(32.760730604767,0.835788911661,
    18.643571292075));
#4614 = CARTESIAN_POINT('',(32.804527554021,1.07591871504,18.59349613078
    ));
#4615 = CARTESIAN_POINT('',(32.83780737841,1.318095672354,
    18.556860818393));
#4616 = CARTESIAN_POINT('',(32.860135453168,1.561534438209,
    18.532733072111));
#4617 = CARTESIAN_POINT('',(32.87132091669,1.805640748586,
    18.520649607531));
#4618 = CARTESIAN_POINT('',(32.87132091669,2.186308447981,
    18.520649607531));
#4619 = CARTESIAN_POINT('',(32.867840479031,2.322608091047,
    18.524409873577));
#4620 = CARTESIAN_POINT('',(32.860880404473,2.458793292144,
    18.531929462244));
#4621 = CARTESIAN_POINT('',(32.850461451865,2.594750586418,
    18.54325279107));
#4622 = CARTESIAN_POINT('',(32.836626269243,2.730358644996,
    18.558467063749));
#4623 = CARTESIAN_POINT('',(32.819441518496,2.865487924171,
    18.577704031895));
#4624 = CARTESIAN_POINT('',(32.799000193621,3.,18.601146093381));
#4625 = PCURVE('',#4251,#4626);
#4626 = DEFINITIONAL_REPRESENTATION('',(#4627),#4675);
#4627 = B_SPLINE_CURVE_WITH_KNOTS('',3,(#4628,#4629,#4630,#4631,#4632,
    #4633,#4634,#4635,#4636,#4637,#4638,#4639,#4640,#4641,#4642,#4643,
    #4644,#4645,#4646,#4647,#4648,#4649,#4650,#4651,#4652,#4653,#4654,
    #4655,#4656,#4657,#4658,#4659,#4660,#4661,#4662,#4663,#4664,#4665,
    #4666,#4667,#4668,#4669,#4670,#4671,#4672,#4673,#4674),
  .UNSPECIFIED.,.F.,.F.,(4,1,1,1,1,1,1,1,1,1,1,1,1,1,1,1,1,1,1,1,1,1,1,1
    ,1,1,1,1,1,1,1,1,1,1,1,1,1,1,1,1,1,1,1,1,4),(0.,1.563464823155E-02,
    3.126929646311E-02,4.690394469466E-02,6.253859292622E-02,
    7.817324115777E-02,9.380788938932E-02,0.109442537621,0.125077185852,
    0.140711834084,0.156346482316,0.171981130547,0.187615778779,
    0.20325042701,0.218885075242,0.234519723473,0.250154371705,
    0.265789019936,0.281423668168,0.2970583164,0.312692964631,
    0.328327612863,0.343962261094,0.359596909326,0.375231557557,
    0.390866205789,0.40650085402,0.422135502252,0.437770150484,
    0.453404798715,0.469039446947,0.484674095178,0.50030874341,
    0.515943391641,0.531578039873,0.547212688104,0.562847336336,
    0.578481984568,0.594116632799,0.609751281031,0.625385929262,
    0.641020577494,0.656655225725,0.672289873957,0.687924522188),
  .QUASI_UNIFORM_KNOTS.);
#4628 = CARTESIAN_POINT('',(3.741432305894,2.999999997341));
#4629 = CARTESIAN_POINT('',(3.744778716288,2.978601945892));
#4630 = CARTESIAN_POINT('',(3.75134512639,2.935668221428));
#4631 = CARTESIAN_POINT('',(3.760820630903,2.870877990928));
#4632 = CARTESIAN_POINT('',(3.76992726165,2.805721964352));
#4633 = CARTESIAN_POINT('',(3.778669851418,2.740221795489));
#4634 = CARTESIAN_POINT('',(3.78705297091,2.67439801513));
#4635 = CARTESIAN_POINT('',(3.795081060934,2.608268668426));
#4636 = CARTESIAN_POINT('',(3.802757694406,2.541855680477));
#4637 = CARTESIAN_POINT('',(3.810086777837,2.475175250186));
#4638 = CARTESIAN_POINT('',(3.817071890954,2.408243196528));
#4639 = CARTESIAN_POINT('',(3.823716341854,2.341074786974));
#4640 = CARTESIAN_POINT('',(3.83002318325,2.27368480308));
#4641 = CARTESIAN_POINT('',(3.835995235723,2.206087540209));
#4642 = CARTESIAN_POINT('',(3.841635105887,2.138296822751));
#4643 = CARTESIAN_POINT('',(3.846945202894,2.07032601318));
#4644 = CARTESIAN_POINT('',(3.851927752568,2.002188020914));
#4645 = CARTESIAN_POINT('',(3.856584809531,1.933895309525));
#4646 = CARTESIAN_POINT('',(3.860918267401,1.865459902847));
#4647 = CARTESIAN_POINT('',(3.864929867203,1.796893389986));
#4648 = CARTESIAN_POINT('',(3.868621204116,1.728206929378));
#4649 = CARTESIAN_POINT('',(3.871993732661,1.65941125202));
#4650 = CARTESIAN_POINT('',(3.875048770448,1.59051666399));
#4651 = CARTESIAN_POINT('',(3.877787500571,1.521533048336));
#4652 = CARTESIAN_POINT('',(3.88021097275,1.452469866657));
#4653 = CARTESIAN_POINT('',(3.882320103326,1.383336159727));
#4654 = CARTESIAN_POINT('',(3.884115674144,1.314140550145));
#4655 = CARTESIAN_POINT('',(3.885598330533,1.244891236448));
#4656 = CARTESIAN_POINT('',(3.886768578068,1.175596018683));
#4657 = CARTESIAN_POINT('',(3.887626779595,1.106262206764));
#4658 = CARTESIAN_POINT('',(3.888173147402,1.036896966988));
#4659 = CARTESIAN_POINT('',(3.888407749991,0.96750603466));
#4660 = CARTESIAN_POINT('',(3.8883304612,0.898098526341));
#4661 = CARTESIAN_POINT('',(3.887941208526,0.828702798761));
#4662 = CARTESIAN_POINT('',(3.887239880346,0.759323303857));
#4663 = CARTESIAN_POINT('',(3.886226223068,0.689970150222));
#4664 = CARTESIAN_POINT('',(3.884899869901,0.620652165725));
#4665 = CARTESIAN_POINT('',(3.883260334681,0.551378757519));
#4666 = CARTESIAN_POINT('',(3.881307013684,0.482159415083));
#4667 = CARTESIAN_POINT('',(3.879039183862,0.413003845149));
#4668 = CARTESIAN_POINT('',(3.876456000749,0.343921937457));
#4669 = CARTESIAN_POINT('',(3.873556494564,0.274923776728));
#4670 = CARTESIAN_POINT('',(3.870339567032,0.206019640352));
#4671 = CARTESIAN_POINT('',(3.866803980209,0.137220008391));
#4672 = CARTESIAN_POINT('',(3.862948369511,6.853554002496E-02));
#4673 = CARTESIAN_POINT('',(3.860163563652,2.282996222465E-02));
#4674 = CARTESIAN_POINT('',(3.858717308654,7.549516567451E-15));
#4675 = ( GEOMETRIC_REPRESENTATION_CONTEXT(2) 
PARAMETRIC_REPRESENTATION_CONTEXT() REPRESENTATION_CONTEXT('2D SPACE',''
  ) );
#4676 = PCURVE('',#4677,#4682);
#4677 = SPHERICAL_SURFACE('',#4678,4.25);
#4678 = AXIS2_PLACEMENT_3D('',#4679,#4680,#4681);
#4679 = CARTESIAN_POINT('',(29.7,2.05,21.35));
#4680 = DIRECTION('',(0.,0.,1.));
#4681 = DIRECTION('',(1.,0.,-0.));
#4682 = DEFINITIONAL_REPRESENTATION('',(#4683),#4731);
#4683 = B_SPLINE_CURVE_WITH_KNOTS('',3,(#4684,#4685,#4686,#4687,#4688,
    #4689,#4690,#4691,#4692,#4693,#4694,#4695,#4696,#4697,#4698,#4699,
    #4700,#4701,#4702,#4703,#4704,#4705,#4706,#4707,#4708,#4709,#4710,
    #4711,#4712,#4713,#4714,#4715,#4716,#4717,#4718,#4719,#4720,#4721,
    #4722,#4723,#4724,#4725,#4726,#4727,#4728,#4729,#4730),
  .UNSPECIFIED.,.F.,.F.,(4,1,1,1,1,1,1,1,1,1,1,1,1,1,1,1,1,1,1,1,1,1,1,1
    ,1,1,1,1,1,1,1,1,1,1,1,1,1,1,1,1,1,1,1,1,4),(0.,1.563464823155E-02,
    3.126929646311E-02,4.690394469466E-02,6.253859292622E-02,
    7.817324115777E-02,9.380788938932E-02,0.109442537621,0.125077185852,
    0.140711834084,0.156346482316,0.171981130547,0.187615778779,
    0.20325042701,0.218885075242,0.234519723473,0.250154371705,
    0.265789019936,0.281423668168,0.2970583164,0.312692964631,
    0.328327612863,0.343962261094,0.359596909326,0.375231557557,
    0.390866205789,0.40650085402,0.422135502252,0.437770150484,
    0.453404798715,0.469039446947,0.484674095178,0.50030874341,
    0.515943391641,0.531578039873,0.547212688104,0.562847336336,
    0.578481984568,0.594116632799,0.609751281031,0.625385929262,
    0.641020577494,0.656655225725,0.672289873957,0.687924522188),
  .QUASI_UNIFORM_KNOTS.);
#4684 = CARTESIAN_POINT('',(5.657488346383,-0.603062630691));
#4685 = CARTESIAN_POINT('',(5.663597093017,-0.605942971947));
#4686 = CARTESIAN_POINT('',(5.675892536785,-0.611592207633));
#4687 = CARTESIAN_POINT('',(5.694561469501,-0.619736688413));
#4688 = CARTESIAN_POINT('',(5.713448010693,-0.627556857526));
#4689 = CARTESIAN_POINT('',(5.73254426131,-0.635057449314));
#4690 = CARTESIAN_POINT('',(5.751842415979,-0.642242982243));
#4691 = CARTESIAN_POINT('',(5.771335144712,-0.649117870673));
#4692 = CARTESIAN_POINT('',(5.791013728526,-0.655685790637));
#4693 = CARTESIAN_POINT('',(5.810870899536,-0.661950704277));
#4694 = CARTESIAN_POINT('',(5.830899288236,-0.667916292699));
#4695 = CARTESIAN_POINT('',(5.851091478711,-0.673586000274));
#4696 = CARTESIAN_POINT('',(5.871439998611,-0.678963045827));
#4697 = CARTESIAN_POINT('',(5.89193732774,-0.684050439899));
#4698 = CARTESIAN_POINT('',(5.912575902739,-0.688850997734));
#4699 = CARTESIAN_POINT('',(5.933348123786,-0.693367350939));
#4700 = CARTESIAN_POINT('',(5.954246361675,-0.69760195717));
#4701 = CARTESIAN_POINT('',(5.975262965588,-0.701557108176));
#4702 = CARTESIAN_POINT('',(5.9963902714,-0.705234936255));
#4703 = CARTESIAN_POINT('',(6.017620610437,-0.708637419251));
#4704 = CARTESIAN_POINT('',(6.038946318619,-0.711766384201));
#4705 = CARTESIAN_POINT('',(6.060359745877,-0.714623509733));
#4706 = CARTESIAN_POINT('',(6.081853265775,-0.717210327328));
#4707 = CARTESIAN_POINT('',(6.103419285249,-0.719528221544));
#4708 = CARTESIAN_POINT('',(6.125050254322,-0.721578429312));
#4709 = CARTESIAN_POINT('',(6.14673867595,-0.723362038401));
#4710 = CARTESIAN_POINT('',(6.168477115025,-0.72487998514));
#4711 = CARTESIAN_POINT('',(6.190258209815,-0.726133051579));
#4712 = CARTESIAN_POINT('',(6.212074673218,-0.727121861879));
#4713 = CARTESIAN_POINT('',(6.23391933069,-0.727846879203));
#4714 = CARTESIAN_POINT('',(6.255785019665,-0.728308398816));
#4715 = CARTESIAN_POINT('',(6.277665004015,-0.728506553961));
#4716 = CARTESIAN_POINT('',(6.299551464297,-0.728441273095));
#4717 = CARTESIAN_POINT('',(6.321430506968,-0.728112480712));
#4718 = CARTESIAN_POINT('',(6.343295784221,-0.727520030538));
#4719 = CARTESIAN_POINT('',(6.365139181724,-0.726663613141));
#4720 = CARTESIAN_POINT('',(6.386953015786,-0.725542782017));
#4721 = CARTESIAN_POINT('',(6.408729456545,-0.72415694864));
#4722 = CARTESIAN_POINT('',(6.430460694478,-0.722505384861));
#4723 = CARTESIAN_POINT('',(6.45213890775,-0.720587222313));
#4724 = CARTESIAN_POINT('',(6.473756282848,-0.718401451758));
#4725 = CARTESIAN_POINT('',(6.495305021019,-0.715946920952));
#4726 = CARTESIAN_POINT('',(6.516777347779,-0.713222333613));
#4727 = CARTESIAN_POINT('',(6.538165523758,-0.710226240525));
#4728 = CARTESIAN_POINT('',(6.559461846344,-0.706957055916));
#4729 = CARTESIAN_POINT('',(6.573593072635,-0.704594335547));
#4730 = CARTESIAN_POINT('',(6.580640830161,-0.703366869047));
#4731 = ( GEOMETRIC_REPRESENTATION_CONTEXT(2) 
PARAMETRIC_REPRESENTATION_CONTEXT() REPRESENTATION_CONTEXT('2D SPACE',''
  ) );
#4732 = ADVANCED_FACE('',(#4733),#4677,.T.);
#4733 = FACE_BOUND('',#4734,.T.);
#4734 = EDGE_LOOP('',(#4735,#4865,#4927,#4928));
#4735 = ORIENTED_EDGE('',*,*,#4736,.F.);
#4736 = EDGE_CURVE('',#4737,#4739,#4741,.T.);
#4737 = VERTEX_POINT('',#4738);
#4738 = CARTESIAN_POINT('',(32.804358044846,9.504279194679E-09,
    23.404984450878));
#4739 = VERTEX_POINT('',#4740);
#4740 = CARTESIAN_POINT('',(33.104642985881,3.,23.709747049726));
#4741 = SURFACE_CURVE('',#4742,(#4763,#4814),.PCURVE_S1.);
#4742 = B_SPLINE_CURVE_WITH_KNOTS('',7,(#4743,#4744,#4745,#4746,#4747,
    #4748,#4749,#4750,#4751,#4752,#4753,#4754,#4755,#4756,#4757,#4758,
    #4759,#4760,#4761,#4762),.UNSPECIFIED.,.F.,.F.,(8,6,6,8),(
    0.559588822963,0.642558947414,1.,1.20045298547),.UNSPECIFIED.);
#4743 = CARTESIAN_POINT('',(32.80435804662,1.45315522497E-08,
    23.404984437616));
#4744 = CARTESIAN_POINT('',(32.82398796274,5.219093026036E-02,
    23.427394842713));
#4745 = CARTESIAN_POINT('',(32.843129411,0.104706819199,23.448817053634)
  );
#4746 = CARTESIAN_POINT('',(32.861764469276,0.157525310309,
    23.46928604879));
#4747 = CARTESIAN_POINT('',(32.879877039635,0.210625992238,
    23.488834413244));
#4748 = CARTESIAN_POINT('',(32.897452685613,0.263990371074,
    23.507492584722));
#4749 = CARTESIAN_POINT('',(32.914478469495,0.317601828102,
    23.525289099626));
#4750 = CARTESIAN_POINT('',(33.001872222864,0.603408185896,
    23.615323189256));
#4751 = CARTESIAN_POINT('',(33.062352406711,0.839588545931,
    23.672871900557));
#4752 = CARTESIAN_POINT('',(33.111489883136,1.078866847601,
    23.717071216818));
#4753 = CARTESIAN_POINT('',(33.148683964828,1.320299035251,
    23.749285950325));
#4754 = CARTESIAN_POINT('',(33.173585335528,1.56306503067,23.77045561235
    ));
#4755 = CARTESIAN_POINT('',(33.186045512194,1.806481205919,
    23.781046418091));
#4756 = CARTESIAN_POINT('',(33.186045512194,2.186565369138,
    23.781046418091));
#4757 = CARTESIAN_POINT('',(33.182127011603,2.322956004576,
    23.777716403546));
#4758 = CARTESIAN_POINT('',(33.174307576076,2.459136007221,
    23.771069065005));
#4759 = CARTESIAN_POINT('',(33.162607941305,2.59503968946,
    23.761063865231));
#4760 = CARTESIAN_POINT('',(33.147059643349,2.730572093739,
    23.747609407789));
#4761 = CARTESIAN_POINT('',(33.127712648954,2.865609511148,
    23.730565805638));
#4762 = CARTESIAN_POINT('',(33.104642985881,3.,23.709747049726));
#4763 = PCURVE('',#4677,#4764);
#4764 = DEFINITIONAL_REPRESENTATION('',(#4765),#4813);
#4765 = B_SPLINE_CURVE_WITH_KNOTS('',3,(#4766,#4767,#4768,#4769,#4770,
    #4771,#4772,#4773,#4774,#4775,#4776,#4777,#4778,#4779,#4780,#4781,
    #4782,#4783,#4784,#4785,#4786,#4787,#4788,#4789,#4790,#4791,#4792,
    #4793,#4794,#4795,#4796,#4797,#4798,#4799,#4800,#4801,#4802,#4803,
    #4804,#4805,#4806,#4807,#4808,#4809,#4810,#4811,#4812),
  .UNSPECIFIED.,.F.,.F.,(4,1,1,1,1,1,1,1,1,1,1,1,1,1,1,1,1,1,1,1,1,1,1,1
    ,1,1,1,1,1,1,1,1,1,1,1,1,1,1,1,1,1,1,1,1,4),(0.559588822963,
    0.574153917565,0.588719012167,0.60328410677,0.617849201372,
    0.632414295975,0.646979390577,0.66154448518,0.676109579782,
    0.690674674385,0.705239768987,0.71980486359,0.734369958192,
    0.748935052794,0.763500147397,0.778065241999,0.792630336602,
    0.807195431204,0.821760525807,0.836325620409,0.850890715012,
    0.865455809614,0.880020904217,0.894585998819,0.909151093421,
    0.923716188024,0.938281282626,0.952846377229,0.967411471831,
    0.981976566434,0.996541661036,1.011106755639,1.025671850241,
    1.040236944843,1.054802039446,1.069367134048,1.083932228651,
    1.098497323253,1.113062417856,1.127627512458,1.142192607061,
    1.156757701663,1.171322796266,1.185887890868,1.20045298547),
  .QUASI_UNIFORM_KNOTS.);
#4766 = CARTESIAN_POINT('',(5.699560205859,0.504678163165));
#4767 = CARTESIAN_POINT('',(5.705546526292,0.507145638904));
#4768 = CARTESIAN_POINT('',(5.71756825788,0.51197617451));
#4769 = CARTESIAN_POINT('',(5.735741132486,0.518915470113));
#4770 = CARTESIAN_POINT('',(5.754047153627,0.52555510921));
#4771 = CARTESIAN_POINT('',(5.772479665756,0.531901552868));
#4772 = CARTESIAN_POINT('',(5.791032182406,0.537960985488));
#4773 = CARTESIAN_POINT('',(5.809699060402,0.543739487626));
#4774 = CARTESIAN_POINT('',(5.828472662148,0.549242190003));
#4775 = CARTESIAN_POINT('',(5.847347520396,0.554474581455));
#4776 = CARTESIAN_POINT('',(5.866318411463,0.55944187603));
#4777 = CARTESIAN_POINT('',(5.8853801327,0.564148969851));
#4778 = CARTESIAN_POINT('',(5.904527568012,0.568600475366));
#4779 = CARTESIAN_POINT('',(5.923755675811,0.572800731975));
#4780 = CARTESIAN_POINT('',(5.94305949735,0.576753820297));
#4781 = CARTESIAN_POINT('',(5.962434159167,0.580463572977));
#4782 = CARTESIAN_POINT('',(5.981874876656,0.583933584119));
#4783 = CARTESIAN_POINT('',(6.001376956869,0.587167216984));
#4784 = CARTESIAN_POINT('',(6.020935801049,0.590167610231));
#4785 = CARTESIAN_POINT('',(6.040546906757,0.592937682792));
#4786 = CARTESIAN_POINT('',(6.060205869614,0.595480137539));
#4787 = CARTESIAN_POINT('',(6.07990838467,0.597797463848));
#4788 = CARTESIAN_POINT('',(6.099650247385,0.599891939207));
#4789 = CARTESIAN_POINT('',(6.119427354278,0.601765629961));
#4790 = CARTESIAN_POINT('',(6.139235703077,0.603420391326));
#4791 = CARTESIAN_POINT('',(6.159071393056,0.60485786678));
#4792 = CARTESIAN_POINT('',(6.178930623052,0.606079486907));
#4793 = CARTESIAN_POINT('',(6.198809696597,0.607086467918));
#4794 = CARTESIAN_POINT('',(6.218704999043,0.607879809543));
#4795 = CARTESIAN_POINT('',(6.23861307783,0.608460293829));
#4796 = CARTESIAN_POINT('',(6.258530336585,0.608828479677));
#4797 = CARTESIAN_POINT('',(6.278454169244,0.608984712792));
#4798 = CARTESIAN_POINT('',(6.298378718923,0.608929078112));
#4799 = CARTESIAN_POINT('',(6.318288323265,0.608661775654));
#4800 = CARTESIAN_POINT('',(6.338184092572,0.608182792284));
#4801 = CARTESIAN_POINT('',(6.358062991424,0.607491834678));
#4802 = CARTESIAN_POINT('',(6.377922839445,0.606588355456));
#4803 = CARTESIAN_POINT('',(6.397760969338,0.605471554387));
#4804 = CARTESIAN_POINT('',(6.417574584957,0.604140386216));
#4805 = CARTESIAN_POINT('',(6.43736066432,0.602593566575));
#4806 = CARTESIAN_POINT('',(6.457115985226,0.60082957846));
#4807 = CARTESIAN_POINT('',(6.476837118004,0.598846677878));
#4808 = CARTESIAN_POINT('',(6.496520429756,0.596642901709));
#4809 = CARTESIAN_POINT('',(6.516162078152,0.594216066895));
#4810 = CARTESIAN_POINT('',(6.535758038246,0.591563801457));
#4811 = CARTESIAN_POINT('',(6.548788686393,0.589643571243));
#4812 = CARTESIAN_POINT('',(6.555294975637,0.588645014482));
#4813 = ( GEOMETRIC_REPRESENTATION_CONTEXT(2) 
PARAMETRIC_REPRESENTATION_CONTEXT() REPRESENTATION_CONTEXT('2D SPACE',''
  ) );
#4814 = PCURVE('',#4340,#4815);
#4815 = DEFINITIONAL_REPRESENTATION('',(#4816),#4864);
#4816 = B_SPLINE_CURVE_WITH_KNOTS('',3,(#4817,#4818,#4819,#4820,#4821,
    #4822,#4823,#4824,#4825,#4826,#4827,#4828,#4829,#4830,#4831,#4832,
    #4833,#4834,#4835,#4836,#4837,#4838,#4839,#4840,#4841,#4842,#4843,
    #4844,#4845,#4846,#4847,#4848,#4849,#4850,#4851,#4852,#4853,#4854,
    #4855,#4856,#4857,#4858,#4859,#4860,#4861,#4862,#4863),
  .UNSPECIFIED.,.F.,.F.,(4,1,1,1,1,1,1,1,1,1,1,1,1,1,1,1,1,1,1,1,1,1,1,1
    ,1,1,1,1,1,1,1,1,1,1,1,1,1,1,1,1,1,1,1,1,4),(0.559588822963,
    0.574153917565,0.588719012167,0.60328410677,0.617849201372,
    0.632414295975,0.646979390577,0.66154448518,0.676109579782,
    0.690674674385,0.705239768987,0.71980486359,0.734369958192,
    0.748935052794,0.763500147397,0.778065241999,0.792630336602,
    0.807195431204,0.821760525807,0.836325620409,0.850890715012,
    0.865455809614,0.880020904217,0.894585998819,0.909151093421,
    0.923716188024,0.938281282626,0.952846377229,0.967411471831,
    0.981976566434,0.996541661036,1.011106755639,1.025671850241,
    1.040236944843,1.054802039446,1.069367134048,1.083932228651,
    1.098497323253,1.113062417856,1.127627512458,1.142192607061,
    1.156757701663,1.171322796266,1.185887890868,1.20045298547),
  .QUASI_UNIFORM_KNOTS.);
#4817 = CARTESIAN_POINT('',(2.422237349551,2.999999985468));
#4818 = CARTESIAN_POINT('',(2.418894083943,2.978622044134));
#4819 = CARTESIAN_POINT('',(2.412333358456,2.935726447439));
#4820 = CARTESIAN_POINT('',(2.402864687807,2.870986842847));
#4821 = CARTESIAN_POINT('',(2.393763322421,2.805874597943));
#4822 = CARTESIAN_POINT('',(2.385024544451,2.740411053494));
#4823 = CARTESIAN_POINT('',(2.376643921873,2.674616660814));
#4824 = CARTESIAN_POINT('',(2.368617054618,2.608508597381));
#4825 = CARTESIAN_POINT('',(2.36094074871,2.542110850511));
#4826 = CARTESIAN_POINT('',(2.353611193,2.475439504004));
#4827 = CARTESIAN_POINT('',(2.34662483598,2.408509623527));
#4828 = CARTESIAN_POINT('',(2.339978442485,2.341336066237));
#4829 = CARTESIAN_POINT('',(2.333669043132,2.273933277878));
#4830 = CARTESIAN_POINT('',(2.327693916135,2.206315359586));
#4831 = CARTESIAN_POINT('',(2.32205056387,2.138496060926));
#4832 = CARTESIAN_POINT('',(2.316736694056,2.07048879128));
#4833 = CARTESIAN_POINT('',(2.311750202699,2.002306625));
#4834 = CARTESIAN_POINT('',(2.307089159368,1.933962307004));
#4835 = CARTESIAN_POINT('',(2.30275179446,1.865468257117));
#4836 = CARTESIAN_POINT('',(2.298736488367,1.796836573703));
#4837 = CARTESIAN_POINT('',(2.295041762393,1.728079036542));
#4838 = CARTESIAN_POINT('',(2.291666271304,1.659207109031));
#4839 = CARTESIAN_POINT('',(2.288608797389,1.590231939844));
#4840 = CARTESIAN_POINT('',(2.285868245916,1.521164363924));
#4841 = CARTESIAN_POINT('',(2.283443641879,1.452014903542));
#4842 = CARTESIAN_POINT('',(2.281334127932,1.382793767115));
#4843 = CARTESIAN_POINT('',(2.279538963441,1.313510854662));
#4844 = CARTESIAN_POINT('',(2.278057524412,1.244175737152));
#4845 = CARTESIAN_POINT('',(2.276889304785,1.174797732281));
#4846 = CARTESIAN_POINT('',(2.276033916851,1.105385619707));
#4847 = CARTESIAN_POINT('',(2.275491098725,1.035948701523));
#4848 = CARTESIAN_POINT('',(2.275260698838,0.966492842257));
#4849 = CARTESIAN_POINT('',(2.275342749155,0.897035245899));
#4850 = CARTESIAN_POINT('',(2.275736898855,0.8276273007));
#4851 = CARTESIAN_POINT('',(2.27644290414,0.758261929879));
#4852 = CARTESIAN_POINT('',(2.277460733555,0.688946503469));
#4853 = CARTESIAN_POINT('',(2.278790528223,0.619685396294));
#4854 = CARTESIAN_POINT('',(2.280432601217,0.550484658199));
#4855 = CARTESIAN_POINT('',(2.282387427024,0.48135075928));
#4856 = CARTESIAN_POINT('',(2.2846556343,0.412290922851));
#4857 = CARTESIAN_POINT('',(2.287237998283,0.343313032465));
#4858 = CARTESIAN_POINT('',(2.290135434281,0.274425654978));
#4859 = CARTESIAN_POINT('',(2.293348990301,0.2056380254));
#4860 = CARTESIAN_POINT('',(2.296879845181,0.13696006854));
#4861 = CARTESIAN_POINT('',(2.300729288822,6.840231169628E-02));
#4862 = CARTESIAN_POINT('',(2.303508944114,2.278490147554E-02));
#4863 = CARTESIAN_POINT('',(2.304952345749,4.884981308351E-15));
#4864 = ( GEOMETRIC_REPRESENTATION_CONTEXT(2) 
PARAMETRIC_REPRESENTATION_CONTEXT() REPRESENTATION_CONTEXT('2D SPACE',''
  ) );
#4865 = ORIENTED_EDGE('',*,*,#4866,.T.);
#4866 = EDGE_CURVE('',#4737,#4475,#4867,.T.);
#4867 = SURFACE_CURVE('',#4868,(#4873,#4900),.PCURVE_S1.);
#4868 = CIRCLE('',#4869,3.722902093797);
#4869 = AXIS2_PLACEMENT_3D('',#4870,#4871,#4872);
#4870 = CARTESIAN_POINT('',(29.7,0.,21.35));
#4871 = DIRECTION('',(0.,1.,0.));
#4872 = DIRECTION('',(0.,-0.,1.));
#4873 = PCURVE('',#4677,#4874);
#4874 = DEFINITIONAL_REPRESENTATION('',(#4875),#4899);
#4875 = B_SPLINE_CURVE_WITH_KNOTS('',8,(#4876,#4877,#4878,#4879,#4880,
    #4881,#4882,#4883,#4884,#4885,#4886,#4887,#4888,#4889,#4890,#4891,
    #4892,#4893,#4894,#4895,#4896,#4897,#4898),.UNSPECIFIED.,.F.,.F.,(9,
    7,7,9),(0.98605398114,1.602147059147,2.187276840151,2.275054324382),
  .UNSPECIFIED.);
#4876 = CARTESIAN_POINT('',(5.699560200401,0.504678169344));
#4877 = CARTESIAN_POINT('',(5.72300233431,0.440414232804));
#4878 = CARTESIAN_POINT('',(5.74142559101,0.375013324762));
#4879 = CARTESIAN_POINT('',(5.755734062343,0.308813228885));
#4880 = CARTESIAN_POINT('',(5.766509949078,0.242043803469));
#4881 = CARTESIAN_POINT('',(5.774127238849,0.174884233882));
#4882 = CARTESIAN_POINT('',(5.778811281162,0.107487341867));
#4883 = CARTESIAN_POINT('',(5.780659538375,3.999122850254E-02));
#4884 = CARTESIAN_POINT('',(5.778669344801,-9.152416915814E-02));
#4885 = CARTESIAN_POINT('',(5.775112018473,-0.155547790822));
#4886 = CARTESIAN_POINT('',(5.768938338606,-0.219410284701));
#4887 = CARTESIAN_POINT('',(5.760013213866,-0.282987647819));
#4888 = CARTESIAN_POINT('',(5.748091053023,-0.346139655901));
#4889 = CARTESIAN_POINT('',(5.732792584478,-0.40869903311));
#4890 = CARTESIAN_POINT('',(5.713551390545,-0.470449183721));
#4891 = CARTESIAN_POINT('',(5.685914006721,-0.540170401091));
#4892 = CARTESIAN_POINT('',(5.682201030519,-0.549239907872));
#4893 = CARTESIAN_POINT('',(5.678377372448,-0.558283062038));
#4894 = CARTESIAN_POINT('',(5.674440027276,-0.567298750716));
#4895 = CARTESIAN_POINT('',(5.670385842338,-0.576285807898));
#4896 = CARTESIAN_POINT('',(5.66621150925,-0.585243009465));
#4897 = CARTESIAN_POINT('',(5.661913556454,-0.594169068223));
#4898 = CARTESIAN_POINT('',(5.65748834245,-0.603062628641));
#4899 = ( GEOMETRIC_REPRESENTATION_CONTEXT(2) 
PARAMETRIC_REPRESENTATION_CONTEXT() REPRESENTATION_CONTEXT('2D SPACE',''
  ) );
#4900 = PCURVE('',#4280,#4901);
#4901 = DEFINITIONAL_REPRESENTATION('',(#4902),#4926);
#4902 = B_SPLINE_CURVE_WITH_KNOTS('',8,(#4903,#4904,#4905,#4906,#4907,
    #4908,#4909,#4910,#4911,#4912,#4913,#4914,#4915,#4916,#4917,#4918,
    #4919,#4920,#4921,#4922,#4923,#4924,#4925),.UNSPECIFIED.,.F.,.F.,(9,
    7,7,9),(0.98605398114,1.602147059147,2.187276840151,2.275054324382),
  .UNSPECIFIED.);
#4903 = CARTESIAN_POINT('',(6.866810413958,0.504678169344));
#4904 = CARTESIAN_POINT('',(6.84336828005,0.440414232804));
#4905 = CARTESIAN_POINT('',(6.82494502335,0.375013324762));
#4906 = CARTESIAN_POINT('',(6.810636552018,0.308813228885));
#4907 = CARTESIAN_POINT('',(6.799860665282,0.242043803469));
#4908 = CARTESIAN_POINT('',(6.79224337551,0.174884233882));
#4909 = CARTESIAN_POINT('',(6.787559333197,0.107487341867));
#4910 = CARTESIAN_POINT('',(6.785711075985,3.999122850254E-02));
#4911 = CARTESIAN_POINT('',(6.787701269559,-9.152416915814E-02));
#4912 = CARTESIAN_POINT('',(6.791258595887,-0.155547790822));
#4913 = CARTESIAN_POINT('',(6.797432275752,-0.219410284701));
#4914 = CARTESIAN_POINT('',(6.806357400494,-0.282987647819));
#4915 = CARTESIAN_POINT('',(6.818279561338,-0.346139655901));
#4916 = CARTESIAN_POINT('',(6.83357802988,-0.40869903311));
#4917 = CARTESIAN_POINT('',(6.852819223814,-0.470449183721));
#4918 = CARTESIAN_POINT('',(6.880456607638,-0.540170401091));
#4919 = CARTESIAN_POINT('',(6.88416958384,-0.549239907872));
#4920 = CARTESIAN_POINT('',(6.88799324191,-0.558283062038));
#4921 = CARTESIAN_POINT('',(6.891930587083,-0.567298750716));
#4922 = CARTESIAN_POINT('',(6.895984772021,-0.576285807898));
#4923 = CARTESIAN_POINT('',(6.900159105108,-0.585243009465));
#4924 = CARTESIAN_POINT('',(6.904457057904,-0.594169068223));
#4925 = CARTESIAN_POINT('',(6.908882271907,-0.603062628641));
#4926 = ( GEOMETRIC_REPRESENTATION_CONTEXT(2) 
PARAMETRIC_REPRESENTATION_CONTEXT() REPRESENTATION_CONTEXT('2D SPACE',''
  ) );
#4927 = ORIENTED_EDGE('',*,*,#4602,.T.);
#4928 = ORIENTED_EDGE('',*,*,#4929,.F.);
#4929 = EDGE_CURVE('',#4739,#4445,#4930,.T.);
#4930 = SURFACE_CURVE('',#4931,(#4936,#4970),.PCURVE_S1.);
#4931 = CIRCLE('',#4932,4.142463035442);
#4932 = AXIS2_PLACEMENT_3D('',#4933,#4934,#4935);
#4933 = CARTESIAN_POINT('',(29.7,3.,21.35));
#4934 = DIRECTION('',(-0.,1.,0.));
#4935 = DIRECTION('',(0.,0.,1.));
#4936 = PCURVE('',#4677,#4937);
#4937 = DEFINITIONAL_REPRESENTATION('',(#4938),#4969);
#4938 = B_SPLINE_CURVE_WITH_KNOTS('',8,(#4939,#4940,#4941,#4942,#4943,
    #4944,#4945,#4946,#4947,#4948,#4949,#4950,#4951,#4952,#4953,#4954,
    #4955,#4956,#4957,#4958,#4959,#4960,#4961,#4962,#4963,#4964,#4965,
    #4966,#4967,#4968),.UNSPECIFIED.,.F.,.F.,(9,7,7,7,9),(0.96471844498,
    1.06533844727,1.823525266557,2.202618676201,2.296389861387),
  .UNSPECIFIED.);
#4939 = CARTESIAN_POINT('',(6.555294962362,0.58864501751));
#4940 = CARTESIAN_POINT('',(6.553038238941,0.576530292911));
#4941 = CARTESIAN_POINT('',(6.550870039666,0.564406849234));
#4942 = CARTESIAN_POINT('',(6.54878656526,0.552275179594));
#4943 = CARTESIAN_POINT('',(6.546784324198,0.540135741502));
#4944 = CARTESIAN_POINT('',(6.544860097562,0.527988961348));
#4945 = CARTESIAN_POINT('',(6.543010911647,0.515835237763));
#4946 = CARTESIAN_POINT('',(6.541234018745,0.503674943609));
#4947 = CARTESIAN_POINT('',(6.526663428053,0.399831885594));
#4948 = CARTESIAN_POINT('',(6.517760406241,0.307802115966));
#4949 = CARTESIAN_POINT('',(6.511730019756,0.215568884746));
#4950 = CARTESIAN_POINT('',(6.50812638745,0.123211675201));
#4951 = CARTESIAN_POINT('',(6.506688383281,3.079690069222E-02));
#4952 = CARTESIAN_POINT('',(6.507370314979,-6.161933628596E-02));
#4953 = CARTESIAN_POINT('',(6.510266431023,-0.153978135747));
#4954 = CARTESIAN_POINT('',(6.518500198506,-0.292310819523));
#4955 = CARTESIAN_POINT('',(6.521893204154,-0.338387433481));
#4956 = CARTESIAN_POINT('',(6.525981087465,-0.384419905293));
#4957 = CARTESIAN_POINT('',(6.530829991209,-0.430396741781));
#4958 = CARTESIAN_POINT('',(6.536526083337,-0.476304651064));
#4959 = CARTESIAN_POINT('',(6.543183519981,-0.522127460466));
#4960 = CARTESIAN_POINT('',(6.550960027884,-0.567844119367));
#4961 = CARTESIAN_POINT('',(6.562336016101,-0.624700704713));
#4962 = CARTESIAN_POINT('',(6.564674128139,-0.635967364684));
#4963 = CARTESIAN_POINT('',(6.567097885318,-0.647225322591));
#4964 = CARTESIAN_POINT('',(6.569610966048,-0.658474108493));
#4965 = CARTESIAN_POINT('',(6.572217330987,-0.669713219698));
#4966 = CARTESIAN_POINT('',(6.574921264515,-0.680942114895));
#4967 = CARTESIAN_POINT('',(6.577727416831,-0.692160208549));
#4968 = CARTESIAN_POINT('',(6.580640852561,-0.703366864561));
#4969 = ( GEOMETRIC_REPRESENTATION_CONTEXT(2) 
PARAMETRIC_REPRESENTATION_CONTEXT() REPRESENTATION_CONTEXT('2D SPACE',''
  ) );
#4970 = PCURVE('',#4068,#4971);
#4971 = DEFINITIONAL_REPRESENTATION('',(#4972),#4976);
#4972 = CIRCLE('',#4973,4.142463035442);
#4973 = AXIS2_PLACEMENT_2D('',#4974,#4975);
#4974 = CARTESIAN_POINT('',(5.15,-7.5));
#4975 = DIRECTION('',(1.,0.));
#4976 = ( GEOMETRIC_REPRESENTATION_CONTEXT(2) 
PARAMETRIC_REPRESENTATION_CONTEXT() REPRESENTATION_CONTEXT('2D SPACE',''
  ) );
#4977 = ADVANCED_FACE('',(#4978),#4280,.T.);
#4978 = FACE_BOUND('',#4979,.T.);
#4979 = EDGE_LOOP('',(#4980,#4981,#4982,#5111));
#4980 = ORIENTED_EDGE('',*,*,#4474,.F.);
#4981 = ORIENTED_EDGE('',*,*,#4866,.F.);
#4982 = ORIENTED_EDGE('',*,*,#4983,.F.);
#4983 = EDGE_CURVE('',#4264,#4737,#4984,.T.);
#4984 = SURFACE_CURVE('',#4985,(#5009,#5060),.PCURVE_S1.);
#4985 = B_SPLINE_CURVE_WITH_KNOTS('',8,(#4986,#4987,#4988,#4989,#4990,
    #4991,#4992,#4993,#4994,#4995,#4996,#4997,#4998,#4999,#5000,#5001,
    #5002,#5003,#5004,#5005,#5006,#5007,#5008),.UNSPECIFIED.,.F.,.F.,(9,
    7,7,9),(6.37502375416E-07,0.462738369779,1.,3.206171961782),
  .UNSPECIFIED.);
#4986 = CARTESIAN_POINT('',(33.104642985881,-3.,23.709747049726));
#4987 = CARTESIAN_POINT('',(33.11398814954,-2.945560491781,
    23.718180405712));
#4988 = CARTESIAN_POINT('',(33.122734853171,-2.891017248784,
    23.726006912712));
#4989 = CARTESIAN_POINT('',(33.130878512404,-2.836379198245,
    23.733238145019));
#4990 = CARTESIAN_POINT('',(33.138414999535,-2.781655049417,
    23.739884563623));
#4991 = CARTESIAN_POINT('',(33.145340643535,-2.726853293566,
    23.745955516212));
#4992 = CARTESIAN_POINT('',(33.151652230044,-2.671982203976,
    23.751459237173));
#4993 = CARTESIAN_POINT('',(33.157347001374,-2.617049835943,
    23.756402847593));
#4994 = CARTESIAN_POINT('',(33.168315745751,-2.498222754701,23.765888793
    ));
#4995 = CARTESIAN_POINT('',(33.173374197198,-2.434309609222,
    23.770238327481));
#4996 = CARTESIAN_POINT('',(33.177594385805,-2.370336867123,
    23.773850393133));
#4997 = CARTESIAN_POINT('',(33.180973415134,-2.306316678116,
    23.776732531872));
#4998 = CARTESIAN_POINT('',(33.183509117354,-2.242261064848,
    23.778890393103));
#4999 = CARTESIAN_POINT('',(33.185200053245,-2.178181922905,
    23.780327733717));
#5000 = CARTESIAN_POINT('',(33.186045512194,-2.114091020803,
    23.781046418091));
#5001 = CARTESIAN_POINT('',(33.186045512194,-1.786821308009,
    23.781046418091));
#5002 = CARTESIAN_POINT('',(33.171790595903,-1.524471846664,
    23.768924505803));
#5003 = CARTESIAN_POINT('',(33.143431005969,-1.263068507274,
    23.744832088058));
#5004 = CARTESIAN_POINT('',(33.10113157558,-1.003172254153,23.7081533741
    ));
#5005 = CARTESIAN_POINT('',(33.045212466217,-0.745587278397,
    23.657855655425));
#5006 = CARTESIAN_POINT('',(32.976319253407,-0.491486338654,
    23.59221158455));
#5007 = CARTESIAN_POINT('',(32.89549626039,-0.242313100872,
    23.509032019457));
#5008 = CARTESIAN_POINT('',(32.804358038909,1.164792031924E-08,
    23.40498446107));
#5009 = PCURVE('',#4280,#5010);
#5010 = DEFINITIONAL_REPRESENTATION('',(#5011),#5059);
#5011 = B_SPLINE_CURVE_WITH_KNOTS('',3,(#5012,#5013,#5014,#5015,#5016,
    #5017,#5018,#5019,#5020,#5021,#5022,#5023,#5024,#5025,#5026,#5027,
    #5028,#5029,#5030,#5031,#5032,#5033,#5034,#5035,#5036,#5037,#5038,
    #5039,#5040,#5041,#5042,#5043,#5044,#5045,#5046,#5047,#5048,#5049,
    #5050,#5051,#5052,#5053,#5054,#5055,#5056,#5057,#5058),
  .UNSPECIFIED.,.F.,.F.,(4,1,1,1,1,1,1,1,1,1,1,1,1,1,1,1,1,1,1,1,1,1,1,1
    ,1,1,1,1,1,1,1,1,1,1,1,1,1,1,1,1,1,1,1,1,4),(6.37502375416E-07,
    7.286816759964E-02,0.145735697697,0.218603227794,0.291470757891,
    0.364338287989,0.437205818086,0.510073348183,0.58294087828,
    0.655808408378,0.728675938475,0.801543468572,0.87441099867,
    0.947278528767,1.020146058864,1.093013588961,1.165881119059,
    1.238748649156,1.311616179253,1.38448370935,1.457351239448,
    1.530218769545,1.603086299642,1.675953829739,1.748821359837,
    1.821688889934,1.894556420031,1.967423950128,2.040291480226,
    2.113159010323,2.18602654042,2.258894070517,2.331761600615,
    2.404629130712,2.477496660809,2.550364190907,2.623231721004,
    2.696099251101,2.768966781198,2.841834311296,2.914701841393,
    2.98756937149,3.060436901587,3.133304431685,3.206171961782),
  .QUASI_UNIFORM_KNOTS.);
#5012 = CARTESIAN_POINT('',(6.011075638723,0.588645014482));
#5013 = CARTESIAN_POINT('',(6.017603465458,0.589646877267));
#5014 = CARTESIAN_POINT('',(6.030677314758,0.591573211642));
#5015 = CARTESIAN_POINT('',(6.050338395759,0.594233129022));
#5016 = CARTESIAN_POINT('',(6.07004547473,0.596666135514));
#5017 = CARTESIAN_POINT('',(6.089794342848,0.598874610781));
#5018 = CARTESIAN_POINT('',(6.109580859572,0.600860738584));
#5019 = CARTESIAN_POINT('',(6.129400963059,0.602626477486));
#5020 = CARTESIAN_POINT('',(6.149250667261,0.604173563434));
#5021 = CARTESIAN_POINT('',(6.169125998264,0.605503530134));
#5022 = CARTESIAN_POINT('',(6.189023073987,0.606617689818));
#5023 = CARTESIAN_POINT('',(6.208938050294,0.60751714736));
#5024 = CARTESIAN_POINT('',(6.228867038732,0.608202796857));
#5025 = CARTESIAN_POINT('',(6.248806464385,0.608675318997));
#5026 = CARTESIAN_POINT('',(6.268751708459,0.608935188561));
#5027 = CARTESIAN_POINT('',(6.288702170085,0.608982640618));
#5028 = CARTESIAN_POINT('',(6.308639074718,0.60881779125));
#5029 = CARTESIAN_POINT('',(6.328559210826,0.608440948965));
#5030 = CARTESIAN_POINT('',(6.3484612722,0.607852044728));
#5031 = CARTESIAN_POINT('',(6.36834315057,0.607050732137));
#5032 = CARTESIAN_POINT('',(6.388202669952,0.606036381109));
#5033 = CARTESIAN_POINT('',(6.40803739724,0.604808096715));
#5034 = CARTESIAN_POINT('',(6.427844698987,0.603364728396));
#5035 = CARTESIAN_POINT('',(6.447621731088,0.60170487933));
#5036 = CARTESIAN_POINT('',(6.467365445526,0.599826913716));
#5037 = CARTESIAN_POINT('',(6.487072591841,0.5977289629));
#5038 = CARTESIAN_POINT('',(6.506739719515,0.595408930358));
#5039 = CARTESIAN_POINT('',(6.526363179808,0.59286449575));
#5040 = CARTESIAN_POINT('',(6.545939127607,0.590093118149));
#5041 = CARTESIAN_POINT('',(6.565463523308,0.587092038512));
#5042 = CARTESIAN_POINT('',(6.584932134847,0.583858281437));
#5043 = CARTESIAN_POINT('',(6.604340539975,0.580388656201));
#5044 = CARTESIAN_POINT('',(6.623684128815,0.576679757034));
#5045 = CARTESIAN_POINT('',(6.642958106761,0.572727962553));
#5046 = CARTESIAN_POINT('',(6.662157497707,0.568529434254));
#5047 = CARTESIAN_POINT('',(6.681277147622,0.564080113897));
#5048 = CARTESIAN_POINT('',(6.700311728416,0.559375719627));
#5049 = CARTESIAN_POINT('',(6.719255742042,0.554411740603));
#5050 = CARTESIAN_POINT('',(6.738103524775,0.54918342991));
#5051 = CARTESIAN_POINT('',(6.756849251516,0.543685795386));
#5052 = CARTESIAN_POINT('',(6.775486940161,0.537913588442));
#5053 = CARTESIAN_POINT('',(6.794010455346,0.531861289021));
#5054 = CARTESIAN_POINT('',(6.812413513483,0.525523091983));
#5055 = CARTESIAN_POINT('',(6.830689681223,0.518892873306));
#5056 = CARTESIAN_POINT('',(6.848832395936,0.511964214769));
#5057 = CARTESIAN_POINT('',(6.8608340658,0.507141532448));
#5058 = CARTESIAN_POINT('',(6.866810415515,0.504678167086));
#5059 = ( GEOMETRIC_REPRESENTATION_CONTEXT(2) 
PARAMETRIC_REPRESENTATION_CONTEXT() REPRESENTATION_CONTEXT('2D SPACE',''
  ) );
#5060 = PCURVE('',#4340,#5061);
#5061 = DEFINITIONAL_REPRESENTATION('',(#5062),#5110);
#5062 = B_SPLINE_CURVE_WITH_KNOTS('',3,(#5063,#5064,#5065,#5066,#5067,
    #5068,#5069,#5070,#5071,#5072,#5073,#5074,#5075,#5076,#5077,#5078,
    #5079,#5080,#5081,#5082,#5083,#5084,#5085,#5086,#5087,#5088,#5089,
    #5090,#5091,#5092,#5093,#5094,#5095,#5096,#5097,#5098,#5099,#5100,
    #5101,#5102,#5103,#5104,#5105,#5106,#5107,#5108,#5109),
  .UNSPECIFIED.,.F.,.F.,(4,1,1,1,1,1,1,1,1,1,1,1,1,1,1,1,1,1,1,1,1,1,1,1
    ,1,1,1,1,1,1,1,1,1,1,1,1,1,1,1,1,1,1,1,1,4),(6.37502375416E-07,
    7.286816759964E-02,0.145735697697,0.218603227794,0.291470757891,
    0.364338287989,0.437205818086,0.510073348183,0.58294087828,
    0.655808408378,0.728675938475,0.801543468572,0.87441099867,
    0.947278528767,1.020146058864,1.093013588961,1.165881119059,
    1.238748649156,1.311616179253,1.38448370935,1.457351239448,
    1.530218769545,1.603086299642,1.675953829739,1.748821359837,
    1.821688889934,1.894556420031,1.967423950128,2.040291480226,
    2.113159010323,2.18602654042,2.258894070517,2.331761600615,
    2.404629130712,2.477496660809,2.550364190907,2.623231721004,
    2.696099251101,2.768966781198,2.841834311296,2.914701841393,
    2.98756937149,3.060436901587,3.133304431685,3.206171961782),
  .QUASI_UNIFORM_KNOTS.);
#5063 = CARTESIAN_POINT('',(2.304952345749,6.));
#5064 = CARTESIAN_POINT('',(2.303504166119,5.977139674114));
#5065 = CARTESIAN_POINT('',(2.300715663354,5.93137107722));
#5066 = CARTESIAN_POINT('',(2.29685506571,5.862585699266));
#5067 = CARTESIAN_POINT('',(2.293315156584,5.793679279804));
#5068 = CARTESIAN_POINT('',(2.29009466051,5.7246629507));
#5069 = CARTESIAN_POINT('',(2.287192421082,5.655547641333));
#5070 = CARTESIAN_POINT('',(2.284607414015,5.586344049192));
#5071 = CARTESIAN_POINT('',(2.282338737876,5.517062650724));
#5072 = CARTESIAN_POINT('',(2.28038561171,5.447713914588));
#5073 = CARTESIAN_POINT('',(2.278747367732,5.378308029704));
#5074 = CARTESIAN_POINT('',(2.277423450801,5.308855084691));
#5075 = CARTESIAN_POINT('',(2.276413414393,5.239365352065));
#5076 = CARTESIAN_POINT('',(2.275716923094,5.169848035665));
#5077 = CARTESIAN_POINT('',(2.275333734839,5.100315996758));
#5078 = CARTESIAN_POINT('',(2.275263760434,5.030768102179));
#5079 = CARTESIAN_POINT('',(2.275506827698,4.961266575583));
#5080 = CARTESIAN_POINT('',(2.276062358173,4.891819394969));
#5081 = CARTESIAN_POINT('',(2.27693010498,4.822427900896));
#5082 = CARTESIAN_POINT('',(2.278110014843,4.753096221359));
#5083 = CARTESIAN_POINT('',(2.279602243638,4.683828703032));
#5084 = CARTESIAN_POINT('',(2.281407133858,4.614630563723));
#5085 = CARTESIAN_POINT('',(2.283525205045,4.545507688287));
#5086 = CARTESIAN_POINT('',(2.28595714325,4.476466659814));
#5087 = CARTESIAN_POINT('',(2.288703793052,4.407514732751));
#5088 = CARTESIAN_POINT('',(2.291766150992,4.338659825881));
#5089 = CARTESIAN_POINT('',(2.295145360616,4.269910513676));
#5090 = CARTESIAN_POINT('',(2.298842708929,4.20127602124));
#5091 = CARTESIAN_POINT('',(2.302859624268,4.132766221003));
#5092 = CARTESIAN_POINT('',(2.307197675516,4.064391631281));
#5093 = CARTESIAN_POINT('',(2.311858572677,3.996163416386));
#5094 = CARTESIAN_POINT('',(2.316844168816,3.928093388143));
#5095 = CARTESIAN_POINT('',(2.322156463405,3.86019400873));
#5096 = CARTESIAN_POINT('',(2.327797607146,3.792478394803));
#5097 = CARTESIAN_POINT('',(2.333769908361,3.724960322927));
#5098 = CARTESIAN_POINT('',(2.340075841082,3.657654236431));
#5099 = CARTESIAN_POINT('',(2.346718054986,3.590575253809));
#5100 = CARTESIAN_POINT('',(2.353699387382,3.523739178918));
#5101 = CARTESIAN_POINT('',(2.361022877439,3.457162513185));
#5102 = CARTESIAN_POINT('',(2.368691783049,3.39086247041));
#5103 = CARTESIAN_POINT('',(2.37670960018,3.324856993618));
#5104 = CARTESIAN_POINT('',(2.385080086755,3.259164777999));
#5105 = CARTESIAN_POINT('',(2.393807285193,3.193805287108));
#5106 = CARTESIAN_POINT('',(2.402895567489,3.12879881278));
#5107 = CARTESIAN_POINT('',(2.4123496159,3.064166393287));
#5108 = CARTESIAN_POINT('',(2.418899649429,3.021342321145));
#5109 = CARTESIAN_POINT('',(2.42223734611,2.999999988352));
#5110 = ( GEOMETRIC_REPRESENTATION_CONTEXT(2) 
PARAMETRIC_REPRESENTATION_CONTEXT() REPRESENTATION_CONTEXT('2D SPACE',''
  ) );
#5111 = ORIENTED_EDGE('',*,*,#4263,.T.);
#5112 = ADVANCED_FACE('',(#5113),#4340,.F.);
#5113 = FACE_BOUND('',#5114,.F.);
#5114 = EDGE_LOOP('',(#5115,#5116,#5137,#5163,#5164));
#5115 = ORIENTED_EDGE('',*,*,#4319,.F.);
#5116 = ORIENTED_EDGE('',*,*,#5117,.F.);
#5117 = EDGE_CURVE('',#5118,#4320,#5120,.T.);
#5118 = VERTEX_POINT('',#5119);
#5119 = CARTESIAN_POINT('',(37.2,3.,24.25576411922));
#5120 = SURFACE_CURVE('',#5121,(#5125,#5131),.PCURVE_S1.);
#5121 = LINE('',#5122,#5123);
#5122 = CARTESIAN_POINT('',(37.2,3.,24.25576411922));
#5123 = VECTOR('',#5124,1.);
#5124 = DIRECTION('',(0.,-1.,0.));
#5125 = PCURVE('',#4340,#5126);
#5126 = DEFINITIONAL_REPRESENTATION('',(#5127),#5130);
#5127 = B_SPLINE_CURVE_WITH_KNOTS('',1,(#5128,#5129),.UNSPECIFIED.,.F.,
  .F.,(2,2),(-5.999999999062E-07,6.0000006),.PIECEWISE_BEZIER_KNOTS.);
#5128 = CARTESIAN_POINT('',(1.101728722136,-5.999999999062E-07));
#5129 = CARTESIAN_POINT('',(1.101728722136,6.0000006));
#5130 = ( GEOMETRIC_REPRESENTATION_CONTEXT(2) 
PARAMETRIC_REPRESENTATION_CONTEXT() REPRESENTATION_CONTEXT('2D SPACE',''
  ) );
#5131 = PCURVE('',#4042,#5132);
#5132 = DEFINITIONAL_REPRESENTATION('',(#5133),#5136);
#5133 = B_SPLINE_CURVE_WITH_KNOTS('',1,(#5134,#5135),.UNSPECIFIED.,.F.,
  .F.,(2,2),(-5.999999999062E-07,6.0000006),.PIECEWISE_BEZIER_KNOTS.);
#5134 = CARTESIAN_POINT('',(8.05576411922,-6.0000006));
#5135 = CARTESIAN_POINT('',(8.05576411922,5.999999999062E-07));
#5136 = ( GEOMETRIC_REPRESENTATION_CONTEXT(2) 
PARAMETRIC_REPRESENTATION_CONTEXT() REPRESENTATION_CONTEXT('2D SPACE',''
  ) );
#5137 = ORIENTED_EDGE('',*,*,#5138,.T.);
#5138 = EDGE_CURVE('',#5118,#4739,#5139,.T.);
#5139 = SURFACE_CURVE('',#5140,(#5145,#5152),.PCURVE_S1.);
#5140 = CIRCLE('',#5141,3.65);
#5141 = AXIS2_PLACEMENT_3D('',#5142,#5143,#5144);
#5142 = CARTESIAN_POINT('',(35.55,3.,21.));
#5143 = DIRECTION('',(0.,-1.,0.));
#5144 = DIRECTION('',(1.,0.,0.));
#5145 = PCURVE('',#4340,#5146);
#5146 = DEFINITIONAL_REPRESENTATION('',(#5147),#5151);
#5147 = LINE('',#5148,#5149);
#5148 = CARTESIAN_POINT('',(0.,0.));
#5149 = VECTOR('',#5150,1.);
#5150 = DIRECTION('',(1.,0.));
#5151 = ( GEOMETRIC_REPRESENTATION_CONTEXT(2) 
PARAMETRIC_REPRESENTATION_CONTEXT() REPRESENTATION_CONTEXT('2D SPACE',''
  ) );
#5152 = PCURVE('',#4068,#5153);
#5153 = DEFINITIONAL_REPRESENTATION('',(#5154),#5162);
#5154 = ( BOUNDED_CURVE() B_SPLINE_CURVE(2,(#5155,#5156,#5157,#5158,
#5159,#5160,#5161),.UNSPECIFIED.,.T.,.F.) B_SPLINE_CURVE_WITH_KNOTS((1,2
    ,2,2,2,1),(-2.094395102393,0.,2.094395102393,4.188790204786,
6.28318530718,8.377580409573),.UNSPECIFIED.) CURVE() 
GEOMETRIC_REPRESENTATION_ITEM() RATIONAL_B_SPLINE_CURVE((1.,0.5,1.,0.5,
1.,0.5,1.)) REPRESENTATION_ITEM('') );
#5155 = CARTESIAN_POINT('',(4.8,2.));
#5156 = CARTESIAN_POINT('',(11.121985447626,2.));
#5157 = CARTESIAN_POINT('',(7.960992723813,-3.475));
#5158 = CARTESIAN_POINT('',(4.8,-8.95));
#5159 = CARTESIAN_POINT('',(1.639007276187,-3.475));
#5160 = CARTESIAN_POINT('',(-1.521985447626,2.));
#5161 = CARTESIAN_POINT('',(4.8,2.));
#5162 = ( GEOMETRIC_REPRESENTATION_CONTEXT(2) 
PARAMETRIC_REPRESENTATION_CONTEXT() REPRESENTATION_CONTEXT('2D SPACE',''
  ) );
#5163 = ORIENTED_EDGE('',*,*,#4736,.F.);
#5164 = ORIENTED_EDGE('',*,*,#4983,.F.);
#5165 = ADVANCED_FACE('',(#5166),#4042,.T.);
#5166 = FACE_BOUND('',#5167,.T.);
#5167 = EDGE_LOOP('',(#5168,#5169,#5170,#5191));
#5168 = ORIENTED_EDGE('',*,*,#4352,.F.);
#5169 = ORIENTED_EDGE('',*,*,#5117,.F.);
#5170 = ORIENTED_EDGE('',*,*,#5171,.T.);
#5171 = EDGE_CURVE('',#5118,#4028,#5172,.T.);
#5172 = SURFACE_CURVE('',#5173,(#5177,#5184),.PCURVE_S1.);
#5173 = LINE('',#5174,#5175);
#5174 = CARTESIAN_POINT('',(37.2,3.,16.2));
#5175 = VECTOR('',#5176,1.);
#5176 = DIRECTION('',(0.,0.,1.));
#5177 = PCURVE('',#4042,#5178);
#5178 = DEFINITIONAL_REPRESENTATION('',(#5179),#5183);
#5179 = LINE('',#5180,#5181);
#5180 = CARTESIAN_POINT('',(0.,-6.));
#5181 = VECTOR('',#5182,1.);
#5182 = DIRECTION('',(1.,0.));
#5183 = ( GEOMETRIC_REPRESENTATION_CONTEXT(2) 
PARAMETRIC_REPRESENTATION_CONTEXT() REPRESENTATION_CONTEXT('2D SPACE',''
  ) );
#5184 = PCURVE('',#4068,#5185);
#5185 = DEFINITIONAL_REPRESENTATION('',(#5186),#5190);
#5186 = LINE('',#5187,#5188);
#5187 = CARTESIAN_POINT('',(0.,0.));
#5188 = VECTOR('',#5189,1.);
#5189 = DIRECTION('',(1.,0.));
#5190 = ( GEOMETRIC_REPRESENTATION_CONTEXT(2) 
PARAMETRIC_REPRESENTATION_CONTEXT() REPRESENTATION_CONTEXT('2D SPACE',''
  ) );
#5191 = ORIENTED_EDGE('',*,*,#4027,.F.);
#5192 = ADVANCED_FACE('',(#5193),#4068,.F.);
#5193 = FACE_BOUND('',#5194,.F.);
#5194 = EDGE_LOOP('',(#5195,#5217,#5237,#5238,#5239,#5240,#5241,#5242));
#5195 = ORIENTED_EDGE('',*,*,#5196,.F.);
#5196 = EDGE_CURVE('',#5197,#4054,#5199,.T.);
#5197 = VERTEX_POINT('',#5198);
#5198 = CARTESIAN_POINT('',(40.4,3.,16.45));
#5199 = SURFACE_CURVE('',#5200,(#5204,#5211),.PCURVE_S1.);
#5200 = LINE('',#5201,#5202);
#5201 = CARTESIAN_POINT('',(40.4,3.,16.325));
#5202 = VECTOR('',#5203,1.);
#5203 = DIRECTION('',(0.,0.,1.));
#5204 = PCURVE('',#4068,#5205);
#5205 = DEFINITIONAL_REPRESENTATION('',(#5206),#5210);
#5206 = LINE('',#5207,#5208);
#5207 = CARTESIAN_POINT('',(0.125,3.2));
#5208 = VECTOR('',#5209,1.);
#5209 = DIRECTION('',(1.,0.));
#5210 = ( GEOMETRIC_REPRESENTATION_CONTEXT(2) 
PARAMETRIC_REPRESENTATION_CONTEXT() REPRESENTATION_CONTEXT('2D SPACE',''
  ) );
#5211 = PCURVE('',#4094,#5212);
#5212 = DEFINITIONAL_REPRESENTATION('',(#5213),#5216);
#5213 = B_SPLINE_CURVE_WITH_KNOTS('',1,(#5214,#5215),.UNSPECIFIED.,.F.,
  .F.,(2,2),(0.125,9.225),.PIECEWISE_BEZIER_KNOTS.);
#5214 = CARTESIAN_POINT('',(0.,-6.6));
#5215 = CARTESIAN_POINT('',(9.1,-6.6));
#5216 = ( GEOMETRIC_REPRESENTATION_CONTEXT(2) 
PARAMETRIC_REPRESENTATION_CONTEXT() REPRESENTATION_CONTEXT('2D SPACE',''
  ) );
#5217 = ORIENTED_EDGE('',*,*,#5218,.T.);
#5218 = EDGE_CURVE('',#5197,#4400,#5219,.T.);
#5219 = SURFACE_CURVE('',#5220,(#5224,#5231),.PCURVE_S1.);
#5220 = LINE('',#5221,#5222);
#5221 = CARTESIAN_POINT('',(34.55,3.,16.45));
#5222 = VECTOR('',#5223,1.);
#5223 = DIRECTION('',(-1.,-0.,0.));
#5224 = PCURVE('',#4068,#5225);
#5225 = DEFINITIONAL_REPRESENTATION('',(#5226),#5230);
#5226 = LINE('',#5227,#5228);
#5227 = CARTESIAN_POINT('',(0.25,-2.65));
#5228 = VECTOR('',#5229,1.);
#5229 = DIRECTION('',(0.,-1.));
#5230 = ( GEOMETRIC_REPRESENTATION_CONTEXT(2) 
PARAMETRIC_REPRESENTATION_CONTEXT() REPRESENTATION_CONTEXT('2D SPACE',''
  ) );
#5231 = PCURVE('',#90,#5232);
#5232 = DEFINITIONAL_REPRESENTATION('',(#5233),#5236);
#5233 = B_SPLINE_CURVE_WITH_KNOTS('',1,(#5234,#5235),.UNSPECIFIED.,.F.,
  .F.,(2,2),(-5.85,-2.65),.PIECEWISE_BEZIER_KNOTS.);
#5234 = CARTESIAN_POINT('',(8.5,6.6));
#5235 = CARTESIAN_POINT('',(5.3,6.6));
#5236 = ( GEOMETRIC_REPRESENTATION_CONTEXT(2) 
PARAMETRIC_REPRESENTATION_CONTEXT() REPRESENTATION_CONTEXT('2D SPACE',''
  ) );
#5237 = ORIENTED_EDGE('',*,*,#4420,.T.);
#5238 = ORIENTED_EDGE('',*,*,#4444,.F.);
#5239 = ORIENTED_EDGE('',*,*,#4929,.F.);
#5240 = ORIENTED_EDGE('',*,*,#5138,.F.);
#5241 = ORIENTED_EDGE('',*,*,#5171,.T.);
#5242 = ORIENTED_EDGE('',*,*,#4053,.F.);
#5243 = ADVANCED_FACE('',(#5244),#4094,.T.);
#5244 = FACE_BOUND('',#5245,.T.);
#5245 = EDGE_LOOP('',(#5246,#5247,#5248,#5271));
#5246 = ORIENTED_EDGE('',*,*,#4080,.F.);
#5247 = ORIENTED_EDGE('',*,*,#5196,.F.);
#5248 = ORIENTED_EDGE('',*,*,#5249,.T.);
#5249 = EDGE_CURVE('',#5197,#5250,#5252,.T.);
#5250 = VERTEX_POINT('',#5251);
#5251 = CARTESIAN_POINT('',(40.4,3.6,16.45));
#5252 = SURFACE_CURVE('',#5253,(#5257,#5264),.PCURVE_S1.);
#5253 = LINE('',#5254,#5255);
#5254 = CARTESIAN_POINT('',(40.4,-3.6,16.45));
#5255 = VECTOR('',#5256,1.);
#5256 = DIRECTION('',(-0.,1.,0.));
#5257 = PCURVE('',#4094,#5258);
#5258 = DEFINITIONAL_REPRESENTATION('',(#5259),#5263);
#5259 = LINE('',#5260,#5261);
#5260 = CARTESIAN_POINT('',(0.,0.));
#5261 = VECTOR('',#5262,1.);
#5262 = DIRECTION('',(0.,-1.));
#5263 = ( GEOMETRIC_REPRESENTATION_CONTEXT(2) 
PARAMETRIC_REPRESENTATION_CONTEXT() REPRESENTATION_CONTEXT('2D SPACE',''
  ) );
#5264 = PCURVE('',#90,#5265);
#5265 = DEFINITIONAL_REPRESENTATION('',(#5266),#5270);
#5266 = LINE('',#5267,#5268);
#5267 = CARTESIAN_POINT('',(8.5,0.));
#5268 = VECTOR('',#5269,1.);
#5269 = DIRECTION('',(0.,1.));
#5270 = ( GEOMETRIC_REPRESENTATION_CONTEXT(2) 
PARAMETRIC_REPRESENTATION_CONTEXT() REPRESENTATION_CONTEXT('2D SPACE',''
  ) );
#5271 = ORIENTED_EDGE('',*,*,#5272,.T.);
#5272 = EDGE_CURVE('',#5250,#3926,#5273,.T.);
#5273 = SURFACE_CURVE('',#5274,(#5278,#5285),.PCURVE_S1.);
#5274 = LINE('',#5275,#5276);
#5275 = CARTESIAN_POINT('',(40.4,3.6,16.45));
#5276 = VECTOR('',#5277,1.);
#5277 = DIRECTION('',(0.,0.,1.));
#5278 = PCURVE('',#4094,#5279);
#5279 = DEFINITIONAL_REPRESENTATION('',(#5280),#5284);
#5280 = LINE('',#5281,#5282);
#5281 = CARTESIAN_POINT('',(0.,-7.2));
#5282 = VECTOR('',#5283,1.);
#5283 = DIRECTION('',(1.,0.));
#5284 = ( GEOMETRIC_REPRESENTATION_CONTEXT(2) 
PARAMETRIC_REPRESENTATION_CONTEXT() REPRESENTATION_CONTEXT('2D SPACE',''
  ) );
#5285 = PCURVE('',#118,#5286);
#5286 = DEFINITIONAL_REPRESENTATION('',(#5287),#5291);
#5287 = LINE('',#5288,#5289);
#5288 = CARTESIAN_POINT('',(0.,8.5));
#5289 = VECTOR('',#5290,1.);
#5290 = DIRECTION('',(1.,0.));
#5291 = ( GEOMETRIC_REPRESENTATION_CONTEXT(2) 
PARAMETRIC_REPRESENTATION_CONTEXT() REPRESENTATION_CONTEXT('2D SPACE',''
  ) );
#5292 = ADVANCED_FACE('',(#5293),#185,.T.);
#5293 = FACE_BOUND('',#5294,.T.);
#5294 = EDGE_LOOP('',(#5295,#5296,#5297,#5319));
#5295 = ORIENTED_EDGE('',*,*,#738,.F.);
#5296 = ORIENTED_EDGE('',*,*,#2887,.T.);
#5297 = ORIENTED_EDGE('',*,*,#5298,.T.);
#5298 = EDGE_CURVE('',#2888,#131,#5299,.T.);
#5299 = SURFACE_CURVE('',#5300,(#5305,#5312),.PCURVE_S1.);
#5300 = CIRCLE('',#5301,4.25);
#5301 = AXIS2_PLACEMENT_3D('',#5302,#5303,#5304);
#5302 = CARTESIAN_POINT('',(29.7,2.05,21.35));
#5303 = DIRECTION('',(-2.449293598295E-16,-1.,0.));
#5304 = DIRECTION('',(1.,-2.449293598295E-16,0.));
#5305 = PCURVE('',#185,#5306);
#5306 = DEFINITIONAL_REPRESENTATION('',(#5307),#5311);
#5307 = LINE('',#5308,#5309);
#5308 = CARTESIAN_POINT('',(6.28318530718,-6.28318530718));
#5309 = VECTOR('',#5310,1.);
#5310 = DIRECTION('',(0.,1.));
#5311 = ( GEOMETRIC_REPRESENTATION_CONTEXT(2) 
PARAMETRIC_REPRESENTATION_CONTEXT() REPRESENTATION_CONTEXT('2D SPACE',''
  ) );
#5312 = PCURVE('',#147,#5313);
#5313 = DEFINITIONAL_REPRESENTATION('',(#5314),#5318);
#5314 = LINE('',#5315,#5316);
#5315 = CARTESIAN_POINT('',(0.,-6.28318530718));
#5316 = VECTOR('',#5317,1.);
#5317 = DIRECTION('',(0.,1.));
#5318 = ( GEOMETRIC_REPRESENTATION_CONTEXT(2) 
PARAMETRIC_REPRESENTATION_CONTEXT() REPRESENTATION_CONTEXT('2D SPACE',''
  ) );
#5319 = ORIENTED_EDGE('',*,*,#168,.F.);
#5320 = ADVANCED_FACE('',(#5321,#5532),#147,.T.);
#5321 = FACE_BOUND('',#5322,.T.);
#5322 = EDGE_LOOP('',(#5323,#5324,#5325,#5326,#5377,#5406,#5446,#5479,
    #5528,#5529,#5530,#5531));
#5323 = ORIENTED_EDGE('',*,*,#3665,.T.);
#5324 = ORIENTED_EDGE('',*,*,#3788,.F.);
#5325 = ORIENTED_EDGE('',*,*,#3817,.F.);
#5326 = ORIENTED_EDGE('',*,*,#5327,.T.);
#5327 = EDGE_CURVE('',#3818,#5328,#5330,.T.);
#5328 = VERTEX_POINT('',#5329);
#5329 = CARTESIAN_POINT('',(33.528837943815,3.6,22.35));
#5330 = SURFACE_CURVE('',#5331,(#5336,#5370),.PCURVE_S1.);
#5331 = CIRCLE('',#5332,3.957271787482);
#5332 = AXIS2_PLACEMENT_3D('',#5333,#5334,#5335);
#5333 = CARTESIAN_POINT('',(29.7,3.6,21.35));
#5334 = DIRECTION('',(-0.,1.,0.));
#5335 = DIRECTION('',(0.,0.,1.));
#5336 = PCURVE('',#147,#5337);
#5337 = DEFINITIONAL_REPRESENTATION('',(#5338),#5369);
#5338 = B_SPLINE_CURVE_WITH_KNOTS('',8,(#5339,#5340,#5341,#5342,#5343,
    #5344,#5345,#5346,#5347,#5348,#5349,#5350,#5351,#5352,#5353,#5354,
    #5355,#5356,#5357,#5358,#5359,#5360,#5361,#5362,#5363,#5364,#5365,
    #5366,#5367,#5368),.UNSPECIFIED.,.F.,.F.,(9,7,7,7,9),(0.5894916776,
    1.080144002197,1.816122489094,2.184111732542,2.55210097599),
  .UNSPECIFIED.);
#5339 = CARTESIAN_POINT('',(0.613770095017,0.885088485971));
#5340 = CARTESIAN_POINT('',(0.57059426468,0.834951028954));
#5341 = CARTESIAN_POINT('',(0.535490429907,0.783070544898));
#5342 = CARTESIAN_POINT('',(0.506474949547,0.729969642605));
#5343 = CARTESIAN_POINT('',(0.482208425275,0.675953870046));
#5344 = CARTESIAN_POINT('',(0.461796781388,0.621234671619));
#5345 = CARTESIAN_POINT('',(0.444575771124,0.565963700225));
#5346 = CARTESIAN_POINT('',(0.43006767376,0.510256248451));
#5347 = CARTESIAN_POINT('',(0.399684250777,0.370123273897));
#5348 = CARTESIAN_POINT('',(0.386752543048,0.285265610872));
#5349 = CARTESIAN_POINT('',(0.377914007993,0.199936179488));
#5350 = CARTESIAN_POINT('',(0.372590419642,0.114318981171));
#5351 = CARTESIAN_POINT('',(0.370469658878,2.856538133551E-02));
#5352 = CARTESIAN_POINT('',(0.371482335197,-5.719108126556E-02));
#5353 = CARTESIAN_POINT('',(0.375758803309,-0.142811742913));
#5354 = CARTESIAN_POINT('',(0.387753611519,-0.270770594305));
#5355 = CARTESIAN_POINT('',(0.392681969133,-0.313344824009));
#5356 = CARTESIAN_POINT('',(0.398597047799,-0.355818056531));
#5357 = CARTESIAN_POINT('',(0.405576758613,-0.398165119537));
#5358 = CARTESIAN_POINT('',(0.413722278008,-0.440357292235));
#5359 = CARTESIAN_POINT('',(0.423164868399,-0.482360482395));
#5360 = CARTESIAN_POINT('',(0.434077532414,-0.524132232923));
#5361 = CARTESIAN_POINT('',(0.459305468948,-0.607102883071));
#5362 = CARTESIAN_POINT('',(0.473620727802,-0.648301601391));
#5363 = CARTESIAN_POINT('',(0.489869337885,-0.689159298575));
#5364 = CARTESIAN_POINT('',(0.508342262988,-0.729606671928));
#5365 = CARTESIAN_POINT('',(0.529408667888,-0.769557990427));
#5366 = CARTESIAN_POINT('',(0.553547052487,-0.808902017018));
#5367 = CARTESIAN_POINT('',(0.581388222264,-0.847485393208));
#5368 = CARTESIAN_POINT('',(0.613770095017,-0.885088485971));
#5369 = ( GEOMETRIC_REPRESENTATION_CONTEXT(2) 
PARAMETRIC_REPRESENTATION_CONTEXT() REPRESENTATION_CONTEXT('2D SPACE',''
  ) );
#5370 = PCURVE('',#118,#5371);
#5371 = DEFINITIONAL_REPRESENTATION('',(#5372),#5376);
#5372 = CIRCLE('',#5373,3.957271787482);
#5373 = AXIS2_PLACEMENT_2D('',#5374,#5375);
#5374 = CARTESIAN_POINT('',(4.9,-2.2));
#5375 = DIRECTION('',(1.,0.));
#5376 = ( GEOMETRIC_REPRESENTATION_CONTEXT(2) 
PARAMETRIC_REPRESENTATION_CONTEXT() REPRESENTATION_CONTEXT('2D SPACE',''
  ) );
#5377 = ORIENTED_EDGE('',*,*,#5378,.T.);
#5378 = EDGE_CURVE('',#5328,#5379,#5381,.T.);
#5379 = VERTEX_POINT('',#5380);
#5380 = CARTESIAN_POINT('',(30.512403840464,6.1,22.35));
#5381 = SURFACE_CURVE('',#5382,(#5387,#5394),.PCURVE_S1.);
#5382 = CIRCLE('',#5383,4.130677910465);
#5383 = AXIS2_PLACEMENT_3D('',#5384,#5385,#5386);
#5384 = CARTESIAN_POINT('',(29.7,2.05,22.35));
#5385 = DIRECTION('',(1.076745191173E-14,-1.055344044272E-14,1.));
#5386 = DIRECTION('',(0.92692725669,0.375241070255,-6.020560375478E-15)
  );
#5387 = PCURVE('',#147,#5388);
#5388 = DEFINITIONAL_REPRESENTATION('',(#5389),#5393);
#5389 = LINE('',#5390,#5391);
#5390 = CARTESIAN_POINT('',(0.38465683543,0.237521170781));
#5391 = VECTOR('',#5392,1.);
#5392 = DIRECTION('',(1.,0.));
#5393 = ( GEOMETRIC_REPRESENTATION_CONTEXT(2) 
PARAMETRIC_REPRESENTATION_CONTEXT() REPRESENTATION_CONTEXT('2D SPACE',''
  ) );
#5394 = PCURVE('',#5395,#5400);
#5395 = PLANE('',#5396);
#5396 = AXIS2_PLACEMENT_3D('',#5397,#5398,#5399);
#5397 = CARTESIAN_POINT('',(25.6,5.,22.35));
#5398 = DIRECTION('',(0.,0.,1.));
#5399 = DIRECTION('',(1.,0.,-0.));
#5400 = DEFINITIONAL_REPRESENTATION('',(#5401),#5405);
#5401 = CIRCLE('',#5402,4.130677910465);
#5402 = AXIS2_PLACEMENT_2D('',#5403,#5404);
#5403 = CARTESIAN_POINT('',(4.1,-2.95));
#5404 = DIRECTION('',(0.92692725669,0.375241070255));
#5405 = ( GEOMETRIC_REPRESENTATION_CONTEXT(2) 
PARAMETRIC_REPRESENTATION_CONTEXT() REPRESENTATION_CONTEXT('2D SPACE',''
  ) );
#5406 = ORIENTED_EDGE('',*,*,#5407,.T.);
#5407 = EDGE_CURVE('',#5379,#5408,#5410,.T.);
#5408 = VERTEX_POINT('',#5409);
#5409 = CARTESIAN_POINT('',(30.512403840464,6.1,20.35));
#5410 = SURFACE_CURVE('',#5411,(#5416,#5434),.PCURVE_S1.);
#5411 = CIRCLE('',#5412,1.288409872673);
#5412 = AXIS2_PLACEMENT_3D('',#5413,#5414,#5415);
#5413 = CARTESIAN_POINT('',(29.7,6.1,21.35));
#5414 = DIRECTION('',(-0.,1.,0.));
#5415 = DIRECTION('',(0.,0.,1.));
#5416 = PCURVE('',#147,#5417);
#5417 = DEFINITIONAL_REPRESENTATION('',(#5418),#5433);
#5418 = B_SPLINE_CURVE_WITH_KNOTS('',7,(#5419,#5420,#5421,#5422,#5423,
    #5424,#5425,#5426,#5427,#5428,#5429,#5430,#5431,#5432),
  .UNSPECIFIED.,.F.,.F.,(8,6,8),(0.682258630169,1.570796326795,
    2.459334023421),.UNSPECIFIED.);
#5419 = CARTESIAN_POINT('',(1.372830119781,0.237521170781));
#5420 = CARTESIAN_POINT('',(1.342700741057,0.212556349967));
#5421 = CARTESIAN_POINT('',(1.316620953175,0.183216890145));
#5422 = CARTESIAN_POINT('',(1.295279160615,0.150244881478));
#5423 = CARTESIAN_POINT('',(1.27908620258,0.114522237768));
#5424 = CARTESIAN_POINT('',(1.268224632746,7.696144408462E-02));
#5425 = CARTESIAN_POINT('',(1.262794329084,3.848069716216E-02));
#5426 = CARTESIAN_POINT('',(1.262794329084,-3.848069716216E-02));
#5427 = CARTESIAN_POINT('',(1.268224632747,-7.696144408463E-02));
#5428 = CARTESIAN_POINT('',(1.27908620258,-0.114522237768));
#5429 = CARTESIAN_POINT('',(1.295279160616,-0.150244881478));
#5430 = CARTESIAN_POINT('',(1.316620953175,-0.183216890145));
#5431 = CARTESIAN_POINT('',(1.342700741057,-0.212556349967));
#5432 = CARTESIAN_POINT('',(1.372830119781,-0.237521170781));
#5433 = ( GEOMETRIC_REPRESENTATION_CONTEXT(2) 
PARAMETRIC_REPRESENTATION_CONTEXT() REPRESENTATION_CONTEXT('2D SPACE',''
  ) );
#5434 = PCURVE('',#5435,#5440);
#5435 = PLANE('',#5436);
#5436 = AXIS2_PLACEMENT_3D('',#5437,#5438,#5439);
#5437 = CARTESIAN_POINT('',(25.6,6.1,20.35));
#5438 = DIRECTION('',(-0.,1.,0.));
#5439 = DIRECTION('',(0.,0.,1.));
#5440 = DEFINITIONAL_REPRESENTATION('',(#5441),#5445);
#5441 = CIRCLE('',#5442,1.288409872673);
#5442 = AXIS2_PLACEMENT_2D('',#5443,#5444);
#5443 = CARTESIAN_POINT('',(1.,4.1));
#5444 = DIRECTION('',(1.,0.));
#5445 = ( GEOMETRIC_REPRESENTATION_CONTEXT(2) 
PARAMETRIC_REPRESENTATION_CONTEXT() REPRESENTATION_CONTEXT('2D SPACE',''
  ) );
#5446 = ORIENTED_EDGE('',*,*,#5447,.T.);
#5447 = EDGE_CURVE('',#5408,#5448,#5450,.T.);
#5448 = VERTEX_POINT('',#5449);
#5449 = CARTESIAN_POINT('',(33.528837943815,3.6,20.35));
#5450 = SURFACE_CURVE('',#5451,(#5456,#5463),.PCURVE_S1.);
#5451 = CIRCLE('',#5452,4.130677910465);
#5452 = AXIS2_PLACEMENT_3D('',#5453,#5454,#5455);
#5453 = CARTESIAN_POINT('',(29.7,2.05,20.35));
#5454 = DIRECTION('',(0.,0.,-1.));
#5455 = DIRECTION('',(0.196675668758,0.980468602923,0.));
#5456 = PCURVE('',#147,#5457);
#5457 = DEFINITIONAL_REPRESENTATION('',(#5458),#5462);
#5458 = LINE('',#5459,#5460);
#5459 = CARTESIAN_POINT('',(1.372830119781,-0.237521170781));
#5460 = VECTOR('',#5461,1.);
#5461 = DIRECTION('',(-1.,-0.));
#5462 = ( GEOMETRIC_REPRESENTATION_CONTEXT(2) 
PARAMETRIC_REPRESENTATION_CONTEXT() REPRESENTATION_CONTEXT('2D SPACE',''
  ) );
#5463 = PCURVE('',#5464,#5469);
#5464 = PLANE('',#5465);
#5465 = AXIS2_PLACEMENT_3D('',#5466,#5467,#5468);
#5466 = CARTESIAN_POINT('',(30.,3.4,20.35));
#5467 = DIRECTION('',(0.,0.,1.));
#5468 = DIRECTION('',(1.,0.,-0.));
#5469 = DEFINITIONAL_REPRESENTATION('',(#5470),#5478);
#5470 = ( BOUNDED_CURVE() B_SPLINE_CURVE(2,(#5471,#5472,#5473,#5474,
#5475,#5476,#5477),.UNSPECIFIED.,.T.,.F.) B_SPLINE_CURVE_WITH_KNOTS((1,2
    ,2,2,2,1),(-2.094395102393,0.,2.094395102393,4.188790204786,
6.28318530718,8.377580409573),.UNSPECIFIED.) CURVE() 
GEOMETRIC_REPRESENTATION_ITEM() RATIONAL_B_SPLINE_CURVE((1.,0.5,1.,0.5,
1.,0.5,1.)) REPRESENTATION_ITEM('') );
#5471 = CARTESIAN_POINT('',(0.512403840464,2.7));
#5472 = CARTESIAN_POINT('',(7.527209611118,1.292875272053));
#5473 = CARTESIAN_POINT('',(2.801200965095,-4.078562363973));
#5474 = CARTESIAN_POINT('',(-1.924807680927,-9.45));
#5475 = CARTESIAN_POINT('',(-4.213604805559,-2.671437636027));
#5476 = CARTESIAN_POINT('',(-6.50240193019,4.107124727947));
#5477 = CARTESIAN_POINT('',(0.512403840464,2.7));
#5478 = ( GEOMETRIC_REPRESENTATION_CONTEXT(2) 
PARAMETRIC_REPRESENTATION_CONTEXT() REPRESENTATION_CONTEXT('2D SPACE',''
  ) );
#5479 = ORIENTED_EDGE('',*,*,#5480,.T.);
#5480 = EDGE_CURVE('',#5448,#103,#5481,.T.);
#5481 = SURFACE_CURVE('',#5482,(#5487,#5521),.PCURVE_S1.);
#5482 = CIRCLE('',#5483,3.957271787482);
#5483 = AXIS2_PLACEMENT_3D('',#5484,#5485,#5486);
#5484 = CARTESIAN_POINT('',(29.7,3.6,21.35));
#5485 = DIRECTION('',(-0.,1.,0.));
#5486 = DIRECTION('',(0.,0.,1.));
#5487 = PCURVE('',#147,#5488);
#5488 = DEFINITIONAL_REPRESENTATION('',(#5489),#5520);
#5489 = B_SPLINE_CURVE_WITH_KNOTS('',8,(#5490,#5491,#5492,#5493,#5494,
    #5495,#5496,#5497,#5498,#5499,#5500,#5501,#5502,#5503,#5504,#5505,
    #5506,#5507,#5508,#5509,#5510,#5511,#5512,#5513,#5514,#5515,#5516,
    #5517,#5518,#5519),.UNSPECIFIED.,.F.,.F.,(9,7,7,7,9),(0.5894916776,
    1.080144002197,1.816122489094,2.184111732542,2.55210097599),
  .UNSPECIFIED.);
#5490 = CARTESIAN_POINT('',(0.613770095017,0.885088485971));
#5491 = CARTESIAN_POINT('',(0.57059426468,0.834951028954));
#5492 = CARTESIAN_POINT('',(0.535490429907,0.783070544898));
#5493 = CARTESIAN_POINT('',(0.506474949547,0.729969642605));
#5494 = CARTESIAN_POINT('',(0.482208425275,0.675953870046));
#5495 = CARTESIAN_POINT('',(0.461796781388,0.621234671619));
#5496 = CARTESIAN_POINT('',(0.444575771124,0.565963700225));
#5497 = CARTESIAN_POINT('',(0.43006767376,0.510256248451));
#5498 = CARTESIAN_POINT('',(0.399684250777,0.370123273897));
#5499 = CARTESIAN_POINT('',(0.386752543048,0.285265610872));
#5500 = CARTESIAN_POINT('',(0.377914007993,0.199936179488));
#5501 = CARTESIAN_POINT('',(0.372590419642,0.114318981171));
#5502 = CARTESIAN_POINT('',(0.370469658878,2.856538133551E-02));
#5503 = CARTESIAN_POINT('',(0.371482335197,-5.719108126556E-02));
#5504 = CARTESIAN_POINT('',(0.375758803309,-0.142811742913));
#5505 = CARTESIAN_POINT('',(0.387753611519,-0.270770594305));
#5506 = CARTESIAN_POINT('',(0.392681969133,-0.313344824009));
#5507 = CARTESIAN_POINT('',(0.398597047799,-0.355818056531));
#5508 = CARTESIAN_POINT('',(0.405576758613,-0.398165119537));
#5509 = CARTESIAN_POINT('',(0.413722278008,-0.440357292235));
#5510 = CARTESIAN_POINT('',(0.423164868399,-0.482360482395));
#5511 = CARTESIAN_POINT('',(0.434077532414,-0.524132232923));
#5512 = CARTESIAN_POINT('',(0.459305468948,-0.607102883071));
#5513 = CARTESIAN_POINT('',(0.473620727802,-0.648301601391));
#5514 = CARTESIAN_POINT('',(0.489869337885,-0.689159298575));
#5515 = CARTESIAN_POINT('',(0.508342262988,-0.729606671928));
#5516 = CARTESIAN_POINT('',(0.529408667888,-0.769557990427));
#5517 = CARTESIAN_POINT('',(0.553547052487,-0.808902017018));
#5518 = CARTESIAN_POINT('',(0.581388222264,-0.847485393208));
#5519 = CARTESIAN_POINT('',(0.613770095017,-0.885088485971));
#5520 = ( GEOMETRIC_REPRESENTATION_CONTEXT(2) 
PARAMETRIC_REPRESENTATION_CONTEXT() REPRESENTATION_CONTEXT('2D SPACE',''
  ) );
#5521 = PCURVE('',#118,#5522);
#5522 = DEFINITIONAL_REPRESENTATION('',(#5523),#5527);
#5523 = CIRCLE('',#5524,3.957271787482);
#5524 = AXIS2_PLACEMENT_2D('',#5525,#5526);
#5525 = CARTESIAN_POINT('',(4.9,-2.2));
#5526 = DIRECTION('',(1.,0.));
#5527 = ( GEOMETRIC_REPRESENTATION_CONTEXT(2) 
PARAMETRIC_REPRESENTATION_CONTEXT() REPRESENTATION_CONTEXT('2D SPACE',''
  ) );
#5528 = ORIENTED_EDGE('',*,*,#130,.F.);
#5529 = ORIENTED_EDGE('',*,*,#5298,.F.);
#5530 = ORIENTED_EDGE('',*,*,#2911,.T.);
#5531 = ORIENTED_EDGE('',*,*,#3067,.T.);
#5532 = FACE_BOUND('',#5533,.T.);
#5533 = EDGE_LOOP('',(#5534,#5576,#5605,#5638));
#5534 = ORIENTED_EDGE('',*,*,#5535,.T.);
#5535 = EDGE_CURVE('',#5536,#5538,#5540,.T.);
#5536 = VERTEX_POINT('',#5537);
#5537 = CARTESIAN_POINT('',(28.887596159536,6.1,20.35));
#5538 = VERTEX_POINT('',#5539);
#5539 = CARTESIAN_POINT('',(28.887596159536,6.1,22.35));
#5540 = SURFACE_CURVE('',#5541,(#5546,#5564),.PCURVE_S1.);
#5541 = CIRCLE('',#5542,1.288409872673);
#5542 = AXIS2_PLACEMENT_3D('',#5543,#5544,#5545);
#5543 = CARTESIAN_POINT('',(29.7,6.1,21.35));
#5544 = DIRECTION('',(-0.,1.,0.));
#5545 = DIRECTION('',(0.,0.,1.));
#5546 = PCURVE('',#147,#5547);
#5547 = DEFINITIONAL_REPRESENTATION('',(#5548),#5563);
#5548 = B_SPLINE_CURVE_WITH_KNOTS('',7,(#5549,#5550,#5551,#5552,#5553,
    #5554,#5555,#5556,#5557,#5558,#5559,#5560,#5561,#5562),
  .UNSPECIFIED.,.F.,.F.,(8,6,8),(3.823851283759,4.712388980385,
    5.60092667701),.UNSPECIFIED.);
#5549 = CARTESIAN_POINT('',(1.768762533809,-0.237521170781));
#5550 = CARTESIAN_POINT('',(1.798891912532,-0.212556349967));
#5551 = CARTESIAN_POINT('',(1.824971700415,-0.183216890145));
#5552 = CARTESIAN_POINT('',(1.846313492974,-0.150244881478));
#5553 = CARTESIAN_POINT('',(1.86250645101,-0.114522237768));
#5554 = CARTESIAN_POINT('',(1.873368020843,-7.696144408464E-02));
#5555 = CARTESIAN_POINT('',(1.878798324506,-3.848069716216E-02));
#5556 = CARTESIAN_POINT('',(1.878798324506,3.848069716216E-02));
#5557 = CARTESIAN_POINT('',(1.873368020844,7.69614440846E-02));
#5558 = CARTESIAN_POINT('',(1.86250645101,0.114522237768));
#5559 = CARTESIAN_POINT('',(1.846313492975,0.150244881478));
#5560 = CARTESIAN_POINT('',(1.824971700414,0.183216890146));
#5561 = CARTESIAN_POINT('',(1.798891912532,0.212556349967));
#5562 = CARTESIAN_POINT('',(1.768762533809,0.237521170781));
#5563 = ( GEOMETRIC_REPRESENTATION_CONTEXT(2) 
PARAMETRIC_REPRESENTATION_CONTEXT() REPRESENTATION_CONTEXT('2D SPACE',''
  ) );
#5564 = PCURVE('',#5565,#5570);
#5565 = PLANE('',#5566);
#5566 = AXIS2_PLACEMENT_3D('',#5567,#5568,#5569);
#5567 = CARTESIAN_POINT('',(25.6,6.1,20.35));
#5568 = DIRECTION('',(-0.,1.,0.));
#5569 = DIRECTION('',(0.,0.,1.));
#5570 = DEFINITIONAL_REPRESENTATION('',(#5571),#5575);
#5571 = CIRCLE('',#5572,1.288409872673);
#5572 = AXIS2_PLACEMENT_2D('',#5573,#5574);
#5573 = CARTESIAN_POINT('',(1.,4.1));
#5574 = DIRECTION('',(1.,0.));
#5575 = ( GEOMETRIC_REPRESENTATION_CONTEXT(2) 
PARAMETRIC_REPRESENTATION_CONTEXT() REPRESENTATION_CONTEXT('2D SPACE',''
  ) );
#5576 = ORIENTED_EDGE('',*,*,#5577,.T.);
#5577 = EDGE_CURVE('',#5538,#5578,#5580,.T.);
#5578 = VERTEX_POINT('',#5579);
#5579 = CARTESIAN_POINT('',(26.80863354104,5.,22.35));
#5580 = SURFACE_CURVE('',#5581,(#5586,#5593),.PCURVE_S1.);
#5581 = CIRCLE('',#5582,4.130677910465);
#5582 = AXIS2_PLACEMENT_3D('',#5583,#5584,#5585);
#5583 = CARTESIAN_POINT('',(29.7,2.05,22.35));
#5584 = DIRECTION('',(0.,0.,1.));
#5585 = DIRECTION('',(1.,0.,-0.));
#5586 = PCURVE('',#147,#5587);
#5587 = DEFINITIONAL_REPRESENTATION('',(#5588),#5592);
#5588 = LINE('',#5589,#5590);
#5589 = CARTESIAN_POINT('',(0.,0.237521170781));
#5590 = VECTOR('',#5591,1.);
#5591 = DIRECTION('',(1.,0.));
#5592 = ( GEOMETRIC_REPRESENTATION_CONTEXT(2) 
PARAMETRIC_REPRESENTATION_CONTEXT() REPRESENTATION_CONTEXT('2D SPACE',''
  ) );
#5593 = PCURVE('',#5594,#5599);
#5594 = PLANE('',#5595);
#5595 = AXIS2_PLACEMENT_3D('',#5596,#5597,#5598);
#5596 = CARTESIAN_POINT('',(25.6,5.,22.35));
#5597 = DIRECTION('',(0.,0.,1.));
#5598 = DIRECTION('',(1.,0.,-0.));
#5599 = DEFINITIONAL_REPRESENTATION('',(#5600),#5604);
#5600 = CIRCLE('',#5601,4.130677910465);
#5601 = AXIS2_PLACEMENT_2D('',#5602,#5603);
#5602 = CARTESIAN_POINT('',(4.1,-2.95));
#5603 = DIRECTION('',(1.,0.));
#5604 = ( GEOMETRIC_REPRESENTATION_CONTEXT(2) 
PARAMETRIC_REPRESENTATION_CONTEXT() REPRESENTATION_CONTEXT('2D SPACE',''
  ) );
#5605 = ORIENTED_EDGE('',*,*,#5606,.F.);
#5606 = EDGE_CURVE('',#5607,#5578,#5609,.T.);
#5607 = VERTEX_POINT('',#5608);
#5608 = CARTESIAN_POINT('',(26.80863354104,5.,20.35));
#5609 = SURFACE_CURVE('',#5610,(#5615,#5626),.PCURVE_S1.);
#5610 = CIRCLE('',#5611,3.059411708156);
#5611 = AXIS2_PLACEMENT_3D('',#5612,#5613,#5614);
#5612 = CARTESIAN_POINT('',(29.7,5.,21.35));
#5613 = DIRECTION('',(-0.,1.,0.));
#5614 = DIRECTION('',(0.,0.,1.));
#5615 = PCURVE('',#147,#5616);
#5616 = DEFINITIONAL_REPRESENTATION('',(#5617),#5625);
#5617 = B_SPLINE_CURVE_WITH_KNOTS('',6,(#5618,#5619,#5620,#5621,#5622,
    #5623,#5624),.UNSPECIFIED.,.F.,.F.,(7,7),(4.379409579662,
    5.045368381107),.PIECEWISE_BEZIER_KNOTS.);
#5618 = CARTESIAN_POINT('',(2.346157186014,-0.237521170781));
#5619 = CARTESIAN_POINT('',(2.365347207643,-0.159828881393));
#5620 = CARTESIAN_POINT('',(2.376280618871,-8.031153283493E-02));
#5621 = CARTESIAN_POINT('',(2.379832455758,4.440892098501E-15));
#5622 = CARTESIAN_POINT('',(2.376280618871,8.031153283493E-02));
#5623 = CARTESIAN_POINT('',(2.365347207643,0.159828881393));
#5624 = CARTESIAN_POINT('',(2.346157186014,0.237521170781));
#5625 = ( GEOMETRIC_REPRESENTATION_CONTEXT(2) 
PARAMETRIC_REPRESENTATION_CONTEXT() REPRESENTATION_CONTEXT('2D SPACE',''
  ) );
#5626 = PCURVE('',#5627,#5632);
#5627 = PLANE('',#5628);
#5628 = AXIS2_PLACEMENT_3D('',#5629,#5630,#5631);
#5629 = CARTESIAN_POINT('',(25.6,5.,20.35));
#5630 = DIRECTION('',(-0.,1.,0.));
#5631 = DIRECTION('',(0.,0.,1.));
#5632 = DEFINITIONAL_REPRESENTATION('',(#5633),#5637);
#5633 = CIRCLE('',#5634,3.059411708156);
#5634 = AXIS2_PLACEMENT_2D('',#5635,#5636);
#5635 = CARTESIAN_POINT('',(1.,4.1));
#5636 = DIRECTION('',(1.,0.));
#5637 = ( GEOMETRIC_REPRESENTATION_CONTEXT(2) 
PARAMETRIC_REPRESENTATION_CONTEXT() REPRESENTATION_CONTEXT('2D SPACE',''
  ) );
#5638 = ORIENTED_EDGE('',*,*,#5639,.F.);
#5639 = EDGE_CURVE('',#5536,#5607,#5640,.T.);
#5640 = SURFACE_CURVE('',#5641,(#5646,#5653),.PCURVE_S1.);
#5641 = CIRCLE('',#5642,4.130677910465);
#5642 = AXIS2_PLACEMENT_3D('',#5643,#5644,#5645);
#5643 = CARTESIAN_POINT('',(29.7,2.05,20.35));
#5644 = DIRECTION('',(0.,0.,1.));
#5645 = DIRECTION('',(1.,0.,-0.));
#5646 = PCURVE('',#147,#5647);
#5647 = DEFINITIONAL_REPRESENTATION('',(#5648),#5652);
#5648 = LINE('',#5649,#5650);
#5649 = CARTESIAN_POINT('',(0.,-0.237521170781));
#5650 = VECTOR('',#5651,1.);
#5651 = DIRECTION('',(1.,0.));
#5652 = ( GEOMETRIC_REPRESENTATION_CONTEXT(2) 
PARAMETRIC_REPRESENTATION_CONTEXT() REPRESENTATION_CONTEXT('2D SPACE',''
  ) );
#5653 = PCURVE('',#5654,#5659);
#5654 = PLANE('',#5655);
#5655 = AXIS2_PLACEMENT_3D('',#5656,#5657,#5658);
#5656 = CARTESIAN_POINT('',(25.6,5.,20.35));
#5657 = DIRECTION('',(0.,0.,1.));
#5658 = DIRECTION('',(1.,0.,-0.));
#5659 = DEFINITIONAL_REPRESENTATION('',(#5660),#5664);
#5660 = CIRCLE('',#5661,4.130677910465);
#5661 = AXIS2_PLACEMENT_2D('',#5662,#5663);
#5662 = CARTESIAN_POINT('',(4.1,-2.95));
#5663 = DIRECTION('',(1.,0.));
#5664 = ( GEOMETRIC_REPRESENTATION_CONTEXT(2) 
PARAMETRIC_REPRESENTATION_CONTEXT() REPRESENTATION_CONTEXT('2D SPACE',''
  ) );
#5665 = ADVANCED_FACE('',(#5666),#5654,.F.);
#5666 = FACE_BOUND('',#5667,.F.);
#5667 = EDGE_LOOP('',(#5668,#5691,#5719,#5740));
#5668 = ORIENTED_EDGE('',*,*,#5669,.F.);
#5669 = EDGE_CURVE('',#5670,#5536,#5672,.T.);
#5670 = VERTEX_POINT('',#5671);
#5671 = CARTESIAN_POINT('',(25.6,6.1,20.35));
#5672 = SURFACE_CURVE('',#5673,(#5677,#5684),.PCURVE_S1.);
#5673 = LINE('',#5674,#5675);
#5674 = CARTESIAN_POINT('',(25.6,6.1,20.35));
#5675 = VECTOR('',#5676,1.);
#5676 = DIRECTION('',(1.,0.,-0.));
#5677 = PCURVE('',#5654,#5678);
#5678 = DEFINITIONAL_REPRESENTATION('',(#5679),#5683);
#5679 = LINE('',#5680,#5681);
#5680 = CARTESIAN_POINT('',(0.,1.1));
#5681 = VECTOR('',#5682,1.);
#5682 = DIRECTION('',(1.,0.));
#5683 = ( GEOMETRIC_REPRESENTATION_CONTEXT(2) 
PARAMETRIC_REPRESENTATION_CONTEXT() REPRESENTATION_CONTEXT('2D SPACE',''
  ) );
#5684 = PCURVE('',#5565,#5685);
#5685 = DEFINITIONAL_REPRESENTATION('',(#5686),#5690);
#5686 = LINE('',#5687,#5688);
#5687 = CARTESIAN_POINT('',(0.,0.));
#5688 = VECTOR('',#5689,1.);
#5689 = DIRECTION('',(0.,1.));
#5690 = ( GEOMETRIC_REPRESENTATION_CONTEXT(2) 
PARAMETRIC_REPRESENTATION_CONTEXT() REPRESENTATION_CONTEXT('2D SPACE',''
  ) );
#5691 = ORIENTED_EDGE('',*,*,#5692,.F.);
#5692 = EDGE_CURVE('',#5693,#5670,#5695,.T.);
#5693 = VERTEX_POINT('',#5694);
#5694 = CARTESIAN_POINT('',(25.6,5.,20.35));
#5695 = SURFACE_CURVE('',#5696,(#5700,#5707),.PCURVE_S1.);
#5696 = LINE('',#5697,#5698);
#5697 = CARTESIAN_POINT('',(25.6,5.,20.35));
#5698 = VECTOR('',#5699,1.);
#5699 = DIRECTION('',(-0.,1.,0.));
#5700 = PCURVE('',#5654,#5701);
#5701 = DEFINITIONAL_REPRESENTATION('',(#5702),#5706);
#5702 = LINE('',#5703,#5704);
#5703 = CARTESIAN_POINT('',(0.,0.));
#5704 = VECTOR('',#5705,1.);
#5705 = DIRECTION('',(0.,1.));
#5706 = ( GEOMETRIC_REPRESENTATION_CONTEXT(2) 
PARAMETRIC_REPRESENTATION_CONTEXT() REPRESENTATION_CONTEXT('2D SPACE',''
  ) );
#5707 = PCURVE('',#5708,#5713);
#5708 = PLANE('',#5709);
#5709 = AXIS2_PLACEMENT_3D('',#5710,#5711,#5712);
#5710 = CARTESIAN_POINT('',(25.6,5.,20.35));
#5711 = DIRECTION('',(1.,0.,-0.));
#5712 = DIRECTION('',(0.,0.,1.));
#5713 = DEFINITIONAL_REPRESENTATION('',(#5714),#5718);
#5714 = LINE('',#5715,#5716);
#5715 = CARTESIAN_POINT('',(0.,0.));
#5716 = VECTOR('',#5717,1.);
#5717 = DIRECTION('',(0.,-1.));
#5718 = ( GEOMETRIC_REPRESENTATION_CONTEXT(2) 
PARAMETRIC_REPRESENTATION_CONTEXT() REPRESENTATION_CONTEXT('2D SPACE',''
  ) );
#5719 = ORIENTED_EDGE('',*,*,#5720,.T.);
#5720 = EDGE_CURVE('',#5693,#5607,#5721,.T.);
#5721 = SURFACE_CURVE('',#5722,(#5726,#5733),.PCURVE_S1.);
#5722 = LINE('',#5723,#5724);
#5723 = CARTESIAN_POINT('',(25.6,5.,20.35));
#5724 = VECTOR('',#5725,1.);
#5725 = DIRECTION('',(1.,0.,-0.));
#5726 = PCURVE('',#5654,#5727);
#5727 = DEFINITIONAL_REPRESENTATION('',(#5728),#5732);
#5728 = LINE('',#5729,#5730);
#5729 = CARTESIAN_POINT('',(0.,0.));
#5730 = VECTOR('',#5731,1.);
#5731 = DIRECTION('',(1.,0.));
#5732 = ( GEOMETRIC_REPRESENTATION_CONTEXT(2) 
PARAMETRIC_REPRESENTATION_CONTEXT() REPRESENTATION_CONTEXT('2D SPACE',''
  ) );
#5733 = PCURVE('',#5627,#5734);
#5734 = DEFINITIONAL_REPRESENTATION('',(#5735),#5739);
#5735 = LINE('',#5736,#5737);
#5736 = CARTESIAN_POINT('',(0.,0.));
#5737 = VECTOR('',#5738,1.);
#5738 = DIRECTION('',(0.,1.));
#5739 = ( GEOMETRIC_REPRESENTATION_CONTEXT(2) 
PARAMETRIC_REPRESENTATION_CONTEXT() REPRESENTATION_CONTEXT('2D SPACE',''
  ) );
#5740 = ORIENTED_EDGE('',*,*,#5639,.F.);
#5741 = ADVANCED_FACE('',(#5742),#5708,.F.);
#5742 = FACE_BOUND('',#5743,.F.);
#5743 = EDGE_LOOP('',(#5744,#5767,#5768,#5791));
#5744 = ORIENTED_EDGE('',*,*,#5745,.F.);
#5745 = EDGE_CURVE('',#5693,#5746,#5748,.T.);
#5746 = VERTEX_POINT('',#5747);
#5747 = CARTESIAN_POINT('',(25.6,5.,22.35));
#5748 = SURFACE_CURVE('',#5749,(#5753,#5760),.PCURVE_S1.);
#5749 = LINE('',#5750,#5751);
#5750 = CARTESIAN_POINT('',(25.6,5.,20.35));
#5751 = VECTOR('',#5752,1.);
#5752 = DIRECTION('',(0.,0.,1.));
#5753 = PCURVE('',#5708,#5754);
#5754 = DEFINITIONAL_REPRESENTATION('',(#5755),#5759);
#5755 = LINE('',#5756,#5757);
#5756 = CARTESIAN_POINT('',(0.,0.));
#5757 = VECTOR('',#5758,1.);
#5758 = DIRECTION('',(1.,0.));
#5759 = ( GEOMETRIC_REPRESENTATION_CONTEXT(2) 
PARAMETRIC_REPRESENTATION_CONTEXT() REPRESENTATION_CONTEXT('2D SPACE',''
  ) );
#5760 = PCURVE('',#5627,#5761);
#5761 = DEFINITIONAL_REPRESENTATION('',(#5762),#5766);
#5762 = LINE('',#5763,#5764);
#5763 = CARTESIAN_POINT('',(0.,0.));
#5764 = VECTOR('',#5765,1.);
#5765 = DIRECTION('',(1.,0.));
#5766 = ( GEOMETRIC_REPRESENTATION_CONTEXT(2) 
PARAMETRIC_REPRESENTATION_CONTEXT() REPRESENTATION_CONTEXT('2D SPACE',''
  ) );
#5767 = ORIENTED_EDGE('',*,*,#5692,.T.);
#5768 = ORIENTED_EDGE('',*,*,#5769,.T.);
#5769 = EDGE_CURVE('',#5670,#5770,#5772,.T.);
#5770 = VERTEX_POINT('',#5771);
#5771 = CARTESIAN_POINT('',(25.6,6.1,22.35));
#5772 = SURFACE_CURVE('',#5773,(#5777,#5784),.PCURVE_S1.);
#5773 = LINE('',#5774,#5775);
#5774 = CARTESIAN_POINT('',(25.6,6.1,20.35));
#5775 = VECTOR('',#5776,1.);
#5776 = DIRECTION('',(0.,0.,1.));
#5777 = PCURVE('',#5708,#5778);
#5778 = DEFINITIONAL_REPRESENTATION('',(#5779),#5783);
#5779 = LINE('',#5780,#5781);
#5780 = CARTESIAN_POINT('',(0.,-1.1));
#5781 = VECTOR('',#5782,1.);
#5782 = DIRECTION('',(1.,0.));
#5783 = ( GEOMETRIC_REPRESENTATION_CONTEXT(2) 
PARAMETRIC_REPRESENTATION_CONTEXT() REPRESENTATION_CONTEXT('2D SPACE',''
  ) );
#5784 = PCURVE('',#5565,#5785);
#5785 = DEFINITIONAL_REPRESENTATION('',(#5786),#5790);
#5786 = LINE('',#5787,#5788);
#5787 = CARTESIAN_POINT('',(0.,0.));
#5788 = VECTOR('',#5789,1.);
#5789 = DIRECTION('',(1.,0.));
#5790 = ( GEOMETRIC_REPRESENTATION_CONTEXT(2) 
PARAMETRIC_REPRESENTATION_CONTEXT() REPRESENTATION_CONTEXT('2D SPACE',''
  ) );
#5791 = ORIENTED_EDGE('',*,*,#5792,.F.);
#5792 = EDGE_CURVE('',#5746,#5770,#5793,.T.);
#5793 = SURFACE_CURVE('',#5794,(#5798,#5805),.PCURVE_S1.);
#5794 = LINE('',#5795,#5796);
#5795 = CARTESIAN_POINT('',(25.6,5.,22.35));
#5796 = VECTOR('',#5797,1.);
#5797 = DIRECTION('',(-0.,1.,0.));
#5798 = PCURVE('',#5708,#5799);
#5799 = DEFINITIONAL_REPRESENTATION('',(#5800),#5804);
#5800 = LINE('',#5801,#5802);
#5801 = CARTESIAN_POINT('',(2.,0.));
#5802 = VECTOR('',#5803,1.);
#5803 = DIRECTION('',(0.,-1.));
#5804 = ( GEOMETRIC_REPRESENTATION_CONTEXT(2) 
PARAMETRIC_REPRESENTATION_CONTEXT() REPRESENTATION_CONTEXT('2D SPACE',''
  ) );
#5805 = PCURVE('',#5594,#5806);
#5806 = DEFINITIONAL_REPRESENTATION('',(#5807),#5811);
#5807 = LINE('',#5808,#5809);
#5808 = CARTESIAN_POINT('',(0.,0.));
#5809 = VECTOR('',#5810,1.);
#5810 = DIRECTION('',(0.,1.));
#5811 = ( GEOMETRIC_REPRESENTATION_CONTEXT(2) 
PARAMETRIC_REPRESENTATION_CONTEXT() REPRESENTATION_CONTEXT('2D SPACE',''
  ) );
#5812 = ADVANCED_FACE('',(#5813),#5627,.F.);
#5813 = FACE_BOUND('',#5814,.F.);
#5814 = EDGE_LOOP('',(#5815,#5816,#5817,#5838));
#5815 = ORIENTED_EDGE('',*,*,#5720,.F.);
#5816 = ORIENTED_EDGE('',*,*,#5745,.T.);
#5817 = ORIENTED_EDGE('',*,*,#5818,.T.);
#5818 = EDGE_CURVE('',#5746,#5578,#5819,.T.);
#5819 = SURFACE_CURVE('',#5820,(#5824,#5831),.PCURVE_S1.);
#5820 = LINE('',#5821,#5822);
#5821 = CARTESIAN_POINT('',(25.6,5.,22.35));
#5822 = VECTOR('',#5823,1.);
#5823 = DIRECTION('',(1.,0.,-0.));
#5824 = PCURVE('',#5627,#5825);
#5825 = DEFINITIONAL_REPRESENTATION('',(#5826),#5830);
#5826 = LINE('',#5827,#5828);
#5827 = CARTESIAN_POINT('',(2.,0.));
#5828 = VECTOR('',#5829,1.);
#5829 = DIRECTION('',(0.,1.));
#5830 = ( GEOMETRIC_REPRESENTATION_CONTEXT(2) 
PARAMETRIC_REPRESENTATION_CONTEXT() REPRESENTATION_CONTEXT('2D SPACE',''
  ) );
#5831 = PCURVE('',#5594,#5832);
#5832 = DEFINITIONAL_REPRESENTATION('',(#5833),#5837);
#5833 = LINE('',#5834,#5835);
#5834 = CARTESIAN_POINT('',(0.,0.));
#5835 = VECTOR('',#5836,1.);
#5836 = DIRECTION('',(1.,0.));
#5837 = ( GEOMETRIC_REPRESENTATION_CONTEXT(2) 
PARAMETRIC_REPRESENTATION_CONTEXT() REPRESENTATION_CONTEXT('2D SPACE',''
  ) );
#5838 = ORIENTED_EDGE('',*,*,#5606,.F.);
#5839 = ADVANCED_FACE('',(#5840),#5594,.T.);
#5840 = FACE_BOUND('',#5841,.T.);
#5841 = EDGE_LOOP('',(#5842,#5863,#5864,#5865));
#5842 = ORIENTED_EDGE('',*,*,#5843,.F.);
#5843 = EDGE_CURVE('',#5770,#5538,#5844,.T.);
#5844 = SURFACE_CURVE('',#5845,(#5849,#5856),.PCURVE_S1.);
#5845 = LINE('',#5846,#5847);
#5846 = CARTESIAN_POINT('',(25.6,6.1,22.35));
#5847 = VECTOR('',#5848,1.);
#5848 = DIRECTION('',(1.,0.,-0.));
#5849 = PCURVE('',#5594,#5850);
#5850 = DEFINITIONAL_REPRESENTATION('',(#5851),#5855);
#5851 = LINE('',#5852,#5853);
#5852 = CARTESIAN_POINT('',(0.,1.1));
#5853 = VECTOR('',#5854,1.);
#5854 = DIRECTION('',(1.,0.));
#5855 = ( GEOMETRIC_REPRESENTATION_CONTEXT(2) 
PARAMETRIC_REPRESENTATION_CONTEXT() REPRESENTATION_CONTEXT('2D SPACE',''
  ) );
#5856 = PCURVE('',#5565,#5857);
#5857 = DEFINITIONAL_REPRESENTATION('',(#5858),#5862);
#5858 = LINE('',#5859,#5860);
#5859 = CARTESIAN_POINT('',(2.,0.));
#5860 = VECTOR('',#5861,1.);
#5861 = DIRECTION('',(0.,1.));
#5862 = ( GEOMETRIC_REPRESENTATION_CONTEXT(2) 
PARAMETRIC_REPRESENTATION_CONTEXT() REPRESENTATION_CONTEXT('2D SPACE',''
  ) );
#5863 = ORIENTED_EDGE('',*,*,#5792,.F.);
#5864 = ORIENTED_EDGE('',*,*,#5818,.T.);
#5865 = ORIENTED_EDGE('',*,*,#5577,.F.);
#5866 = ADVANCED_FACE('',(#5867),#5565,.T.);
#5867 = FACE_BOUND('',#5868,.T.);
#5868 = EDGE_LOOP('',(#5869,#5870,#5871,#5872));
#5869 = ORIENTED_EDGE('',*,*,#5669,.F.);
#5870 = ORIENTED_EDGE('',*,*,#5769,.T.);
#5871 = ORIENTED_EDGE('',*,*,#5843,.T.);
#5872 = ORIENTED_EDGE('',*,*,#5535,.F.);
#5873 = ADVANCED_FACE('',(#5874),#5464,.F.);
#5874 = FACE_BOUND('',#5875,.F.);
#5875 = EDGE_LOOP('',(#5876,#5906,#5934,#5961,#5988,#6009,#6010,#6032,
    #6060,#6086));
#5876 = ORIENTED_EDGE('',*,*,#5877,.F.);
#5877 = EDGE_CURVE('',#5878,#5880,#5882,.T.);
#5878 = VERTEX_POINT('',#5879);
#5879 = CARTESIAN_POINT('',(34.4,5.4,20.35));
#5880 = VERTEX_POINT('',#5881);
#5881 = CARTESIAN_POINT('',(34.973382968186,5.4,20.35));
#5882 = SURFACE_CURVE('',#5883,(#5887,#5894),.PCURVE_S1.);
#5883 = LINE('',#5884,#5885);
#5884 = CARTESIAN_POINT('',(30.,5.4,20.35));
#5885 = VECTOR('',#5886,1.);
#5886 = DIRECTION('',(1.,0.,-0.));
#5887 = PCURVE('',#5464,#5888);
#5888 = DEFINITIONAL_REPRESENTATION('',(#5889),#5893);
#5889 = LINE('',#5890,#5891);
#5890 = CARTESIAN_POINT('',(0.,2.));
#5891 = VECTOR('',#5892,1.);
#5892 = DIRECTION('',(1.,0.));
#5893 = ( GEOMETRIC_REPRESENTATION_CONTEXT(2) 
PARAMETRIC_REPRESENTATION_CONTEXT() REPRESENTATION_CONTEXT('2D SPACE',''
  ) );
#5894 = PCURVE('',#5895,#5900);
#5895 = PLANE('',#5896);
#5896 = AXIS2_PLACEMENT_3D('',#5897,#5898,#5899);
#5897 = CARTESIAN_POINT('',(30.,5.4,20.35));
#5898 = DIRECTION('',(-0.,1.,0.));
#5899 = DIRECTION('',(0.,0.,1.));
#5900 = DEFINITIONAL_REPRESENTATION('',(#5901),#5905);
#5901 = LINE('',#5902,#5903);
#5902 = CARTESIAN_POINT('',(0.,0.));
#5903 = VECTOR('',#5904,1.);
#5904 = DIRECTION('',(0.,1.));
#5905 = ( GEOMETRIC_REPRESENTATION_CONTEXT(2) 
PARAMETRIC_REPRESENTATION_CONTEXT() REPRESENTATION_CONTEXT('2D SPACE',''
  ) );
#5906 = ORIENTED_EDGE('',*,*,#5907,.T.);
#5907 = EDGE_CURVE('',#5878,#5908,#5910,.T.);
#5908 = VERTEX_POINT('',#5909);
#5909 = CARTESIAN_POINT('',(34.4,5.5,20.35));
#5910 = SURFACE_CURVE('',#5911,(#5915,#5922),.PCURVE_S1.);
#5911 = LINE('',#5912,#5913);
#5912 = CARTESIAN_POINT('',(34.4,5.,20.35));
#5913 = VECTOR('',#5914,1.);
#5914 = DIRECTION('',(-0.,1.,0.));
#5915 = PCURVE('',#5464,#5916);
#5916 = DEFINITIONAL_REPRESENTATION('',(#5917),#5921);
#5917 = LINE('',#5918,#5919);
#5918 = CARTESIAN_POINT('',(4.4,1.6));
#5919 = VECTOR('',#5920,1.);
#5920 = DIRECTION('',(0.,1.));
#5921 = ( GEOMETRIC_REPRESENTATION_CONTEXT(2) 
PARAMETRIC_REPRESENTATION_CONTEXT() REPRESENTATION_CONTEXT('2D SPACE',''
  ) );
#5922 = PCURVE('',#5923,#5928);
#5923 = PLANE('',#5924);
#5924 = AXIS2_PLACEMENT_3D('',#5925,#5926,#5927);
#5925 = CARTESIAN_POINT('',(34.4,5.,20.35));
#5926 = DIRECTION('',(1.,0.,-0.));
#5927 = DIRECTION('',(0.,0.,1.));
#5928 = DEFINITIONAL_REPRESENTATION('',(#5929),#5933);
#5929 = LINE('',#5930,#5931);
#5930 = CARTESIAN_POINT('',(0.,0.));
#5931 = VECTOR('',#5932,1.);
#5932 = DIRECTION('',(0.,-1.));
#5933 = ( GEOMETRIC_REPRESENTATION_CONTEXT(2) 
PARAMETRIC_REPRESENTATION_CONTEXT() REPRESENTATION_CONTEXT('2D SPACE',''
  ) );
#5934 = ORIENTED_EDGE('',*,*,#5935,.F.);
#5935 = EDGE_CURVE('',#5936,#5908,#5938,.T.);
#5936 = VERTEX_POINT('',#5937);
#5937 = CARTESIAN_POINT('',(34.35,5.5,20.35));
#5938 = SURFACE_CURVE('',#5939,(#5943,#5950),.PCURVE_S1.);
#5939 = LINE('',#5940,#5941);
#5940 = CARTESIAN_POINT('',(29.975,5.5,20.35));
#5941 = VECTOR('',#5942,1.);
#5942 = DIRECTION('',(1.,0.,-0.));
#5943 = PCURVE('',#5464,#5944);
#5944 = DEFINITIONAL_REPRESENTATION('',(#5945),#5949);
#5945 = LINE('',#5946,#5947);
#5946 = CARTESIAN_POINT('',(-2.5E-02,2.1));
#5947 = VECTOR('',#5948,1.);
#5948 = DIRECTION('',(1.,0.));
#5949 = ( GEOMETRIC_REPRESENTATION_CONTEXT(2) 
PARAMETRIC_REPRESENTATION_CONTEXT() REPRESENTATION_CONTEXT('2D SPACE',''
  ) );
#5950 = PCURVE('',#5951,#5956);
#5951 = PLANE('',#5952);
#5952 = AXIS2_PLACEMENT_3D('',#5953,#5954,#5955);
#5953 = CARTESIAN_POINT('',(34.35,5.5,18.35));
#5954 = DIRECTION('',(-0.,1.,0.));
#5955 = DIRECTION('',(0.,0.,1.));
#5956 = DEFINITIONAL_REPRESENTATION('',(#5957),#5960);
#5957 = B_SPLINE_CURVE_WITH_KNOTS('',1,(#5958,#5959),.UNSPECIFIED.,.F.,
  .F.,(2,2),(4.375,4.425),.PIECEWISE_BEZIER_KNOTS.);
#5958 = CARTESIAN_POINT('',(2.,0.));
#5959 = CARTESIAN_POINT('',(2.,5.E-02));
#5960 = ( GEOMETRIC_REPRESENTATION_CONTEXT(2) 
PARAMETRIC_REPRESENTATION_CONTEXT() REPRESENTATION_CONTEXT('2D SPACE',''
  ) );
#5961 = ORIENTED_EDGE('',*,*,#5962,.F.);
#5962 = EDGE_CURVE('',#5963,#5936,#5965,.T.);
#5963 = VERTEX_POINT('',#5964);
#5964 = CARTESIAN_POINT('',(34.35,6.1,20.35));
#5965 = SURFACE_CURVE('',#5966,(#5970,#5977),.PCURVE_S1.);
#5966 = LINE('',#5967,#5968);
#5967 = CARTESIAN_POINT('',(34.35,5.25,20.35));
#5968 = VECTOR('',#5969,1.);
#5969 = DIRECTION('',(0.,-1.,0.));
#5970 = PCURVE('',#5464,#5971);
#5971 = DEFINITIONAL_REPRESENTATION('',(#5972),#5976);
#5972 = LINE('',#5973,#5974);
#5973 = CARTESIAN_POINT('',(4.35,1.85));
#5974 = VECTOR('',#5975,1.);
#5975 = DIRECTION('',(0.,-1.));
#5976 = ( GEOMETRIC_REPRESENTATION_CONTEXT(2) 
PARAMETRIC_REPRESENTATION_CONTEXT() REPRESENTATION_CONTEXT('2D SPACE',''
  ) );
#5977 = PCURVE('',#5978,#5983);
#5978 = PLANE('',#5979);
#5979 = AXIS2_PLACEMENT_3D('',#5980,#5981,#5982);
#5980 = CARTESIAN_POINT('',(34.35,5.5,18.35));
#5981 = DIRECTION('',(1.,0.,-0.));
#5982 = DIRECTION('',(0.,0.,1.));
#5983 = DEFINITIONAL_REPRESENTATION('',(#5984),#5987);
#5984 = B_SPLINE_CURVE_WITH_KNOTS('',1,(#5985,#5986),.UNSPECIFIED.,.F.,
  .F.,(2,2),(-0.85,-0.25),.PIECEWISE_BEZIER_KNOTS.);
#5985 = CARTESIAN_POINT('',(2.,-0.6));
#5986 = CARTESIAN_POINT('',(2.,0.));
#5987 = ( GEOMETRIC_REPRESENTATION_CONTEXT(2) 
PARAMETRIC_REPRESENTATION_CONTEXT() REPRESENTATION_CONTEXT('2D SPACE',''
  ) );
#5988 = ORIENTED_EDGE('',*,*,#5989,.F.);
#5989 = EDGE_CURVE('',#5408,#5963,#5990,.T.);
#5990 = SURFACE_CURVE('',#5991,(#5995,#6002),.PCURVE_S1.);
#5991 = LINE('',#5992,#5993);
#5992 = CARTESIAN_POINT('',(25.6,6.1,20.35));
#5993 = VECTOR('',#5994,1.);
#5994 = DIRECTION('',(1.,0.,-0.));
#5995 = PCURVE('',#5464,#5996);
#5996 = DEFINITIONAL_REPRESENTATION('',(#5997),#6001);
#5997 = LINE('',#5998,#5999);
#5998 = CARTESIAN_POINT('',(-4.4,2.7));
#5999 = VECTOR('',#6000,1.);
#6000 = DIRECTION('',(1.,0.));
#6001 = ( GEOMETRIC_REPRESENTATION_CONTEXT(2) 
PARAMETRIC_REPRESENTATION_CONTEXT() REPRESENTATION_CONTEXT('2D SPACE',''
  ) );
#6002 = PCURVE('',#5435,#6003);
#6003 = DEFINITIONAL_REPRESENTATION('',(#6004),#6008);
#6004 = LINE('',#6005,#6006);
#6005 = CARTESIAN_POINT('',(0.,0.));
#6006 = VECTOR('',#6007,1.);
#6007 = DIRECTION('',(0.,1.));
#6008 = ( GEOMETRIC_REPRESENTATION_CONTEXT(2) 
PARAMETRIC_REPRESENTATION_CONTEXT() REPRESENTATION_CONTEXT('2D SPACE',''
  ) );
#6009 = ORIENTED_EDGE('',*,*,#5447,.T.);
#6010 = ORIENTED_EDGE('',*,*,#6011,.T.);
#6011 = EDGE_CURVE('',#5448,#6012,#6014,.T.);
#6012 = VERTEX_POINT('',#6013);
#6013 = CARTESIAN_POINT('',(38.,3.6,20.35));
#6014 = SURFACE_CURVE('',#6015,(#6019,#6026),.PCURVE_S1.);
#6015 = LINE('',#6016,#6017);
#6016 = CARTESIAN_POINT('',(30.95,3.6,20.35));
#6017 = VECTOR('',#6018,1.);
#6018 = DIRECTION('',(1.,0.,-0.));
#6019 = PCURVE('',#5464,#6020);
#6020 = DEFINITIONAL_REPRESENTATION('',(#6021),#6025);
#6021 = LINE('',#6022,#6023);
#6022 = CARTESIAN_POINT('',(0.95,0.2));
#6023 = VECTOR('',#6024,1.);
#6024 = DIRECTION('',(1.,0.));
#6025 = ( GEOMETRIC_REPRESENTATION_CONTEXT(2) 
PARAMETRIC_REPRESENTATION_CONTEXT() REPRESENTATION_CONTEXT('2D SPACE',''
  ) );
#6026 = PCURVE('',#118,#6027);
#6027 = DEFINITIONAL_REPRESENTATION('',(#6028),#6031);
#6028 = B_SPLINE_CURVE_WITH_KNOTS('',1,(#6029,#6030),.UNSPECIFIED.,.F.,
  .F.,(2,2),(0.95,7.05),.PIECEWISE_BEZIER_KNOTS.);
#6029 = CARTESIAN_POINT('',(3.9,0.));
#6030 = CARTESIAN_POINT('',(3.9,6.1));
#6031 = ( GEOMETRIC_REPRESENTATION_CONTEXT(2) 
PARAMETRIC_REPRESENTATION_CONTEXT() REPRESENTATION_CONTEXT('2D SPACE',''
  ) );
#6032 = ORIENTED_EDGE('',*,*,#6033,.T.);
#6033 = EDGE_CURVE('',#6012,#6034,#6036,.T.);
#6034 = VERTEX_POINT('',#6035);
#6035 = CARTESIAN_POINT('',(38.,4.6,20.35));
#6036 = SURFACE_CURVE('',#6037,(#6041,#6048),.PCURVE_S1.);
#6037 = LINE('',#6038,#6039);
#6038 = CARTESIAN_POINT('',(38.,3.4,20.35));
#6039 = VECTOR('',#6040,1.);
#6040 = DIRECTION('',(-0.,1.,0.));
#6041 = PCURVE('',#5464,#6042);
#6042 = DEFINITIONAL_REPRESENTATION('',(#6043),#6047);
#6043 = LINE('',#6044,#6045);
#6044 = CARTESIAN_POINT('',(8.,0.));
#6045 = VECTOR('',#6046,1.);
#6046 = DIRECTION('',(0.,1.));
#6047 = ( GEOMETRIC_REPRESENTATION_CONTEXT(2) 
PARAMETRIC_REPRESENTATION_CONTEXT() REPRESENTATION_CONTEXT('2D SPACE',''
  ) );
#6048 = PCURVE('',#6049,#6054);
#6049 = PLANE('',#6050);
#6050 = AXIS2_PLACEMENT_3D('',#6051,#6052,#6053);
#6051 = CARTESIAN_POINT('',(38.,3.4,20.35));
#6052 = DIRECTION('',(1.,0.,-0.));
#6053 = DIRECTION('',(0.,0.,1.));
#6054 = DEFINITIONAL_REPRESENTATION('',(#6055),#6059);
#6055 = LINE('',#6056,#6057);
#6056 = CARTESIAN_POINT('',(0.,0.));
#6057 = VECTOR('',#6058,1.);
#6058 = DIRECTION('',(0.,-1.));
#6059 = ( GEOMETRIC_REPRESENTATION_CONTEXT(2) 
PARAMETRIC_REPRESENTATION_CONTEXT() REPRESENTATION_CONTEXT('2D SPACE',''
  ) );
#6060 = ORIENTED_EDGE('',*,*,#6061,.F.);
#6061 = EDGE_CURVE('',#6062,#6034,#6064,.T.);
#6062 = VERTEX_POINT('',#6063);
#6063 = CARTESIAN_POINT('',(34.973382968186,4.6,20.35));
#6064 = SURFACE_CURVE('',#6065,(#6069,#6075),.PCURVE_S1.);
#6065 = LINE('',#6066,#6067);
#6066 = CARTESIAN_POINT('',(33.55,4.6,20.35));
#6067 = VECTOR('',#6068,1.);
#6068 = DIRECTION('',(1.,0.,-0.));
#6069 = PCURVE('',#5464,#6070);
#6070 = DEFINITIONAL_REPRESENTATION('',(#6071),#6074);
#6071 = B_SPLINE_CURVE_WITH_KNOTS('',1,(#6072,#6073),.UNSPECIFIED.,.F.,
  .F.,(2,2),(1.2,4.45),.PIECEWISE_BEZIER_KNOTS.);
#6072 = CARTESIAN_POINT('',(4.75,1.2));
#6073 = CARTESIAN_POINT('',(8.,1.2));
#6074 = ( GEOMETRIC_REPRESENTATION_CONTEXT(2) 
PARAMETRIC_REPRESENTATION_CONTEXT() REPRESENTATION_CONTEXT('2D SPACE',''
  ) );
#6075 = PCURVE('',#6076,#6081);
#6076 = PLANE('',#6077);
#6077 = AXIS2_PLACEMENT_3D('',#6078,#6079,#6080);
#6078 = CARTESIAN_POINT('',(37.1,4.6,21.35));
#6079 = DIRECTION('',(0.,-1.,0.));
#6080 = DIRECTION('',(1.,0.,0.));
#6081 = DEFINITIONAL_REPRESENTATION('',(#6082),#6085);
#6082 = B_SPLINE_CURVE_WITH_KNOTS('',1,(#6083,#6084),.UNSPECIFIED.,.F.,
  .F.,(2,2),(1.2,4.45),.PIECEWISE_BEZIER_KNOTS.);
#6083 = CARTESIAN_POINT('',(-2.35,-1.));
#6084 = CARTESIAN_POINT('',(0.9,-1.));
#6085 = ( GEOMETRIC_REPRESENTATION_CONTEXT(2) 
PARAMETRIC_REPRESENTATION_CONTEXT() REPRESENTATION_CONTEXT('2D SPACE',''
  ) );
#6086 = ORIENTED_EDGE('',*,*,#6087,.F.);
#6087 = EDGE_CURVE('',#5880,#6062,#6088,.T.);
#6088 = SURFACE_CURVE('',#6089,(#6093,#6099),.PCURVE_S1.);
#6089 = LINE('',#6090,#6091);
#6090 = CARTESIAN_POINT('',(34.973382968186,10.1,20.35));
#6091 = VECTOR('',#6092,1.);
#6092 = DIRECTION('',(0.,-1.,0.));
#6093 = PCURVE('',#5464,#6094);
#6094 = DEFINITIONAL_REPRESENTATION('',(#6095),#6098);
#6095 = B_SPLINE_CURVE_WITH_KNOTS('',1,(#6096,#6097),.UNSPECIFIED.,.F.,
  .F.,(2,2),(3.75,5.5000006),.PIECEWISE_BEZIER_KNOTS.);
#6096 = CARTESIAN_POINT('',(4.973382968186,2.95));
#6097 = CARTESIAN_POINT('',(4.973382968186,1.1999994));
#6098 = ( GEOMETRIC_REPRESENTATION_CONTEXT(2) 
PARAMETRIC_REPRESENTATION_CONTEXT() REPRESENTATION_CONTEXT('2D SPACE',''
  ) );
#6099 = PCURVE('',#6100,#6105);
#6100 = CYLINDRICAL_SURFACE('',#6101,2.35);
#6101 = AXIS2_PLACEMENT_3D('',#6102,#6103,#6104);
#6102 = CARTESIAN_POINT('',(37.1,10.1,21.35));
#6103 = DIRECTION('',(0.,-1.,0.));
#6104 = DIRECTION('',(1.,0.,0.));
#6105 = DEFINITIONAL_REPRESENTATION('',(#6106),#6109);
#6106 = B_SPLINE_CURVE_WITH_KNOTS('',1,(#6107,#6108),.UNSPECIFIED.,.F.,
  .F.,(2,2),(3.75,5.5000006),.PIECEWISE_BEZIER_KNOTS.);
#6107 = CARTESIAN_POINT('',(3.581142246038,3.75));
#6108 = CARTESIAN_POINT('',(3.581142246038,5.5000006));
#6109 = ( GEOMETRIC_REPRESENTATION_CONTEXT(2) 
PARAMETRIC_REPRESENTATION_CONTEXT() REPRESENTATION_CONTEXT('2D SPACE',''
  ) );
#6110 = ADVANCED_FACE('',(#6111),#5923,.T.);
#6111 = FACE_BOUND('',#6112,.T.);
#6112 = EDGE_LOOP('',(#6113,#6138,#6157,#6158));
#6113 = ORIENTED_EDGE('',*,*,#6114,.F.);
#6114 = EDGE_CURVE('',#6115,#6117,#6119,.T.);
#6115 = VERTEX_POINT('',#6116);
#6116 = CARTESIAN_POINT('',(34.4,5.4,22.35));
#6117 = VERTEX_POINT('',#6118);
#6118 = CARTESIAN_POINT('',(34.4,5.5,22.35));
#6119 = SURFACE_CURVE('',#6120,(#6124,#6131),.PCURVE_S1.);
#6120 = LINE('',#6121,#6122);
#6121 = CARTESIAN_POINT('',(34.4,5.,22.35));
#6122 = VECTOR('',#6123,1.);
#6123 = DIRECTION('',(-0.,1.,0.));
#6124 = PCURVE('',#5923,#6125);
#6125 = DEFINITIONAL_REPRESENTATION('',(#6126),#6130);
#6126 = LINE('',#6127,#6128);
#6127 = CARTESIAN_POINT('',(2.,0.));
#6128 = VECTOR('',#6129,1.);
#6129 = DIRECTION('',(0.,-1.));
#6130 = ( GEOMETRIC_REPRESENTATION_CONTEXT(2) 
PARAMETRIC_REPRESENTATION_CONTEXT() REPRESENTATION_CONTEXT('2D SPACE',''
  ) );
#6131 = PCURVE('',#5395,#6132);
#6132 = DEFINITIONAL_REPRESENTATION('',(#6133),#6137);
#6133 = LINE('',#6134,#6135);
#6134 = CARTESIAN_POINT('',(8.8,0.));
#6135 = VECTOR('',#6136,1.);
#6136 = DIRECTION('',(0.,1.));
#6137 = ( GEOMETRIC_REPRESENTATION_CONTEXT(2) 
PARAMETRIC_REPRESENTATION_CONTEXT() REPRESENTATION_CONTEXT('2D SPACE',''
  ) );
#6138 = ORIENTED_EDGE('',*,*,#6139,.T.);
#6139 = EDGE_CURVE('',#6115,#5878,#6140,.T.);
#6140 = SURFACE_CURVE('',#6141,(#6145,#6151),.PCURVE_S1.);
#6141 = LINE('',#6142,#6143);
#6142 = CARTESIAN_POINT('',(34.4,5.4,20.35));
#6143 = VECTOR('',#6144,1.);
#6144 = DIRECTION('',(-0.,0.,-1.));
#6145 = PCURVE('',#5923,#6146);
#6146 = DEFINITIONAL_REPRESENTATION('',(#6147),#6150);
#6147 = B_SPLINE_CURVE_WITH_KNOTS('',1,(#6148,#6149),.UNSPECIFIED.,.F.,
  .F.,(2,2),(-2.,-0.),.PIECEWISE_BEZIER_KNOTS.);
#6148 = CARTESIAN_POINT('',(2.,-0.4));
#6149 = CARTESIAN_POINT('',(0.,-0.4));
#6150 = ( GEOMETRIC_REPRESENTATION_CONTEXT(2) 
PARAMETRIC_REPRESENTATION_CONTEXT() REPRESENTATION_CONTEXT('2D SPACE',''
  ) );
#6151 = PCURVE('',#5895,#6152);
#6152 = DEFINITIONAL_REPRESENTATION('',(#6153),#6156);
#6153 = B_SPLINE_CURVE_WITH_KNOTS('',1,(#6154,#6155),.UNSPECIFIED.,.F.,
  .F.,(2,2),(-2.,-0.),.PIECEWISE_BEZIER_KNOTS.);
#6154 = CARTESIAN_POINT('',(2.,4.4));
#6155 = CARTESIAN_POINT('',(0.,4.4));
#6156 = ( GEOMETRIC_REPRESENTATION_CONTEXT(2) 
PARAMETRIC_REPRESENTATION_CONTEXT() REPRESENTATION_CONTEXT('2D SPACE',''
  ) );
#6157 = ORIENTED_EDGE('',*,*,#5907,.T.);
#6158 = ORIENTED_EDGE('',*,*,#6159,.F.);
#6159 = EDGE_CURVE('',#6117,#5908,#6160,.T.);
#6160 = SURFACE_CURVE('',#6161,(#6165,#6171),.PCURVE_S1.);
#6161 = LINE('',#6162,#6163);
#6162 = CARTESIAN_POINT('',(34.4,5.5,19.35));
#6163 = VECTOR('',#6164,1.);
#6164 = DIRECTION('',(-0.,0.,-1.));
#6165 = PCURVE('',#5923,#6166);
#6166 = DEFINITIONAL_REPRESENTATION('',(#6167),#6170);
#6167 = B_SPLINE_CURVE_WITH_KNOTS('',1,(#6168,#6169),.UNSPECIFIED.,.F.,
  .F.,(2,2),(-3.,-1.),.PIECEWISE_BEZIER_KNOTS.);
#6168 = CARTESIAN_POINT('',(2.,-0.5));
#6169 = CARTESIAN_POINT('',(0.,-0.5));
#6170 = ( GEOMETRIC_REPRESENTATION_CONTEXT(2) 
PARAMETRIC_REPRESENTATION_CONTEXT() REPRESENTATION_CONTEXT('2D SPACE',''
  ) );
#6171 = PCURVE('',#5951,#6172);
#6172 = DEFINITIONAL_REPRESENTATION('',(#6173),#6176);
#6173 = B_SPLINE_CURVE_WITH_KNOTS('',1,(#6174,#6175),.UNSPECIFIED.,.F.,
  .F.,(2,2),(-3.,-1.),.PIECEWISE_BEZIER_KNOTS.);
#6174 = CARTESIAN_POINT('',(4.,5.E-02));
#6175 = CARTESIAN_POINT('',(2.,5.E-02));
#6176 = ( GEOMETRIC_REPRESENTATION_CONTEXT(2) 
PARAMETRIC_REPRESENTATION_CONTEXT() REPRESENTATION_CONTEXT('2D SPACE',''
  ) );
#6177 = ADVANCED_FACE('',(#6178,#6332),#5951,.F.);
#6178 = FACE_BOUND('',#6179,.F.);
#6179 = EDGE_LOOP('',(#6180,#6210,#6238,#6259,#6260,#6261,#6283,#6306));
#6180 = ORIENTED_EDGE('',*,*,#6181,.F.);
#6181 = EDGE_CURVE('',#6182,#6184,#6186,.T.);
#6182 = VERTEX_POINT('',#6183);
#6183 = CARTESIAN_POINT('',(39.85,5.5,18.35));
#6184 = VERTEX_POINT('',#6185);
#6185 = CARTESIAN_POINT('',(39.85,5.5,24.35));
#6186 = SURFACE_CURVE('',#6187,(#6191,#6198),.PCURVE_S1.);
#6187 = LINE('',#6188,#6189);
#6188 = CARTESIAN_POINT('',(39.85,5.5,18.35));
#6189 = VECTOR('',#6190,1.);
#6190 = DIRECTION('',(0.,0.,1.));
#6191 = PCURVE('',#5951,#6192);
#6192 = DEFINITIONAL_REPRESENTATION('',(#6193),#6197);
#6193 = LINE('',#6194,#6195);
#6194 = CARTESIAN_POINT('',(0.,5.5));
#6195 = VECTOR('',#6196,1.);
#6196 = DIRECTION('',(1.,0.));
#6197 = ( GEOMETRIC_REPRESENTATION_CONTEXT(2) 
PARAMETRIC_REPRESENTATION_CONTEXT() REPRESENTATION_CONTEXT('2D SPACE',''
  ) );
#6198 = PCURVE('',#6199,#6204);
#6199 = PLANE('',#6200);
#6200 = AXIS2_PLACEMENT_3D('',#6201,#6202,#6203);
#6201 = CARTESIAN_POINT('',(39.85,5.5,18.35));
#6202 = DIRECTION('',(1.,0.,-0.));
#6203 = DIRECTION('',(0.,0.,1.));
#6204 = DEFINITIONAL_REPRESENTATION('',(#6205),#6209);
#6205 = LINE('',#6206,#6207);
#6206 = CARTESIAN_POINT('',(0.,0.));
#6207 = VECTOR('',#6208,1.);
#6208 = DIRECTION('',(1.,0.));
#6209 = ( GEOMETRIC_REPRESENTATION_CONTEXT(2) 
PARAMETRIC_REPRESENTATION_CONTEXT() REPRESENTATION_CONTEXT('2D SPACE',''
  ) );
#6210 = ORIENTED_EDGE('',*,*,#6211,.F.);
#6211 = EDGE_CURVE('',#6212,#6182,#6214,.T.);
#6212 = VERTEX_POINT('',#6213);
#6213 = CARTESIAN_POINT('',(34.35,5.5,18.35));
#6214 = SURFACE_CURVE('',#6215,(#6219,#6226),.PCURVE_S1.);
#6215 = LINE('',#6216,#6217);
#6216 = CARTESIAN_POINT('',(34.35,5.5,18.35));
#6217 = VECTOR('',#6218,1.);
#6218 = DIRECTION('',(1.,0.,-0.));
#6219 = PCURVE('',#5951,#6220);
#6220 = DEFINITIONAL_REPRESENTATION('',(#6221),#6225);
#6221 = LINE('',#6222,#6223);
#6222 = CARTESIAN_POINT('',(0.,0.));
#6223 = VECTOR('',#6224,1.);
#6224 = DIRECTION('',(0.,1.));
#6225 = ( GEOMETRIC_REPRESENTATION_CONTEXT(2) 
PARAMETRIC_REPRESENTATION_CONTEXT() REPRESENTATION_CONTEXT('2D SPACE',''
  ) );
#6226 = PCURVE('',#6227,#6232);
#6227 = PLANE('',#6228);
#6228 = AXIS2_PLACEMENT_3D('',#6229,#6230,#6231);
#6229 = CARTESIAN_POINT('',(34.35,5.5,18.35));
#6230 = DIRECTION('',(0.,0.,1.));
#6231 = DIRECTION('',(1.,0.,-0.));
#6232 = DEFINITIONAL_REPRESENTATION('',(#6233),#6237);
#6233 = LINE('',#6234,#6235);
#6234 = CARTESIAN_POINT('',(0.,0.));
#6235 = VECTOR('',#6236,1.);
#6236 = DIRECTION('',(1.,0.));
#6237 = ( GEOMETRIC_REPRESENTATION_CONTEXT(2) 
PARAMETRIC_REPRESENTATION_CONTEXT() REPRESENTATION_CONTEXT('2D SPACE',''
  ) );
#6238 = ORIENTED_EDGE('',*,*,#6239,.T.);
#6239 = EDGE_CURVE('',#6212,#5936,#6240,.T.);
#6240 = SURFACE_CURVE('',#6241,(#6245,#6252),.PCURVE_S1.);
#6241 = LINE('',#6242,#6243);
#6242 = CARTESIAN_POINT('',(34.35,5.5,18.35));
#6243 = VECTOR('',#6244,1.);
#6244 = DIRECTION('',(0.,0.,1.));
#6245 = PCURVE('',#5951,#6246);
#6246 = DEFINITIONAL_REPRESENTATION('',(#6247),#6251);
#6247 = LINE('',#6248,#6249);
#6248 = CARTESIAN_POINT('',(0.,0.));
#6249 = VECTOR('',#6250,1.);
#6250 = DIRECTION('',(1.,0.));
#6251 = ( GEOMETRIC_REPRESENTATION_CONTEXT(2) 
PARAMETRIC_REPRESENTATION_CONTEXT() REPRESENTATION_CONTEXT('2D SPACE',''
  ) );
#6252 = PCURVE('',#5978,#6253);
#6253 = DEFINITIONAL_REPRESENTATION('',(#6254),#6258);
#6254 = LINE('',#6255,#6256);
#6255 = CARTESIAN_POINT('',(0.,0.));
#6256 = VECTOR('',#6257,1.);
#6257 = DIRECTION('',(1.,0.));
#6258 = ( GEOMETRIC_REPRESENTATION_CONTEXT(2) 
PARAMETRIC_REPRESENTATION_CONTEXT() REPRESENTATION_CONTEXT('2D SPACE',''
  ) );
#6259 = ORIENTED_EDGE('',*,*,#5935,.T.);
#6260 = ORIENTED_EDGE('',*,*,#6159,.F.);
#6261 = ORIENTED_EDGE('',*,*,#6262,.F.);
#6262 = EDGE_CURVE('',#6263,#6117,#6265,.T.);
#6263 = VERTEX_POINT('',#6264);
#6264 = CARTESIAN_POINT('',(34.35,5.5,22.35));
#6265 = SURFACE_CURVE('',#6266,(#6270,#6276),.PCURVE_S1.);
#6266 = LINE('',#6267,#6268);
#6267 = CARTESIAN_POINT('',(29.975,5.5,22.35));
#6268 = VECTOR('',#6269,1.);
#6269 = DIRECTION('',(1.,0.,-0.));
#6270 = PCURVE('',#5951,#6271);
#6271 = DEFINITIONAL_REPRESENTATION('',(#6272),#6275);
#6272 = B_SPLINE_CURVE_WITH_KNOTS('',1,(#6273,#6274),.UNSPECIFIED.,.F.,
  .F.,(2,2),(4.375,4.425),.PIECEWISE_BEZIER_KNOTS.);
#6273 = CARTESIAN_POINT('',(4.,0.));
#6274 = CARTESIAN_POINT('',(4.,5.E-02));
#6275 = ( GEOMETRIC_REPRESENTATION_CONTEXT(2) 
PARAMETRIC_REPRESENTATION_CONTEXT() REPRESENTATION_CONTEXT('2D SPACE',''
  ) );
#6276 = PCURVE('',#5395,#6277);
#6277 = DEFINITIONAL_REPRESENTATION('',(#6278),#6282);
#6278 = LINE('',#6279,#6280);
#6279 = CARTESIAN_POINT('',(4.375,0.5));
#6280 = VECTOR('',#6281,1.);
#6281 = DIRECTION('',(1.,0.));
#6282 = ( GEOMETRIC_REPRESENTATION_CONTEXT(2) 
PARAMETRIC_REPRESENTATION_CONTEXT() REPRESENTATION_CONTEXT('2D SPACE',''
  ) );
#6283 = ORIENTED_EDGE('',*,*,#6284,.T.);
#6284 = EDGE_CURVE('',#6263,#6285,#6287,.T.);
#6285 = VERTEX_POINT('',#6286);
#6286 = CARTESIAN_POINT('',(34.35,5.5,24.35));
#6287 = SURFACE_CURVE('',#6288,(#6292,#6299),.PCURVE_S1.);
#6288 = LINE('',#6289,#6290);
#6289 = CARTESIAN_POINT('',(34.35,5.5,18.35));
#6290 = VECTOR('',#6291,1.);
#6291 = DIRECTION('',(0.,0.,1.));
#6292 = PCURVE('',#5951,#6293);
#6293 = DEFINITIONAL_REPRESENTATION('',(#6294),#6298);
#6294 = LINE('',#6295,#6296);
#6295 = CARTESIAN_POINT('',(0.,0.));
#6296 = VECTOR('',#6297,1.);
#6297 = DIRECTION('',(1.,0.));
#6298 = ( GEOMETRIC_REPRESENTATION_CONTEXT(2) 
PARAMETRIC_REPRESENTATION_CONTEXT() REPRESENTATION_CONTEXT('2D SPACE',''
  ) );
#6299 = PCURVE('',#5978,#6300);
#6300 = DEFINITIONAL_REPRESENTATION('',(#6301),#6305);
#6301 = LINE('',#6302,#6303);
#6302 = CARTESIAN_POINT('',(0.,0.));
#6303 = VECTOR('',#6304,1.);
#6304 = DIRECTION('',(1.,0.));
#6305 = ( GEOMETRIC_REPRESENTATION_CONTEXT(2) 
PARAMETRIC_REPRESENTATION_CONTEXT() REPRESENTATION_CONTEXT('2D SPACE',''
  ) );
#6306 = ORIENTED_EDGE('',*,*,#6307,.T.);
#6307 = EDGE_CURVE('',#6285,#6184,#6308,.T.);
#6308 = SURFACE_CURVE('',#6309,(#6313,#6320),.PCURVE_S1.);
#6309 = LINE('',#6310,#6311);
#6310 = CARTESIAN_POINT('',(34.35,5.5,24.35));
#6311 = VECTOR('',#6312,1.);
#6312 = DIRECTION('',(1.,0.,-0.));
#6313 = PCURVE('',#5951,#6314);
#6314 = DEFINITIONAL_REPRESENTATION('',(#6315),#6319);
#6315 = LINE('',#6316,#6317);
#6316 = CARTESIAN_POINT('',(6.,0.));
#6317 = VECTOR('',#6318,1.);
#6318 = DIRECTION('',(0.,1.));
#6319 = ( GEOMETRIC_REPRESENTATION_CONTEXT(2) 
PARAMETRIC_REPRESENTATION_CONTEXT() REPRESENTATION_CONTEXT('2D SPACE',''
  ) );
#6320 = PCURVE('',#6321,#6326);
#6321 = PLANE('',#6322);
#6322 = AXIS2_PLACEMENT_3D('',#6323,#6324,#6325);
#6323 = CARTESIAN_POINT('',(34.35,5.5,24.35));
#6324 = DIRECTION('',(0.,0.,1.));
#6325 = DIRECTION('',(1.,0.,-0.));
#6326 = DEFINITIONAL_REPRESENTATION('',(#6327),#6331);
#6327 = LINE('',#6328,#6329);
#6328 = CARTESIAN_POINT('',(0.,0.));
#6329 = VECTOR('',#6330,1.);
#6330 = DIRECTION('',(1.,0.));
#6331 = ( GEOMETRIC_REPRESENTATION_CONTEXT(2) 
PARAMETRIC_REPRESENTATION_CONTEXT() REPRESENTATION_CONTEXT('2D SPACE',''
  ) );
#6332 = FACE_BOUND('',#6333,.F.);
#6333 = EDGE_LOOP('',(#6334));
#6334 = ORIENTED_EDGE('',*,*,#6335,.T.);
#6335 = EDGE_CURVE('',#6336,#6336,#6338,.T.);
#6336 = VERTEX_POINT('',#6337);
#6337 = CARTESIAN_POINT('',(39.45,5.5,21.35));
#6338 = SURFACE_CURVE('',#6339,(#6344,#6355),.PCURVE_S1.);
#6339 = CIRCLE('',#6340,2.35);
#6340 = AXIS2_PLACEMENT_3D('',#6341,#6342,#6343);
#6341 = CARTESIAN_POINT('',(37.1,5.5,21.35));
#6342 = DIRECTION('',(0.,-1.,0.));
#6343 = DIRECTION('',(1.,0.,0.));
#6344 = PCURVE('',#5951,#6345);
#6345 = DEFINITIONAL_REPRESENTATION('',(#6346),#6354);
#6346 = ( BOUNDED_CURVE() B_SPLINE_CURVE(2,(#6347,#6348,#6349,#6350,
#6351,#6352,#6353),.UNSPECIFIED.,.T.,.F.) B_SPLINE_CURVE_WITH_KNOTS((1,2
    ,2,2,2,1),(-2.094395102393,0.,2.094395102393,4.188790204786,
6.28318530718,8.377580409573),.UNSPECIFIED.) CURVE() 
GEOMETRIC_REPRESENTATION_ITEM() RATIONAL_B_SPLINE_CURVE((1.,0.5,1.,0.5,
1.,0.5,1.)) REPRESENTATION_ITEM('') );
#6347 = CARTESIAN_POINT('',(3.,5.1));
#6348 = CARTESIAN_POINT('',(7.070319397787,5.1));
#6349 = CARTESIAN_POINT('',(5.035159698893,1.575));
#6350 = CARTESIAN_POINT('',(3.,-1.95));
#6351 = CARTESIAN_POINT('',(0.964840301107,1.575));
#6352 = CARTESIAN_POINT('',(-1.070319397787,5.1));
#6353 = CARTESIAN_POINT('',(3.,5.1));
#6354 = ( GEOMETRIC_REPRESENTATION_CONTEXT(2) 
PARAMETRIC_REPRESENTATION_CONTEXT() REPRESENTATION_CONTEXT('2D SPACE',''
  ) );
#6355 = PCURVE('',#6356,#6361);
#6356 = CYLINDRICAL_SURFACE('',#6357,2.35);
#6357 = AXIS2_PLACEMENT_3D('',#6358,#6359,#6360);
#6358 = CARTESIAN_POINT('',(37.1,10.1,21.35));
#6359 = DIRECTION('',(0.,-1.,0.));
#6360 = DIRECTION('',(1.,0.,0.));
#6361 = DEFINITIONAL_REPRESENTATION('',(#6362),#6366);
#6362 = LINE('',#6363,#6364);
#6363 = CARTESIAN_POINT('',(0.,4.6));
#6364 = VECTOR('',#6365,1.);
#6365 = DIRECTION('',(1.,0.));
#6366 = ( GEOMETRIC_REPRESENTATION_CONTEXT(2) 
PARAMETRIC_REPRESENTATION_CONTEXT() REPRESENTATION_CONTEXT('2D SPACE',''
  ) );
#6367 = ADVANCED_FACE('',(#6368),#6356,.F.);
#6368 = FACE_BOUND('',#6369,.F.);
#6369 = EDGE_LOOP('',(#6370,#6371,#6394,#6425));
#6370 = ORIENTED_EDGE('',*,*,#6335,.F.);
#6371 = ORIENTED_EDGE('',*,*,#6372,.F.);
#6372 = EDGE_CURVE('',#6373,#6336,#6375,.T.);
#6373 = VERTEX_POINT('',#6374);
#6374 = CARTESIAN_POINT('',(39.45,10.1,21.35));
#6375 = SEAM_CURVE('',#6376,(#6380,#6387),.PCURVE_S1.);
#6376 = LINE('',#6377,#6378);
#6377 = CARTESIAN_POINT('',(39.45,10.1,21.35));
#6378 = VECTOR('',#6379,1.);
#6379 = DIRECTION('',(0.,-1.,0.));
#6380 = PCURVE('',#6356,#6381);
#6381 = DEFINITIONAL_REPRESENTATION('',(#6382),#6386);
#6382 = LINE('',#6383,#6384);
#6383 = CARTESIAN_POINT('',(6.28318530718,-0.));
#6384 = VECTOR('',#6385,1.);
#6385 = DIRECTION('',(0.,1.));
#6386 = ( GEOMETRIC_REPRESENTATION_CONTEXT(2) 
PARAMETRIC_REPRESENTATION_CONTEXT() REPRESENTATION_CONTEXT('2D SPACE',''
  ) );
#6387 = PCURVE('',#6356,#6388);
#6388 = DEFINITIONAL_REPRESENTATION('',(#6389),#6393);
#6389 = LINE('',#6390,#6391);
#6390 = CARTESIAN_POINT('',(0.,-0.));
#6391 = VECTOR('',#6392,1.);
#6392 = DIRECTION('',(0.,1.));
#6393 = ( GEOMETRIC_REPRESENTATION_CONTEXT(2) 
PARAMETRIC_REPRESENTATION_CONTEXT() REPRESENTATION_CONTEXT('2D SPACE',''
  ) );
#6394 = ORIENTED_EDGE('',*,*,#6395,.T.);
#6395 = EDGE_CURVE('',#6373,#6373,#6396,.T.);
#6396 = SURFACE_CURVE('',#6397,(#6402,#6409),.PCURVE_S1.);
#6397 = CIRCLE('',#6398,2.35);
#6398 = AXIS2_PLACEMENT_3D('',#6399,#6400,#6401);
#6399 = CARTESIAN_POINT('',(37.1,10.1,21.35));
#6400 = DIRECTION('',(0.,-1.,0.));
#6401 = DIRECTION('',(1.,0.,0.));
#6402 = PCURVE('',#6356,#6403);
#6403 = DEFINITIONAL_REPRESENTATION('',(#6404),#6408);
#6404 = LINE('',#6405,#6406);
#6405 = CARTESIAN_POINT('',(0.,0.));
#6406 = VECTOR('',#6407,1.);
#6407 = DIRECTION('',(1.,0.));
#6408 = ( GEOMETRIC_REPRESENTATION_CONTEXT(2) 
PARAMETRIC_REPRESENTATION_CONTEXT() REPRESENTATION_CONTEXT('2D SPACE',''
  ) );
#6409 = PCURVE('',#6410,#6415);
#6410 = PLANE('',#6411);
#6411 = AXIS2_PLACEMENT_3D('',#6412,#6413,#6414);
#6412 = CARTESIAN_POINT('',(34.35,10.1,18.35));
#6413 = DIRECTION('',(-0.,1.,0.));
#6414 = DIRECTION('',(0.,0.,1.));
#6415 = DEFINITIONAL_REPRESENTATION('',(#6416),#6424);
#6416 = ( BOUNDED_CURVE() B_SPLINE_CURVE(2,(#6417,#6418,#6419,#6420,
#6421,#6422,#6423),.UNSPECIFIED.,.T.,.F.) B_SPLINE_CURVE_WITH_KNOTS((1,2
    ,2,2,2,1),(-2.094395102393,0.,2.094395102393,4.188790204786,
6.28318530718,8.377580409573),.UNSPECIFIED.) CURVE() 
GEOMETRIC_REPRESENTATION_ITEM() RATIONAL_B_SPLINE_CURVE((1.,0.5,1.,0.5,
1.,0.5,1.)) REPRESENTATION_ITEM('') );
#6417 = CARTESIAN_POINT('',(3.,5.1));
#6418 = CARTESIAN_POINT('',(7.070319397787,5.1));
#6419 = CARTESIAN_POINT('',(5.035159698893,1.575));
#6420 = CARTESIAN_POINT('',(3.,-1.95));
#6421 = CARTESIAN_POINT('',(0.964840301107,1.575));
#6422 = CARTESIAN_POINT('',(-1.070319397787,5.1));
#6423 = CARTESIAN_POINT('',(3.,5.1));
#6424 = ( GEOMETRIC_REPRESENTATION_CONTEXT(2) 
PARAMETRIC_REPRESENTATION_CONTEXT() REPRESENTATION_CONTEXT('2D SPACE',''
  ) );
#6425 = ORIENTED_EDGE('',*,*,#6372,.T.);
#6426 = ADVANCED_FACE('',(#6427,#6628),#6410,.T.);
#6427 = FACE_BOUND('',#6428,.T.);
#6428 = EDGE_LOOP('',(#6429,#6454,#6477,#6500,#6528,#6556,#6584,#6607));
#6429 = ORIENTED_EDGE('',*,*,#6430,.F.);
#6430 = EDGE_CURVE('',#6431,#6433,#6435,.T.);
#6431 = VERTEX_POINT('',#6432);
#6432 = CARTESIAN_POINT('',(39.85,10.1,18.35));
#6433 = VERTEX_POINT('',#6434);
#6434 = CARTESIAN_POINT('',(39.85,10.1,24.35));
#6435 = SURFACE_CURVE('',#6436,(#6440,#6447),.PCURVE_S1.);
#6436 = LINE('',#6437,#6438);
#6437 = CARTESIAN_POINT('',(39.85,10.1,18.35));
#6438 = VECTOR('',#6439,1.);
#6439 = DIRECTION('',(0.,0.,1.));
#6440 = PCURVE('',#6410,#6441);
#6441 = DEFINITIONAL_REPRESENTATION('',(#6442),#6446);
#6442 = LINE('',#6443,#6444);
#6443 = CARTESIAN_POINT('',(0.,5.5));
#6444 = VECTOR('',#6445,1.);
#6445 = DIRECTION('',(1.,0.));
#6446 = ( GEOMETRIC_REPRESENTATION_CONTEXT(2) 
PARAMETRIC_REPRESENTATION_CONTEXT() REPRESENTATION_CONTEXT('2D SPACE',''
  ) );
#6447 = PCURVE('',#6199,#6448);
#6448 = DEFINITIONAL_REPRESENTATION('',(#6449),#6453);
#6449 = LINE('',#6450,#6451);
#6450 = CARTESIAN_POINT('',(0.,-4.6));
#6451 = VECTOR('',#6452,1.);
#6452 = DIRECTION('',(1.,0.));
#6453 = ( GEOMETRIC_REPRESENTATION_CONTEXT(2) 
PARAMETRIC_REPRESENTATION_CONTEXT() REPRESENTATION_CONTEXT('2D SPACE',''
  ) );
#6454 = ORIENTED_EDGE('',*,*,#6455,.F.);
#6455 = EDGE_CURVE('',#6456,#6431,#6458,.T.);
#6456 = VERTEX_POINT('',#6457);
#6457 = CARTESIAN_POINT('',(34.35,10.1,18.35));
#6458 = SURFACE_CURVE('',#6459,(#6463,#6470),.PCURVE_S1.);
#6459 = LINE('',#6460,#6461);
#6460 = CARTESIAN_POINT('',(34.35,10.1,18.35));
#6461 = VECTOR('',#6462,1.);
#6462 = DIRECTION('',(1.,0.,-0.));
#6463 = PCURVE('',#6410,#6464);
#6464 = DEFINITIONAL_REPRESENTATION('',(#6465),#6469);
#6465 = LINE('',#6466,#6467);
#6466 = CARTESIAN_POINT('',(0.,0.));
#6467 = VECTOR('',#6468,1.);
#6468 = DIRECTION('',(0.,1.));
#6469 = ( GEOMETRIC_REPRESENTATION_CONTEXT(2) 
PARAMETRIC_REPRESENTATION_CONTEXT() REPRESENTATION_CONTEXT('2D SPACE',''
  ) );
#6470 = PCURVE('',#6227,#6471);
#6471 = DEFINITIONAL_REPRESENTATION('',(#6472),#6476);
#6472 = LINE('',#6473,#6474);
#6473 = CARTESIAN_POINT('',(0.,4.6));
#6474 = VECTOR('',#6475,1.);
#6475 = DIRECTION('',(1.,0.));
#6476 = ( GEOMETRIC_REPRESENTATION_CONTEXT(2) 
PARAMETRIC_REPRESENTATION_CONTEXT() REPRESENTATION_CONTEXT('2D SPACE',''
  ) );
#6477 = ORIENTED_EDGE('',*,*,#6478,.T.);
#6478 = EDGE_CURVE('',#6456,#6479,#6481,.T.);
#6479 = VERTEX_POINT('',#6480);
#6480 = CARTESIAN_POINT('',(34.35,10.1,22.95));
#6481 = SURFACE_CURVE('',#6482,(#6486,#6493),.PCURVE_S1.);
#6482 = LINE('',#6483,#6484);
#6483 = CARTESIAN_POINT('',(34.35,10.1,18.35));
#6484 = VECTOR('',#6485,1.);
#6485 = DIRECTION('',(0.,0.,1.));
#6486 = PCURVE('',#6410,#6487);
#6487 = DEFINITIONAL_REPRESENTATION('',(#6488),#6492);
#6488 = LINE('',#6489,#6490);
#6489 = CARTESIAN_POINT('',(0.,0.));
#6490 = VECTOR('',#6491,1.);
#6491 = DIRECTION('',(1.,0.));
#6492 = ( GEOMETRIC_REPRESENTATION_CONTEXT(2) 
PARAMETRIC_REPRESENTATION_CONTEXT() REPRESENTATION_CONTEXT('2D SPACE',''
  ) );
#6493 = PCURVE('',#5978,#6494);
#6494 = DEFINITIONAL_REPRESENTATION('',(#6495),#6499);
#6495 = LINE('',#6496,#6497);
#6496 = CARTESIAN_POINT('',(0.,-4.6));
#6497 = VECTOR('',#6498,1.);
#6498 = DIRECTION('',(1.,0.));
#6499 = ( GEOMETRIC_REPRESENTATION_CONTEXT(2) 
PARAMETRIC_REPRESENTATION_CONTEXT() REPRESENTATION_CONTEXT('2D SPACE',''
  ) );
#6500 = ORIENTED_EDGE('',*,*,#6501,.T.);
#6501 = EDGE_CURVE('',#6479,#6502,#6504,.T.);
#6502 = VERTEX_POINT('',#6503);
#6503 = CARTESIAN_POINT('',(35.3,10.1,22.95));
#6504 = SURFACE_CURVE('',#6505,(#6509,#6516),.PCURVE_S1.);
#6505 = LINE('',#6506,#6507);
#6506 = CARTESIAN_POINT('',(34.1,10.1,22.95));
#6507 = VECTOR('',#6508,1.);
#6508 = DIRECTION('',(1.,0.,-0.));
#6509 = PCURVE('',#6410,#6510);
#6510 = DEFINITIONAL_REPRESENTATION('',(#6511),#6515);
#6511 = LINE('',#6512,#6513);
#6512 = CARTESIAN_POINT('',(4.6,-0.25));
#6513 = VECTOR('',#6514,1.);
#6514 = DIRECTION('',(0.,1.));
#6515 = ( GEOMETRIC_REPRESENTATION_CONTEXT(2) 
PARAMETRIC_REPRESENTATION_CONTEXT() REPRESENTATION_CONTEXT('2D SPACE',''
  ) );
#6516 = PCURVE('',#6517,#6522);
#6517 = PLANE('',#6518);
#6518 = AXIS2_PLACEMENT_3D('',#6519,#6520,#6521);
#6519 = CARTESIAN_POINT('',(34.1,10.1,22.95));
#6520 = DIRECTION('',(0.,0.,1.));
#6521 = DIRECTION('',(1.,0.,-0.));
#6522 = DEFINITIONAL_REPRESENTATION('',(#6523),#6527);
#6523 = LINE('',#6524,#6525);
#6524 = CARTESIAN_POINT('',(0.,0.));
#6525 = VECTOR('',#6526,1.);
#6526 = DIRECTION('',(1.,0.));
#6527 = ( GEOMETRIC_REPRESENTATION_CONTEXT(2) 
PARAMETRIC_REPRESENTATION_CONTEXT() REPRESENTATION_CONTEXT('2D SPACE',''
  ) );
#6528 = ORIENTED_EDGE('',*,*,#6529,.T.);
#6529 = EDGE_CURVE('',#6502,#6530,#6532,.T.);
#6530 = VERTEX_POINT('',#6531);
#6531 = CARTESIAN_POINT('',(35.3,10.1,24.15));
#6532 = SURFACE_CURVE('',#6533,(#6537,#6544),.PCURVE_S1.);
#6533 = LINE('',#6534,#6535);
#6534 = CARTESIAN_POINT('',(35.3,10.1,22.95));
#6535 = VECTOR('',#6536,1.);
#6536 = DIRECTION('',(0.,0.,1.));
#6537 = PCURVE('',#6410,#6538);
#6538 = DEFINITIONAL_REPRESENTATION('',(#6539),#6543);
#6539 = LINE('',#6540,#6541);
#6540 = CARTESIAN_POINT('',(4.6,0.95));
#6541 = VECTOR('',#6542,1.);
#6542 = DIRECTION('',(1.,0.));
#6543 = ( GEOMETRIC_REPRESENTATION_CONTEXT(2) 
PARAMETRIC_REPRESENTATION_CONTEXT() REPRESENTATION_CONTEXT('2D SPACE',''
  ) );
#6544 = PCURVE('',#6545,#6550);
#6545 = PLANE('',#6546);
#6546 = AXIS2_PLACEMENT_3D('',#6547,#6548,#6549);
#6547 = CARTESIAN_POINT('',(35.3,10.1,22.95));
#6548 = DIRECTION('',(1.,0.,-0.));
#6549 = DIRECTION('',(0.,0.,1.));
#6550 = DEFINITIONAL_REPRESENTATION('',(#6551),#6555);
#6551 = LINE('',#6552,#6553);
#6552 = CARTESIAN_POINT('',(0.,0.));
#6553 = VECTOR('',#6554,1.);
#6554 = DIRECTION('',(1.,0.));
#6555 = ( GEOMETRIC_REPRESENTATION_CONTEXT(2) 
PARAMETRIC_REPRESENTATION_CONTEXT() REPRESENTATION_CONTEXT('2D SPACE',''
  ) );
#6556 = ORIENTED_EDGE('',*,*,#6557,.F.);
#6557 = EDGE_CURVE('',#6558,#6530,#6560,.T.);
#6558 = VERTEX_POINT('',#6559);
#6559 = CARTESIAN_POINT('',(34.35,10.1,24.15));
#6560 = SURFACE_CURVE('',#6561,(#6565,#6572),.PCURVE_S1.);
#6561 = LINE('',#6562,#6563);
#6562 = CARTESIAN_POINT('',(34.1,10.1,24.15));
#6563 = VECTOR('',#6564,1.);
#6564 = DIRECTION('',(1.,0.,-0.));
#6565 = PCURVE('',#6410,#6566);
#6566 = DEFINITIONAL_REPRESENTATION('',(#6567),#6571);
#6567 = LINE('',#6568,#6569);
#6568 = CARTESIAN_POINT('',(5.8,-0.25));
#6569 = VECTOR('',#6570,1.);
#6570 = DIRECTION('',(0.,1.));
#6571 = ( GEOMETRIC_REPRESENTATION_CONTEXT(2) 
PARAMETRIC_REPRESENTATION_CONTEXT() REPRESENTATION_CONTEXT('2D SPACE',''
  ) );
#6572 = PCURVE('',#6573,#6578);
#6573 = PLANE('',#6574);
#6574 = AXIS2_PLACEMENT_3D('',#6575,#6576,#6577);
#6575 = CARTESIAN_POINT('',(34.1,10.1,24.15));
#6576 = DIRECTION('',(0.,0.,1.));
#6577 = DIRECTION('',(1.,0.,-0.));
#6578 = DEFINITIONAL_REPRESENTATION('',(#6579),#6583);
#6579 = LINE('',#6580,#6581);
#6580 = CARTESIAN_POINT('',(0.,0.));
#6581 = VECTOR('',#6582,1.);
#6582 = DIRECTION('',(1.,0.));
#6583 = ( GEOMETRIC_REPRESENTATION_CONTEXT(2) 
PARAMETRIC_REPRESENTATION_CONTEXT() REPRESENTATION_CONTEXT('2D SPACE',''
  ) );
#6584 = ORIENTED_EDGE('',*,*,#6585,.T.);
#6585 = EDGE_CURVE('',#6558,#6586,#6588,.T.);
#6586 = VERTEX_POINT('',#6587);
#6587 = CARTESIAN_POINT('',(34.35,10.1,24.35));
#6588 = SURFACE_CURVE('',#6589,(#6593,#6600),.PCURVE_S1.);
#6589 = LINE('',#6590,#6591);
#6590 = CARTESIAN_POINT('',(34.35,10.1,18.35));
#6591 = VECTOR('',#6592,1.);
#6592 = DIRECTION('',(0.,0.,1.));
#6593 = PCURVE('',#6410,#6594);
#6594 = DEFINITIONAL_REPRESENTATION('',(#6595),#6599);
#6595 = LINE('',#6596,#6597);
#6596 = CARTESIAN_POINT('',(0.,0.));
#6597 = VECTOR('',#6598,1.);
#6598 = DIRECTION('',(1.,0.));
#6599 = ( GEOMETRIC_REPRESENTATION_CONTEXT(2) 
PARAMETRIC_REPRESENTATION_CONTEXT() REPRESENTATION_CONTEXT('2D SPACE',''
  ) );
#6600 = PCURVE('',#5978,#6601);
#6601 = DEFINITIONAL_REPRESENTATION('',(#6602),#6606);
#6602 = LINE('',#6603,#6604);
#6603 = CARTESIAN_POINT('',(0.,-4.6));
#6604 = VECTOR('',#6605,1.);
#6605 = DIRECTION('',(1.,0.));
#6606 = ( GEOMETRIC_REPRESENTATION_CONTEXT(2) 
PARAMETRIC_REPRESENTATION_CONTEXT() REPRESENTATION_CONTEXT('2D SPACE',''
  ) );
#6607 = ORIENTED_EDGE('',*,*,#6608,.T.);
#6608 = EDGE_CURVE('',#6586,#6433,#6609,.T.);
#6609 = SURFACE_CURVE('',#6610,(#6614,#6621),.PCURVE_S1.);
#6610 = LINE('',#6611,#6612);
#6611 = CARTESIAN_POINT('',(34.35,10.1,24.35));
#6612 = VECTOR('',#6613,1.);
#6613 = DIRECTION('',(1.,0.,-0.));
#6614 = PCURVE('',#6410,#6615);
#6615 = DEFINITIONAL_REPRESENTATION('',(#6616),#6620);
#6616 = LINE('',#6617,#6618);
#6617 = CARTESIAN_POINT('',(6.,0.));
#6618 = VECTOR('',#6619,1.);
#6619 = DIRECTION('',(0.,1.));
#6620 = ( GEOMETRIC_REPRESENTATION_CONTEXT(2) 
PARAMETRIC_REPRESENTATION_CONTEXT() REPRESENTATION_CONTEXT('2D SPACE',''
  ) );
#6621 = PCURVE('',#6321,#6622);
#6622 = DEFINITIONAL_REPRESENTATION('',(#6623),#6627);
#6623 = LINE('',#6624,#6625);
#6624 = CARTESIAN_POINT('',(0.,4.6));
#6625 = VECTOR('',#6626,1.);
#6626 = DIRECTION('',(1.,0.));
#6627 = ( GEOMETRIC_REPRESENTATION_CONTEXT(2) 
PARAMETRIC_REPRESENTATION_CONTEXT() REPRESENTATION_CONTEXT('2D SPACE',''
  ) );
#6628 = FACE_BOUND('',#6629,.T.);
#6629 = EDGE_LOOP('',(#6630));
#6630 = ORIENTED_EDGE('',*,*,#6395,.T.);
#6631 = ADVANCED_FACE('',(#6632),#6545,.T.);
#6632 = FACE_BOUND('',#6633,.T.);
#6633 = EDGE_LOOP('',(#6634,#6635,#6658,#6686));
#6634 = ORIENTED_EDGE('',*,*,#6529,.F.);
#6635 = ORIENTED_EDGE('',*,*,#6636,.T.);
#6636 = EDGE_CURVE('',#6502,#6637,#6639,.T.);
#6637 = VERTEX_POINT('',#6638);
#6638 = CARTESIAN_POINT('',(35.3,10.9,22.95));
#6639 = SURFACE_CURVE('',#6640,(#6644,#6651),.PCURVE_S1.);
#6640 = LINE('',#6641,#6642);
#6641 = CARTESIAN_POINT('',(35.3,10.1,22.95));
#6642 = VECTOR('',#6643,1.);
#6643 = DIRECTION('',(-0.,1.,0.));
#6644 = PCURVE('',#6545,#6645);
#6645 = DEFINITIONAL_REPRESENTATION('',(#6646),#6650);
#6646 = LINE('',#6647,#6648);
#6647 = CARTESIAN_POINT('',(0.,0.));
#6648 = VECTOR('',#6649,1.);
#6649 = DIRECTION('',(0.,-1.));
#6650 = ( GEOMETRIC_REPRESENTATION_CONTEXT(2) 
PARAMETRIC_REPRESENTATION_CONTEXT() REPRESENTATION_CONTEXT('2D SPACE',''
  ) );
#6651 = PCURVE('',#6517,#6652);
#6652 = DEFINITIONAL_REPRESENTATION('',(#6653),#6657);
#6653 = LINE('',#6654,#6655);
#6654 = CARTESIAN_POINT('',(1.2,0.));
#6655 = VECTOR('',#6656,1.);
#6656 = DIRECTION('',(0.,1.));
#6657 = ( GEOMETRIC_REPRESENTATION_CONTEXT(2) 
PARAMETRIC_REPRESENTATION_CONTEXT() REPRESENTATION_CONTEXT('2D SPACE',''
  ) );
#6658 = ORIENTED_EDGE('',*,*,#6659,.T.);
#6659 = EDGE_CURVE('',#6637,#6660,#6662,.T.);
#6660 = VERTEX_POINT('',#6661);
#6661 = CARTESIAN_POINT('',(35.3,10.9,24.15));
#6662 = SURFACE_CURVE('',#6663,(#6667,#6674),.PCURVE_S1.);
#6663 = LINE('',#6664,#6665);
#6664 = CARTESIAN_POINT('',(35.3,10.9,22.95));
#6665 = VECTOR('',#6666,1.);
#6666 = DIRECTION('',(0.,0.,1.));
#6667 = PCURVE('',#6545,#6668);
#6668 = DEFINITIONAL_REPRESENTATION('',(#6669),#6673);
#6669 = LINE('',#6670,#6671);
#6670 = CARTESIAN_POINT('',(0.,-0.8));
#6671 = VECTOR('',#6672,1.);
#6672 = DIRECTION('',(1.,0.));
#6673 = ( GEOMETRIC_REPRESENTATION_CONTEXT(2) 
PARAMETRIC_REPRESENTATION_CONTEXT() REPRESENTATION_CONTEXT('2D SPACE',''
  ) );
#6674 = PCURVE('',#6675,#6680);
#6675 = PLANE('',#6676);
#6676 = AXIS2_PLACEMENT_3D('',#6677,#6678,#6679);
#6677 = CARTESIAN_POINT('',(34.1,10.9,22.95));
#6678 = DIRECTION('',(-0.,1.,0.));
#6679 = DIRECTION('',(0.,0.,1.));
#6680 = DEFINITIONAL_REPRESENTATION('',(#6681),#6685);
#6681 = LINE('',#6682,#6683);
#6682 = CARTESIAN_POINT('',(0.,1.2));
#6683 = VECTOR('',#6684,1.);
#6684 = DIRECTION('',(1.,0.));
#6685 = ( GEOMETRIC_REPRESENTATION_CONTEXT(2) 
PARAMETRIC_REPRESENTATION_CONTEXT() REPRESENTATION_CONTEXT('2D SPACE',''
  ) );
#6686 = ORIENTED_EDGE('',*,*,#6687,.F.);
#6687 = EDGE_CURVE('',#6530,#6660,#6688,.T.);
#6688 = SURFACE_CURVE('',#6689,(#6693,#6700),.PCURVE_S1.);
#6689 = LINE('',#6690,#6691);
#6690 = CARTESIAN_POINT('',(35.3,10.1,24.15));
#6691 = VECTOR('',#6692,1.);
#6692 = DIRECTION('',(-0.,1.,0.));
#6693 = PCURVE('',#6545,#6694);
#6694 = DEFINITIONAL_REPRESENTATION('',(#6695),#6699);
#6695 = LINE('',#6696,#6697);
#6696 = CARTESIAN_POINT('',(1.2,0.));
#6697 = VECTOR('',#6698,1.);
#6698 = DIRECTION('',(0.,-1.));
#6699 = ( GEOMETRIC_REPRESENTATION_CONTEXT(2) 
PARAMETRIC_REPRESENTATION_CONTEXT() REPRESENTATION_CONTEXT('2D SPACE',''
  ) );
#6700 = PCURVE('',#6573,#6701);
#6701 = DEFINITIONAL_REPRESENTATION('',(#6702),#6706);
#6702 = LINE('',#6703,#6704);
#6703 = CARTESIAN_POINT('',(1.2,0.));
#6704 = VECTOR('',#6705,1.);
#6705 = DIRECTION('',(0.,1.));
#6706 = ( GEOMETRIC_REPRESENTATION_CONTEXT(2) 
PARAMETRIC_REPRESENTATION_CONTEXT() REPRESENTATION_CONTEXT('2D SPACE',''
  ) );
#6707 = ADVANCED_FACE('',(#6708),#6675,.T.);
#6708 = FACE_BOUND('',#6709,.T.);
#6709 = EDGE_LOOP('',(#6710,#6733,#6761,#6782));
#6710 = ORIENTED_EDGE('',*,*,#6711,.F.);
#6711 = EDGE_CURVE('',#6712,#6637,#6714,.T.);
#6712 = VERTEX_POINT('',#6713);
#6713 = CARTESIAN_POINT('',(34.1,10.9,22.95));
#6714 = SURFACE_CURVE('',#6715,(#6719,#6726),.PCURVE_S1.);
#6715 = LINE('',#6716,#6717);
#6716 = CARTESIAN_POINT('',(34.1,10.9,22.95));
#6717 = VECTOR('',#6718,1.);
#6718 = DIRECTION('',(1.,0.,-0.));
#6719 = PCURVE('',#6675,#6720);
#6720 = DEFINITIONAL_REPRESENTATION('',(#6721),#6725);
#6721 = LINE('',#6722,#6723);
#6722 = CARTESIAN_POINT('',(0.,0.));
#6723 = VECTOR('',#6724,1.);
#6724 = DIRECTION('',(0.,1.));
#6725 = ( GEOMETRIC_REPRESENTATION_CONTEXT(2) 
PARAMETRIC_REPRESENTATION_CONTEXT() REPRESENTATION_CONTEXT('2D SPACE',''
  ) );
#6726 = PCURVE('',#6517,#6727);
#6727 = DEFINITIONAL_REPRESENTATION('',(#6728),#6732);
#6728 = LINE('',#6729,#6730);
#6729 = CARTESIAN_POINT('',(0.,0.8));
#6730 = VECTOR('',#6731,1.);
#6731 = DIRECTION('',(1.,0.));
#6732 = ( GEOMETRIC_REPRESENTATION_CONTEXT(2) 
PARAMETRIC_REPRESENTATION_CONTEXT() REPRESENTATION_CONTEXT('2D SPACE',''
  ) );
#6733 = ORIENTED_EDGE('',*,*,#6734,.T.);
#6734 = EDGE_CURVE('',#6712,#6735,#6737,.T.);
#6735 = VERTEX_POINT('',#6736);
#6736 = CARTESIAN_POINT('',(34.1,10.9,24.15));
#6737 = SURFACE_CURVE('',#6738,(#6742,#6749),.PCURVE_S1.);
#6738 = LINE('',#6739,#6740);
#6739 = CARTESIAN_POINT('',(34.1,10.9,22.95));
#6740 = VECTOR('',#6741,1.);
#6741 = DIRECTION('',(0.,0.,1.));
#6742 = PCURVE('',#6675,#6743);
#6743 = DEFINITIONAL_REPRESENTATION('',(#6744),#6748);
#6744 = LINE('',#6745,#6746);
#6745 = CARTESIAN_POINT('',(0.,0.));
#6746 = VECTOR('',#6747,1.);
#6747 = DIRECTION('',(1.,0.));
#6748 = ( GEOMETRIC_REPRESENTATION_CONTEXT(2) 
PARAMETRIC_REPRESENTATION_CONTEXT() REPRESENTATION_CONTEXT('2D SPACE',''
  ) );
#6749 = PCURVE('',#6750,#6755);
#6750 = PLANE('',#6751);
#6751 = AXIS2_PLACEMENT_3D('',#6752,#6753,#6754);
#6752 = CARTESIAN_POINT('',(34.1,10.1,22.95));
#6753 = DIRECTION('',(1.,0.,-0.));
#6754 = DIRECTION('',(0.,0.,1.));
#6755 = DEFINITIONAL_REPRESENTATION('',(#6756),#6760);
#6756 = LINE('',#6757,#6758);
#6757 = CARTESIAN_POINT('',(0.,-0.8));
#6758 = VECTOR('',#6759,1.);
#6759 = DIRECTION('',(1.,0.));
#6760 = ( GEOMETRIC_REPRESENTATION_CONTEXT(2) 
PARAMETRIC_REPRESENTATION_CONTEXT() REPRESENTATION_CONTEXT('2D SPACE',''
  ) );
#6761 = ORIENTED_EDGE('',*,*,#6762,.T.);
#6762 = EDGE_CURVE('',#6735,#6660,#6763,.T.);
#6763 = SURFACE_CURVE('',#6764,(#6768,#6775),.PCURVE_S1.);
#6764 = LINE('',#6765,#6766);
#6765 = CARTESIAN_POINT('',(34.1,10.9,24.15));
#6766 = VECTOR('',#6767,1.);
#6767 = DIRECTION('',(1.,0.,-0.));
#6768 = PCURVE('',#6675,#6769);
#6769 = DEFINITIONAL_REPRESENTATION('',(#6770),#6774);
#6770 = LINE('',#6771,#6772);
#6771 = CARTESIAN_POINT('',(1.2,0.));
#6772 = VECTOR('',#6773,1.);
#6773 = DIRECTION('',(0.,1.));
#6774 = ( GEOMETRIC_REPRESENTATION_CONTEXT(2) 
PARAMETRIC_REPRESENTATION_CONTEXT() REPRESENTATION_CONTEXT('2D SPACE',''
  ) );
#6775 = PCURVE('',#6573,#6776);
#6776 = DEFINITIONAL_REPRESENTATION('',(#6777),#6781);
#6777 = LINE('',#6778,#6779);
#6778 = CARTESIAN_POINT('',(0.,0.8));
#6779 = VECTOR('',#6780,1.);
#6780 = DIRECTION('',(1.,0.));
#6781 = ( GEOMETRIC_REPRESENTATION_CONTEXT(2) 
PARAMETRIC_REPRESENTATION_CONTEXT() REPRESENTATION_CONTEXT('2D SPACE',''
  ) );
#6782 = ORIENTED_EDGE('',*,*,#6659,.F.);
#6783 = ADVANCED_FACE('',(#6784),#6750,.F.);
#6784 = FACE_BOUND('',#6785,.F.);
#6785 = EDGE_LOOP('',(#6786,#6816,#6837,#6838));
#6786 = ORIENTED_EDGE('',*,*,#6787,.F.);
#6787 = EDGE_CURVE('',#6788,#6790,#6792,.T.);
#6788 = VERTEX_POINT('',#6789);
#6789 = CARTESIAN_POINT('',(34.1,10.1,22.95));
#6790 = VERTEX_POINT('',#6791);
#6791 = CARTESIAN_POINT('',(34.1,10.1,24.15));
#6792 = SURFACE_CURVE('',#6793,(#6797,#6804),.PCURVE_S1.);
#6793 = LINE('',#6794,#6795);
#6794 = CARTESIAN_POINT('',(34.1,10.1,22.95));
#6795 = VECTOR('',#6796,1.);
#6796 = DIRECTION('',(0.,0.,1.));
#6797 = PCURVE('',#6750,#6798);
#6798 = DEFINITIONAL_REPRESENTATION('',(#6799),#6803);
#6799 = LINE('',#6800,#6801);
#6800 = CARTESIAN_POINT('',(0.,0.));
#6801 = VECTOR('',#6802,1.);
#6802 = DIRECTION('',(1.,0.));
#6803 = ( GEOMETRIC_REPRESENTATION_CONTEXT(2) 
PARAMETRIC_REPRESENTATION_CONTEXT() REPRESENTATION_CONTEXT('2D SPACE',''
  ) );
#6804 = PCURVE('',#6805,#6810);
#6805 = PLANE('',#6806);
#6806 = AXIS2_PLACEMENT_3D('',#6807,#6808,#6809);
#6807 = CARTESIAN_POINT('',(34.1,10.1,22.95));
#6808 = DIRECTION('',(-0.,1.,0.));
#6809 = DIRECTION('',(0.,0.,1.));
#6810 = DEFINITIONAL_REPRESENTATION('',(#6811),#6815);
#6811 = LINE('',#6812,#6813);
#6812 = CARTESIAN_POINT('',(0.,0.));
#6813 = VECTOR('',#6814,1.);
#6814 = DIRECTION('',(1.,0.));
#6815 = ( GEOMETRIC_REPRESENTATION_CONTEXT(2) 
PARAMETRIC_REPRESENTATION_CONTEXT() REPRESENTATION_CONTEXT('2D SPACE',''
  ) );
#6816 = ORIENTED_EDGE('',*,*,#6817,.T.);
#6817 = EDGE_CURVE('',#6788,#6712,#6818,.T.);
#6818 = SURFACE_CURVE('',#6819,(#6823,#6830),.PCURVE_S1.);
#6819 = LINE('',#6820,#6821);
#6820 = CARTESIAN_POINT('',(34.1,10.1,22.95));
#6821 = VECTOR('',#6822,1.);
#6822 = DIRECTION('',(-0.,1.,0.));
#6823 = PCURVE('',#6750,#6824);
#6824 = DEFINITIONAL_REPRESENTATION('',(#6825),#6829);
#6825 = LINE('',#6826,#6827);
#6826 = CARTESIAN_POINT('',(0.,0.));
#6827 = VECTOR('',#6828,1.);
#6828 = DIRECTION('',(0.,-1.));
#6829 = ( GEOMETRIC_REPRESENTATION_CONTEXT(2) 
PARAMETRIC_REPRESENTATION_CONTEXT() REPRESENTATION_CONTEXT('2D SPACE',''
  ) );
#6830 = PCURVE('',#6517,#6831);
#6831 = DEFINITIONAL_REPRESENTATION('',(#6832),#6836);
#6832 = LINE('',#6833,#6834);
#6833 = CARTESIAN_POINT('',(0.,0.));
#6834 = VECTOR('',#6835,1.);
#6835 = DIRECTION('',(0.,1.));
#6836 = ( GEOMETRIC_REPRESENTATION_CONTEXT(2) 
PARAMETRIC_REPRESENTATION_CONTEXT() REPRESENTATION_CONTEXT('2D SPACE',''
  ) );
#6837 = ORIENTED_EDGE('',*,*,#6734,.T.);
#6838 = ORIENTED_EDGE('',*,*,#6839,.F.);
#6839 = EDGE_CURVE('',#6790,#6735,#6840,.T.);
#6840 = SURFACE_CURVE('',#6841,(#6845,#6852),.PCURVE_S1.);
#6841 = LINE('',#6842,#6843);
#6842 = CARTESIAN_POINT('',(34.1,10.1,24.15));
#6843 = VECTOR('',#6844,1.);
#6844 = DIRECTION('',(-0.,1.,0.));
#6845 = PCURVE('',#6750,#6846);
#6846 = DEFINITIONAL_REPRESENTATION('',(#6847),#6851);
#6847 = LINE('',#6848,#6849);
#6848 = CARTESIAN_POINT('',(1.2,0.));
#6849 = VECTOR('',#6850,1.);
#6850 = DIRECTION('',(0.,-1.));
#6851 = ( GEOMETRIC_REPRESENTATION_CONTEXT(2) 
PARAMETRIC_REPRESENTATION_CONTEXT() REPRESENTATION_CONTEXT('2D SPACE',''
  ) );
#6852 = PCURVE('',#6573,#6853);
#6853 = DEFINITIONAL_REPRESENTATION('',(#6854),#6858);
#6854 = LINE('',#6855,#6856);
#6855 = CARTESIAN_POINT('',(0.,0.));
#6856 = VECTOR('',#6857,1.);
#6857 = DIRECTION('',(0.,1.));
#6858 = ( GEOMETRIC_REPRESENTATION_CONTEXT(2) 
PARAMETRIC_REPRESENTATION_CONTEXT() REPRESENTATION_CONTEXT('2D SPACE',''
  ) );
#6859 = ADVANCED_FACE('',(#6860),#6805,.F.);
#6860 = FACE_BOUND('',#6861,.F.);
#6861 = EDGE_LOOP('',(#6862,#6883,#6884,#6905));
#6862 = ORIENTED_EDGE('',*,*,#6863,.F.);
#6863 = EDGE_CURVE('',#6788,#6479,#6864,.T.);
#6864 = SURFACE_CURVE('',#6865,(#6869,#6876),.PCURVE_S1.);
#6865 = LINE('',#6866,#6867);
#6866 = CARTESIAN_POINT('',(34.1,10.1,22.95));
#6867 = VECTOR('',#6868,1.);
#6868 = DIRECTION('',(1.,0.,-0.));
#6869 = PCURVE('',#6805,#6870);
#6870 = DEFINITIONAL_REPRESENTATION('',(#6871),#6875);
#6871 = LINE('',#6872,#6873);
#6872 = CARTESIAN_POINT('',(0.,0.));
#6873 = VECTOR('',#6874,1.);
#6874 = DIRECTION('',(0.,1.));
#6875 = ( GEOMETRIC_REPRESENTATION_CONTEXT(2) 
PARAMETRIC_REPRESENTATION_CONTEXT() REPRESENTATION_CONTEXT('2D SPACE',''
  ) );
#6876 = PCURVE('',#6517,#6877);
#6877 = DEFINITIONAL_REPRESENTATION('',(#6878),#6882);
#6878 = LINE('',#6879,#6880);
#6879 = CARTESIAN_POINT('',(0.,0.));
#6880 = VECTOR('',#6881,1.);
#6881 = DIRECTION('',(1.,0.));
#6882 = ( GEOMETRIC_REPRESENTATION_CONTEXT(2) 
PARAMETRIC_REPRESENTATION_CONTEXT() REPRESENTATION_CONTEXT('2D SPACE',''
  ) );
#6883 = ORIENTED_EDGE('',*,*,#6787,.T.);
#6884 = ORIENTED_EDGE('',*,*,#6885,.T.);
#6885 = EDGE_CURVE('',#6790,#6558,#6886,.T.);
#6886 = SURFACE_CURVE('',#6887,(#6891,#6898),.PCURVE_S1.);
#6887 = LINE('',#6888,#6889);
#6888 = CARTESIAN_POINT('',(34.1,10.1,24.15));
#6889 = VECTOR('',#6890,1.);
#6890 = DIRECTION('',(1.,0.,-0.));
#6891 = PCURVE('',#6805,#6892);
#6892 = DEFINITIONAL_REPRESENTATION('',(#6893),#6897);
#6893 = LINE('',#6894,#6895);
#6894 = CARTESIAN_POINT('',(1.2,0.));
#6895 = VECTOR('',#6896,1.);
#6896 = DIRECTION('',(0.,1.));
#6897 = ( GEOMETRIC_REPRESENTATION_CONTEXT(2) 
PARAMETRIC_REPRESENTATION_CONTEXT() REPRESENTATION_CONTEXT('2D SPACE',''
  ) );
#6898 = PCURVE('',#6573,#6899);
#6899 = DEFINITIONAL_REPRESENTATION('',(#6900),#6904);
#6900 = LINE('',#6901,#6902);
#6901 = CARTESIAN_POINT('',(0.,0.));
#6902 = VECTOR('',#6903,1.);
#6903 = DIRECTION('',(1.,0.));
#6904 = ( GEOMETRIC_REPRESENTATION_CONTEXT(2) 
PARAMETRIC_REPRESENTATION_CONTEXT() REPRESENTATION_CONTEXT('2D SPACE',''
  ) );
#6905 = ORIENTED_EDGE('',*,*,#6906,.F.);
#6906 = EDGE_CURVE('',#6479,#6558,#6907,.T.);
#6907 = SURFACE_CURVE('',#6908,(#6912,#6919),.PCURVE_S1.);
#6908 = LINE('',#6909,#6910);
#6909 = CARTESIAN_POINT('',(34.35,10.1,18.35));
#6910 = VECTOR('',#6911,1.);
#6911 = DIRECTION('',(0.,0.,1.));
#6912 = PCURVE('',#6805,#6913);
#6913 = DEFINITIONAL_REPRESENTATION('',(#6914),#6918);
#6914 = LINE('',#6915,#6916);
#6915 = CARTESIAN_POINT('',(-4.6,0.25));
#6916 = VECTOR('',#6917,1.);
#6917 = DIRECTION('',(1.,0.));
#6918 = ( GEOMETRIC_REPRESENTATION_CONTEXT(2) 
PARAMETRIC_REPRESENTATION_CONTEXT() REPRESENTATION_CONTEXT('2D SPACE',''
  ) );
#6919 = PCURVE('',#5978,#6920);
#6920 = DEFINITIONAL_REPRESENTATION('',(#6921),#6925);
#6921 = LINE('',#6922,#6923);
#6922 = CARTESIAN_POINT('',(0.,-4.6));
#6923 = VECTOR('',#6924,1.);
#6924 = DIRECTION('',(1.,0.));
#6925 = ( GEOMETRIC_REPRESENTATION_CONTEXT(2) 
PARAMETRIC_REPRESENTATION_CONTEXT() REPRESENTATION_CONTEXT('2D SPACE',''
  ) );
#6926 = ADVANCED_FACE('',(#6927),#6517,.F.);
#6927 = FACE_BOUND('',#6928,.F.);
#6928 = EDGE_LOOP('',(#6929,#6930,#6931,#6932,#6933));
#6929 = ORIENTED_EDGE('',*,*,#6817,.F.);
#6930 = ORIENTED_EDGE('',*,*,#6863,.T.);
#6931 = ORIENTED_EDGE('',*,*,#6501,.T.);
#6932 = ORIENTED_EDGE('',*,*,#6636,.T.);
#6933 = ORIENTED_EDGE('',*,*,#6711,.F.);
#6934 = ADVANCED_FACE('',(#6935),#6573,.T.);
#6935 = FACE_BOUND('',#6936,.T.);
#6936 = EDGE_LOOP('',(#6937,#6938,#6939,#6940,#6941));
#6937 = ORIENTED_EDGE('',*,*,#6839,.F.);
#6938 = ORIENTED_EDGE('',*,*,#6885,.T.);
#6939 = ORIENTED_EDGE('',*,*,#6557,.T.);
#6940 = ORIENTED_EDGE('',*,*,#6687,.T.);
#6941 = ORIENTED_EDGE('',*,*,#6762,.F.);
#6942 = ADVANCED_FACE('',(#6943),#6227,.F.);
#6943 = FACE_BOUND('',#6944,.F.);
#6944 = EDGE_LOOP('',(#6945,#6966,#6967,#6988));
#6945 = ORIENTED_EDGE('',*,*,#6946,.F.);
#6946 = EDGE_CURVE('',#6212,#6456,#6947,.T.);
#6947 = SURFACE_CURVE('',#6948,(#6952,#6959),.PCURVE_S1.);
#6948 = LINE('',#6949,#6950);
#6949 = CARTESIAN_POINT('',(34.35,5.5,18.35));
#6950 = VECTOR('',#6951,1.);
#6951 = DIRECTION('',(-0.,1.,0.));
#6952 = PCURVE('',#6227,#6953);
#6953 = DEFINITIONAL_REPRESENTATION('',(#6954),#6958);
#6954 = LINE('',#6955,#6956);
#6955 = CARTESIAN_POINT('',(0.,0.));
#6956 = VECTOR('',#6957,1.);
#6957 = DIRECTION('',(0.,1.));
#6958 = ( GEOMETRIC_REPRESENTATION_CONTEXT(2) 
PARAMETRIC_REPRESENTATION_CONTEXT() REPRESENTATION_CONTEXT('2D SPACE',''
  ) );
#6959 = PCURVE('',#5978,#6960);
#6960 = DEFINITIONAL_REPRESENTATION('',(#6961),#6965);
#6961 = LINE('',#6962,#6963);
#6962 = CARTESIAN_POINT('',(0.,0.));
#6963 = VECTOR('',#6964,1.);
#6964 = DIRECTION('',(0.,-1.));
#6965 = ( GEOMETRIC_REPRESENTATION_CONTEXT(2) 
PARAMETRIC_REPRESENTATION_CONTEXT() REPRESENTATION_CONTEXT('2D SPACE',''
  ) );
#6966 = ORIENTED_EDGE('',*,*,#6211,.T.);
#6967 = ORIENTED_EDGE('',*,*,#6968,.T.);
#6968 = EDGE_CURVE('',#6182,#6431,#6969,.T.);
#6969 = SURFACE_CURVE('',#6970,(#6974,#6981),.PCURVE_S1.);
#6970 = LINE('',#6971,#6972);
#6971 = CARTESIAN_POINT('',(39.85,5.5,18.35));
#6972 = VECTOR('',#6973,1.);
#6973 = DIRECTION('',(-0.,1.,0.));
#6974 = PCURVE('',#6227,#6975);
#6975 = DEFINITIONAL_REPRESENTATION('',(#6976),#6980);
#6976 = LINE('',#6977,#6978);
#6977 = CARTESIAN_POINT('',(5.5,0.));
#6978 = VECTOR('',#6979,1.);
#6979 = DIRECTION('',(0.,1.));
#6980 = ( GEOMETRIC_REPRESENTATION_CONTEXT(2) 
PARAMETRIC_REPRESENTATION_CONTEXT() REPRESENTATION_CONTEXT('2D SPACE',''
  ) );
#6981 = PCURVE('',#6199,#6982);
#6982 = DEFINITIONAL_REPRESENTATION('',(#6983),#6987);
#6983 = LINE('',#6984,#6985);
#6984 = CARTESIAN_POINT('',(0.,0.));
#6985 = VECTOR('',#6986,1.);
#6986 = DIRECTION('',(0.,-1.));
#6987 = ( GEOMETRIC_REPRESENTATION_CONTEXT(2) 
PARAMETRIC_REPRESENTATION_CONTEXT() REPRESENTATION_CONTEXT('2D SPACE',''
  ) );
#6988 = ORIENTED_EDGE('',*,*,#6455,.F.);
#6989 = ADVANCED_FACE('',(#6990),#6321,.T.);
#6990 = FACE_BOUND('',#6991,.T.);
#6991 = EDGE_LOOP('',(#6992,#7013,#7014,#7035));
#6992 = ORIENTED_EDGE('',*,*,#6993,.F.);
#6993 = EDGE_CURVE('',#6285,#6586,#6994,.T.);
#6994 = SURFACE_CURVE('',#6995,(#6999,#7006),.PCURVE_S1.);
#6995 = LINE('',#6996,#6997);
#6996 = CARTESIAN_POINT('',(34.35,5.5,24.35));
#6997 = VECTOR('',#6998,1.);
#6998 = DIRECTION('',(-0.,1.,0.));
#6999 = PCURVE('',#6321,#7000);
#7000 = DEFINITIONAL_REPRESENTATION('',(#7001),#7005);
#7001 = LINE('',#7002,#7003);
#7002 = CARTESIAN_POINT('',(0.,0.));
#7003 = VECTOR('',#7004,1.);
#7004 = DIRECTION('',(0.,1.));
#7005 = ( GEOMETRIC_REPRESENTATION_CONTEXT(2) 
PARAMETRIC_REPRESENTATION_CONTEXT() REPRESENTATION_CONTEXT('2D SPACE',''
  ) );
#7006 = PCURVE('',#5978,#7007);
#7007 = DEFINITIONAL_REPRESENTATION('',(#7008),#7012);
#7008 = LINE('',#7009,#7010);
#7009 = CARTESIAN_POINT('',(6.,0.));
#7010 = VECTOR('',#7011,1.);
#7011 = DIRECTION('',(0.,-1.));
#7012 = ( GEOMETRIC_REPRESENTATION_CONTEXT(2) 
PARAMETRIC_REPRESENTATION_CONTEXT() REPRESENTATION_CONTEXT('2D SPACE',''
  ) );
#7013 = ORIENTED_EDGE('',*,*,#6307,.T.);
#7014 = ORIENTED_EDGE('',*,*,#7015,.T.);
#7015 = EDGE_CURVE('',#6184,#6433,#7016,.T.);
#7016 = SURFACE_CURVE('',#7017,(#7021,#7028),.PCURVE_S1.);
#7017 = LINE('',#7018,#7019);
#7018 = CARTESIAN_POINT('',(39.85,5.5,24.35));
#7019 = VECTOR('',#7020,1.);
#7020 = DIRECTION('',(-0.,1.,0.));
#7021 = PCURVE('',#6321,#7022);
#7022 = DEFINITIONAL_REPRESENTATION('',(#7023),#7027);
#7023 = LINE('',#7024,#7025);
#7024 = CARTESIAN_POINT('',(5.5,0.));
#7025 = VECTOR('',#7026,1.);
#7026 = DIRECTION('',(0.,1.));
#7027 = ( GEOMETRIC_REPRESENTATION_CONTEXT(2) 
PARAMETRIC_REPRESENTATION_CONTEXT() REPRESENTATION_CONTEXT('2D SPACE',''
  ) );
#7028 = PCURVE('',#6199,#7029);
#7029 = DEFINITIONAL_REPRESENTATION('',(#7030),#7034);
#7030 = LINE('',#7031,#7032);
#7031 = CARTESIAN_POINT('',(6.,0.));
#7032 = VECTOR('',#7033,1.);
#7033 = DIRECTION('',(0.,-1.));
#7034 = ( GEOMETRIC_REPRESENTATION_CONTEXT(2) 
PARAMETRIC_REPRESENTATION_CONTEXT() REPRESENTATION_CONTEXT('2D SPACE',''
  ) );
#7035 = ORIENTED_EDGE('',*,*,#6608,.F.);
#7036 = ADVANCED_FACE('',(#7037),#6199,.T.);
#7037 = FACE_BOUND('',#7038,.T.);
#7038 = EDGE_LOOP('',(#7039,#7040,#7041,#7042));
#7039 = ORIENTED_EDGE('',*,*,#6181,.F.);
#7040 = ORIENTED_EDGE('',*,*,#6968,.T.);
#7041 = ORIENTED_EDGE('',*,*,#6430,.T.);
#7042 = ORIENTED_EDGE('',*,*,#7015,.F.);
#7043 = ADVANCED_FACE('',(#7044),#5978,.F.);
#7044 = FACE_BOUND('',#7045,.F.);
#7045 = EDGE_LOOP('',(#7046,#7047,#7048,#7049,#7050,#7051,#7052,#7053,
    #7075,#7094));
#7046 = ORIENTED_EDGE('',*,*,#6239,.F.);
#7047 = ORIENTED_EDGE('',*,*,#6946,.T.);
#7048 = ORIENTED_EDGE('',*,*,#6478,.T.);
#7049 = ORIENTED_EDGE('',*,*,#6906,.T.);
#7050 = ORIENTED_EDGE('',*,*,#6585,.T.);
#7051 = ORIENTED_EDGE('',*,*,#6993,.F.);
#7052 = ORIENTED_EDGE('',*,*,#6284,.F.);
#7053 = ORIENTED_EDGE('',*,*,#7054,.F.);
#7054 = EDGE_CURVE('',#7055,#6263,#7057,.T.);
#7055 = VERTEX_POINT('',#7056);
#7056 = CARTESIAN_POINT('',(34.35,6.1,22.35));
#7057 = SURFACE_CURVE('',#7058,(#7062,#7068),.PCURVE_S1.);
#7058 = LINE('',#7059,#7060);
#7059 = CARTESIAN_POINT('',(34.35,5.25,22.35));
#7060 = VECTOR('',#7061,1.);
#7061 = DIRECTION('',(0.,-1.,0.));
#7062 = PCURVE('',#5978,#7063);
#7063 = DEFINITIONAL_REPRESENTATION('',(#7064),#7067);
#7064 = B_SPLINE_CURVE_WITH_KNOTS('',1,(#7065,#7066),.UNSPECIFIED.,.F.,
  .F.,(2,2),(-0.85,-0.25),.PIECEWISE_BEZIER_KNOTS.);
#7065 = CARTESIAN_POINT('',(4.,-0.6));
#7066 = CARTESIAN_POINT('',(4.,0.));
#7067 = ( GEOMETRIC_REPRESENTATION_CONTEXT(2) 
PARAMETRIC_REPRESENTATION_CONTEXT() REPRESENTATION_CONTEXT('2D SPACE',''
  ) );
#7068 = PCURVE('',#5395,#7069);
#7069 = DEFINITIONAL_REPRESENTATION('',(#7070),#7074);
#7070 = LINE('',#7071,#7072);
#7071 = CARTESIAN_POINT('',(8.75,0.25));
#7072 = VECTOR('',#7073,1.);
#7073 = DIRECTION('',(0.,-1.));
#7074 = ( GEOMETRIC_REPRESENTATION_CONTEXT(2) 
PARAMETRIC_REPRESENTATION_CONTEXT() REPRESENTATION_CONTEXT('2D SPACE',''
  ) );
#7075 = ORIENTED_EDGE('',*,*,#7076,.F.);
#7076 = EDGE_CURVE('',#5963,#7055,#7077,.T.);
#7077 = SURFACE_CURVE('',#7078,(#7082,#7088),.PCURVE_S1.);
#7078 = LINE('',#7079,#7080);
#7079 = CARTESIAN_POINT('',(34.35,6.1,19.35));
#7080 = VECTOR('',#7081,1.);
#7081 = DIRECTION('',(0.,0.,1.));
#7082 = PCURVE('',#5978,#7083);
#7083 = DEFINITIONAL_REPRESENTATION('',(#7084),#7087);
#7084 = B_SPLINE_CURVE_WITH_KNOTS('',1,(#7085,#7086),.UNSPECIFIED.,.F.,
  .F.,(2,2),(1.,3.),.PIECEWISE_BEZIER_KNOTS.);
#7085 = CARTESIAN_POINT('',(2.,-0.6));
#7086 = CARTESIAN_POINT('',(4.,-0.6));
#7087 = ( GEOMETRIC_REPRESENTATION_CONTEXT(2) 
PARAMETRIC_REPRESENTATION_CONTEXT() REPRESENTATION_CONTEXT('2D SPACE',''
  ) );
#7088 = PCURVE('',#5435,#7089);
#7089 = DEFINITIONAL_REPRESENTATION('',(#7090),#7093);
#7090 = B_SPLINE_CURVE_WITH_KNOTS('',1,(#7091,#7092),.UNSPECIFIED.,.F.,
  .F.,(2,2),(1.,3.),.PIECEWISE_BEZIER_KNOTS.);
#7091 = CARTESIAN_POINT('',(0.,8.75));
#7092 = CARTESIAN_POINT('',(2.,8.75));
#7093 = ( GEOMETRIC_REPRESENTATION_CONTEXT(2) 
PARAMETRIC_REPRESENTATION_CONTEXT() REPRESENTATION_CONTEXT('2D SPACE',''
  ) );
#7094 = ORIENTED_EDGE('',*,*,#5962,.T.);
#7095 = ADVANCED_FACE('',(#7096),#6049,.T.);
#7096 = FACE_BOUND('',#7097,.T.);
#7097 = EDGE_LOOP('',(#7098,#7123,#7142,#7143));
#7098 = ORIENTED_EDGE('',*,*,#7099,.F.);
#7099 = EDGE_CURVE('',#7100,#7102,#7104,.T.);
#7100 = VERTEX_POINT('',#7101);
#7101 = CARTESIAN_POINT('',(38.,3.6,22.35));
#7102 = VERTEX_POINT('',#7103);
#7103 = CARTESIAN_POINT('',(38.,4.6,22.35));
#7104 = SURFACE_CURVE('',#7105,(#7109,#7116),.PCURVE_S1.);
#7105 = LINE('',#7106,#7107);
#7106 = CARTESIAN_POINT('',(38.,3.4,22.35));
#7107 = VECTOR('',#7108,1.);
#7108 = DIRECTION('',(-0.,1.,0.));
#7109 = PCURVE('',#6049,#7110);
#7110 = DEFINITIONAL_REPRESENTATION('',(#7111),#7115);
#7111 = LINE('',#7112,#7113);
#7112 = CARTESIAN_POINT('',(2.,0.));
#7113 = VECTOR('',#7114,1.);
#7114 = DIRECTION('',(0.,-1.));
#7115 = ( GEOMETRIC_REPRESENTATION_CONTEXT(2) 
PARAMETRIC_REPRESENTATION_CONTEXT() REPRESENTATION_CONTEXT('2D SPACE',''
  ) );
#7116 = PCURVE('',#5395,#7117);
#7117 = DEFINITIONAL_REPRESENTATION('',(#7118),#7122);
#7118 = LINE('',#7119,#7120);
#7119 = CARTESIAN_POINT('',(12.4,-1.6));
#7120 = VECTOR('',#7121,1.);
#7121 = DIRECTION('',(0.,1.));
#7122 = ( GEOMETRIC_REPRESENTATION_CONTEXT(2) 
PARAMETRIC_REPRESENTATION_CONTEXT() REPRESENTATION_CONTEXT('2D SPACE',''
  ) );
#7123 = ORIENTED_EDGE('',*,*,#7124,.T.);
#7124 = EDGE_CURVE('',#7100,#6012,#7125,.T.);
#7125 = SURFACE_CURVE('',#7126,(#7130,#7136),.PCURVE_S1.);
#7126 = LINE('',#7127,#7128);
#7127 = CARTESIAN_POINT('',(38.,3.6,18.4));
#7128 = VECTOR('',#7129,1.);
#7129 = DIRECTION('',(-0.,0.,-1.));
#7130 = PCURVE('',#6049,#7131);
#7131 = DEFINITIONAL_REPRESENTATION('',(#7132),#7135);
#7132 = B_SPLINE_CURVE_WITH_KNOTS('',1,(#7133,#7134),.UNSPECIFIED.,.F.,
  .F.,(2,2),(-3.95,-1.95),.PIECEWISE_BEZIER_KNOTS.);
#7133 = CARTESIAN_POINT('',(2.,-0.2));
#7134 = CARTESIAN_POINT('',(0.,-0.2));
#7135 = ( GEOMETRIC_REPRESENTATION_CONTEXT(2) 
PARAMETRIC_REPRESENTATION_CONTEXT() REPRESENTATION_CONTEXT('2D SPACE',''
  ) );
#7136 = PCURVE('',#118,#7137);
#7137 = DEFINITIONAL_REPRESENTATION('',(#7138),#7141);
#7138 = B_SPLINE_CURVE_WITH_KNOTS('',1,(#7139,#7140),.UNSPECIFIED.,.F.,
  .F.,(2,2),(-3.95,-1.95),.PIECEWISE_BEZIER_KNOTS.);
#7139 = CARTESIAN_POINT('',(5.9,6.1));
#7140 = CARTESIAN_POINT('',(3.9,6.1));
#7141 = ( GEOMETRIC_REPRESENTATION_CONTEXT(2) 
PARAMETRIC_REPRESENTATION_CONTEXT() REPRESENTATION_CONTEXT('2D SPACE',''
  ) );
#7142 = ORIENTED_EDGE('',*,*,#6033,.T.);
#7143 = ORIENTED_EDGE('',*,*,#7144,.F.);
#7144 = EDGE_CURVE('',#7102,#6034,#7145,.T.);
#7145 = SURFACE_CURVE('',#7146,(#7150,#7156),.PCURVE_S1.);
#7146 = LINE('',#7147,#7148);
#7147 = CARTESIAN_POINT('',(38.,4.6,20.85));
#7148 = VECTOR('',#7149,1.);
#7149 = DIRECTION('',(0.,-0.,-1.));
#7150 = PCURVE('',#6049,#7151);
#7151 = DEFINITIONAL_REPRESENTATION('',(#7152),#7155);
#7152 = B_SPLINE_CURVE_WITH_KNOTS('',1,(#7153,#7154),.UNSPECIFIED.,.F.,
  .F.,(2,2),(-1.5,0.5),.PIECEWISE_BEZIER_KNOTS.);
#7153 = CARTESIAN_POINT('',(2.,-1.2));
#7154 = CARTESIAN_POINT('',(0.,-1.2));
#7155 = ( GEOMETRIC_REPRESENTATION_CONTEXT(2) 
PARAMETRIC_REPRESENTATION_CONTEXT() REPRESENTATION_CONTEXT('2D SPACE',''
  ) );
#7156 = PCURVE('',#6076,#7157);
#7157 = DEFINITIONAL_REPRESENTATION('',(#7158),#7161);
#7158 = B_SPLINE_CURVE_WITH_KNOTS('',1,(#7159,#7160),.UNSPECIFIED.,.F.,
  .F.,(2,2),(-1.5,0.5),.PIECEWISE_BEZIER_KNOTS.);
#7159 = CARTESIAN_POINT('',(0.9,1.));
#7160 = CARTESIAN_POINT('',(0.9,-1.));
#7161 = ( GEOMETRIC_REPRESENTATION_CONTEXT(2) 
PARAMETRIC_REPRESENTATION_CONTEXT() REPRESENTATION_CONTEXT('2D SPACE',''
  ) );
#7162 = ADVANCED_FACE('',(#7163),#6076,.F.);
#7163 = FACE_BOUND('',#7164,.F.);
#7164 = EDGE_LOOP('',(#7165,#7186,#7208,#7209));
#7165 = ORIENTED_EDGE('',*,*,#7166,.F.);
#7166 = EDGE_CURVE('',#7167,#7102,#7169,.T.);
#7167 = VERTEX_POINT('',#7168);
#7168 = CARTESIAN_POINT('',(34.973382968186,4.6,22.35));
#7169 = SURFACE_CURVE('',#7170,(#7174,#7180),.PCURVE_S1.);
#7170 = LINE('',#7171,#7172);
#7171 = CARTESIAN_POINT('',(31.35,4.6,22.35));
#7172 = VECTOR('',#7173,1.);
#7173 = DIRECTION('',(1.,0.,-0.));
#7174 = PCURVE('',#6076,#7175);
#7175 = DEFINITIONAL_REPRESENTATION('',(#7176),#7179);
#7176 = B_SPLINE_CURVE_WITH_KNOTS('',1,(#7177,#7178),.UNSPECIFIED.,.F.,
  .F.,(2,2),(3.4,6.65),.PIECEWISE_BEZIER_KNOTS.);
#7177 = CARTESIAN_POINT('',(-2.35,1.));
#7178 = CARTESIAN_POINT('',(0.9,1.));
#7179 = ( GEOMETRIC_REPRESENTATION_CONTEXT(2) 
PARAMETRIC_REPRESENTATION_CONTEXT() REPRESENTATION_CONTEXT('2D SPACE',''
  ) );
#7180 = PCURVE('',#5395,#7181);
#7181 = DEFINITIONAL_REPRESENTATION('',(#7182),#7185);
#7182 = B_SPLINE_CURVE_WITH_KNOTS('',1,(#7183,#7184),.UNSPECIFIED.,.F.,
  .F.,(2,2),(3.4,6.65),.PIECEWISE_BEZIER_KNOTS.);
#7183 = CARTESIAN_POINT('',(9.15,-0.4));
#7184 = CARTESIAN_POINT('',(12.4,-0.4));
#7185 = ( GEOMETRIC_REPRESENTATION_CONTEXT(2) 
PARAMETRIC_REPRESENTATION_CONTEXT() REPRESENTATION_CONTEXT('2D SPACE',''
  ) );
#7186 = ORIENTED_EDGE('',*,*,#7187,.T.);
#7187 = EDGE_CURVE('',#7167,#6062,#7188,.T.);
#7188 = SURFACE_CURVE('',#7189,(#7194,#7201),.PCURVE_S1.);
#7189 = CIRCLE('',#7190,2.35);
#7190 = AXIS2_PLACEMENT_3D('',#7191,#7192,#7193);
#7191 = CARTESIAN_POINT('',(37.1,4.6,21.35));
#7192 = DIRECTION('',(0.,-1.,0.));
#7193 = DIRECTION('',(1.,0.,0.));
#7194 = PCURVE('',#6076,#7195);
#7195 = DEFINITIONAL_REPRESENTATION('',(#7196),#7200);
#7196 = CIRCLE('',#7197,2.35);
#7197 = AXIS2_PLACEMENT_2D('',#7198,#7199);
#7198 = CARTESIAN_POINT('',(0.,0.));
#7199 = DIRECTION('',(1.,0.));
#7200 = ( GEOMETRIC_REPRESENTATION_CONTEXT(2) 
PARAMETRIC_REPRESENTATION_CONTEXT() REPRESENTATION_CONTEXT('2D SPACE',''
  ) );
#7201 = PCURVE('',#6100,#7202);
#7202 = DEFINITIONAL_REPRESENTATION('',(#7203),#7207);
#7203 = LINE('',#7204,#7205);
#7204 = CARTESIAN_POINT('',(0.,5.5));
#7205 = VECTOR('',#7206,1.);
#7206 = DIRECTION('',(1.,0.));
#7207 = ( GEOMETRIC_REPRESENTATION_CONTEXT(2) 
PARAMETRIC_REPRESENTATION_CONTEXT() REPRESENTATION_CONTEXT('2D SPACE',''
  ) );
#7208 = ORIENTED_EDGE('',*,*,#6061,.T.);
#7209 = ORIENTED_EDGE('',*,*,#7144,.F.);
#7210 = ADVANCED_FACE('',(#7211),#6100,.F.);
#7211 = FACE_BOUND('',#7212,.F.);
#7212 = EDGE_LOOP('',(#7213,#7214,#7235,#7261));
#7213 = ORIENTED_EDGE('',*,*,#7187,.F.);
#7214 = ORIENTED_EDGE('',*,*,#7215,.F.);
#7215 = EDGE_CURVE('',#7216,#7167,#7218,.T.);
#7216 = VERTEX_POINT('',#7217);
#7217 = CARTESIAN_POINT('',(34.973382968186,5.4,22.35));
#7218 = SURFACE_CURVE('',#7219,(#7223,#7229),.PCURVE_S1.);
#7219 = LINE('',#7220,#7221);
#7220 = CARTESIAN_POINT('',(34.973382968186,10.1,22.35));
#7221 = VECTOR('',#7222,1.);
#7222 = DIRECTION('',(0.,-1.,0.));
#7223 = PCURVE('',#6100,#7224);
#7224 = DEFINITIONAL_REPRESENTATION('',(#7225),#7228);
#7225 = B_SPLINE_CURVE_WITH_KNOTS('',1,(#7226,#7227),.UNSPECIFIED.,.F.,
  .F.,(2,2),(3.75,5.5000006),.PIECEWISE_BEZIER_KNOTS.);
#7226 = CARTESIAN_POINT('',(2.702043061142,3.75));
#7227 = CARTESIAN_POINT('',(2.702043061142,5.5000006));
#7228 = ( GEOMETRIC_REPRESENTATION_CONTEXT(2) 
PARAMETRIC_REPRESENTATION_CONTEXT() REPRESENTATION_CONTEXT('2D SPACE',''
  ) );
#7229 = PCURVE('',#5395,#7230);
#7230 = DEFINITIONAL_REPRESENTATION('',(#7231),#7234);
#7231 = B_SPLINE_CURVE_WITH_KNOTS('',1,(#7232,#7233),.UNSPECIFIED.,.F.,
  .F.,(2,2),(3.75,5.5000006),.PIECEWISE_BEZIER_KNOTS.);
#7232 = CARTESIAN_POINT('',(9.373382968186,1.35));
#7233 = CARTESIAN_POINT('',(9.373382968186,-0.4000006));
#7234 = ( GEOMETRIC_REPRESENTATION_CONTEXT(2) 
PARAMETRIC_REPRESENTATION_CONTEXT() REPRESENTATION_CONTEXT('2D SPACE',''
  ) );
#7235 = ORIENTED_EDGE('',*,*,#7236,.T.);
#7236 = EDGE_CURVE('',#7216,#5880,#7237,.T.);
#7237 = SURFACE_CURVE('',#7238,(#7243,#7250),.PCURVE_S1.);
#7238 = CIRCLE('',#7239,2.35);
#7239 = AXIS2_PLACEMENT_3D('',#7240,#7241,#7242);
#7240 = CARTESIAN_POINT('',(37.1,5.4,21.35));
#7241 = DIRECTION('',(0.,-1.,0.));
#7242 = DIRECTION('',(1.,0.,0.));
#7243 = PCURVE('',#6100,#7244);
#7244 = DEFINITIONAL_REPRESENTATION('',(#7245),#7249);
#7245 = LINE('',#7246,#7247);
#7246 = CARTESIAN_POINT('',(0.,4.7));
#7247 = VECTOR('',#7248,1.);
#7248 = DIRECTION('',(1.,0.));
#7249 = ( GEOMETRIC_REPRESENTATION_CONTEXT(2) 
PARAMETRIC_REPRESENTATION_CONTEXT() REPRESENTATION_CONTEXT('2D SPACE',''
  ) );
#7250 = PCURVE('',#5895,#7251);
#7251 = DEFINITIONAL_REPRESENTATION('',(#7252),#7260);
#7252 = ( BOUNDED_CURVE() B_SPLINE_CURVE(2,(#7253,#7254,#7255,#7256,
#7257,#7258,#7259),.UNSPECIFIED.,.T.,.F.) B_SPLINE_CURVE_WITH_KNOTS((1,2
    ,2,2,2,1),(-2.094395102393,0.,2.094395102393,4.188790204786,
6.28318530718,8.377580409573),.UNSPECIFIED.) CURVE() 
GEOMETRIC_REPRESENTATION_ITEM() RATIONAL_B_SPLINE_CURVE((1.,0.5,1.,0.5,
1.,0.5,1.)) REPRESENTATION_ITEM('') );
#7253 = CARTESIAN_POINT('',(1.,9.45));
#7254 = CARTESIAN_POINT('',(5.070319397787,9.45));
#7255 = CARTESIAN_POINT('',(3.035159698893,5.925));
#7256 = CARTESIAN_POINT('',(1.,2.4));
#7257 = CARTESIAN_POINT('',(-1.035159698893,5.925));
#7258 = CARTESIAN_POINT('',(-3.070319397787,9.45));
#7259 = CARTESIAN_POINT('',(1.,9.45));
#7260 = ( GEOMETRIC_REPRESENTATION_CONTEXT(2) 
PARAMETRIC_REPRESENTATION_CONTEXT() REPRESENTATION_CONTEXT('2D SPACE',''
  ) );
#7261 = ORIENTED_EDGE('',*,*,#6087,.T.);
#7262 = ADVANCED_FACE('',(#7263),#5895,.T.);
#7263 = FACE_BOUND('',#7264,.T.);
#7264 = EDGE_LOOP('',(#7265,#7266,#7267,#7288));
#7265 = ORIENTED_EDGE('',*,*,#5877,.F.);
#7266 = ORIENTED_EDGE('',*,*,#6139,.F.);
#7267 = ORIENTED_EDGE('',*,*,#7268,.T.);
#7268 = EDGE_CURVE('',#6115,#7216,#7269,.T.);
#7269 = SURFACE_CURVE('',#7270,(#7274,#7281),.PCURVE_S1.);
#7270 = LINE('',#7271,#7272);
#7271 = CARTESIAN_POINT('',(30.,5.4,22.35));
#7272 = VECTOR('',#7273,1.);
#7273 = DIRECTION('',(1.,0.,-0.));
#7274 = PCURVE('',#5895,#7275);
#7275 = DEFINITIONAL_REPRESENTATION('',(#7276),#7280);
#7276 = LINE('',#7277,#7278);
#7277 = CARTESIAN_POINT('',(2.,0.));
#7278 = VECTOR('',#7279,1.);
#7279 = DIRECTION('',(0.,1.));
#7280 = ( GEOMETRIC_REPRESENTATION_CONTEXT(2) 
PARAMETRIC_REPRESENTATION_CONTEXT() REPRESENTATION_CONTEXT('2D SPACE',''
  ) );
#7281 = PCURVE('',#5395,#7282);
#7282 = DEFINITIONAL_REPRESENTATION('',(#7283),#7287);
#7283 = LINE('',#7284,#7285);
#7284 = CARTESIAN_POINT('',(4.4,0.4));
#7285 = VECTOR('',#7286,1.);
#7286 = DIRECTION('',(1.,0.));
#7287 = ( GEOMETRIC_REPRESENTATION_CONTEXT(2) 
PARAMETRIC_REPRESENTATION_CONTEXT() REPRESENTATION_CONTEXT('2D SPACE',''
  ) );
#7288 = ORIENTED_EDGE('',*,*,#7236,.T.);
#7289 = ADVANCED_FACE('',(#7290),#5435,.T.);
#7290 = FACE_BOUND('',#7291,.T.);
#7291 = EDGE_LOOP('',(#7292,#7293,#7294,#7315));
#7292 = ORIENTED_EDGE('',*,*,#5989,.F.);
#7293 = ORIENTED_EDGE('',*,*,#5407,.F.);
#7294 = ORIENTED_EDGE('',*,*,#7295,.T.);
#7295 = EDGE_CURVE('',#5379,#7055,#7296,.T.);
#7296 = SURFACE_CURVE('',#7297,(#7301,#7308),.PCURVE_S1.);
#7297 = LINE('',#7298,#7299);
#7298 = CARTESIAN_POINT('',(25.6,6.1,22.35));
#7299 = VECTOR('',#7300,1.);
#7300 = DIRECTION('',(1.,0.,-0.));
#7301 = PCURVE('',#5435,#7302);
#7302 = DEFINITIONAL_REPRESENTATION('',(#7303),#7307);
#7303 = LINE('',#7304,#7305);
#7304 = CARTESIAN_POINT('',(2.,0.));
#7305 = VECTOR('',#7306,1.);
#7306 = DIRECTION('',(0.,1.));
#7307 = ( GEOMETRIC_REPRESENTATION_CONTEXT(2) 
PARAMETRIC_REPRESENTATION_CONTEXT() REPRESENTATION_CONTEXT('2D SPACE',''
  ) );
#7308 = PCURVE('',#5395,#7309);
#7309 = DEFINITIONAL_REPRESENTATION('',(#7310),#7314);
#7310 = LINE('',#7311,#7312);
#7311 = CARTESIAN_POINT('',(0.,1.1));
#7312 = VECTOR('',#7313,1.);
#7313 = DIRECTION('',(1.,0.));
#7314 = ( GEOMETRIC_REPRESENTATION_CONTEXT(2) 
PARAMETRIC_REPRESENTATION_CONTEXT() REPRESENTATION_CONTEXT('2D SPACE',''
  ) );
#7315 = ORIENTED_EDGE('',*,*,#7076,.F.);
#7316 = ADVANCED_FACE('',(#7317),#5395,.T.);
#7317 = FACE_BOUND('',#7318,.T.);
#7318 = EDGE_LOOP('',(#7319,#7320,#7321,#7341,#7342,#7343,#7344,#7345,
    #7346,#7347));
#7319 = ORIENTED_EDGE('',*,*,#7295,.F.);
#7320 = ORIENTED_EDGE('',*,*,#5378,.F.);
#7321 = ORIENTED_EDGE('',*,*,#7322,.T.);
#7322 = EDGE_CURVE('',#5328,#7100,#7323,.T.);
#7323 = SURFACE_CURVE('',#7324,(#7328,#7335),.PCURVE_S1.);
#7324 = LINE('',#7325,#7326);
#7325 = CARTESIAN_POINT('',(30.95,3.6,22.35));
#7326 = VECTOR('',#7327,1.);
#7327 = DIRECTION('',(1.,0.,-0.));
#7328 = PCURVE('',#5395,#7329);
#7329 = DEFINITIONAL_REPRESENTATION('',(#7330),#7334);
#7330 = LINE('',#7331,#7332);
#7331 = CARTESIAN_POINT('',(5.35,-1.4));
#7332 = VECTOR('',#7333,1.);
#7333 = DIRECTION('',(1.,0.));
#7334 = ( GEOMETRIC_REPRESENTATION_CONTEXT(2) 
PARAMETRIC_REPRESENTATION_CONTEXT() REPRESENTATION_CONTEXT('2D SPACE',''
  ) );
#7335 = PCURVE('',#118,#7336);
#7336 = DEFINITIONAL_REPRESENTATION('',(#7337),#7340);
#7337 = B_SPLINE_CURVE_WITH_KNOTS('',1,(#7338,#7339),.UNSPECIFIED.,.F.,
  .F.,(2,2),(0.95,7.05),.PIECEWISE_BEZIER_KNOTS.);
#7338 = CARTESIAN_POINT('',(5.9,0.));
#7339 = CARTESIAN_POINT('',(5.9,6.1));
#7340 = ( GEOMETRIC_REPRESENTATION_CONTEXT(2) 
PARAMETRIC_REPRESENTATION_CONTEXT() REPRESENTATION_CONTEXT('2D SPACE',''
  ) );
#7341 = ORIENTED_EDGE('',*,*,#7099,.T.);
#7342 = ORIENTED_EDGE('',*,*,#7166,.F.);
#7343 = ORIENTED_EDGE('',*,*,#7215,.F.);
#7344 = ORIENTED_EDGE('',*,*,#7268,.F.);
#7345 = ORIENTED_EDGE('',*,*,#6114,.T.);
#7346 = ORIENTED_EDGE('',*,*,#6262,.F.);
#7347 = ORIENTED_EDGE('',*,*,#7054,.F.);
#7348 = ADVANCED_FACE('',(#7349),#118,.T.);
#7349 = FACE_BOUND('',#7350,.T.);
#7350 = EDGE_LOOP('',(#7351,#7352,#7373,#7374,#7375,#7376,#7377,#7378,
    #7379,#7380));
#7351 = ORIENTED_EDGE('',*,*,#5272,.F.);
#7352 = ORIENTED_EDGE('',*,*,#7353,.F.);
#7353 = EDGE_CURVE('',#75,#5250,#7354,.T.);
#7354 = SURFACE_CURVE('',#7355,(#7359,#7366),.PCURVE_S1.);
#7355 = LINE('',#7356,#7357);
#7356 = CARTESIAN_POINT('',(31.9,3.6,16.45));
#7357 = VECTOR('',#7358,1.);
#7358 = DIRECTION('',(1.,0.,-0.));
#7359 = PCURVE('',#118,#7360);
#7360 = DEFINITIONAL_REPRESENTATION('',(#7361),#7365);
#7361 = LINE('',#7362,#7363);
#7362 = CARTESIAN_POINT('',(0.,0.));
#7363 = VECTOR('',#7364,1.);
#7364 = DIRECTION('',(0.,1.));
#7365 = ( GEOMETRIC_REPRESENTATION_CONTEXT(2) 
PARAMETRIC_REPRESENTATION_CONTEXT() REPRESENTATION_CONTEXT('2D SPACE',''
  ) );
#7366 = PCURVE('',#90,#7367);
#7367 = DEFINITIONAL_REPRESENTATION('',(#7368),#7372);
#7368 = LINE('',#7369,#7370);
#7369 = CARTESIAN_POINT('',(0.,7.2));
#7370 = VECTOR('',#7371,1.);
#7371 = DIRECTION('',(1.,0.));
#7372 = ( GEOMETRIC_REPRESENTATION_CONTEXT(2) 
PARAMETRIC_REPRESENTATION_CONTEXT() REPRESENTATION_CONTEXT('2D SPACE',''
  ) );
#7373 = ORIENTED_EDGE('',*,*,#102,.T.);
#7374 = ORIENTED_EDGE('',*,*,#5480,.F.);
#7375 = ORIENTED_EDGE('',*,*,#6011,.T.);
#7376 = ORIENTED_EDGE('',*,*,#7124,.F.);
#7377 = ORIENTED_EDGE('',*,*,#7322,.F.);
#7378 = ORIENTED_EDGE('',*,*,#5327,.F.);
#7379 = ORIENTED_EDGE('',*,*,#3850,.T.);
#7380 = ORIENTED_EDGE('',*,*,#3925,.T.);
#7381 = ADVANCED_FACE('',(#7382),#90,.F.);
#7382 = FACE_BOUND('',#7383,.F.);
#7383 = EDGE_LOOP('',(#7384,#7385,#7386,#7407,#7408,#7409,#7410,#7411));
#7384 = ORIENTED_EDGE('',*,*,#7353,.F.);
#7385 = ORIENTED_EDGE('',*,*,#74,.F.);
#7386 = ORIENTED_EDGE('',*,*,#7387,.T.);
#7387 = EDGE_CURVE('',#40,#4111,#7388,.T.);
#7388 = SURFACE_CURVE('',#7389,(#7393,#7400),.PCURVE_S1.);
#7389 = LINE('',#7390,#7391);
#7390 = CARTESIAN_POINT('',(31.9,-3.6,16.45));
#7391 = VECTOR('',#7392,1.);
#7392 = DIRECTION('',(1.,0.,-0.));
#7393 = PCURVE('',#90,#7394);
#7394 = DEFINITIONAL_REPRESENTATION('',(#7395),#7399);
#7395 = LINE('',#7396,#7397);
#7396 = CARTESIAN_POINT('',(0.,0.));
#7397 = VECTOR('',#7398,1.);
#7398 = DIRECTION('',(1.,0.));
#7399 = ( GEOMETRIC_REPRESENTATION_CONTEXT(2) 
PARAMETRIC_REPRESENTATION_CONTEXT() REPRESENTATION_CONTEXT('2D SPACE',''
  ) );
#7400 = PCURVE('',#62,#7401);
#7401 = DEFINITIONAL_REPRESENTATION('',(#7402),#7406);
#7402 = LINE('',#7403,#7404);
#7403 = CARTESIAN_POINT('',(0.,0.));
#7404 = VECTOR('',#7405,1.);
#7405 = DIRECTION('',(0.,1.));
#7406 = ( GEOMETRIC_REPRESENTATION_CONTEXT(2) 
PARAMETRIC_REPRESENTATION_CONTEXT() REPRESENTATION_CONTEXT('2D SPACE',''
  ) );
#7407 = ORIENTED_EDGE('',*,*,#4133,.T.);
#7408 = ORIENTED_EDGE('',*,*,#4180,.T.);
#7409 = ORIENTED_EDGE('',*,*,#4399,.T.);
#7410 = ORIENTED_EDGE('',*,*,#5218,.F.);
#7411 = ORIENTED_EDGE('',*,*,#5249,.T.);
#7412 = ADVANCED_FACE('',(#7413),#62,.F.);
#7413 = FACE_BOUND('',#7414,.F.);
#7414 = EDGE_LOOP('',(#7415,#7416,#7417,#7418,#7419,#7420,#7421,#7422,
    #7423,#7424));
#7415 = ORIENTED_EDGE('',*,*,#4110,.F.);
#7416 = ORIENTED_EDGE('',*,*,#7387,.F.);
#7417 = ORIENTED_EDGE('',*,*,#39,.T.);
#7418 = ORIENTED_EDGE('',*,*,#885,.F.);
#7419 = ORIENTED_EDGE('',*,*,#2830,.T.);
#7420 = ORIENTED_EDGE('',*,*,#2781,.F.);
#7421 = ORIENTED_EDGE('',*,*,#1613,.F.);
#7422 = ORIENTED_EDGE('',*,*,#1022,.F.);
#7423 = ORIENTED_EDGE('',*,*,#3901,.T.);
#7424 = ORIENTED_EDGE('',*,*,#3949,.T.);
#7425 = ( GEOMETRIC_REPRESENTATION_CONTEXT(3) 
GLOBAL_UNCERTAINTY_ASSIGNED_CONTEXT((#7429)) 
GLOBAL_UNIT_ASSIGNED_CONTEXT((#7426,#7427,#7428)) REPRESENTATION_CONTEXT
('Context #1','3D Context with UNIT and UNCERTAINTY') );
#7426 = ( LENGTH_UNIT() NAMED_UNIT(*) SI_UNIT(.MILLI.,.METRE.) );
#7427 = ( NAMED_UNIT(*) PLANE_ANGLE_UNIT() SI_UNIT($,.RADIAN.) );
#7428 = ( NAMED_UNIT(*) SI_UNIT($,.STERADIAN.) SOLID_ANGLE_UNIT() );
#7429 = UNCERTAINTY_MEASURE_WITH_UNIT(LENGTH_MEASURE(1.E-07),#7426,
  'distance_accuracy_value','confusion accuracy');
#7430 = CONTEXT_DEPENDENT_SHAPE_REPRESENTATION(#7431,#7433);
#7431 = ( REPRESENTATION_RELATIONSHIP('','',#32,#10) 
REPRESENTATION_RELATIONSHIP_WITH_TRANSFORMATION(#7432) 
SHAPE_REPRESENTATION_RELATIONSHIP() );
#7432 = ITEM_DEFINED_TRANSFORMATION('','',#11,#15);
#7433 = PRODUCT_DEFINITION_SHAPE('Placement','Placement of an item',
  #7434);
#7434 = NEXT_ASSEMBLY_USAGE_OCCURRENCE('4',
  'active_sector_peek_guide_front','',#5,#27,$);
#7435 = PRODUCT_RELATED_PRODUCT_CATEGORY('part',$,(#29));
ENDSEC;
END-ISO-10303-21;
