ISO-10303-21;
HEADER;
FILE_DESCRIPTION(('Open CASCADE Model'),'2;1');
FILE_NAME('active_sector_peek_guide_rear','2026-07-12T13:39:46',(
    'Author'),('Open CASCADE'),'Open CASCADE STEP processor 7.9',
  'build123d','Unknown');
FILE_SCHEMA(('AUTOMOTIVE_DESIGN { 1 0 10303 214 1 1 1 1 }'));
ENDSEC;
DATA;
#1 = APPLICATION_PROTOCOL_DEFINITION('international standard',
  'automotive_design',2000,#2);
#2 = APPLICATION_CONTEXT(
  'core data for automotive mechanical design processes');
#3 = SHAPE_DEFINITION_REPRESENTATION(#4,#10);
#4 = PRODUCT_DEFINITION_SHAPE('','',#5);
#5 = PRODUCT_DEFINITION('design','',#6,#9);
#6 = PRODUCT_DEFINITION_FORMATION('','',#7);
#7 = PRODUCT('active_sector_peek_guide_rear',
  'active_sector_peek_guide_rear','',(#8));
#8 = PRODUCT_CONTEXT('',#2,'mechanical');
#9 = PRODUCT_DEFINITION_CONTEXT('part definition',#2,'design');
#10 = SHAPE_REPRESENTATION('',(#11,#15),#19);
#11 = AXIS2_PLACEMENT_3D('',#12,#13,#14);
#12 = CARTESIAN_POINT('',(0.,0.,0.));
#13 = DIRECTION('',(0.,0.,1.));
#14 = DIRECTION('',(1.,0.,-0.));
#15 = AXIS2_PLACEMENT_3D('',#16,#17,#18);
#16 = CARTESIAN_POINT('',(-32.95402170812,0.,21.025));
#17 = DIRECTION('',(0.,0.,1.));
#18 = DIRECTION('',(1.,0.,-0.));
#19 = ( GEOMETRIC_REPRESENTATION_CONTEXT(3) 
GLOBAL_UNCERTAINTY_ASSIGNED_CONTEXT((#23)) GLOBAL_UNIT_ASSIGNED_CONTEXT(
(#20,#21,#22)) REPRESENTATION_CONTEXT('Context #1',
  '3D Context with UNIT and UNCERTAINTY') );
#20 = ( LENGTH_UNIT() NAMED_UNIT(*) SI_UNIT(.MILLI.,.METRE.) );
#21 = ( NAMED_UNIT(*) PLANE_ANGLE_UNIT() SI_UNIT($,.RADIAN.) );
#22 = ( NAMED_UNIT(*) SI_UNIT($,.STERADIAN.) SOLID_ANGLE_UNIT() );
#23 = UNCERTAINTY_MEASURE_WITH_UNIT(LENGTH_MEASURE(1.E-07),#20,
  'distance_accuracy_value','confusion accuracy');
#24 = PRODUCT_RELATED_PRODUCT_CATEGORY('part',$,(#7));
#25 = SHAPE_DEFINITION_REPRESENTATION(#26,#32);
#26 = PRODUCT_DEFINITION_SHAPE('','',#27);
#27 = PRODUCT_DEFINITION('design','',#28,#31);
#28 = PRODUCT_DEFINITION_FORMATION('','',#29);
#29 = PRODUCT('active_sector_peek_guide_rear',
  'active_sector_peek_guide_rear','',(#30));
#30 = PRODUCT_CONTEXT('',#2,'mechanical');
#31 = PRODUCT_DEFINITION_CONTEXT('part definition',#2,'design');
#32 = ADVANCED_BREP_SHAPE_REPRESENTATION('',(#11,#33),#7411);
#33 = MANIFOLD_SOLID_BREP('',#34);
#34 = CLOSED_SHELL('',(#35,#305,#1187,#1263,#1334,#1361,#1388,#1395,
    #1632,#1858,#1934,#2005,#2052,#2138,#2214,#2290,#2361,#2389,#2417,
    #2459,#2509,#2562,#2609,#2659,#2707,#2752,#2799,#2826,#2858,#3062,
    #3301,#3471,#3628,#3655,#3712,#3811,#3921,#4105,#4175,#4366,#4433,
    #4725,#4963,#5098,#5151,#5178,#5229,#5278,#5306,#5651,#5727,#5798,
    #5825,#5852,#5859,#6096,#6163,#6353,#6412,#6617,#6693,#6769,#6845,
    #6912,#6920,#6928,#6975,#7022,#7029,#7081,#7148,#7196,#7248,#7275,
    #7302,#7334,#7367,#7398));
#35 = ADVANCED_FACE('',(#36),#50,.F.);
#36 = FACE_BOUND('',#37,.F.);
#37 = EDGE_LOOP('',(#38,#73,#101,#129,#167,#244));
#38 = ORIENTED_EDGE('',*,*,#39,.F.);
#39 = EDGE_CURVE('',#40,#42,#44,.T.);
#40 = VERTEX_POINT('',#41);
#41 = CARTESIAN_POINT('',(31.9,-3.6,-25.55));
#42 = VERTEX_POINT('',#43);
#43 = CARTESIAN_POINT('',(31.9,-3.6,-24.63937684068));
#44 = SURFACE_CURVE('',#45,(#49,#61),.PCURVE_S1.);
#45 = LINE('',#46,#47);
#46 = CARTESIAN_POINT('',(31.9,-3.6,-25.55));
#47 = VECTOR('',#48,1.);
#48 = DIRECTION('',(0.,0.,1.));
#49 = PCURVE('',#50,#55);
#50 = PLANE('',#51);
#51 = AXIS2_PLACEMENT_3D('',#52,#53,#54);
#52 = CARTESIAN_POINT('',(31.9,-3.6,-25.55));
#53 = DIRECTION('',(1.,0.,-0.));
#54 = DIRECTION('',(0.,0.,1.));
#55 = DEFINITIONAL_REPRESENTATION('',(#56),#60);
#56 = LINE('',#57,#58);
#57 = CARTESIAN_POINT('',(0.,0.));
#58 = VECTOR('',#59,1.);
#59 = DIRECTION('',(1.,0.));
#60 = ( GEOMETRIC_REPRESENTATION_CONTEXT(2) 
PARAMETRIC_REPRESENTATION_CONTEXT() REPRESENTATION_CONTEXT('2D SPACE',''
  ) );
#61 = PCURVE('',#62,#67);
#62 = PLANE('',#63);
#63 = AXIS2_PLACEMENT_3D('',#64,#65,#66);
#64 = CARTESIAN_POINT('',(31.9,-3.6,-25.55));
#65 = DIRECTION('',(-0.,1.,0.));
#66 = DIRECTION('',(0.,0.,1.));
#67 = DEFINITIONAL_REPRESENTATION('',(#68),#72);
#68 = LINE('',#69,#70);
#69 = CARTESIAN_POINT('',(0.,0.));
#70 = VECTOR('',#71,1.);
#71 = DIRECTION('',(1.,0.));
#72 = ( GEOMETRIC_REPRESENTATION_CONTEXT(2) 
PARAMETRIC_REPRESENTATION_CONTEXT() REPRESENTATION_CONTEXT('2D SPACE',''
  ) );
#73 = ORIENTED_EDGE('',*,*,#74,.T.);
#74 = EDGE_CURVE('',#40,#75,#77,.T.);
#75 = VERTEX_POINT('',#76);
#76 = CARTESIAN_POINT('',(31.9,3.6,-25.55));
#77 = SURFACE_CURVE('',#78,(#82,#89),.PCURVE_S1.);
#78 = LINE('',#79,#80);
#79 = CARTESIAN_POINT('',(31.9,-3.6,-25.55));
#80 = VECTOR('',#81,1.);
#81 = DIRECTION('',(-0.,1.,0.));
#82 = PCURVE('',#50,#83);
#83 = DEFINITIONAL_REPRESENTATION('',(#84),#88);
#84 = LINE('',#85,#86);
#85 = CARTESIAN_POINT('',(0.,0.));
#86 = VECTOR('',#87,1.);
#87 = DIRECTION('',(0.,-1.));
#88 = ( GEOMETRIC_REPRESENTATION_CONTEXT(2) 
PARAMETRIC_REPRESENTATION_CONTEXT() REPRESENTATION_CONTEXT('2D SPACE',''
  ) );
#89 = PCURVE('',#90,#95);
#90 = PLANE('',#91);
#91 = AXIS2_PLACEMENT_3D('',#92,#93,#94);
#92 = CARTESIAN_POINT('',(31.9,-3.6,-25.55));
#93 = DIRECTION('',(0.,0.,1.));
#94 = DIRECTION('',(1.,0.,-0.));
#95 = DEFINITIONAL_REPRESENTATION('',(#96),#100);
#96 = LINE('',#97,#98);
#97 = CARTESIAN_POINT('',(0.,0.));
#98 = VECTOR('',#99,1.);
#99 = DIRECTION('',(0.,1.));
#100 = ( GEOMETRIC_REPRESENTATION_CONTEXT(2) 
PARAMETRIC_REPRESENTATION_CONTEXT() REPRESENTATION_CONTEXT('2D SPACE',''
  ) );
#101 = ORIENTED_EDGE('',*,*,#102,.T.);
#102 = EDGE_CURVE('',#75,#103,#105,.T.);
#103 = VERTEX_POINT('',#104);
#104 = CARTESIAN_POINT('',(31.9,3.6,-24.63937684068));
#105 = SURFACE_CURVE('',#106,(#110,#117),.PCURVE_S1.);
#106 = LINE('',#107,#108);
#107 = CARTESIAN_POINT('',(31.9,3.6,-25.55));
#108 = VECTOR('',#109,1.);
#109 = DIRECTION('',(0.,0.,1.));
#110 = PCURVE('',#50,#111);
#111 = DEFINITIONAL_REPRESENTATION('',(#112),#116);
#112 = LINE('',#113,#114);
#113 = CARTESIAN_POINT('',(0.,-7.2));
#114 = VECTOR('',#115,1.);
#115 = DIRECTION('',(1.,0.));
#116 = ( GEOMETRIC_REPRESENTATION_CONTEXT(2) 
PARAMETRIC_REPRESENTATION_CONTEXT() REPRESENTATION_CONTEXT('2D SPACE',''
  ) );
#117 = PCURVE('',#118,#123);
#118 = PLANE('',#119);
#119 = AXIS2_PLACEMENT_3D('',#120,#121,#122);
#120 = CARTESIAN_POINT('',(31.9,3.6,-25.55));
#121 = DIRECTION('',(-0.,1.,0.));
#122 = DIRECTION('',(0.,0.,1.));
#123 = DEFINITIONAL_REPRESENTATION('',(#124),#128);
#124 = LINE('',#125,#126);
#125 = CARTESIAN_POINT('',(0.,0.));
#126 = VECTOR('',#127,1.);
#127 = DIRECTION('',(1.,0.));
#128 = ( GEOMETRIC_REPRESENTATION_CONTEXT(2) 
PARAMETRIC_REPRESENTATION_CONTEXT() REPRESENTATION_CONTEXT('2D SPACE',''
  ) );
#129 = ORIENTED_EDGE('',*,*,#130,.F.);
#130 = EDGE_CURVE('',#131,#103,#133,.T.);
#131 = VERTEX_POINT('',#132);
#132 = CARTESIAN_POINT('',(31.9,2.05,-24.98627556711));
#133 = SURFACE_CURVE('',#134,(#139,#146),.PCURVE_S1.);
#134 = CIRCLE('',#135,3.636275567115);
#135 = AXIS2_PLACEMENT_3D('',#136,#137,#138);
#136 = CARTESIAN_POINT('',(31.9,2.05,-21.35));
#137 = DIRECTION('',(1.,0.,-0.));
#138 = DIRECTION('',(0.,0.,1.));
#139 = PCURVE('',#50,#140);
#140 = DEFINITIONAL_REPRESENTATION('',(#141),#145);
#141 = CIRCLE('',#142,3.636275567115);
#142 = AXIS2_PLACEMENT_2D('',#143,#144);
#143 = CARTESIAN_POINT('',(4.2,-5.65));
#144 = DIRECTION('',(1.,0.));
#145 = ( GEOMETRIC_REPRESENTATION_CONTEXT(2) 
PARAMETRIC_REPRESENTATION_CONTEXT() REPRESENTATION_CONTEXT('2D SPACE',''
  ) );
#146 = PCURVE('',#147,#152);
#147 = SPHERICAL_SURFACE('',#148,4.25);
#148 = AXIS2_PLACEMENT_3D('',#149,#150,#151);
#149 = CARTESIAN_POINT('',(29.7,2.05,-21.35));
#150 = DIRECTION('',(0.,0.,1.));
#151 = DIRECTION('',(1.,0.,-0.));
#152 = DEFINITIONAL_REPRESENTATION('',(#153),#166);
#153 = B_SPLINE_CURVE_WITH_KNOTS('',6,(#154,#155,#156,#157,#158,#159,
    #160,#161,#162,#163,#164,#165),.UNSPECIFIED.,.F.,.F.,(7,5,7),(
    3.14159265359,3.361769986973,3.581947320357),.UNSPECIFIED.);
#154 = CARTESIAN_POINT('',(0.,-1.026697737819));
#155 = CARTESIAN_POINT('',(6.065344377383E-02,-1.026697737819));
#156 = CARTESIAN_POINT('',(0.121306564052,-1.024026977709));
#157 = CARTESIAN_POINT('',(0.18101171373,-1.018684436083));
#158 = CARTESIAN_POINT('',(0.238807060013,-1.010772854215));
#159 = CARTESIAN_POINT('',(0.294064076026,-1.000482051526));
#160 = CARTESIAN_POINT('',(0.398794800286,-0.975562267878));
#161 = CARTESIAN_POINT('',(0.448268738036,-0.960933428987));
#162 = CARTESIAN_POINT('',(0.494494584583,-0.944346893462));
#163 = CARTESIAN_POINT('',(0.537402707979,-0.92603921352));
#164 = CARTESIAN_POINT('',(0.577103619656,-0.906223804791));
#165 = CARTESIAN_POINT('',(0.613770095017,-0.885088485971));
#166 = ( GEOMETRIC_REPRESENTATION_CONTEXT(2) 
PARAMETRIC_REPRESENTATION_CONTEXT() REPRESENTATION_CONTEXT('2D SPACE',''
  ) );
#167 = ORIENTED_EDGE('',*,*,#168,.F.);
#168 = EDGE_CURVE('',#169,#131,#171,.T.);
#169 = VERTEX_POINT('',#170);
#170 = CARTESIAN_POINT('',(31.9,3.064215547965E-14,-24.35333148353));
#171 = SURFACE_CURVE('',#172,(#177,#184),.PCURVE_S1.);
#172 = CIRCLE('',#173,3.636275567115);
#173 = AXIS2_PLACEMENT_3D('',#174,#175,#176);
#174 = CARTESIAN_POINT('',(31.9,2.05,-21.35));
#175 = DIRECTION('',(1.,0.,-0.));
#176 = DIRECTION('',(0.,0.,1.));
#177 = PCURVE('',#50,#178);
#178 = DEFINITIONAL_REPRESENTATION('',(#179),#183);
#179 = CIRCLE('',#180,3.636275567115);
#180 = AXIS2_PLACEMENT_2D('',#181,#182);
#181 = CARTESIAN_POINT('',(4.2,-5.65));
#182 = DIRECTION('',(1.,0.));
#183 = ( GEOMETRIC_REPRESENTATION_CONTEXT(2) 
PARAMETRIC_REPRESENTATION_CONTEXT() REPRESENTATION_CONTEXT('2D SPACE',''
  ) );
#184 = PCURVE('',#185,#190);
#185 = SPHERICAL_SURFACE('',#186,4.25);
#186 = AXIS2_PLACEMENT_3D('',#187,#188,#189);
#187 = CARTESIAN_POINT('',(29.7,2.05,-21.35));
#188 = DIRECTION('',(0.,0.,1.));
#189 = DIRECTION('',(1.,0.,-0.));
#190 = DEFINITIONAL_REPRESENTATION('',(#191),#243);
#191 = B_SPLINE_CURVE_WITH_KNOTS('',8,(#192,#193,#194,#195,#196,#197,
    #198,#199,#200,#201,#202,#203,#204,#205,#206,#207,#208,#209,#210,
    #211,#212,#213,#214,#215,#216,#217,#218,#219,#220,#221,#222,#223,
    #224,#225,#226,#227,#228,#229,#230,#231,#232,#233,#234,#235,#236,
    #237,#238,#239,#240,#241,#242),.UNSPECIFIED.,.F.,.F.,(9,7,7,7,7,7,7,
    9),(0.,0.196349540849,0.564504929942,1.208776860854,2.175184757222,
    2.658388705406,2.899990679498,3.14159265359),.UNSPECIFIED.);
#192 = CARTESIAN_POINT('',(6.28318530718,1.026697737819));
#193 = CARTESIAN_POINT('',(6.242618202747,1.026697737819));
#194 = CARTESIAN_POINT('',(6.202051201985,1.025559866292));
#195 = CARTESIAN_POINT('',(6.16172445841,1.023283965888));
#196 = CARTESIAN_POINT('',(6.121879799339,1.019883743763));
#197 = CARTESIAN_POINT('',(6.082740040178,1.015386010826));
#198 = CARTESIAN_POINT('',(6.044495362031,1.009828846657));
#199 = CARTESIAN_POINT('',(6.007296752622,1.003258690072));
#200 = CARTESIAN_POINT('',(5.903681056621,0.981603227759));
#201 = CARTESIAN_POINT('',(5.840178161392,0.964097595663));
#202 = CARTESIAN_POINT('',(5.781490043031,0.943545308294));
#203 = CARTESIAN_POINT('',(5.727886165914,0.920343677959));
#204 = CARTESIAN_POINT('',(5.679188701809,0.894875575329));
#205 = CARTESIAN_POINT('',(5.635084097664,0.867468957632));
#206 = CARTESIAN_POINT('',(5.595191085558,0.838405210978));
#207 = CARTESIAN_POINT('',(5.496017273825,0.754572478849));
#208 = CARTESIAN_POINT('',(5.444635714265,0.696872855523));
#209 = CARTESIAN_POINT('',(5.40292952674,0.636090259435));
#210 = CARTESIAN_POINT('',(5.368830729034,0.573072150672));
#211 = CARTESIAN_POINT('',(5.341033100251,0.508368738764));
#212 = CARTESIAN_POINT('',(5.318498096161,0.442399783841));
#213 = CARTESIAN_POINT('',(5.300524909987,0.37547771515));
#214 = CARTESIAN_POINT('',(5.265751013634,0.206434294702));
#215 = CARTESIAN_POINT('',(5.254030535417,0.103443730557));
#216 = CARTESIAN_POINT('',(5.249786586824,-2.4523723323E-04));
#217 = CARTESIAN_POINT('',(5.252463386011,-0.10405781408));
#218 = CARTESIAN_POINT('',(5.262170815263,-0.207456302791));
#219 = CARTESIAN_POINT('',(5.279652312674,-0.309829446682));
#220 = CARTESIAN_POINT('',(5.306579402948,-0.410410166573));
#221 = CARTESIAN_POINT('',(5.366301875367,-0.556397181544));
#222 = CARTESIAN_POINT('',(5.389431205985,-0.604245500979));
#223 = CARTESIAN_POINT('',(5.416212299131,-0.65109650726));
#224 = CARTESIAN_POINT('',(5.447182825065,-0.696724064814));
#225 = CARTESIAN_POINT('',(5.483015553426,-0.740837504004));
#226 = CARTESIAN_POINT('',(5.524522059035,-0.783065709314));
#227 = CARTESIAN_POINT('',(5.572688626638,-0.822898359934));
#228 = CARTESIAN_POINT('',(5.6561015381,-0.878080595941));
#229 = CARTESIAN_POINT('',(5.685766550831,-0.895713587679));
#230 = CARTESIAN_POINT('',(5.717389127163,-0.912504256315));
#231 = CARTESIAN_POINT('',(5.751055669911,-0.928363213805));
#232 = CARTESIAN_POINT('',(5.786826739553,-0.943192220443));
#233 = CARTESIAN_POINT('',(5.824719448871,-0.956886121168));
#234 = CARTESIAN_POINT('',(5.864687642679,-0.969337417948));
#235 = CARTESIAN_POINT('',(5.948512082605,-0.991549538555));
#236 = CARTESIAN_POINT('',(5.992368571609,-1.001310234051));
#237 = CARTESIAN_POINT('',(6.038039159234,-1.009623760658));
#238 = CARTESIAN_POINT('',(6.085313388274,-1.016391426397));
#239 = CARTESIAN_POINT('',(6.133883409069,-1.021528926301));
#240 = CARTESIAN_POINT('',(6.183352434103,-1.024975037981));
#241 = CARTESIAN_POINT('',(6.233268752898,-1.026697737819));
#242 = CARTESIAN_POINT('',(6.28318530718,-1.026697737819));
#243 = ( GEOMETRIC_REPRESENTATION_CONTEXT(2) 
PARAMETRIC_REPRESENTATION_CONTEXT() REPRESENTATION_CONTEXT('2D SPACE',''
  ) );
#244 = ORIENTED_EDGE('',*,*,#245,.F.);
#245 = EDGE_CURVE('',#42,#169,#246,.T.);
#246 = SURFACE_CURVE('',#247,(#252,#259),.PCURVE_S1.);
#247 = CIRCLE('',#248,3.636275567115);
#248 = AXIS2_PLACEMENT_3D('',#249,#250,#251);
#249 = CARTESIAN_POINT('',(31.9,-2.05,-21.35));
#250 = DIRECTION('',(1.,0.,0.));
#251 = DIRECTION('',(0.,-0.426260323617,-0.904600539747));
#252 = PCURVE('',#50,#253);
#253 = DEFINITIONAL_REPRESENTATION('',(#254),#258);
#254 = CIRCLE('',#255,3.636275567115);
#255 = AXIS2_PLACEMENT_2D('',#256,#257);
#256 = CARTESIAN_POINT('',(4.2,-1.55));
#257 = DIRECTION('',(-0.904600539747,0.426260323617));
#258 = ( GEOMETRIC_REPRESENTATION_CONTEXT(2) 
PARAMETRIC_REPRESENTATION_CONTEXT() REPRESENTATION_CONTEXT('2D SPACE',''
  ) );
#259 = PCURVE('',#260,#265);
#260 = SPHERICAL_SURFACE('',#261,4.25);
#261 = AXIS2_PLACEMENT_3D('',#262,#263,#264);
#262 = CARTESIAN_POINT('',(29.7,-2.05,-21.35));
#263 = DIRECTION('',(0.,0.,1.));
#264 = DIRECTION('',(1.,0.,-0.));
#265 = DEFINITIONAL_REPRESENTATION('',(#266),#304);
#266 = B_SPLINE_CURVE_WITH_KNOTS('',8,(#267,#268,#269,#270,#271,#272,
    #273,#274,#275,#276,#277,#278,#279,#280,#281,#282,#283,#284,#285,
    #286,#287,#288,#289,#290,#291,#292,#293,#294,#295,#296,#297,#298,
    #299,#300,#301,#302,#303),.UNSPECIFIED.,.F.,.F.,(9,7,7,7,7,9),(0.,
    0.220177333383,0.440354666767,0.636704207616,1.004859596709,
    1.039290251437),.UNSPECIFIED.);
#267 = CARTESIAN_POINT('',(5.669415212163,-0.885088485971));
#268 = CARTESIAN_POINT('',(5.696915068684,-0.900939975086));
#269 = CARTESIAN_POINT('',(5.726040516088,-0.916084369509));
#270 = CARTESIAN_POINT('',(5.756853259877,-0.930454591135));
#271 = CARTESIAN_POINT('',(5.789401663272,-0.943978076801));
#272 = CARTESIAN_POINT('',(5.823708117278,-0.956577041895));
#273 = CARTESIAN_POINT('',(5.859756803175,-0.968170386037));
#274 = CARTESIAN_POINT('',(5.897481847426,-0.978677240834));
#275 = CARTESIAN_POINT('',(5.976029890621,-0.99736707857));
#276 = CARTESIAN_POINT('',(6.016853012513,-1.005549985402));
#277 = CARTESIAN_POINT('',(6.059099047695,-1.012495833166));
#278 = CARTESIAN_POINT('',(6.102582837034,-1.01813392746));
#279 = CARTESIAN_POINT('',(6.147054023986,-1.022405079997));
#280 = CARTESIAN_POINT('',(6.19220531482,-1.025266973474));
#281 = CARTESIAN_POINT('',(6.237695224349,-1.026697737819));
#282 = CARTESIAN_POINT('',(6.323752411612,-1.026697737819));
#283 = CARTESIAN_POINT('',(6.364319412374,-1.025559866292));
#284 = CARTESIAN_POINT('',(6.40464615595,-1.023283965888));
#285 = CARTESIAN_POINT('',(6.444490815021,-1.019883743763));
#286 = CARTESIAN_POINT('',(6.483630574181,-1.015386010826));
#287 = CARTESIAN_POINT('',(6.521875252328,-1.009828846657));
#288 = CARTESIAN_POINT('',(6.559073861738,-1.003258690072));
#289 = CARTESIAN_POINT('',(6.662689557738,-0.981603227759));
#290 = CARTESIAN_POINT('',(6.726192452967,-0.964097595664));
#291 = CARTESIAN_POINT('',(6.784880571329,-0.943545308294));
#292 = CARTESIAN_POINT('',(6.838484448444,-0.920343677959));
#293 = CARTESIAN_POINT('',(6.887181912551,-0.894875575329));
#294 = CARTESIAN_POINT('',(6.931286516695,-0.867468957632));
#295 = CARTESIAN_POINT('',(6.971179528801,-0.838405210978));
#296 = CARTESIAN_POINT('',(7.010615438646,-0.80506959537));
#297 = CARTESIAN_POINT('',(7.013954646532,-0.802206181857));
#298 = CARTESIAN_POINT('',(7.017260670168,-0.799330534186));
#299 = CARTESIAN_POINT('',(7.020533823115,-0.796442842536));
#300 = CARTESIAN_POINT('',(7.023774418714,-0.793543293706));
#301 = CARTESIAN_POINT('',(7.026982769772,-0.790632071168));
#302 = CARTESIAN_POINT('',(7.030159188288,-0.787709355124));
#303 = CARTESIAN_POINT('',(7.033303985189,-0.784775322564));
#304 = ( GEOMETRIC_REPRESENTATION_CONTEXT(2) 
PARAMETRIC_REPRESENTATION_CONTEXT() REPRESENTATION_CONTEXT('2D SPACE',''
  ) );
#305 = ADVANCED_FACE('',(#306,#1056),#260,.T.);
#306 = FACE_BOUND('',#307,.T.);
#307 = EDGE_LOOP('',(#308,#377,#523,#551,#574,#686,#714,#737,#883,#884,
    #921,#953,#993,#1021));
#308 = ORIENTED_EDGE('',*,*,#309,.T.);
#309 = EDGE_CURVE('',#310,#312,#314,.T.);
#310 = VERTEX_POINT('',#311);
#311 = CARTESIAN_POINT('',(31.9,-3.6,-18.06062315932));
#312 = VERTEX_POINT('',#313);
#313 = CARTESIAN_POINT('',(31.9,3.515706244646E-14,-18.34666851646));
#314 = SURFACE_CURVE('',#315,(#320,#361),.PCURVE_S1.);
#315 = CIRCLE('',#316,3.636275567115);
#316 = AXIS2_PLACEMENT_3D('',#317,#318,#319);
#317 = CARTESIAN_POINT('',(31.9,-2.05,-21.35));
#318 = DIRECTION('',(-1.,0.,0.));
#319 = DIRECTION('',(0.,-0.426260323617,0.904600539747));
#320 = PCURVE('',#260,#321);
#321 = DEFINITIONAL_REPRESENTATION('',(#322),#360);
#322 = B_SPLINE_CURVE_WITH_KNOTS('',8,(#323,#324,#325,#326,#327,#328,
    #329,#330,#331,#332,#333,#334,#335,#336,#337,#338,#339,#340,#341,
    #342,#343,#344,#345,#346,#347,#348,#349,#350,#351,#352,#353,#354,
    #355,#356,#357,#358,#359),.UNSPECIFIED.,.F.,.F.,(9,7,7,7,7,9),(0.,
    0.220177333383,0.440354666767,0.681956640859,0.923558614951,
    1.039290251437),.UNSPECIFIED.);
#323 = CARTESIAN_POINT('',(5.669415212163,0.885088485971));
#324 = CARTESIAN_POINT('',(5.696915068684,0.900939975086));
#325 = CARTESIAN_POINT('',(5.726040516088,0.916084369509));
#326 = CARTESIAN_POINT('',(5.756853259877,0.930454591135));
#327 = CARTESIAN_POINT('',(5.789401663272,0.943978076801));
#328 = CARTESIAN_POINT('',(5.823708117278,0.956577041895));
#329 = CARTESIAN_POINT('',(5.859756803175,0.968170386037));
#330 = CARTESIAN_POINT('',(5.897481847426,0.978677240834));
#331 = CARTESIAN_POINT('',(5.976029890621,0.99736707857));
#332 = CARTESIAN_POINT('',(6.016853012513,1.005549985402));
#333 = CARTESIAN_POINT('',(6.059099047695,1.012495833166));
#334 = CARTESIAN_POINT('',(6.102582837034,1.01813392746));
#335 = CARTESIAN_POINT('',(6.147054023986,1.022405079997));
#336 = CARTESIAN_POINT('',(6.19220531482,1.025266973474));
#337 = CARTESIAN_POINT('',(6.237695224349,1.026697737819));
#338 = CARTESIAN_POINT('',(6.333101861461,1.026697737819));
#339 = CARTESIAN_POINT('',(6.383018180256,1.024975037981));
#340 = CARTESIAN_POINT('',(6.43248720529,1.021528926301));
#341 = CARTESIAN_POINT('',(6.481057226085,1.016391426397));
#342 = CARTESIAN_POINT('',(6.528331455126,1.009623760658));
#343 = CARTESIAN_POINT('',(6.57400204275,1.001310234051));
#344 = CARTESIAN_POINT('',(6.617858531754,0.991549538555));
#345 = CARTESIAN_POINT('',(6.70168297168,0.969337417948));
#346 = CARTESIAN_POINT('',(6.741651165488,0.956886121168));
#347 = CARTESIAN_POINT('',(6.779543874806,0.943192220443));
#348 = CARTESIAN_POINT('',(6.815314944449,0.928363213805));
#349 = CARTESIAN_POINT('',(6.848981487196,0.912504256315));
#350 = CARTESIAN_POINT('',(6.880604063528,0.895713587679));
#351 = CARTESIAN_POINT('',(6.910269076259,0.878080595941));
#352 = CARTESIAN_POINT('',(6.95139213542,0.850875426908));
#353 = CARTESIAN_POINT('',(6.964283981827,0.841889690697));
#354 = CARTESIAN_POINT('',(6.976759663138,0.832738224607));
#355 = CARTESIAN_POINT('',(6.9888305955,0.823429488458));
#356 = CARTESIAN_POINT('',(7.000508568647,0.813971485459));
#357 = CARTESIAN_POINT('',(7.011805525504,0.804371772948));
#358 = CARTESIAN_POINT('',(7.022733399898,0.794637479714));
#359 = CARTESIAN_POINT('',(7.033303997611,0.784775326915));
#360 = ( GEOMETRIC_REPRESENTATION_CONTEXT(2) 
PARAMETRIC_REPRESENTATION_CONTEXT() REPRESENTATION_CONTEXT('2D SPACE',''
  ) );
#361 = PCURVE('',#362,#367);
#362 = PLANE('',#363);
#363 = AXIS2_PLACEMENT_3D('',#364,#365,#366);
#364 = CARTESIAN_POINT('',(31.9,-3.6,-25.55));
#365 = DIRECTION('',(1.,0.,-0.));
#366 = DIRECTION('',(0.,0.,1.));
#367 = DEFINITIONAL_REPRESENTATION('',(#368),#376);
#368 = ( BOUNDED_CURVE() B_SPLINE_CURVE(2,(#369,#370,#371,#372,#373,#374
,#375),.UNSPECIFIED.,.T.,.F.) B_SPLINE_CURVE_WITH_KNOTS((1,2,2,2,2,1),(
    -2.094395102393,0.,2.094395102393,4.188790204786,6.28318530718,
8.377580409573),.UNSPECIFIED.) CURVE() GEOMETRIC_REPRESENTATION_ITEM() 
RATIONAL_B_SPLINE_CURVE((1.,0.5,1.,0.5,1.,0.5,1.)) REPRESENTATION_ITEM(
  '') );
#369 = CARTESIAN_POINT('',(7.48937684068,-1.643130076445E-14));
#370 = CARTESIAN_POINT('',(10.174055592411,-5.697367813298));
#371 = CARTESIAN_POINT('',(3.897650955526,-5.173683906649));
#372 = CARTESIAN_POINT('',(-2.378753681359,-4.65));
#373 = CARTESIAN_POINT('',(1.212972203794,0.523683906649));
#374 = CARTESIAN_POINT('',(4.804698088948,5.697367813298));
#375 = CARTESIAN_POINT('',(7.48937684068,-1.643130076445E-14));
#376 = ( GEOMETRIC_REPRESENTATION_CONTEXT(2) 
PARAMETRIC_REPRESENTATION_CONTEXT() REPRESENTATION_CONTEXT('2D SPACE',''
  ) );
#377 = ORIENTED_EDGE('',*,*,#378,.T.);
#378 = EDGE_CURVE('',#312,#379,#381,.T.);
#379 = VERTEX_POINT('',#380);
#380 = CARTESIAN_POINT('',(29.7,-3.155443620884E-30,-17.6270979062));
#381 = SURFACE_CURVE('',#382,(#387,#414),.PCURVE_S1.);
#382 = CIRCLE('',#383,3.722902093797);
#383 = AXIS2_PLACEMENT_3D('',#384,#385,#386);
#384 = CARTESIAN_POINT('',(29.7,0.,-21.35));
#385 = DIRECTION('',(1.598048293021E-14,-1.,-1.577721810442E-30));
#386 = DIRECTION('',(0.590936840285,9.443456089011E-15,0.806717826005));
#387 = PCURVE('',#260,#388);
#388 = DEFINITIONAL_REPRESENTATION('',(#389),#413);
#389 = B_SPLINE_CURVE_WITH_KNOTS('',8,(#390,#391,#392,#393,#394,#395,
    #396,#397,#398,#399,#400,#401,#402,#403,#404,#405,#406,#407,#408,
    #409,#410,#411,#412),.UNSPECIFIED.,.F.,.F.,(9,7,7,9),(0.,
    5.544286987397E-02,0.43587010527,0.632219646119),.UNSPECIFIED.);
#390 = CARTESIAN_POINT('',(7.033303997362,0.784775325838));
#391 = CARTESIAN_POINT('',(7.038022720241,0.789845631203));
#392 = CARTESIAN_POINT('',(7.04282343876,0.794890457636));
#393 = CARTESIAN_POINT('',(7.047707702514,0.799909116619));
#394 = CARTESIAN_POINT('',(7.052677087941,0.804900896582));
#395 = CARTESIAN_POINT('',(7.057733196804,0.809865061999));
#396 = CARTESIAN_POINT('',(7.06287765431,0.814800852482));
#397 = CARTESIAN_POINT('',(7.068112106795,0.81970748184));
#398 = CARTESIAN_POINT('',(7.109983912214,0.858045833719));
#399 = CARTESIAN_POINT('',(7.150845232562,0.890096275819));
#400 = CARTESIAN_POINT('',(7.196557246856,0.920473296545));
#401 = CARTESIAN_POINT('',(7.247703571526,0.948854219571));
#402 = CARTESIAN_POINT('',(7.304820816504,0.974849634858));
#403 = CARTESIAN_POINT('',(7.368378551734,0.997980928492));
#404 = CARTESIAN_POINT('',(7.438232972889,1.017716505676));
#405 = CARTESIAN_POINT('',(7.552327467928,1.041793588538));
#406 = CARTESIAN_POINT('',(7.592606472827,1.048963050888));
#407 = CARTESIAN_POINT('',(7.634200937901,1.05504260508));
#408 = CARTESIAN_POINT('',(7.676934749332,1.059973454534));
#409 = CARTESIAN_POINT('',(7.720574349471,1.063706643877));
#410 = CARTESIAN_POINT('',(7.764836651719,1.066207317851));
#411 = CARTESIAN_POINT('',(7.80940906588,1.067457518148));
#412 = CARTESIAN_POINT('',(7.853981633974,1.067457518148));
#413 = ( GEOMETRIC_REPRESENTATION_CONTEXT(2) 
PARAMETRIC_REPRESENTATION_CONTEXT() REPRESENTATION_CONTEXT('2D SPACE',''
  ) );
#414 = PCURVE('',#415,#420);
#415 = SPHERICAL_SURFACE('',#416,4.25);
#416 = AXIS2_PLACEMENT_3D('',#417,#418,#419);
#417 = CARTESIAN_POINT('',(29.7,2.05,-21.35));
#418 = DIRECTION('',(0.,0.,1.));
#419 = DIRECTION('',(1.,0.,-0.));
#420 = DEFINITIONAL_REPRESENTATION('',(#421),#522);
#421 = B_SPLINE_CURVE_WITH_KNOTS('',8,(#422,#423,#424,#425,#426,#427,
    #428,#429,#430,#431,#432,#433,#434,#435,#436,#437,#438,#439,#440,
    #441,#442,#443,#444,#445,#446,#447,#448,#449,#450,#451,#452,#453,
    #454,#455,#456,#457,#458,#459,#460,#461,#462,#463,#464,#465,#466,
    #467,#468,#469,#470,#471,#472,#473,#474,#475,#476,#477,#478,#479,
    #480,#481,#482,#483,#484,#485,#486,#487,#488,#489,#490,#491,#492,
    #493,#494,#495,#496,#497,#498,#499,#500,#501,#502,#503,#504,#505,
    #506,#507,#508,#509,#510,#511,#512,#513,#514,#515,#516,#517,#518,
    #519,#520,#521),.UNSPECIFIED.,.F.,.F.,(9,7,7,7,7,7,7,7,7,7,7,7,7,7,9
    ),(0.,5.544286987395E-02,0.43587010527,0.632219646119,0.844182377561
    ,1.056145109004,1.480070571888,2.327921497657,2.89315544817,
    3.216146277035,3.58527865288,3.782149253331,3.992144560478,
    4.216139554769,4.406031945828),.UNSPECIFIED.);
#422 = CARTESIAN_POINT('',(5.533066616997,0.784775325838));
#423 = CARTESIAN_POINT('',(5.528347894118,0.789845631203));
#424 = CARTESIAN_POINT('',(5.523547175599,0.794890457636));
#425 = CARTESIAN_POINT('',(5.518662911845,0.799909116619));
#426 = CARTESIAN_POINT('',(5.513693526418,0.804900896582));
#427 = CARTESIAN_POINT('',(5.508637417555,0.809865061999));
#428 = CARTESIAN_POINT('',(5.503492960049,0.814800852482));
#429 = CARTESIAN_POINT('',(5.498258507565,0.81970748184));
#430 = CARTESIAN_POINT('',(5.456386702145,0.858045833719));
#431 = CARTESIAN_POINT('',(5.415525381798,0.890096275819));
#432 = CARTESIAN_POINT('',(5.369813367495,0.920473296545));
#433 = CARTESIAN_POINT('',(5.318667042859,0.948854219571));
#434 = CARTESIAN_POINT('',(5.261549797831,0.974849634858));
#435 = CARTESIAN_POINT('',(5.197992062626,0.997980928492));
#436 = CARTESIAN_POINT('',(5.12813764147,1.017716505676));
#437 = CARTESIAN_POINT('',(5.014043146431,1.041793588538));
#438 = CARTESIAN_POINT('',(4.973764141532,1.048963050888));
#439 = CARTESIAN_POINT('',(4.932169676459,1.05504260508));
#440 = CARTESIAN_POINT('',(4.889435865027,1.059973454534));
#441 = CARTESIAN_POINT('',(4.845796264888,1.063706643877));
#442 = CARTESIAN_POINT('',(4.80153396264,1.066207317851));
#443 = CARTESIAN_POINT('',(4.756961548479,1.067457518148));
#444 = CARTESIAN_POINT('',(4.66427212083,1.067457518148));
#445 = CARTESIAN_POINT('',(4.616155467579,1.066000620387));
#446 = CARTESIAN_POINT('',(4.568428845285,1.063086348601));
#447 = CARTESIAN_POINT('',(4.521485891634,1.058739271341));
#448 = CARTESIAN_POINT('',(4.475676614561,1.053006652498));
#449 = CARTESIAN_POINT('',(4.431279373795,1.045954093192));
#450 = CARTESIAN_POINT('',(4.388492286696,1.037659165043));
#451 = CARTESIAN_POINT('',(4.306395830129,1.018746904565));
#452 = CARTESIAN_POINT('',(4.267086285543,1.008129664212));
#453 = CARTESIAN_POINT('',(4.229645426716,0.996433021652));
#454 = CARTESIAN_POINT('',(4.194130224086,0.983743555933));
#455 = CARTESIAN_POINT('',(4.160540865362,0.970147000538));
#456 = CARTESIAN_POINT('',(4.128836312307,0.955724478131));
#457 = CARTESIAN_POINT('',(4.098949165387,0.940550686751));
#458 = CARTESIAN_POINT('',(4.014501178144,0.892980738853));
#459 = CARTESIAN_POINT('',(3.965153041504,0.85853592336));
#460 = CARTESIAN_POINT('',(3.922112353443,0.821906354539));
#461 = CARTESIAN_POINT('',(3.884505024122,0.783533269221));
#462 = CARTESIAN_POINT('',(3.851573738622,0.743742871517));
#463 = CARTESIAN_POINT('',(3.822678987482,0.702791559139));
#464 = CARTESIAN_POINT('',(3.797294700231,0.660879437023));
#465 = CARTESIAN_POINT('',(3.730380492197,0.53274457318));
#466 = CARTESIAN_POINT('',(3.698089729983,0.444123321565));
#467 = CARTESIAN_POINT('',(3.674665290942,0.353592916649));
#468 = CARTESIAN_POINT('',(3.658210388025,0.261811556351));
#469 = CARTESIAN_POINT('',(3.647688427252,0.169263377851));
#470 = CARTESIAN_POINT('',(3.642528420949,7.631879679806E-02));
#471 = CARTESIAN_POINT('',(3.642596975133,-1.668042302735E-02));
#472 = CARTESIAN_POINT('',(3.652007002634,-0.171126155349));
#473 = CARTESIAN_POINT('',(3.658250073465,-0.232756990272));
#474 = CARTESIAN_POINT('',(3.667076001269,-0.294125530143));
#475 = CARTESIAN_POINT('',(3.678687429259,-0.355108229322));
#476 = CARTESIAN_POINT('',(3.693395020986,-0.415559640905));
#477 = CARTESIAN_POINT('',(3.711649674078,-0.475300974743));
#478 = CARTESIAN_POINT('',(3.734101186988,-0.534095459423));
#479 = CARTESIAN_POINT('',(3.777449995294,-0.624452762597));
#480 = CARTESIAN_POINT('',(3.794889641634,-0.65688729232));
#481 = CARTESIAN_POINT('',(3.814180218609,-0.68883430977));
#482 = CARTESIAN_POINT('',(3.835527446722,-0.720216926292));
#483 = CARTESIAN_POINT('',(3.85917020298,-0.750943276582));
#484 = CARTESIAN_POINT('',(3.885388164293,-0.780901516328));
#485 = CARTESIAN_POINT('',(3.914500544029,-0.809953777441));
#486 = CARTESIAN_POINT('',(3.983802152833,-0.869903065738));
#487 = CARTESIAN_POINT('',(4.024979773837,-0.900470701816));
#488 = CARTESIAN_POINT('',(4.070870667707,-0.929379742329));
#489 = CARTESIAN_POINT('',(4.122002723099,-0.956321012729));
#490 = CARTESIAN_POINT('',(4.178846092669,-0.980925227757));
#491 = CARTESIAN_POINT('',(4.241771251707,-1.002744621504));
#492 = CARTESIAN_POINT('',(4.310561148287,-1.021294243583));
#493 = CARTESIAN_POINT('',(4.423667638866,-1.044090698429));
#494 = CARTESIAN_POINT('',(4.464424127042,-1.050972396743));
#495 = CARTESIAN_POINT('',(4.506461395464,-1.056744228278));
#496 = CARTESIAN_POINT('',(4.549590256347,-1.061348663186));
#497 = CARTESIAN_POINT('',(4.593564482136,-1.064738906115));
#498 = CARTESIAN_POINT('',(4.638090494476,-1.066883116557));
#499 = CARTESIAN_POINT('',(4.682848914054,-1.067766948593));
#500 = CARTESIAN_POINT('',(4.775185632364,-1.066997035593));
#501 = CARTESIAN_POINT('',(4.822752636681,-1.065170222308));
#502 = CARTESIAN_POINT('',(4.869850173847,-1.061918054936));
#503 = CARTESIAN_POINT('',(4.916102342022,-1.05726871275));
#504 = CARTESIAN_POINT('',(4.961179706693,-1.051271607339));
#505 = CARTESIAN_POINT('',(5.004824196403,-1.043992889125));
#506 = CARTESIAN_POINT('',(5.046855335429,-1.035509322572));
#507 = CARTESIAN_POINT('',(5.130147123293,-1.015651151495));
#508 = CARTESIAN_POINT('',(5.171169639151,-1.004121629426));
#509 = CARTESIAN_POINT('',(5.210085299598,-0.991409125053));
#510 = CARTESIAN_POINT('',(5.246840479663,-0.977616267244));
#511 = CARTESIAN_POINT('',(5.28145195977,-0.962843305405));
#512 = CARTESIAN_POINT('',(5.313982718194,-0.947183903402));
#513 = CARTESIAN_POINT('',(5.344519854841,-0.930723541676));
#514 = CARTESIAN_POINT('',(5.397448918412,-0.898971670072));
#515 = CARTESIAN_POINT('',(5.420373070155,-0.883883731));
#516 = CARTESIAN_POINT('',(5.441999171221,-0.868322782158));
#517 = CARTESIAN_POINT('',(5.462395966833,-0.852331578931));
#518 = CARTESIAN_POINT('',(5.481633747139,-0.835948553313));
#519 = CARTESIAN_POINT('',(5.499781416372,-0.819208136628));
#520 = CARTESIAN_POINT('',(5.516904946944,-0.802141170891));
#521 = CARTESIAN_POINT('',(5.533066612547,-0.784775321775));
#522 = ( GEOMETRIC_REPRESENTATION_CONTEXT(2) 
PARAMETRIC_REPRESENTATION_CONTEXT() REPRESENTATION_CONTEXT('2D SPACE',''
  ) );
#523 = ORIENTED_EDGE('',*,*,#524,.T.);
#524 = EDGE_CURVE('',#379,#525,#527,.T.);
#525 = VERTEX_POINT('',#526);
#526 = CARTESIAN_POINT('',(29.7,-2.05,-17.1));
#527 = SURFACE_CURVE('',#528,(#533,#539),.PCURVE_S1.);
#528 = CIRCLE('',#529,4.25);
#529 = AXIS2_PLACEMENT_3D('',#530,#531,#532);
#530 = CARTESIAN_POINT('',(29.7,-2.05,-21.35));
#531 = DIRECTION('',(1.,0.,-0.));
#532 = DIRECTION('',(0.,0.,1.));
#533 = PCURVE('',#260,#534);
#534 = DEFINITIONAL_REPRESENTATION('',(#535),#538);
#535 = B_SPLINE_CURVE_WITH_KNOTS('',1,(#536,#537),.UNSPECIFIED.,.F.,.F.,
  (2,2),(5.779846498533,6.28318530718),.PIECEWISE_BEZIER_KNOTS.);
#536 = CARTESIAN_POINT('',(7.853981633974,1.067457518148));
#537 = CARTESIAN_POINT('',(7.853981633974,1.570796326795));
#538 = ( GEOMETRIC_REPRESENTATION_CONTEXT(2) 
PARAMETRIC_REPRESENTATION_CONTEXT() REPRESENTATION_CONTEXT('2D SPACE',''
  ) );
#539 = PCURVE('',#540,#545);
#540 = PLANE('',#541);
#541 = AXIS2_PLACEMENT_3D('',#542,#543,#544);
#542 = CARTESIAN_POINT('',(29.7,-2.75,-26.1));
#543 = DIRECTION('',(1.,0.,-0.));
#544 = DIRECTION('',(0.,0.,1.));
#545 = DEFINITIONAL_REPRESENTATION('',(#546),#550);
#546 = CIRCLE('',#547,4.25);
#547 = AXIS2_PLACEMENT_2D('',#548,#549);
#548 = CARTESIAN_POINT('',(4.75,-0.7));
#549 = DIRECTION('',(1.,0.));
#550 = ( GEOMETRIC_REPRESENTATION_CONTEXT(2) 
PARAMETRIC_REPRESENTATION_CONTEXT() REPRESENTATION_CONTEXT('2D SPACE',''
  ) );
#551 = ORIENTED_EDGE('',*,*,#552,.T.);
#552 = EDGE_CURVE('',#525,#553,#555,.T.);
#553 = VERTEX_POINT('',#554);
#554 = CARTESIAN_POINT('',(29.7,-2.75,-17.15804341625));
#555 = SURFACE_CURVE('',#556,(#561,#567),.PCURVE_S1.);
#556 = CIRCLE('',#557,4.25);
#557 = AXIS2_PLACEMENT_3D('',#558,#559,#560);
#558 = CARTESIAN_POINT('',(29.7,-2.05,-21.35));
#559 = DIRECTION('',(1.,0.,-0.));
#560 = DIRECTION('',(0.,0.,1.));
#561 = PCURVE('',#260,#562);
#562 = DEFINITIONAL_REPRESENTATION('',(#563),#566);
#563 = B_SPLINE_CURVE_WITH_KNOTS('',1,(#564,#565),.UNSPECIFIED.,.F.,.F.,
  (2,2),(0.,0.165459813769),.PIECEWISE_BEZIER_KNOTS.);
#564 = CARTESIAN_POINT('',(4.712388980385,1.570796326795));
#565 = CARTESIAN_POINT('',(4.712388980385,1.405336513025));
#566 = ( GEOMETRIC_REPRESENTATION_CONTEXT(2) 
PARAMETRIC_REPRESENTATION_CONTEXT() REPRESENTATION_CONTEXT('2D SPACE',''
  ) );
#567 = PCURVE('',#540,#568);
#568 = DEFINITIONAL_REPRESENTATION('',(#569),#573);
#569 = CIRCLE('',#570,4.25);
#570 = AXIS2_PLACEMENT_2D('',#571,#572);
#571 = CARTESIAN_POINT('',(4.75,-0.7));
#572 = DIRECTION('',(1.,0.));
#573 = ( GEOMETRIC_REPRESENTATION_CONTEXT(2) 
PARAMETRIC_REPRESENTATION_CONTEXT() REPRESENTATION_CONTEXT('2D SPACE',''
  ) );
#574 = ORIENTED_EDGE('',*,*,#575,.F.);
#575 = EDGE_CURVE('',#576,#553,#578,.T.);
#576 = VERTEX_POINT('',#577);
#577 = CARTESIAN_POINT('',(29.7,-2.75,-25.54195658374));
#578 = SURFACE_CURVE('',#579,(#584,#674),.PCURVE_S1.);
#579 = CIRCLE('',#580,4.191956583745);
#580 = AXIS2_PLACEMENT_3D('',#581,#582,#583);
#581 = CARTESIAN_POINT('',(29.7,-2.75,-21.35));
#582 = DIRECTION('',(-0.,1.,0.));
#583 = DIRECTION('',(0.,0.,1.));
#584 = PCURVE('',#260,#585);
#585 = DEFINITIONAL_REPRESENTATION('',(#586),#673);
#586 = B_SPLINE_CURVE_WITH_KNOTS('',8,(#587,#588,#589,#590,#591,#592,
    #593,#594,#595,#596,#597,#598,#599,#600,#601,#602,#603,#604,#605,
    #606,#607,#608,#609,#610,#611,#612,#613,#614,#615,#616,#617,#618,
    #619,#620,#621,#622,#623,#624,#625,#626,#627,#628,#629,#630,#631,
    #632,#633,#634,#635,#636,#637,#638,#639,#640,#641,#642,#643,#644,
    #645,#646,#647,#648,#649,#650,#651,#652,#653,#654,#655,#656,#657,
    #658,#659,#660,#661,#662,#663,#664,#665,#666,#667,#668,#669,#670,
    #671,#672),.UNSPECIFIED.,.F.,.F.,(9,7,7,7,7,7,7,7,7,7,7,7,9),(
    3.14159265359,3.239767424014,3.334874232863,3.519143675008,
    3.86464887903,4.469282986067,4.922758566345,5.262865251554,
    5.51794526546,5.90056528632,6.09187529675,6.187530301965,
    6.28318530718),.UNSPECIFIED.);
#587 = CARTESIAN_POINT('',(4.712388980385,-1.405336513025));
#588 = CARTESIAN_POINT('',(4.638898913378,-1.405336513025));
#589 = CARTESIAN_POINT('',(4.565409002257,-1.404305807741));
#590 = CARTESIAN_POINT('',(4.49314438375,-1.402244486572));
#591 = CARTESIAN_POINT('',(4.423336771102,-1.399188100262));
#592 = CARTESIAN_POINT('',(4.35694413059,-1.395209810356));
#593 = CARTESIAN_POINT('',(4.294435028857,-1.390398604877));
#594 = CARTESIAN_POINT('',(4.235995468932,-1.384844344603));
#595 = CARTESIAN_POINT('',(4.128905520747,-1.372614128297));
#596 = CARTESIAN_POINT('',(4.080006342135,-1.365978638498));
#597 = CARTESIAN_POINT('',(4.034882828244,-1.358803087514));
#598 = CARTESIAN_POINT('',(3.993333052576,-1.351160361033));
#599 = CARTESIAN_POINT('',(3.955078522888,-1.343113524308));
#600 = CARTESIAN_POINT('',(3.919825384244,-1.334715666276));
#601 = CARTESIAN_POINT('',(3.887292562861,-1.326011821294));
#602 = CARTESIAN_POINT('',(3.798947766932,-1.299656748217));
#603 = CARTESIAN_POINT('',(3.749905461954,-1.281267217104));
#604 = CARTESIAN_POINT('',(3.708183850216,-1.262147304134));
#605 = CARTESIAN_POINT('',(3.672179243975,-1.242473583416));
#606 = CARTESIAN_POINT('',(3.640808123419,-1.222364133822));
#607 = CARTESIAN_POINT('',(3.613209240618,-1.201905527843));
#608 = CARTESIAN_POINT('',(3.588746738197,-1.181161134858));
#609 = CARTESIAN_POINT('',(3.525985132664,-1.12083933086));
#610 = CARTESIAN_POINT('',(3.494308689978,-1.080665472928));
#611 = CARTESIAN_POINT('',(3.468579481905,-1.039977897913));
#612 = CARTESIAN_POINT('',(3.447231625933,-0.998912536085));
#613 = CARTESIAN_POINT('',(3.429184240396,-0.95756930236));
#614 = CARTESIAN_POINT('',(3.413747700109,-0.916007208826));
#615 = CARTESIAN_POINT('',(3.40040958774,-0.874272256508));
#616 = CARTESIAN_POINT('',(3.368479026629,-0.759115380393));
#617 = CARTESIAN_POINT('',(3.353447429734,-0.685404311808));
#618 = CARTESIAN_POINT('',(3.341709026794,-0.611439849954));
#619 = CARTESIAN_POINT('',(3.332481927077,-0.537291629664));
#620 = CARTESIAN_POINT('',(3.325169332664,-0.46301566612));
#621 = CARTESIAN_POINT('',(3.319456101012,-0.388644222029));
#622 = CARTESIAN_POINT('',(3.315102339436,-0.314205190614));
#623 = CARTESIAN_POINT('',(3.30962099786,-0.183856548199));
#624 = CARTESIAN_POINT('',(3.307958761772,-0.127967049907));
#625 = CARTESIAN_POINT('',(3.306924059048,-7.206098597382E-02));
#626 = CARTESIAN_POINT('',(3.306484441629,-1.614621800783E-02));
#627 = CARTESIAN_POINT('',(3.306627709732,3.977009954548E-02));
#628 = CARTESIAN_POINT('',(3.307359382609,9.568088492103E-02));
#629 = CARTESIAN_POINT('',(3.30870432066,0.151578520056));
#630 = CARTESIAN_POINT('',(3.312218632556,0.249361077413));
#631 = CARTESIAN_POINT('',(3.314097889586,0.291255566178));
#632 = CARTESIAN_POINT('',(3.316371133423,0.333134050699));
#633 = CARTESIAN_POINT('',(3.31906783746,0.374992399342));
#634 = CARTESIAN_POINT('',(3.322226500129,0.416825938709));
#635 = CARTESIAN_POINT('',(3.325897507592,0.458629162106));
#636 = CARTESIAN_POINT('',(3.330148444032,0.500395239343));
#637 = CARTESIAN_POINT('',(3.338764403695,0.573405394215));
#638 = CARTESIAN_POINT('',(3.342835312002,0.604669583582));
#639 = CARTESIAN_POINT('',(3.347323481323,0.635904178046));
#640 = CARTESIAN_POINT('',(3.352276700314,0.667104732081));
#641 = CARTESIAN_POINT('',(3.357752692417,0.6982659826));
#642 = CARTESIAN_POINT('',(3.363822896751,0.729381513514));
#643 = CARTESIAN_POINT('',(3.370578976923,0.760443174779));
#644 = CARTESIAN_POINT('',(3.389486678996,0.837935877688));
#645 = CARTESIAN_POINT('',(3.402647610812,0.884286103944));
#646 = CARTESIAN_POINT('',(3.418031212075,0.930455339316));
#647 = CARTESIAN_POINT('',(3.436216569602,0.976391218622));
#648 = CARTESIAN_POINT('',(3.457969963178,1.0220295117));
#649 = CARTESIAN_POINT('',(3.484582902995,1.067249848956));
#650 = CARTESIAN_POINT('',(3.517875515048,1.111897750163));
#651 = CARTESIAN_POINT('',(3.584313764361,1.177387063418));
#652 = CARTESIAN_POINT('',(3.609209550868,1.198969732242));
#653 = CARTESIAN_POINT('',(3.63739816682,1.22025306899));
#654 = CARTESIAN_POINT('',(3.669567095818,1.241168716504));
#655 = CARTESIAN_POINT('',(3.706663611138,1.261622180035));
#656 = CARTESIAN_POINT('',(3.749876500666,1.281483774806));
#657 = CARTESIAN_POINT('',(3.80101645399,1.300556185025));
#658 = CARTESIAN_POINT('',(3.892844373955,1.327508727597));
#659 = CARTESIAN_POINT('',(3.925973154057,1.336216896119));
#660 = CARTESIAN_POINT('',(3.961890503084,1.344609757509));
#661 = CARTESIAN_POINT('',(4.000883437641,1.352640594399));
#662 = CARTESIAN_POINT('',(4.043250740931,1.36025433408));
#663 = CARTESIAN_POINT('',(4.089271165074,1.367385602544));
#664 = CARTESIAN_POINT('',(4.139137003119,1.373959082705));
#665 = CARTESIAN_POINT('',(4.246551084183,1.385831905677));
#666 = CARTESIAN_POINT('',(4.304099325837,1.391131258663));
#667 = CARTESIAN_POINT('',(4.36548691337,1.395714252157));
#668 = CARTESIAN_POINT('',(4.430512904662,1.399497956798));
#669 = CARTESIAN_POINT('',(4.498711176395,1.402401163082));
#670 = CARTESIAN_POINT('',(4.569181374744,1.404358038255));
#671 = CARTESIAN_POINT('',(4.640785118085,1.405336513025));
#672 = CARTESIAN_POINT('',(4.712388980385,1.405336513025));
#673 = ( GEOMETRIC_REPRESENTATION_CONTEXT(2) 
PARAMETRIC_REPRESENTATION_CONTEXT() REPRESENTATION_CONTEXT('2D SPACE',''
  ) );
#674 = PCURVE('',#675,#680);
#675 = PLANE('',#676);
#676 = AXIS2_PLACEMENT_3D('',#677,#678,#679);
#677 = CARTESIAN_POINT('',(21.75,-2.75,-26.1));
#678 = DIRECTION('',(-0.,1.,0.));
#679 = DIRECTION('',(0.,0.,1.));
#680 = DEFINITIONAL_REPRESENTATION('',(#681),#685);
#681 = CIRCLE('',#682,4.191956583745);
#682 = AXIS2_PLACEMENT_2D('',#683,#684);
#683 = CARTESIAN_POINT('',(4.75,7.95));
#684 = DIRECTION('',(1.,0.));
#685 = ( GEOMETRIC_REPRESENTATION_CONTEXT(2) 
PARAMETRIC_REPRESENTATION_CONTEXT() REPRESENTATION_CONTEXT('2D SPACE',''
  ) );
#686 = ORIENTED_EDGE('',*,*,#687,.T.);
#687 = EDGE_CURVE('',#576,#688,#690,.T.);
#688 = VERTEX_POINT('',#689);
#689 = CARTESIAN_POINT('',(29.7,-2.05,-25.6));
#690 = SURFACE_CURVE('',#691,(#696,#702),.PCURVE_S1.);
#691 = CIRCLE('',#692,4.25);
#692 = AXIS2_PLACEMENT_3D('',#693,#694,#695);
#693 = CARTESIAN_POINT('',(29.7,-2.05,-21.35));
#694 = DIRECTION('',(1.,0.,-0.));
#695 = DIRECTION('',(0.,0.,1.));
#696 = PCURVE('',#260,#697);
#697 = DEFINITIONAL_REPRESENTATION('',(#698),#701);
#698 = B_SPLINE_CURVE_WITH_KNOTS('',1,(#699,#700),.UNSPECIFIED.,.F.,.F.,
  (2,2),(2.97613283982,3.14159265359),.PIECEWISE_BEZIER_KNOTS.);
#699 = CARTESIAN_POINT('',(4.712388980385,-1.405336513025));
#700 = CARTESIAN_POINT('',(4.712388980385,-1.570796326795));
#701 = ( GEOMETRIC_REPRESENTATION_CONTEXT(2) 
PARAMETRIC_REPRESENTATION_CONTEXT() REPRESENTATION_CONTEXT('2D SPACE',''
  ) );
#702 = PCURVE('',#703,#708);
#703 = PLANE('',#704);
#704 = AXIS2_PLACEMENT_3D('',#705,#706,#707);
#705 = CARTESIAN_POINT('',(29.7,-2.75,-26.1));
#706 = DIRECTION('',(1.,0.,-0.));
#707 = DIRECTION('',(0.,0.,1.));
#708 = DEFINITIONAL_REPRESENTATION('',(#709),#713);
#709 = CIRCLE('',#710,4.25);
#710 = AXIS2_PLACEMENT_2D('',#711,#712);
#711 = CARTESIAN_POINT('',(4.75,-0.7));
#712 = DIRECTION('',(1.,0.));
#713 = ( GEOMETRIC_REPRESENTATION_CONTEXT(2) 
PARAMETRIC_REPRESENTATION_CONTEXT() REPRESENTATION_CONTEXT('2D SPACE',''
  ) );
#714 = ORIENTED_EDGE('',*,*,#715,.T.);
#715 = EDGE_CURVE('',#688,#716,#718,.T.);
#716 = VERTEX_POINT('',#717);
#717 = CARTESIAN_POINT('',(29.7,0.,-25.07290209379));
#718 = SURFACE_CURVE('',#719,(#724,#730),.PCURVE_S1.);
#719 = CIRCLE('',#720,4.25);
#720 = AXIS2_PLACEMENT_3D('',#721,#722,#723);
#721 = CARTESIAN_POINT('',(29.7,-2.05,-21.35));
#722 = DIRECTION('',(1.,0.,-0.));
#723 = DIRECTION('',(0.,0.,1.));
#724 = PCURVE('',#260,#725);
#725 = DEFINITIONAL_REPRESENTATION('',(#726),#729);
#726 = B_SPLINE_CURVE_WITH_KNOTS('',1,(#727,#728),.UNSPECIFIED.,.F.,.F.,
  (2,2),(3.14159265359,3.644931462237),.PIECEWISE_BEZIER_KNOTS.);
#727 = CARTESIAN_POINT('',(7.853981633974,-1.570796326795));
#728 = CARTESIAN_POINT('',(7.853981633974,-1.067457518148));
#729 = ( GEOMETRIC_REPRESENTATION_CONTEXT(2) 
PARAMETRIC_REPRESENTATION_CONTEXT() REPRESENTATION_CONTEXT('2D SPACE',''
  ) );
#730 = PCURVE('',#703,#731);
#731 = DEFINITIONAL_REPRESENTATION('',(#732),#736);
#732 = CIRCLE('',#733,4.25);
#733 = AXIS2_PLACEMENT_2D('',#734,#735);
#734 = CARTESIAN_POINT('',(4.75,-0.7));
#735 = DIRECTION('',(1.,0.));
#736 = ( GEOMETRIC_REPRESENTATION_CONTEXT(2) 
PARAMETRIC_REPRESENTATION_CONTEXT() REPRESENTATION_CONTEXT('2D SPACE',''
  ) );
#737 = ORIENTED_EDGE('',*,*,#738,.T.);
#738 = EDGE_CURVE('',#716,#169,#739,.T.);
#739 = SURFACE_CURVE('',#740,(#745,#779),.PCURVE_S1.);
#740 = CIRCLE('',#741,3.722902093797);
#741 = AXIS2_PLACEMENT_3D('',#742,#743,#744);
#742 = CARTESIAN_POINT('',(29.7,0.,-21.35));
#743 = DIRECTION('',(1.598048293021E-14,-1.,-1.577721810442E-30));
#744 = DIRECTION('',(0.590936840285,9.443456089011E-15,0.806717826005));
#745 = PCURVE('',#260,#746);
#746 = DEFINITIONAL_REPRESENTATION('',(#747),#778);
#747 = B_SPLINE_CURVE_WITH_KNOTS('',8,(#748,#749,#750,#751,#752,#753,
    #754,#755,#756,#757,#758,#759,#760,#761,#762,#763,#764,#765,#766,
    #767,#768,#769,#770,#771,#772,#773,#774,#775,#776,#777),
  .UNSPECIFIED.,.F.,.F.,(9,7,7,7,9),(3.773812299709,3.782149253331,
    3.992144560478,4.216139554769,4.406031945828),.UNSPECIFIED.);
#748 = CARTESIAN_POINT('',(7.853981627904,-1.067457519974));
#749 = CARTESIAN_POINT('',(7.85208908866,-1.067457519622));
#750 = CARTESIAN_POINT('',(7.850196549403,-1.067455265277));
#751 = CARTESIAN_POINT('',(7.848304033884,-1.06745075695));
#752 = CARTESIAN_POINT('',(7.846411565853,-1.067443994709));
#753 = CARTESIAN_POINT('',(7.844519169044,-1.067434978682));
#754 = CARTESIAN_POINT('',(7.842626867179,-1.067423709056));
#755 = CARTESIAN_POINT('',(7.840734683958,-1.067410186075));
#756 = CARTESIAN_POINT('',(7.791184981995,-1.066997035593));
#757 = CARTESIAN_POINT('',(7.743617977679,-1.065170222308));
#758 = CARTESIAN_POINT('',(7.696520440512,-1.061918054936));
#759 = CARTESIAN_POINT('',(7.650268272337,-1.05726871275));
#760 = CARTESIAN_POINT('',(7.605190907666,-1.051271607339));
#761 = CARTESIAN_POINT('',(7.561546417957,-1.043992889125));
#762 = CARTESIAN_POINT('',(7.51951527893,-1.035509322572));
#763 = CARTESIAN_POINT('',(7.436223491066,-1.015651151495));
#764 = CARTESIAN_POINT('',(7.395200975207,-1.004121629426));
#765 = CARTESIAN_POINT('',(7.356285314762,-0.991409125053));
#766 = CARTESIAN_POINT('',(7.319530134696,-0.977616267244));
#767 = CARTESIAN_POINT('',(7.284918654587,-0.962843305405));
#768 = CARTESIAN_POINT('',(7.252387896166,-0.947183903402));
#769 = CARTESIAN_POINT('',(7.221850759518,-0.930723541676));
#770 = CARTESIAN_POINT('',(7.168921695948,-0.898971670072));
#771 = CARTESIAN_POINT('',(7.145997544204,-0.883883731));
#772 = CARTESIAN_POINT('',(7.124371443138,-0.868322782158));
#773 = CARTESIAN_POINT('',(7.103974647526,-0.852331578931));
#774 = CARTESIAN_POINT('',(7.084736867221,-0.835948553313));
#775 = CARTESIAN_POINT('',(7.066589197988,-0.819208136628));
#776 = CARTESIAN_POINT('',(7.049465667415,-0.802141170891));
#777 = CARTESIAN_POINT('',(7.033304001813,-0.784775321775));
#778 = ( GEOMETRIC_REPRESENTATION_CONTEXT(2) 
PARAMETRIC_REPRESENTATION_CONTEXT() REPRESENTATION_CONTEXT('2D SPACE',''
  ) );
#779 = PCURVE('',#185,#780);
#780 = DEFINITIONAL_REPRESENTATION('',(#781),#882);
#781 = B_SPLINE_CURVE_WITH_KNOTS('',8,(#782,#783,#784,#785,#786,#787,
    #788,#789,#790,#791,#792,#793,#794,#795,#796,#797,#798,#799,#800,
    #801,#802,#803,#804,#805,#806,#807,#808,#809,#810,#811,#812,#813,
    #814,#815,#816,#817,#818,#819,#820,#821,#822,#823,#824,#825,#826,
    #827,#828,#829,#830,#831,#832,#833,#834,#835,#836,#837,#838,#839,
    #840,#841,#842,#843,#844,#845,#846,#847,#848,#849,#850,#851,#852,
    #853,#854,#855,#856,#857,#858,#859,#860,#861,#862,#863,#864,#865,
    #866,#867,#868,#869,#870,#871,#872,#873,#874,#875,#876,#877,#878,
    #879,#880,#881),.UNSPECIFIED.,.F.,.F.,(9,7,7,7,7,7,7,7,7,7,7,7,7,7,9
    ),(0.,5.544286987395E-02,0.43587010527,0.632219646119,0.844182377561
    ,1.056145109004,1.480070571888,2.327921497657,2.89315544817,
    3.216146277035,3.58527865288,3.782149253331,3.992144560478,
    4.216139554769,4.406031945828),.UNSPECIFIED.);
#782 = CARTESIAN_POINT('',(5.533066616997,0.784775325838));
#783 = CARTESIAN_POINT('',(5.528347894118,0.789845631203));
#784 = CARTESIAN_POINT('',(5.523547175599,0.794890457636));
#785 = CARTESIAN_POINT('',(5.518662911845,0.799909116619));
#786 = CARTESIAN_POINT('',(5.513693526418,0.804900896582));
#787 = CARTESIAN_POINT('',(5.508637417555,0.809865061999));
#788 = CARTESIAN_POINT('',(5.503492960049,0.814800852482));
#789 = CARTESIAN_POINT('',(5.498258507565,0.81970748184));
#790 = CARTESIAN_POINT('',(5.456386702145,0.858045833719));
#791 = CARTESIAN_POINT('',(5.415525381798,0.890096275819));
#792 = CARTESIAN_POINT('',(5.369813367495,0.920473296545));
#793 = CARTESIAN_POINT('',(5.318667042859,0.948854219571));
#794 = CARTESIAN_POINT('',(5.261549797831,0.974849634858));
#795 = CARTESIAN_POINT('',(5.197992062626,0.997980928492));
#796 = CARTESIAN_POINT('',(5.12813764147,1.017716505676));
#797 = CARTESIAN_POINT('',(5.014043146431,1.041793588538));
#798 = CARTESIAN_POINT('',(4.973764141532,1.048963050888));
#799 = CARTESIAN_POINT('',(4.932169676459,1.05504260508));
#800 = CARTESIAN_POINT('',(4.889435865027,1.059973454534));
#801 = CARTESIAN_POINT('',(4.845796264888,1.063706643877));
#802 = CARTESIAN_POINT('',(4.80153396264,1.066207317851));
#803 = CARTESIAN_POINT('',(4.756961548479,1.067457518148));
#804 = CARTESIAN_POINT('',(4.66427212083,1.067457518148));
#805 = CARTESIAN_POINT('',(4.616155467579,1.066000620387));
#806 = CARTESIAN_POINT('',(4.568428845285,1.063086348601));
#807 = CARTESIAN_POINT('',(4.521485891634,1.058739271341));
#808 = CARTESIAN_POINT('',(4.475676614561,1.053006652498));
#809 = CARTESIAN_POINT('',(4.431279373795,1.045954093192));
#810 = CARTESIAN_POINT('',(4.388492286696,1.037659165043));
#811 = CARTESIAN_POINT('',(4.306395830129,1.018746904565));
#812 = CARTESIAN_POINT('',(4.267086285543,1.008129664212));
#813 = CARTESIAN_POINT('',(4.229645426716,0.996433021652));
#814 = CARTESIAN_POINT('',(4.194130224086,0.983743555933));
#815 = CARTESIAN_POINT('',(4.160540865362,0.970147000538));
#816 = CARTESIAN_POINT('',(4.128836312307,0.955724478131));
#817 = CARTESIAN_POINT('',(4.098949165387,0.940550686751));
#818 = CARTESIAN_POINT('',(4.014501178144,0.892980738853));
#819 = CARTESIAN_POINT('',(3.965153041504,0.85853592336));
#820 = CARTESIAN_POINT('',(3.922112353443,0.821906354539));
#821 = CARTESIAN_POINT('',(3.884505024122,0.783533269221));
#822 = CARTESIAN_POINT('',(3.851573738622,0.743742871517));
#823 = CARTESIAN_POINT('',(3.822678987482,0.702791559139));
#824 = CARTESIAN_POINT('',(3.797294700231,0.660879437023));
#825 = CARTESIAN_POINT('',(3.730380492197,0.53274457318));
#826 = CARTESIAN_POINT('',(3.698089729983,0.444123321565));
#827 = CARTESIAN_POINT('',(3.674665290942,0.353592916649));
#828 = CARTESIAN_POINT('',(3.658210388025,0.261811556351));
#829 = CARTESIAN_POINT('',(3.647688427252,0.169263377851));
#830 = CARTESIAN_POINT('',(3.642528420949,7.631879679806E-02));
#831 = CARTESIAN_POINT('',(3.642596975133,-1.668042302735E-02));
#832 = CARTESIAN_POINT('',(3.652007002634,-0.171126155349));
#833 = CARTESIAN_POINT('',(3.658250073465,-0.232756990272));
#834 = CARTESIAN_POINT('',(3.667076001269,-0.294125530143));
#835 = CARTESIAN_POINT('',(3.678687429259,-0.355108229322));
#836 = CARTESIAN_POINT('',(3.693395020986,-0.415559640905));
#837 = CARTESIAN_POINT('',(3.711649674078,-0.475300974743));
#838 = CARTESIAN_POINT('',(3.734101186988,-0.534095459423));
#839 = CARTESIAN_POINT('',(3.777449995294,-0.624452762597));
#840 = CARTESIAN_POINT('',(3.794889641634,-0.65688729232));
#841 = CARTESIAN_POINT('',(3.814180218609,-0.68883430977));
#842 = CARTESIAN_POINT('',(3.835527446722,-0.720216926292));
#843 = CARTESIAN_POINT('',(3.85917020298,-0.750943276582));
#844 = CARTESIAN_POINT('',(3.885388164293,-0.780901516328));
#845 = CARTESIAN_POINT('',(3.914500544029,-0.809953777441));
#846 = CARTESIAN_POINT('',(3.983802152833,-0.869903065738));
#847 = CARTESIAN_POINT('',(4.024979773837,-0.900470701816));
#848 = CARTESIAN_POINT('',(4.070870667707,-0.929379742329));
#849 = CARTESIAN_POINT('',(4.122002723099,-0.956321012729));
#850 = CARTESIAN_POINT('',(4.178846092669,-0.980925227757));
#851 = CARTESIAN_POINT('',(4.241771251707,-1.002744621504));
#852 = CARTESIAN_POINT('',(4.310561148287,-1.021294243583));
#853 = CARTESIAN_POINT('',(4.423667638866,-1.044090698429));
#854 = CARTESIAN_POINT('',(4.464424127042,-1.050972396743));
#855 = CARTESIAN_POINT('',(4.506461395464,-1.056744228278));
#856 = CARTESIAN_POINT('',(4.549590256347,-1.061348663186));
#857 = CARTESIAN_POINT('',(4.593564482136,-1.064738906115));
#858 = CARTESIAN_POINT('',(4.638090494476,-1.066883116557));
#859 = CARTESIAN_POINT('',(4.682848914054,-1.067766948593));
#860 = CARTESIAN_POINT('',(4.775185632364,-1.066997035593));
#861 = CARTESIAN_POINT('',(4.822752636681,-1.065170222308));
#862 = CARTESIAN_POINT('',(4.869850173847,-1.061918054936));
#863 = CARTESIAN_POINT('',(4.916102342022,-1.05726871275));
#864 = CARTESIAN_POINT('',(4.961179706693,-1.051271607339));
#865 = CARTESIAN_POINT('',(5.004824196403,-1.043992889125));
#866 = CARTESIAN_POINT('',(5.046855335429,-1.035509322572));
#867 = CARTESIAN_POINT('',(5.130147123293,-1.015651151495));
#868 = CARTESIAN_POINT('',(5.171169639151,-1.004121629426));
#869 = CARTESIAN_POINT('',(5.210085299598,-0.991409125053));
#870 = CARTESIAN_POINT('',(5.246840479663,-0.977616267244));
#871 = CARTESIAN_POINT('',(5.28145195977,-0.962843305405));
#872 = CARTESIAN_POINT('',(5.313982718194,-0.947183903402));
#873 = CARTESIAN_POINT('',(5.344519854841,-0.930723541676));
#874 = CARTESIAN_POINT('',(5.397448918412,-0.898971670072));
#875 = CARTESIAN_POINT('',(5.420373070155,-0.883883731));
#876 = CARTESIAN_POINT('',(5.441999171221,-0.868322782158));
#877 = CARTESIAN_POINT('',(5.462395966833,-0.852331578931));
#878 = CARTESIAN_POINT('',(5.481633747139,-0.835948553313));
#879 = CARTESIAN_POINT('',(5.499781416372,-0.819208136628));
#880 = CARTESIAN_POINT('',(5.516904946944,-0.802141170891));
#881 = CARTESIAN_POINT('',(5.533066612547,-0.784775321775));
#882 = ( GEOMETRIC_REPRESENTATION_CONTEXT(2) 
PARAMETRIC_REPRESENTATION_CONTEXT() REPRESENTATION_CONTEXT('2D SPACE',''
  ) );
#883 = ORIENTED_EDGE('',*,*,#245,.F.);
#884 = ORIENTED_EDGE('',*,*,#885,.F.);
#885 = EDGE_CURVE('',#886,#42,#888,.T.);
#886 = VERTEX_POINT('',#887);
#887 = CARTESIAN_POINT('',(33.528837943815,-3.6,-22.35));
#888 = SURFACE_CURVE('',#889,(#894,#914),.PCURVE_S1.);
#889 = CIRCLE('',#890,3.957271787482);
#890 = AXIS2_PLACEMENT_3D('',#891,#892,#893);
#891 = CARTESIAN_POINT('',(29.7,-3.6,-21.35));
#892 = DIRECTION('',(-0.,1.,0.));
#893 = DIRECTION('',(0.,0.,1.));
#894 = PCURVE('',#260,#895);
#895 = DEFINITIONAL_REPRESENTATION('',(#896),#913);
#896 = B_SPLINE_CURVE_WITH_KNOTS('',8,(#897,#898,#899,#900,#901,#902,
    #903,#904,#905,#906,#907,#908,#909,#910,#911,#912),.UNSPECIFIED.,.F.
  ,.F.,(9,7,9),(1.826265464151,2.184111732542,2.55210097599),
  .UNSPECIFIED.);
#897 = CARTESIAN_POINT('',(5.898528470485,-0.237521170375));
#898 = CARTESIAN_POINT('',(5.894465005116,-0.278983349785));
#899 = CARTESIAN_POINT('',(5.889512930561,-0.320367572979));
#900 = CARTESIAN_POINT('',(5.883617457603,-0.361652983474));
#901 = CARTESIAN_POINT('',(5.876704553928,-0.402816066089));
#902 = CARTESIAN_POINT('',(5.868678868648,-0.443829995354));
#903 = CARTESIAN_POINT('',(5.859417569537,-0.484662994182));
#904 = CARTESIAN_POINT('',(5.848760092957,-0.525275702807));
#905 = CARTESIAN_POINT('',(5.823879838231,-0.607102883071));
#906 = CARTESIAN_POINT('',(5.809564579377,-0.648301601391));
#907 = CARTESIAN_POINT('',(5.793315969294,-0.689159298575));
#908 = CARTESIAN_POINT('',(5.774843044191,-0.729606671928));
#909 = CARTESIAN_POINT('',(5.753776639292,-0.769557990427));
#910 = CARTESIAN_POINT('',(5.729638254692,-0.808902017018));
#911 = CARTESIAN_POINT('',(5.701797084915,-0.847485393208));
#912 = CARTESIAN_POINT('',(5.669415212163,-0.885088485971));
#913 = ( GEOMETRIC_REPRESENTATION_CONTEXT(2) 
PARAMETRIC_REPRESENTATION_CONTEXT() REPRESENTATION_CONTEXT('2D SPACE',''
  ) );
#914 = PCURVE('',#62,#915);
#915 = DEFINITIONAL_REPRESENTATION('',(#916),#920);
#916 = CIRCLE('',#917,3.957271787482);
#917 = AXIS2_PLACEMENT_2D('',#918,#919);
#918 = CARTESIAN_POINT('',(4.2,-2.2));
#919 = DIRECTION('',(1.,0.));
#920 = ( GEOMETRIC_REPRESENTATION_CONTEXT(2) 
PARAMETRIC_REPRESENTATION_CONTEXT() REPRESENTATION_CONTEXT('2D SPACE',''
  ) );
#921 = ORIENTED_EDGE('',*,*,#922,.T.);
#922 = EDGE_CURVE('',#886,#923,#925,.T.);
#923 = VERTEX_POINT('',#924);
#924 = CARTESIAN_POINT('',(30.512403840464,-6.1,-22.35));
#925 = SURFACE_CURVE('',#926,(#931,#937),.PCURVE_S1.);
#926 = CIRCLE('',#927,4.130677910465);
#927 = AXIS2_PLACEMENT_3D('',#928,#929,#930);
#928 = CARTESIAN_POINT('',(29.7,-2.05,-22.35));
#929 = DIRECTION('',(1.076745191173E-14,1.055344044272E-14,-1.));
#930 = DIRECTION('',(0.92692725669,-0.375241070255,6.020560375478E-15));
#931 = PCURVE('',#260,#932);
#932 = DEFINITIONAL_REPRESENTATION('',(#933),#936);
#933 = B_SPLINE_CURVE_WITH_KNOTS('',1,(#934,#935),.UNSPECIFIED.,.F.,.F.,
  (2,2),(0.,0.988173284351),.PIECEWISE_BEZIER_KNOTS.);
#934 = CARTESIAN_POINT('',(5.89852847175,-0.237521170781));
#935 = CARTESIAN_POINT('',(4.910355187398,-0.237521170781));
#936 = ( GEOMETRIC_REPRESENTATION_CONTEXT(2) 
PARAMETRIC_REPRESENTATION_CONTEXT() REPRESENTATION_CONTEXT('2D SPACE',''
  ) );
#937 = PCURVE('',#938,#943);
#938 = PLANE('',#939);
#939 = AXIS2_PLACEMENT_3D('',#940,#941,#942);
#940 = CARTESIAN_POINT('',(30.,-5.4,-22.35));
#941 = DIRECTION('',(0.,0.,1.));
#942 = DIRECTION('',(1.,0.,-0.));
#943 = DEFINITIONAL_REPRESENTATION('',(#944),#952);
#944 = ( BOUNDED_CURVE() B_SPLINE_CURVE(2,(#945,#946,#947,#948,#949,#950
,#951),.UNSPECIFIED.,.T.,.F.) B_SPLINE_CURVE_WITH_KNOTS((1,2,2,2,2,1),(
    -2.094395102393,0.,2.094395102393,4.188790204786,6.28318530718,
8.377580409573),.UNSPECIFIED.) CURVE() GEOMETRIC_REPRESENTATION_ITEM() 
RATIONAL_B_SPLINE_CURVE((1.,0.5,1.,0.5,1.,0.5,1.)) REPRESENTATION_ITEM(
  '') );
#945 = CARTESIAN_POINT('',(3.528837943815,1.8));
#946 = CARTESIAN_POINT('',(0.844159192084,-4.831741852636));
#947 = CARTESIAN_POINT('',(-3.556758347774,0.809129073682));
#948 = CARTESIAN_POINT('',(-7.957675887631,6.45));
#949 = CARTESIAN_POINT('',(-0.872079596042,7.440870926318));
#950 = CARTESIAN_POINT('',(6.213516695547,8.431741852636));
#951 = CARTESIAN_POINT('',(3.528837943815,1.8));
#952 = ( GEOMETRIC_REPRESENTATION_CONTEXT(2) 
PARAMETRIC_REPRESENTATION_CONTEXT() REPRESENTATION_CONTEXT('2D SPACE',''
  ) );
#953 = ORIENTED_EDGE('',*,*,#954,.F.);
#954 = EDGE_CURVE('',#955,#923,#957,.T.);
#955 = VERTEX_POINT('',#956);
#956 = CARTESIAN_POINT('',(30.512403840464,-6.1,-20.35));
#957 = SURFACE_CURVE('',#958,(#963,#981),.PCURVE_S1.);
#958 = CIRCLE('',#959,1.288409872673);
#959 = AXIS2_PLACEMENT_3D('',#960,#961,#962);
#960 = CARTESIAN_POINT('',(29.7,-6.1,-21.35));
#961 = DIRECTION('',(-0.,1.,0.));
#962 = DIRECTION('',(0.,0.,1.));
#963 = PCURVE('',#260,#964);
#964 = DEFINITIONAL_REPRESENTATION('',(#965),#980);
#965 = B_SPLINE_CURVE_WITH_KNOTS('',7,(#966,#967,#968,#969,#970,#971,
    #972,#973,#974,#975,#976,#977,#978,#979),.UNSPECIFIED.,.F.,.F.,(8,6,
    8),(0.682258630169,1.570796326795,2.459334023421),.UNSPECIFIED.);
#966 = CARTESIAN_POINT('',(4.910355187398,0.237521170781));
#967 = CARTESIAN_POINT('',(4.940484566122,0.212556349967));
#968 = CARTESIAN_POINT('',(4.966564354005,0.183216890145));
#969 = CARTESIAN_POINT('',(4.987906146562,0.150244881478));
#970 = CARTESIAN_POINT('',(5.004099104602,0.114522237768));
#971 = CARTESIAN_POINT('',(5.014960674433,7.696144408462E-02));
#972 = CARTESIAN_POINT('',(5.020390978096,3.848069716216E-02));
#973 = CARTESIAN_POINT('',(5.020390978096,-3.848069716216E-02));
#974 = CARTESIAN_POINT('',(5.014960674433,-7.696144408463E-02));
#975 = CARTESIAN_POINT('',(5.0040991046,-0.114522237768));
#976 = CARTESIAN_POINT('',(4.987906146564,-0.150244881478));
#977 = CARTESIAN_POINT('',(4.966564354004,-0.183216890145));
#978 = CARTESIAN_POINT('',(4.940484566122,-0.212556349967));
#979 = CARTESIAN_POINT('',(4.910355187398,-0.237521170781));
#980 = ( GEOMETRIC_REPRESENTATION_CONTEXT(2) 
PARAMETRIC_REPRESENTATION_CONTEXT() REPRESENTATION_CONTEXT('2D SPACE',''
  ) );
#981 = PCURVE('',#982,#987);
#982 = PLANE('',#983);
#983 = AXIS2_PLACEMENT_3D('',#984,#985,#986);
#984 = CARTESIAN_POINT('',(25.6,-6.1,-22.35));
#985 = DIRECTION('',(-0.,1.,0.));
#986 = DIRECTION('',(0.,0.,1.));
#987 = DEFINITIONAL_REPRESENTATION('',(#988),#992);
#988 = CIRCLE('',#989,1.288409872673);
#989 = AXIS2_PLACEMENT_2D('',#990,#991);
#990 = CARTESIAN_POINT('',(1.,4.1));
#991 = DIRECTION('',(1.,0.));
#992 = ( GEOMETRIC_REPRESENTATION_CONTEXT(2) 
PARAMETRIC_REPRESENTATION_CONTEXT() REPRESENTATION_CONTEXT('2D SPACE',''
  ) );
#993 = ORIENTED_EDGE('',*,*,#994,.T.);
#994 = EDGE_CURVE('',#955,#995,#997,.T.);
#995 = VERTEX_POINT('',#996);
#996 = CARTESIAN_POINT('',(33.528837943815,-3.6,-20.35));
#997 = SURFACE_CURVE('',#998,(#1003,#1009),.PCURVE_S1.);
#998 = CIRCLE('',#999,4.130677910465);
#999 = AXIS2_PLACEMENT_3D('',#1000,#1001,#1002);
#1000 = CARTESIAN_POINT('',(29.7,-2.05,-20.35));
#1001 = DIRECTION('',(0.,0.,1.));
#1002 = DIRECTION('',(0.196675668758,-0.980468602923,0.));
#1003 = PCURVE('',#260,#1004);
#1004 = DEFINITIONAL_REPRESENTATION('',(#1005),#1008);
#1005 = B_SPLINE_CURVE_WITH_KNOTS('',1,(#1006,#1007),.UNSPECIFIED.,.F.,
  .F.,(2,2),(0.,0.988173284351),.PIECEWISE_BEZIER_KNOTS.);
#1006 = CARTESIAN_POINT('',(4.910355187398,0.237521170781));
#1007 = CARTESIAN_POINT('',(5.89852847175,0.237521170781));
#1008 = ( GEOMETRIC_REPRESENTATION_CONTEXT(2) 
PARAMETRIC_REPRESENTATION_CONTEXT() REPRESENTATION_CONTEXT('2D SPACE',''
  ) );
#1009 = PCURVE('',#1010,#1015);
#1010 = PLANE('',#1011);
#1011 = AXIS2_PLACEMENT_3D('',#1012,#1013,#1014);
#1012 = CARTESIAN_POINT('',(30.,-5.4,-20.35));
#1013 = DIRECTION('',(0.,0.,1.));
#1014 = DIRECTION('',(1.,0.,-0.));
#1015 = DEFINITIONAL_REPRESENTATION('',(#1016),#1020);
#1016 = CIRCLE('',#1017,4.130677910465);
#1017 = AXIS2_PLACEMENT_2D('',#1018,#1019);
#1018 = CARTESIAN_POINT('',(-0.3,3.35));
#1019 = DIRECTION('',(0.196675668758,-0.980468602923));
#1020 = ( GEOMETRIC_REPRESENTATION_CONTEXT(2) 
PARAMETRIC_REPRESENTATION_CONTEXT() REPRESENTATION_CONTEXT('2D SPACE',''
  ) );
#1021 = ORIENTED_EDGE('',*,*,#1022,.F.);
#1022 = EDGE_CURVE('',#310,#995,#1023,.T.);
#1023 = SURFACE_CURVE('',#1024,(#1029,#1049),.PCURVE_S1.);
#1024 = CIRCLE('',#1025,3.957271787482);
#1025 = AXIS2_PLACEMENT_3D('',#1026,#1027,#1028);
#1026 = CARTESIAN_POINT('',(29.7,-3.6,-21.35));
#1027 = DIRECTION('',(-0.,1.,0.));
#1028 = DIRECTION('',(0.,0.,1.));
#1029 = PCURVE('',#260,#1030);
#1030 = DEFINITIONAL_REPRESENTATION('',(#1031),#1048);
#1031 = B_SPLINE_CURVE_WITH_KNOTS('',8,(#1032,#1033,#1034,#1035,#1036,
    #1037,#1038,#1039,#1040,#1041,#1042,#1043,#1044,#1045,#1046,#1047),
  .UNSPECIFIED.,.F.,.F.,(9,7,9),(0.5894916776,1.080144002197,
    1.315327189439),.UNSPECIFIED.);
#1032 = CARTESIAN_POINT('',(5.669415212163,0.885088485971));
#1033 = CARTESIAN_POINT('',(5.7125910425,0.834951028954));
#1034 = CARTESIAN_POINT('',(5.747694877271,0.783070544898));
#1035 = CARTESIAN_POINT('',(5.776710357626,0.729969642603));
#1036 = CARTESIAN_POINT('',(5.800976881903,0.675953870048));
#1037 = CARTESIAN_POINT('',(5.821388525783,0.621234671618));
#1038 = CARTESIAN_POINT('',(5.838609536059,0.565963700225));
#1039 = CARTESIAN_POINT('',(5.853117633419,0.510256248451));
#1040 = CARTESIAN_POINT('',(5.871096447554,0.427335219273));
#1041 = CARTESIAN_POINT('',(5.876380860904,0.400387948198));
#1042 = CARTESIAN_POINT('',(5.881163568049,0.373371233919));
#1043 = CARTESIAN_POINT('',(5.885477357114,0.346293791709));
#1044 = CARTESIAN_POINT('',(5.889349681289,0.319163361724));
#1045 = CARTESIAN_POINT('',(5.892803501836,0.291986927626));
#1046 = CARTESIAN_POINT('',(5.895857893281,0.264770883887));
#1047 = CARTESIAN_POINT('',(5.898528472917,0.237521171381));
#1048 = ( GEOMETRIC_REPRESENTATION_CONTEXT(2) 
PARAMETRIC_REPRESENTATION_CONTEXT() REPRESENTATION_CONTEXT('2D SPACE',''
  ) );
#1049 = PCURVE('',#62,#1050);
#1050 = DEFINITIONAL_REPRESENTATION('',(#1051),#1055);
#1051 = CIRCLE('',#1052,3.957271787482);
#1052 = AXIS2_PLACEMENT_2D('',#1053,#1054);
#1053 = CARTESIAN_POINT('',(4.2,-2.2));
#1054 = DIRECTION('',(1.,0.));
#1055 = ( GEOMETRIC_REPRESENTATION_CONTEXT(2) 
PARAMETRIC_REPRESENTATION_CONTEXT() REPRESENTATION_CONTEXT('2D SPACE',''
  ) );
#1056 = FACE_BOUND('',#1057,.T.);
#1057 = EDGE_LOOP('',(#1058,#1100,#1128,#1161));
#1058 = ORIENTED_EDGE('',*,*,#1059,.F.);
#1059 = EDGE_CURVE('',#1060,#1062,#1064,.T.);
#1060 = VERTEX_POINT('',#1061);
#1061 = CARTESIAN_POINT('',(28.887596159536,-6.1,-22.35));
#1062 = VERTEX_POINT('',#1063);
#1063 = CARTESIAN_POINT('',(28.887596159536,-6.1,-20.35));
#1064 = SURFACE_CURVE('',#1065,(#1070,#1088),.PCURVE_S1.);
#1065 = CIRCLE('',#1066,1.288409872673);
#1066 = AXIS2_PLACEMENT_3D('',#1067,#1068,#1069);
#1067 = CARTESIAN_POINT('',(29.7,-6.1,-21.35));
#1068 = DIRECTION('',(-0.,1.,0.));
#1069 = DIRECTION('',(0.,0.,1.));
#1070 = PCURVE('',#260,#1071);
#1071 = DEFINITIONAL_REPRESENTATION('',(#1072),#1087);
#1072 = B_SPLINE_CURVE_WITH_KNOTS('',7,(#1073,#1074,#1075,#1076,#1077,
    #1078,#1079,#1080,#1081,#1082,#1083,#1084,#1085,#1086),
  .UNSPECIFIED.,.F.,.F.,(8,6,8),(3.823851283759,4.712388980385,
    5.60092667701),.UNSPECIFIED.);
#1073 = CARTESIAN_POINT('',(4.514422773371,-0.237521170781));
#1074 = CARTESIAN_POINT('',(4.484293394647,-0.212556349967));
#1075 = CARTESIAN_POINT('',(4.458213606766,-0.183216890145));
#1076 = CARTESIAN_POINT('',(4.436871814204,-0.150244881478));
#1077 = CARTESIAN_POINT('',(4.420678856172,-0.114522237768));
#1078 = CARTESIAN_POINT('',(4.409817286336,-7.696144408464E-02));
#1079 = CARTESIAN_POINT('',(4.404386982673,-3.848069716216E-02));
#1080 = CARTESIAN_POINT('',(4.404386982673,3.848069716216E-02));
#1081 = CARTESIAN_POINT('',(4.409817286336,7.69614440846E-02));
#1082 = CARTESIAN_POINT('',(4.42067885617,0.114522237768));
#1083 = CARTESIAN_POINT('',(4.436871814205,0.150244881478));
#1084 = CARTESIAN_POINT('',(4.458213606766,0.183216890146));
#1085 = CARTESIAN_POINT('',(4.484293394647,0.212556349967));
#1086 = CARTESIAN_POINT('',(4.514422773371,0.237521170781));
#1087 = ( GEOMETRIC_REPRESENTATION_CONTEXT(2) 
PARAMETRIC_REPRESENTATION_CONTEXT() REPRESENTATION_CONTEXT('2D SPACE',''
  ) );
#1088 = PCURVE('',#1089,#1094);
#1089 = PLANE('',#1090);
#1090 = AXIS2_PLACEMENT_3D('',#1091,#1092,#1093);
#1091 = CARTESIAN_POINT('',(25.6,-6.1,-22.35));
#1092 = DIRECTION('',(-0.,1.,0.));
#1093 = DIRECTION('',(0.,0.,1.));
#1094 = DEFINITIONAL_REPRESENTATION('',(#1095),#1099);
#1095 = CIRCLE('',#1096,1.288409872673);
#1096 = AXIS2_PLACEMENT_2D('',#1097,#1098);
#1097 = CARTESIAN_POINT('',(1.,4.1));
#1098 = DIRECTION('',(1.,0.));
#1099 = ( GEOMETRIC_REPRESENTATION_CONTEXT(2) 
PARAMETRIC_REPRESENTATION_CONTEXT() REPRESENTATION_CONTEXT('2D SPACE',''
  ) );
#1100 = ORIENTED_EDGE('',*,*,#1101,.F.);
#1101 = EDGE_CURVE('',#1102,#1060,#1104,.T.);
#1102 = VERTEX_POINT('',#1103);
#1103 = CARTESIAN_POINT('',(26.80863354104,-5.,-22.35));
#1104 = SURFACE_CURVE('',#1105,(#1110,#1116),.PCURVE_S1.);
#1105 = CIRCLE('',#1106,4.130677910465);
#1106 = AXIS2_PLACEMENT_3D('',#1107,#1108,#1109);
#1107 = CARTESIAN_POINT('',(29.7,-2.05,-22.35));
#1108 = DIRECTION('',(0.,0.,1.));
#1109 = DIRECTION('',(1.,0.,-0.));
#1110 = PCURVE('',#260,#1111);
#1111 = DEFINITIONAL_REPRESENTATION('',(#1112),#1115);
#1112 = B_SPLINE_CURVE_WITH_KNOTS('',1,(#1113,#1114),.UNSPECIFIED.,.F.,
  .F.,(2,2),(3.937028121166,4.514422773371),.PIECEWISE_BEZIER_KNOTS.);
#1113 = CARTESIAN_POINT('',(3.937028121166,-0.237521170781));
#1114 = CARTESIAN_POINT('',(4.514422773371,-0.237521170781));
#1115 = ( GEOMETRIC_REPRESENTATION_CONTEXT(2) 
PARAMETRIC_REPRESENTATION_CONTEXT() REPRESENTATION_CONTEXT('2D SPACE',''
  ) );
#1116 = PCURVE('',#1117,#1122);
#1117 = PLANE('',#1118);
#1118 = AXIS2_PLACEMENT_3D('',#1119,#1120,#1121);
#1119 = CARTESIAN_POINT('',(25.6,-6.1,-22.35));
#1120 = DIRECTION('',(0.,0.,1.));
#1121 = DIRECTION('',(1.,0.,-0.));
#1122 = DEFINITIONAL_REPRESENTATION('',(#1123),#1127);
#1123 = CIRCLE('',#1124,4.130677910465);
#1124 = AXIS2_PLACEMENT_2D('',#1125,#1126);
#1125 = CARTESIAN_POINT('',(4.1,4.05));
#1126 = DIRECTION('',(1.,0.));
#1127 = ( GEOMETRIC_REPRESENTATION_CONTEXT(2) 
PARAMETRIC_REPRESENTATION_CONTEXT() REPRESENTATION_CONTEXT('2D SPACE',''
  ) );
#1128 = ORIENTED_EDGE('',*,*,#1129,.T.);
#1129 = EDGE_CURVE('',#1102,#1130,#1132,.T.);
#1130 = VERTEX_POINT('',#1131);
#1131 = CARTESIAN_POINT('',(26.80863354104,-5.,-20.35));
#1132 = SURFACE_CURVE('',#1133,(#1138,#1149),.PCURVE_S1.);
#1133 = CIRCLE('',#1134,3.059411708156);
#1134 = AXIS2_PLACEMENT_3D('',#1135,#1136,#1137);
#1135 = CARTESIAN_POINT('',(29.7,-5.,-21.35));
#1136 = DIRECTION('',(-0.,1.,0.));
#1137 = DIRECTION('',(0.,0.,1.));
#1138 = PCURVE('',#260,#1139);
#1139 = DEFINITIONAL_REPRESENTATION('',(#1140),#1148);
#1140 = B_SPLINE_CURVE_WITH_KNOTS('',6,(#1141,#1142,#1143,#1144,#1145,
    #1146,#1147),.UNSPECIFIED.,.F.,.F.,(7,7),(4.379409579662,
    5.045368381107),.PIECEWISE_BEZIER_KNOTS.);
#1141 = CARTESIAN_POINT('',(3.937028121166,-0.237521170781));
#1142 = CARTESIAN_POINT('',(3.917838099537,-0.159828881393));
#1143 = CARTESIAN_POINT('',(3.906904688308,-8.031153283493E-02));
#1144 = CARTESIAN_POINT('',(3.903352851422,4.440892098501E-15));
#1145 = CARTESIAN_POINT('',(3.906904688308,8.031153283493E-02));
#1146 = CARTESIAN_POINT('',(3.917838099537,0.159828881393));
#1147 = CARTESIAN_POINT('',(3.937028121166,0.237521170781));
#1148 = ( GEOMETRIC_REPRESENTATION_CONTEXT(2) 
PARAMETRIC_REPRESENTATION_CONTEXT() REPRESENTATION_CONTEXT('2D SPACE',''
  ) );
#1149 = PCURVE('',#1150,#1155);
#1150 = PLANE('',#1151);
#1151 = AXIS2_PLACEMENT_3D('',#1152,#1153,#1154);
#1152 = CARTESIAN_POINT('',(25.6,-5.,-22.35));
#1153 = DIRECTION('',(-0.,1.,0.));
#1154 = DIRECTION('',(0.,0.,1.));
#1155 = DEFINITIONAL_REPRESENTATION('',(#1156),#1160);
#1156 = CIRCLE('',#1157,3.059411708156);
#1157 = AXIS2_PLACEMENT_2D('',#1158,#1159);
#1158 = CARTESIAN_POINT('',(1.,4.1));
#1159 = DIRECTION('',(1.,0.));
#1160 = ( GEOMETRIC_REPRESENTATION_CONTEXT(2) 
PARAMETRIC_REPRESENTATION_CONTEXT() REPRESENTATION_CONTEXT('2D SPACE',''
  ) );
#1161 = ORIENTED_EDGE('',*,*,#1162,.T.);
#1162 = EDGE_CURVE('',#1130,#1062,#1163,.T.);
#1163 = SURFACE_CURVE('',#1164,(#1169,#1175),.PCURVE_S1.);
#1164 = CIRCLE('',#1165,4.130677910465);
#1165 = AXIS2_PLACEMENT_3D('',#1166,#1167,#1168);
#1166 = CARTESIAN_POINT('',(29.7,-2.05,-20.35));
#1167 = DIRECTION('',(0.,0.,1.));
#1168 = DIRECTION('',(1.,0.,-0.));
#1169 = PCURVE('',#260,#1170);
#1170 = DEFINITIONAL_REPRESENTATION('',(#1171),#1174);
#1171 = B_SPLINE_CURVE_WITH_KNOTS('',1,(#1172,#1173),.UNSPECIFIED.,.F.,
  .F.,(2,2),(3.937028121166,4.514422773371),.PIECEWISE_BEZIER_KNOTS.);
#1172 = CARTESIAN_POINT('',(3.937028121166,0.237521170781));
#1173 = CARTESIAN_POINT('',(4.514422773371,0.237521170781));
#1174 = ( GEOMETRIC_REPRESENTATION_CONTEXT(2) 
PARAMETRIC_REPRESENTATION_CONTEXT() REPRESENTATION_CONTEXT('2D SPACE',''
  ) );
#1175 = PCURVE('',#1176,#1181);
#1176 = PLANE('',#1177);
#1177 = AXIS2_PLACEMENT_3D('',#1178,#1179,#1180);
#1178 = CARTESIAN_POINT('',(25.6,-6.1,-20.35));
#1179 = DIRECTION('',(0.,0.,1.));
#1180 = DIRECTION('',(1.,0.,-0.));
#1181 = DEFINITIONAL_REPRESENTATION('',(#1182),#1186);
#1182 = CIRCLE('',#1183,4.130677910465);
#1183 = AXIS2_PLACEMENT_2D('',#1184,#1185);
#1184 = CARTESIAN_POINT('',(4.1,4.05));
#1185 = DIRECTION('',(1.,0.));
#1186 = ( GEOMETRIC_REPRESENTATION_CONTEXT(2) 
PARAMETRIC_REPRESENTATION_CONTEXT() REPRESENTATION_CONTEXT('2D SPACE',''
  ) );
#1187 = ADVANCED_FACE('',(#1188),#1176,.T.);
#1188 = FACE_BOUND('',#1189,.T.);
#1189 = EDGE_LOOP('',(#1190,#1213,#1241,#1262));
#1190 = ORIENTED_EDGE('',*,*,#1191,.F.);
#1191 = EDGE_CURVE('',#1192,#1130,#1194,.T.);
#1192 = VERTEX_POINT('',#1193);
#1193 = CARTESIAN_POINT('',(25.6,-5.,-20.35));
#1194 = SURFACE_CURVE('',#1195,(#1199,#1206),.PCURVE_S1.);
#1195 = LINE('',#1196,#1197);
#1196 = CARTESIAN_POINT('',(25.6,-5.,-20.35));
#1197 = VECTOR('',#1198,1.);
#1198 = DIRECTION('',(1.,0.,-0.));
#1199 = PCURVE('',#1176,#1200);
#1200 = DEFINITIONAL_REPRESENTATION('',(#1201),#1205);
#1201 = LINE('',#1202,#1203);
#1202 = CARTESIAN_POINT('',(0.,1.1));
#1203 = VECTOR('',#1204,1.);
#1204 = DIRECTION('',(1.,0.));
#1205 = ( GEOMETRIC_REPRESENTATION_CONTEXT(2) 
PARAMETRIC_REPRESENTATION_CONTEXT() REPRESENTATION_CONTEXT('2D SPACE',''
  ) );
#1206 = PCURVE('',#1150,#1207);
#1207 = DEFINITIONAL_REPRESENTATION('',(#1208),#1212);
#1208 = LINE('',#1209,#1210);
#1209 = CARTESIAN_POINT('',(2.,0.));
#1210 = VECTOR('',#1211,1.);
#1211 = DIRECTION('',(0.,1.));
#1212 = ( GEOMETRIC_REPRESENTATION_CONTEXT(2) 
PARAMETRIC_REPRESENTATION_CONTEXT() REPRESENTATION_CONTEXT('2D SPACE',''
  ) );
#1213 = ORIENTED_EDGE('',*,*,#1214,.F.);
#1214 = EDGE_CURVE('',#1215,#1192,#1217,.T.);
#1215 = VERTEX_POINT('',#1216);
#1216 = CARTESIAN_POINT('',(25.6,-6.1,-20.35));
#1217 = SURFACE_CURVE('',#1218,(#1222,#1229),.PCURVE_S1.);
#1218 = LINE('',#1219,#1220);
#1219 = CARTESIAN_POINT('',(25.6,-6.1,-20.35));
#1220 = VECTOR('',#1221,1.);
#1221 = DIRECTION('',(-0.,1.,0.));
#1222 = PCURVE('',#1176,#1223);
#1223 = DEFINITIONAL_REPRESENTATION('',(#1224),#1228);
#1224 = LINE('',#1225,#1226);
#1225 = CARTESIAN_POINT('',(0.,0.));
#1226 = VECTOR('',#1227,1.);
#1227 = DIRECTION('',(0.,1.));
#1228 = ( GEOMETRIC_REPRESENTATION_CONTEXT(2) 
PARAMETRIC_REPRESENTATION_CONTEXT() REPRESENTATION_CONTEXT('2D SPACE',''
  ) );
#1229 = PCURVE('',#1230,#1235);
#1230 = PLANE('',#1231);
#1231 = AXIS2_PLACEMENT_3D('',#1232,#1233,#1234);
#1232 = CARTESIAN_POINT('',(25.6,-6.1,-22.35));
#1233 = DIRECTION('',(1.,0.,-0.));
#1234 = DIRECTION('',(0.,0.,1.));
#1235 = DEFINITIONAL_REPRESENTATION('',(#1236),#1240);
#1236 = LINE('',#1237,#1238);
#1237 = CARTESIAN_POINT('',(2.,0.));
#1238 = VECTOR('',#1239,1.);
#1239 = DIRECTION('',(0.,-1.));
#1240 = ( GEOMETRIC_REPRESENTATION_CONTEXT(2) 
PARAMETRIC_REPRESENTATION_CONTEXT() REPRESENTATION_CONTEXT('2D SPACE',''
  ) );
#1241 = ORIENTED_EDGE('',*,*,#1242,.T.);
#1242 = EDGE_CURVE('',#1215,#1062,#1243,.T.);
#1243 = SURFACE_CURVE('',#1244,(#1248,#1255),.PCURVE_S1.);
#1244 = LINE('',#1245,#1246);
#1245 = CARTESIAN_POINT('',(25.6,-6.1,-20.35));
#1246 = VECTOR('',#1247,1.);
#1247 = DIRECTION('',(1.,0.,-0.));
#1248 = PCURVE('',#1176,#1249);
#1249 = DEFINITIONAL_REPRESENTATION('',(#1250),#1254);
#1250 = LINE('',#1251,#1252);
#1251 = CARTESIAN_POINT('',(0.,0.));
#1252 = VECTOR('',#1253,1.);
#1253 = DIRECTION('',(1.,0.));
#1254 = ( GEOMETRIC_REPRESENTATION_CONTEXT(2) 
PARAMETRIC_REPRESENTATION_CONTEXT() REPRESENTATION_CONTEXT('2D SPACE',''
  ) );
#1255 = PCURVE('',#1089,#1256);
#1256 = DEFINITIONAL_REPRESENTATION('',(#1257),#1261);
#1257 = LINE('',#1258,#1259);
#1258 = CARTESIAN_POINT('',(2.,0.));
#1259 = VECTOR('',#1260,1.);
#1260 = DIRECTION('',(0.,1.));
#1261 = ( GEOMETRIC_REPRESENTATION_CONTEXT(2) 
PARAMETRIC_REPRESENTATION_CONTEXT() REPRESENTATION_CONTEXT('2D SPACE',''
  ) );
#1262 = ORIENTED_EDGE('',*,*,#1162,.F.);
#1263 = ADVANCED_FACE('',(#1264),#1230,.F.);
#1264 = FACE_BOUND('',#1265,.F.);
#1265 = EDGE_LOOP('',(#1266,#1289,#1312,#1333));
#1266 = ORIENTED_EDGE('',*,*,#1267,.F.);
#1267 = EDGE_CURVE('',#1268,#1215,#1270,.T.);
#1268 = VERTEX_POINT('',#1269);
#1269 = CARTESIAN_POINT('',(25.6,-6.1,-22.35));
#1270 = SURFACE_CURVE('',#1271,(#1275,#1282),.PCURVE_S1.);
#1271 = LINE('',#1272,#1273);
#1272 = CARTESIAN_POINT('',(25.6,-6.1,-22.35));
#1273 = VECTOR('',#1274,1.);
#1274 = DIRECTION('',(0.,0.,1.));
#1275 = PCURVE('',#1230,#1276);
#1276 = DEFINITIONAL_REPRESENTATION('',(#1277),#1281);
#1277 = LINE('',#1278,#1279);
#1278 = CARTESIAN_POINT('',(0.,0.));
#1279 = VECTOR('',#1280,1.);
#1280 = DIRECTION('',(1.,0.));
#1281 = ( GEOMETRIC_REPRESENTATION_CONTEXT(2) 
PARAMETRIC_REPRESENTATION_CONTEXT() REPRESENTATION_CONTEXT('2D SPACE',''
  ) );
#1282 = PCURVE('',#1089,#1283);
#1283 = DEFINITIONAL_REPRESENTATION('',(#1284),#1288);
#1284 = LINE('',#1285,#1286);
#1285 = CARTESIAN_POINT('',(0.,0.));
#1286 = VECTOR('',#1287,1.);
#1287 = DIRECTION('',(1.,0.));
#1288 = ( GEOMETRIC_REPRESENTATION_CONTEXT(2) 
PARAMETRIC_REPRESENTATION_CONTEXT() REPRESENTATION_CONTEXT('2D SPACE',''
  ) );
#1289 = ORIENTED_EDGE('',*,*,#1290,.T.);
#1290 = EDGE_CURVE('',#1268,#1291,#1293,.T.);
#1291 = VERTEX_POINT('',#1292);
#1292 = CARTESIAN_POINT('',(25.6,-5.,-22.35));
#1293 = SURFACE_CURVE('',#1294,(#1298,#1305),.PCURVE_S1.);
#1294 = LINE('',#1295,#1296);
#1295 = CARTESIAN_POINT('',(25.6,-6.1,-22.35));
#1296 = VECTOR('',#1297,1.);
#1297 = DIRECTION('',(-0.,1.,0.));
#1298 = PCURVE('',#1230,#1299);
#1299 = DEFINITIONAL_REPRESENTATION('',(#1300),#1304);
#1300 = LINE('',#1301,#1302);
#1301 = CARTESIAN_POINT('',(0.,0.));
#1302 = VECTOR('',#1303,1.);
#1303 = DIRECTION('',(0.,-1.));
#1304 = ( GEOMETRIC_REPRESENTATION_CONTEXT(2) 
PARAMETRIC_REPRESENTATION_CONTEXT() REPRESENTATION_CONTEXT('2D SPACE',''
  ) );
#1305 = PCURVE('',#1117,#1306);
#1306 = DEFINITIONAL_REPRESENTATION('',(#1307),#1311);
#1307 = LINE('',#1308,#1309);
#1308 = CARTESIAN_POINT('',(0.,0.));
#1309 = VECTOR('',#1310,1.);
#1310 = DIRECTION('',(0.,1.));
#1311 = ( GEOMETRIC_REPRESENTATION_CONTEXT(2) 
PARAMETRIC_REPRESENTATION_CONTEXT() REPRESENTATION_CONTEXT('2D SPACE',''
  ) );
#1312 = ORIENTED_EDGE('',*,*,#1313,.T.);
#1313 = EDGE_CURVE('',#1291,#1192,#1314,.T.);
#1314 = SURFACE_CURVE('',#1315,(#1319,#1326),.PCURVE_S1.);
#1315 = LINE('',#1316,#1317);
#1316 = CARTESIAN_POINT('',(25.6,-5.,-22.35));
#1317 = VECTOR('',#1318,1.);
#1318 = DIRECTION('',(0.,0.,1.));
#1319 = PCURVE('',#1230,#1320);
#1320 = DEFINITIONAL_REPRESENTATION('',(#1321),#1325);
#1321 = LINE('',#1322,#1323);
#1322 = CARTESIAN_POINT('',(0.,-1.1));
#1323 = VECTOR('',#1324,1.);
#1324 = DIRECTION('',(1.,0.));
#1325 = ( GEOMETRIC_REPRESENTATION_CONTEXT(2) 
PARAMETRIC_REPRESENTATION_CONTEXT() REPRESENTATION_CONTEXT('2D SPACE',''
  ) );
#1326 = PCURVE('',#1150,#1327);
#1327 = DEFINITIONAL_REPRESENTATION('',(#1328),#1332);
#1328 = LINE('',#1329,#1330);
#1329 = CARTESIAN_POINT('',(0.,0.));
#1330 = VECTOR('',#1331,1.);
#1331 = DIRECTION('',(1.,0.));
#1332 = ( GEOMETRIC_REPRESENTATION_CONTEXT(2) 
PARAMETRIC_REPRESENTATION_CONTEXT() REPRESENTATION_CONTEXT('2D SPACE',''
  ) );
#1333 = ORIENTED_EDGE('',*,*,#1214,.F.);
#1334 = ADVANCED_FACE('',(#1335),#1150,.T.);
#1335 = FACE_BOUND('',#1336,.T.);
#1336 = EDGE_LOOP('',(#1337,#1358,#1359,#1360));
#1337 = ORIENTED_EDGE('',*,*,#1338,.F.);
#1338 = EDGE_CURVE('',#1291,#1102,#1339,.T.);
#1339 = SURFACE_CURVE('',#1340,(#1344,#1351),.PCURVE_S1.);
#1340 = LINE('',#1341,#1342);
#1341 = CARTESIAN_POINT('',(25.6,-5.,-22.35));
#1342 = VECTOR('',#1343,1.);
#1343 = DIRECTION('',(1.,0.,-0.));
#1344 = PCURVE('',#1150,#1345);
#1345 = DEFINITIONAL_REPRESENTATION('',(#1346),#1350);
#1346 = LINE('',#1347,#1348);
#1347 = CARTESIAN_POINT('',(0.,0.));
#1348 = VECTOR('',#1349,1.);
#1349 = DIRECTION('',(0.,1.));
#1350 = ( GEOMETRIC_REPRESENTATION_CONTEXT(2) 
PARAMETRIC_REPRESENTATION_CONTEXT() REPRESENTATION_CONTEXT('2D SPACE',''
  ) );
#1351 = PCURVE('',#1117,#1352);
#1352 = DEFINITIONAL_REPRESENTATION('',(#1353),#1357);
#1353 = LINE('',#1354,#1355);
#1354 = CARTESIAN_POINT('',(0.,1.1));
#1355 = VECTOR('',#1356,1.);
#1356 = DIRECTION('',(1.,0.));
#1357 = ( GEOMETRIC_REPRESENTATION_CONTEXT(2) 
PARAMETRIC_REPRESENTATION_CONTEXT() REPRESENTATION_CONTEXT('2D SPACE',''
  ) );
#1358 = ORIENTED_EDGE('',*,*,#1313,.T.);
#1359 = ORIENTED_EDGE('',*,*,#1191,.T.);
#1360 = ORIENTED_EDGE('',*,*,#1129,.F.);
#1361 = ADVANCED_FACE('',(#1362),#1117,.F.);
#1362 = FACE_BOUND('',#1363,.F.);
#1363 = EDGE_LOOP('',(#1364,#1365,#1366,#1387));
#1364 = ORIENTED_EDGE('',*,*,#1338,.F.);
#1365 = ORIENTED_EDGE('',*,*,#1290,.F.);
#1366 = ORIENTED_EDGE('',*,*,#1367,.T.);
#1367 = EDGE_CURVE('',#1268,#1060,#1368,.T.);
#1368 = SURFACE_CURVE('',#1369,(#1373,#1380),.PCURVE_S1.);
#1369 = LINE('',#1370,#1371);
#1370 = CARTESIAN_POINT('',(25.6,-6.1,-22.35));
#1371 = VECTOR('',#1372,1.);
#1372 = DIRECTION('',(1.,0.,-0.));
#1373 = PCURVE('',#1117,#1374);
#1374 = DEFINITIONAL_REPRESENTATION('',(#1375),#1379);
#1375 = LINE('',#1376,#1377);
#1376 = CARTESIAN_POINT('',(0.,0.));
#1377 = VECTOR('',#1378,1.);
#1378 = DIRECTION('',(1.,0.));
#1379 = ( GEOMETRIC_REPRESENTATION_CONTEXT(2) 
PARAMETRIC_REPRESENTATION_CONTEXT() REPRESENTATION_CONTEXT('2D SPACE',''
  ) );
#1380 = PCURVE('',#1089,#1381);
#1381 = DEFINITIONAL_REPRESENTATION('',(#1382),#1386);
#1382 = LINE('',#1383,#1384);
#1383 = CARTESIAN_POINT('',(0.,0.));
#1384 = VECTOR('',#1385,1.);
#1385 = DIRECTION('',(0.,1.));
#1386 = ( GEOMETRIC_REPRESENTATION_CONTEXT(2) 
PARAMETRIC_REPRESENTATION_CONTEXT() REPRESENTATION_CONTEXT('2D SPACE',''
  ) );
#1387 = ORIENTED_EDGE('',*,*,#1101,.F.);
#1388 = ADVANCED_FACE('',(#1389),#1089,.F.);
#1389 = FACE_BOUND('',#1390,.F.);
#1390 = EDGE_LOOP('',(#1391,#1392,#1393,#1394));
#1391 = ORIENTED_EDGE('',*,*,#1367,.F.);
#1392 = ORIENTED_EDGE('',*,*,#1267,.T.);
#1393 = ORIENTED_EDGE('',*,*,#1242,.T.);
#1394 = ORIENTED_EDGE('',*,*,#1059,.F.);
#1395 = ADVANCED_FACE('',(#1396),#1010,.T.);
#1396 = FACE_BOUND('',#1397,.T.);
#1397 = EDGE_LOOP('',(#1398,#1399,#1422,#1449,#1476,#1504,#1532,#1558,
    #1584,#1612));
#1398 = ORIENTED_EDGE('',*,*,#994,.F.);
#1399 = ORIENTED_EDGE('',*,*,#1400,.T.);
#1400 = EDGE_CURVE('',#955,#1401,#1403,.T.);
#1401 = VERTEX_POINT('',#1402);
#1402 = CARTESIAN_POINT('',(34.35,-6.1,-20.35));
#1403 = SURFACE_CURVE('',#1404,(#1408,#1415),.PCURVE_S1.);
#1404 = LINE('',#1405,#1406);
#1405 = CARTESIAN_POINT('',(25.6,-6.1,-20.35));
#1406 = VECTOR('',#1407,1.);
#1407 = DIRECTION('',(1.,0.,-0.));
#1408 = PCURVE('',#1010,#1409);
#1409 = DEFINITIONAL_REPRESENTATION('',(#1410),#1414);
#1410 = LINE('',#1411,#1412);
#1411 = CARTESIAN_POINT('',(-4.4,-0.7));
#1412 = VECTOR('',#1413,1.);
#1413 = DIRECTION('',(1.,0.));
#1414 = ( GEOMETRIC_REPRESENTATION_CONTEXT(2) 
PARAMETRIC_REPRESENTATION_CONTEXT() REPRESENTATION_CONTEXT('2D SPACE',''
  ) );
#1415 = PCURVE('',#982,#1416);
#1416 = DEFINITIONAL_REPRESENTATION('',(#1417),#1421);
#1417 = LINE('',#1418,#1419);
#1418 = CARTESIAN_POINT('',(2.,0.));
#1419 = VECTOR('',#1420,1.);
#1420 = DIRECTION('',(0.,1.));
#1421 = ( GEOMETRIC_REPRESENTATION_CONTEXT(2) 
PARAMETRIC_REPRESENTATION_CONTEXT() REPRESENTATION_CONTEXT('2D SPACE',''
  ) );
#1422 = ORIENTED_EDGE('',*,*,#1423,.F.);
#1423 = EDGE_CURVE('',#1424,#1401,#1426,.T.);
#1424 = VERTEX_POINT('',#1425);
#1425 = CARTESIAN_POINT('',(34.35,-5.5,-20.35));
#1426 = SURFACE_CURVE('',#1427,(#1431,#1438),.PCURVE_S1.);
#1427 = LINE('',#1428,#1429);
#1428 = CARTESIAN_POINT('',(34.35,-8.1,-20.35));
#1429 = VECTOR('',#1430,1.);
#1430 = DIRECTION('',(0.,-1.,0.));
#1431 = PCURVE('',#1010,#1432);
#1432 = DEFINITIONAL_REPRESENTATION('',(#1433),#1437);
#1433 = LINE('',#1434,#1435);
#1434 = CARTESIAN_POINT('',(4.35,-2.7));
#1435 = VECTOR('',#1436,1.);
#1436 = DIRECTION('',(0.,-1.));
#1437 = ( GEOMETRIC_REPRESENTATION_CONTEXT(2) 
PARAMETRIC_REPRESENTATION_CONTEXT() REPRESENTATION_CONTEXT('2D SPACE',''
  ) );
#1438 = PCURVE('',#1439,#1444);
#1439 = PLANE('',#1440);
#1440 = AXIS2_PLACEMENT_3D('',#1441,#1442,#1443);
#1441 = CARTESIAN_POINT('',(34.35,-10.1,-24.35));
#1442 = DIRECTION('',(1.,0.,-0.));
#1443 = DIRECTION('',(0.,0.,1.));
#1444 = DEFINITIONAL_REPRESENTATION('',(#1445),#1448);
#1445 = B_SPLINE_CURVE_WITH_KNOTS('',1,(#1446,#1447),.UNSPECIFIED.,.F.,
  .F.,(2,2),(-2.6,-2.),.PIECEWISE_BEZIER_KNOTS.);
#1446 = CARTESIAN_POINT('',(4.,-4.6));
#1447 = CARTESIAN_POINT('',(4.,-4.));
#1448 = ( GEOMETRIC_REPRESENTATION_CONTEXT(2) 
PARAMETRIC_REPRESENTATION_CONTEXT() REPRESENTATION_CONTEXT('2D SPACE',''
  ) );
#1449 = ORIENTED_EDGE('',*,*,#1450,.T.);
#1450 = EDGE_CURVE('',#1424,#1451,#1453,.T.);
#1451 = VERTEX_POINT('',#1452);
#1452 = CARTESIAN_POINT('',(34.4,-5.5,-20.35));
#1453 = SURFACE_CURVE('',#1454,(#1458,#1465),.PCURVE_S1.);
#1454 = LINE('',#1455,#1456);
#1455 = CARTESIAN_POINT('',(29.975,-5.5,-20.35));
#1456 = VECTOR('',#1457,1.);
#1457 = DIRECTION('',(1.,0.,-0.));
#1458 = PCURVE('',#1010,#1459);
#1459 = DEFINITIONAL_REPRESENTATION('',(#1460),#1464);
#1460 = LINE('',#1461,#1462);
#1461 = CARTESIAN_POINT('',(-2.5E-02,-1.E-01));
#1462 = VECTOR('',#1463,1.);
#1463 = DIRECTION('',(1.,0.));
#1464 = ( GEOMETRIC_REPRESENTATION_CONTEXT(2) 
PARAMETRIC_REPRESENTATION_CONTEXT() REPRESENTATION_CONTEXT('2D SPACE',''
  ) );
#1465 = PCURVE('',#1466,#1471);
#1466 = PLANE('',#1467);
#1467 = AXIS2_PLACEMENT_3D('',#1468,#1469,#1470);
#1468 = CARTESIAN_POINT('',(34.35,-5.5,-24.35));
#1469 = DIRECTION('',(-0.,1.,0.));
#1470 = DIRECTION('',(0.,0.,1.));
#1471 = DEFINITIONAL_REPRESENTATION('',(#1472),#1475);
#1472 = B_SPLINE_CURVE_WITH_KNOTS('',1,(#1473,#1474),.UNSPECIFIED.,.F.,
  .F.,(2,2),(4.375,4.425),.PIECEWISE_BEZIER_KNOTS.);
#1473 = CARTESIAN_POINT('',(4.,0.));
#1474 = CARTESIAN_POINT('',(4.,5.E-02));
#1475 = ( GEOMETRIC_REPRESENTATION_CONTEXT(2) 
PARAMETRIC_REPRESENTATION_CONTEXT() REPRESENTATION_CONTEXT('2D SPACE',''
  ) );
#1476 = ORIENTED_EDGE('',*,*,#1477,.T.);
#1477 = EDGE_CURVE('',#1451,#1478,#1480,.T.);
#1478 = VERTEX_POINT('',#1479);
#1479 = CARTESIAN_POINT('',(34.4,-5.4,-20.35));
#1480 = SURFACE_CURVE('',#1481,(#1485,#1492),.PCURVE_S1.);
#1481 = LINE('',#1482,#1483);
#1482 = CARTESIAN_POINT('',(34.4,-6.1,-20.35));
#1483 = VECTOR('',#1484,1.);
#1484 = DIRECTION('',(-0.,1.,0.));
#1485 = PCURVE('',#1010,#1486);
#1486 = DEFINITIONAL_REPRESENTATION('',(#1487),#1491);
#1487 = LINE('',#1488,#1489);
#1488 = CARTESIAN_POINT('',(4.4,-0.7));
#1489 = VECTOR('',#1490,1.);
#1490 = DIRECTION('',(0.,1.));
#1491 = ( GEOMETRIC_REPRESENTATION_CONTEXT(2) 
PARAMETRIC_REPRESENTATION_CONTEXT() REPRESENTATION_CONTEXT('2D SPACE',''
  ) );
#1492 = PCURVE('',#1493,#1498);
#1493 = PLANE('',#1494);
#1494 = AXIS2_PLACEMENT_3D('',#1495,#1496,#1497);
#1495 = CARTESIAN_POINT('',(34.4,-6.1,-22.35));
#1496 = DIRECTION('',(1.,0.,-0.));
#1497 = DIRECTION('',(0.,0.,1.));
#1498 = DEFINITIONAL_REPRESENTATION('',(#1499),#1503);
#1499 = LINE('',#1500,#1501);
#1500 = CARTESIAN_POINT('',(2.,0.));
#1501 = VECTOR('',#1502,1.);
#1502 = DIRECTION('',(0.,-1.));
#1503 = ( GEOMETRIC_REPRESENTATION_CONTEXT(2) 
PARAMETRIC_REPRESENTATION_CONTEXT() REPRESENTATION_CONTEXT('2D SPACE',''
  ) );
#1504 = ORIENTED_EDGE('',*,*,#1505,.T.);
#1505 = EDGE_CURVE('',#1478,#1506,#1508,.T.);
#1506 = VERTEX_POINT('',#1507);
#1507 = CARTESIAN_POINT('',(34.973382968186,-5.4,-20.35));
#1508 = SURFACE_CURVE('',#1509,(#1513,#1520),.PCURVE_S1.);
#1509 = LINE('',#1510,#1511);
#1510 = CARTESIAN_POINT('',(30.,-5.4,-20.35));
#1511 = VECTOR('',#1512,1.);
#1512 = DIRECTION('',(1.,0.,-0.));
#1513 = PCURVE('',#1010,#1514);
#1514 = DEFINITIONAL_REPRESENTATION('',(#1515),#1519);
#1515 = LINE('',#1516,#1517);
#1516 = CARTESIAN_POINT('',(0.,0.));
#1517 = VECTOR('',#1518,1.);
#1518 = DIRECTION('',(1.,0.));
#1519 = ( GEOMETRIC_REPRESENTATION_CONTEXT(2) 
PARAMETRIC_REPRESENTATION_CONTEXT() REPRESENTATION_CONTEXT('2D SPACE',''
  ) );
#1520 = PCURVE('',#1521,#1526);
#1521 = PLANE('',#1522);
#1522 = AXIS2_PLACEMENT_3D('',#1523,#1524,#1525);
#1523 = CARTESIAN_POINT('',(30.,-5.4,-22.35));
#1524 = DIRECTION('',(-0.,1.,0.));
#1525 = DIRECTION('',(0.,0.,1.));
#1526 = DEFINITIONAL_REPRESENTATION('',(#1527),#1531);
#1527 = LINE('',#1528,#1529);
#1528 = CARTESIAN_POINT('',(2.,0.));
#1529 = VECTOR('',#1530,1.);
#1530 = DIRECTION('',(0.,1.));
#1531 = ( GEOMETRIC_REPRESENTATION_CONTEXT(2) 
PARAMETRIC_REPRESENTATION_CONTEXT() REPRESENTATION_CONTEXT('2D SPACE',''
  ) );
#1532 = ORIENTED_EDGE('',*,*,#1533,.T.);
#1533 = EDGE_CURVE('',#1506,#1534,#1536,.T.);
#1534 = VERTEX_POINT('',#1535);
#1535 = CARTESIAN_POINT('',(34.973382968186,-4.6,-20.35));
#1536 = SURFACE_CURVE('',#1537,(#1541,#1547),.PCURVE_S1.);
#1537 = LINE('',#1538,#1539);
#1538 = CARTESIAN_POINT('',(34.973382968186,-10.1,-20.35));
#1539 = VECTOR('',#1540,1.);
#1540 = DIRECTION('',(0.,1.,0.));
#1541 = PCURVE('',#1010,#1542);
#1542 = DEFINITIONAL_REPRESENTATION('',(#1543),#1546);
#1543 = B_SPLINE_CURVE_WITH_KNOTS('',1,(#1544,#1545),.UNSPECIFIED.,.F.,
  .F.,(2,2),(3.75,5.5000006),.PIECEWISE_BEZIER_KNOTS.);
#1544 = CARTESIAN_POINT('',(4.973382968186,-0.95));
#1545 = CARTESIAN_POINT('',(4.973382968186,0.8000006));
#1546 = ( GEOMETRIC_REPRESENTATION_CONTEXT(2) 
PARAMETRIC_REPRESENTATION_CONTEXT() REPRESENTATION_CONTEXT('2D SPACE',''
  ) );
#1547 = PCURVE('',#1548,#1553);
#1548 = CYLINDRICAL_SURFACE('',#1549,2.35);
#1549 = AXIS2_PLACEMENT_3D('',#1550,#1551,#1552);
#1550 = CARTESIAN_POINT('',(37.1,-10.1,-21.35));
#1551 = DIRECTION('',(0.,1.,0.));
#1552 = DIRECTION('',(1.,0.,0.));
#1553 = DEFINITIONAL_REPRESENTATION('',(#1554),#1557);
#1554 = B_SPLINE_CURVE_WITH_KNOTS('',1,(#1555,#1556),.UNSPECIFIED.,.F.,
  .F.,(2,2),(3.75,5.5000006),.PIECEWISE_BEZIER_KNOTS.);
#1555 = CARTESIAN_POINT('',(3.581142246038,3.75));
#1556 = CARTESIAN_POINT('',(3.581142246038,5.5000006));
#1557 = ( GEOMETRIC_REPRESENTATION_CONTEXT(2) 
PARAMETRIC_REPRESENTATION_CONTEXT() REPRESENTATION_CONTEXT('2D SPACE',''
  ) );
#1558 = ORIENTED_EDGE('',*,*,#1559,.F.);
#1559 = EDGE_CURVE('',#1560,#1534,#1562,.T.);
#1560 = VERTEX_POINT('',#1561);
#1561 = CARTESIAN_POINT('',(38.,-4.6,-20.35));
#1562 = SURFACE_CURVE('',#1563,(#1567,#1573),.PCURVE_S1.);
#1563 = LINE('',#1564,#1565);
#1564 = CARTESIAN_POINT('',(33.55,-4.6,-20.35));
#1565 = VECTOR('',#1566,1.);
#1566 = DIRECTION('',(-1.,0.,0.));
#1567 = PCURVE('',#1010,#1568);
#1568 = DEFINITIONAL_REPRESENTATION('',(#1569),#1572);
#1569 = B_SPLINE_CURVE_WITH_KNOTS('',1,(#1570,#1571),.UNSPECIFIED.,.F.,
  .F.,(2,2),(-4.45,-1.2),.PIECEWISE_BEZIER_KNOTS.);
#1570 = CARTESIAN_POINT('',(8.,0.8));
#1571 = CARTESIAN_POINT('',(4.75,0.8));
#1572 = ( GEOMETRIC_REPRESENTATION_CONTEXT(2) 
PARAMETRIC_REPRESENTATION_CONTEXT() REPRESENTATION_CONTEXT('2D SPACE',''
  ) );
#1573 = PCURVE('',#1574,#1579);
#1574 = PLANE('',#1575);
#1575 = AXIS2_PLACEMENT_3D('',#1576,#1577,#1578);
#1576 = CARTESIAN_POINT('',(37.1,-4.6,-21.35));
#1577 = DIRECTION('',(0.,1.,0.));
#1578 = DIRECTION('',(1.,0.,0.));
#1579 = DEFINITIONAL_REPRESENTATION('',(#1580),#1583);
#1580 = B_SPLINE_CURVE_WITH_KNOTS('',1,(#1581,#1582),.UNSPECIFIED.,.F.,
  .F.,(2,2),(-4.45,-1.2),.PIECEWISE_BEZIER_KNOTS.);
#1581 = CARTESIAN_POINT('',(0.9,-1.));
#1582 = CARTESIAN_POINT('',(-2.35,-1.));
#1583 = ( GEOMETRIC_REPRESENTATION_CONTEXT(2) 
PARAMETRIC_REPRESENTATION_CONTEXT() REPRESENTATION_CONTEXT('2D SPACE',''
  ) );
#1584 = ORIENTED_EDGE('',*,*,#1585,.T.);
#1585 = EDGE_CURVE('',#1560,#1586,#1588,.T.);
#1586 = VERTEX_POINT('',#1587);
#1587 = CARTESIAN_POINT('',(38.,-3.6,-20.35));
#1588 = SURFACE_CURVE('',#1589,(#1593,#1600),.PCURVE_S1.);
#1589 = LINE('',#1590,#1591);
#1590 = CARTESIAN_POINT('',(38.,-5.4,-20.35));
#1591 = VECTOR('',#1592,1.);
#1592 = DIRECTION('',(-0.,1.,0.));
#1593 = PCURVE('',#1010,#1594);
#1594 = DEFINITIONAL_REPRESENTATION('',(#1595),#1599);
#1595 = LINE('',#1596,#1597);
#1596 = CARTESIAN_POINT('',(8.,0.));
#1597 = VECTOR('',#1598,1.);
#1598 = DIRECTION('',(0.,1.));
#1599 = ( GEOMETRIC_REPRESENTATION_CONTEXT(2) 
PARAMETRIC_REPRESENTATION_CONTEXT() REPRESENTATION_CONTEXT('2D SPACE',''
  ) );
#1600 = PCURVE('',#1601,#1606);
#1601 = PLANE('',#1602);
#1602 = AXIS2_PLACEMENT_3D('',#1603,#1604,#1605);
#1603 = CARTESIAN_POINT('',(38.,-5.4,-22.35));
#1604 = DIRECTION('',(1.,0.,-0.));
#1605 = DIRECTION('',(0.,0.,1.));
#1606 = DEFINITIONAL_REPRESENTATION('',(#1607),#1611);
#1607 = LINE('',#1608,#1609);
#1608 = CARTESIAN_POINT('',(2.,0.));
#1609 = VECTOR('',#1610,1.);
#1610 = DIRECTION('',(0.,-1.));
#1611 = ( GEOMETRIC_REPRESENTATION_CONTEXT(2) 
PARAMETRIC_REPRESENTATION_CONTEXT() REPRESENTATION_CONTEXT('2D SPACE',''
  ) );
#1612 = ORIENTED_EDGE('',*,*,#1613,.F.);
#1613 = EDGE_CURVE('',#995,#1586,#1614,.T.);
#1614 = SURFACE_CURVE('',#1615,(#1619,#1626),.PCURVE_S1.);
#1615 = LINE('',#1616,#1617);
#1616 = CARTESIAN_POINT('',(30.95,-3.6,-20.35));
#1617 = VECTOR('',#1618,1.);
#1618 = DIRECTION('',(1.,0.,-0.));
#1619 = PCURVE('',#1010,#1620);
#1620 = DEFINITIONAL_REPRESENTATION('',(#1621),#1625);
#1621 = LINE('',#1622,#1623);
#1622 = CARTESIAN_POINT('',(0.95,1.8));
#1623 = VECTOR('',#1624,1.);
#1624 = DIRECTION('',(1.,0.));
#1625 = ( GEOMETRIC_REPRESENTATION_CONTEXT(2) 
PARAMETRIC_REPRESENTATION_CONTEXT() REPRESENTATION_CONTEXT('2D SPACE',''
  ) );
#1626 = PCURVE('',#62,#1627);
#1627 = DEFINITIONAL_REPRESENTATION('',(#1628),#1631);
#1628 = B_SPLINE_CURVE_WITH_KNOTS('',1,(#1629,#1630),.UNSPECIFIED.,.F.,
  .F.,(2,2),(0.95,7.05),.PIECEWISE_BEZIER_KNOTS.);
#1629 = CARTESIAN_POINT('',(5.2,0.));
#1630 = CARTESIAN_POINT('',(5.2,6.1));
#1631 = ( GEOMETRIC_REPRESENTATION_CONTEXT(2) 
PARAMETRIC_REPRESENTATION_CONTEXT() REPRESENTATION_CONTEXT('2D SPACE',''
  ) );
#1632 = ADVANCED_FACE('',(#1633),#1439,.F.);
#1633 = FACE_BOUND('',#1634,.F.);
#1634 = EDGE_LOOP('',(#1635,#1665,#1693,#1716,#1738,#1757,#1758,#1781,
    #1809,#1832));
#1635 = ORIENTED_EDGE('',*,*,#1636,.F.);
#1636 = EDGE_CURVE('',#1637,#1639,#1641,.T.);
#1637 = VERTEX_POINT('',#1638);
#1638 = CARTESIAN_POINT('',(34.35,-10.1,-24.35));
#1639 = VERTEX_POINT('',#1640);
#1640 = CARTESIAN_POINT('',(34.35,-10.1,-24.15));
#1641 = SURFACE_CURVE('',#1642,(#1646,#1653),.PCURVE_S1.);
#1642 = LINE('',#1643,#1644);
#1643 = CARTESIAN_POINT('',(34.35,-10.1,-24.35));
#1644 = VECTOR('',#1645,1.);
#1645 = DIRECTION('',(0.,0.,1.));
#1646 = PCURVE('',#1439,#1647);
#1647 = DEFINITIONAL_REPRESENTATION('',(#1648),#1652);
#1648 = LINE('',#1649,#1650);
#1649 = CARTESIAN_POINT('',(0.,0.));
#1650 = VECTOR('',#1651,1.);
#1651 = DIRECTION('',(1.,0.));
#1652 = ( GEOMETRIC_REPRESENTATION_CONTEXT(2) 
PARAMETRIC_REPRESENTATION_CONTEXT() REPRESENTATION_CONTEXT('2D SPACE',''
  ) );
#1653 = PCURVE('',#1654,#1659);
#1654 = PLANE('',#1655);
#1655 = AXIS2_PLACEMENT_3D('',#1656,#1657,#1658);
#1656 = CARTESIAN_POINT('',(34.35,-10.1,-24.35));
#1657 = DIRECTION('',(-0.,1.,0.));
#1658 = DIRECTION('',(0.,0.,1.));
#1659 = DEFINITIONAL_REPRESENTATION('',(#1660),#1664);
#1660 = LINE('',#1661,#1662);
#1661 = CARTESIAN_POINT('',(0.,0.));
#1662 = VECTOR('',#1663,1.);
#1663 = DIRECTION('',(1.,0.));
#1664 = ( GEOMETRIC_REPRESENTATION_CONTEXT(2) 
PARAMETRIC_REPRESENTATION_CONTEXT() REPRESENTATION_CONTEXT('2D SPACE',''
  ) );
#1665 = ORIENTED_EDGE('',*,*,#1666,.T.);
#1666 = EDGE_CURVE('',#1637,#1667,#1669,.T.);
#1667 = VERTEX_POINT('',#1668);
#1668 = CARTESIAN_POINT('',(34.35,-5.5,-24.35));
#1669 = SURFACE_CURVE('',#1670,(#1674,#1681),.PCURVE_S1.);
#1670 = LINE('',#1671,#1672);
#1671 = CARTESIAN_POINT('',(34.35,-10.1,-24.35));
#1672 = VECTOR('',#1673,1.);
#1673 = DIRECTION('',(-0.,1.,0.));
#1674 = PCURVE('',#1439,#1675);
#1675 = DEFINITIONAL_REPRESENTATION('',(#1676),#1680);
#1676 = LINE('',#1677,#1678);
#1677 = CARTESIAN_POINT('',(0.,0.));
#1678 = VECTOR('',#1679,1.);
#1679 = DIRECTION('',(0.,-1.));
#1680 = ( GEOMETRIC_REPRESENTATION_CONTEXT(2) 
PARAMETRIC_REPRESENTATION_CONTEXT() REPRESENTATION_CONTEXT('2D SPACE',''
  ) );
#1681 = PCURVE('',#1682,#1687);
#1682 = PLANE('',#1683);
#1683 = AXIS2_PLACEMENT_3D('',#1684,#1685,#1686);
#1684 = CARTESIAN_POINT('',(34.35,-10.1,-24.35));
#1685 = DIRECTION('',(0.,0.,1.));
#1686 = DIRECTION('',(1.,0.,-0.));
#1687 = DEFINITIONAL_REPRESENTATION('',(#1688),#1692);
#1688 = LINE('',#1689,#1690);
#1689 = CARTESIAN_POINT('',(0.,0.));
#1690 = VECTOR('',#1691,1.);
#1691 = DIRECTION('',(0.,1.));
#1692 = ( GEOMETRIC_REPRESENTATION_CONTEXT(2) 
PARAMETRIC_REPRESENTATION_CONTEXT() REPRESENTATION_CONTEXT('2D SPACE',''
  ) );
#1693 = ORIENTED_EDGE('',*,*,#1694,.T.);
#1694 = EDGE_CURVE('',#1667,#1695,#1697,.T.);
#1695 = VERTEX_POINT('',#1696);
#1696 = CARTESIAN_POINT('',(34.35,-5.5,-22.35));
#1697 = SURFACE_CURVE('',#1698,(#1702,#1709),.PCURVE_S1.);
#1698 = LINE('',#1699,#1700);
#1699 = CARTESIAN_POINT('',(34.35,-5.5,-24.35));
#1700 = VECTOR('',#1701,1.);
#1701 = DIRECTION('',(0.,0.,1.));
#1702 = PCURVE('',#1439,#1703);
#1703 = DEFINITIONAL_REPRESENTATION('',(#1704),#1708);
#1704 = LINE('',#1705,#1706);
#1705 = CARTESIAN_POINT('',(0.,-4.6));
#1706 = VECTOR('',#1707,1.);
#1707 = DIRECTION('',(1.,0.));
#1708 = ( GEOMETRIC_REPRESENTATION_CONTEXT(2) 
PARAMETRIC_REPRESENTATION_CONTEXT() REPRESENTATION_CONTEXT('2D SPACE',''
  ) );
#1709 = PCURVE('',#1466,#1710);
#1710 = DEFINITIONAL_REPRESENTATION('',(#1711),#1715);
#1711 = LINE('',#1712,#1713);
#1712 = CARTESIAN_POINT('',(0.,0.));
#1713 = VECTOR('',#1714,1.);
#1714 = DIRECTION('',(1.,0.));
#1715 = ( GEOMETRIC_REPRESENTATION_CONTEXT(2) 
PARAMETRIC_REPRESENTATION_CONTEXT() REPRESENTATION_CONTEXT('2D SPACE',''
  ) );
#1716 = ORIENTED_EDGE('',*,*,#1717,.T.);
#1717 = EDGE_CURVE('',#1695,#1718,#1720,.T.);
#1718 = VERTEX_POINT('',#1719);
#1719 = CARTESIAN_POINT('',(34.35,-6.1,-22.35));
#1720 = SURFACE_CURVE('',#1721,(#1725,#1731),.PCURVE_S1.);
#1721 = LINE('',#1722,#1723);
#1722 = CARTESIAN_POINT('',(34.35,-8.1,-22.35));
#1723 = VECTOR('',#1724,1.);
#1724 = DIRECTION('',(0.,-1.,0.));
#1725 = PCURVE('',#1439,#1726);
#1726 = DEFINITIONAL_REPRESENTATION('',(#1727),#1730);
#1727 = B_SPLINE_CURVE_WITH_KNOTS('',1,(#1728,#1729),.UNSPECIFIED.,.F.,
  .F.,(2,2),(-2.6,-2.),.PIECEWISE_BEZIER_KNOTS.);
#1728 = CARTESIAN_POINT('',(2.,-4.6));
#1729 = CARTESIAN_POINT('',(2.,-4.));
#1730 = ( GEOMETRIC_REPRESENTATION_CONTEXT(2) 
PARAMETRIC_REPRESENTATION_CONTEXT() REPRESENTATION_CONTEXT('2D SPACE',''
  ) );
#1731 = PCURVE('',#938,#1732);
#1732 = DEFINITIONAL_REPRESENTATION('',(#1733),#1737);
#1733 = LINE('',#1734,#1735);
#1734 = CARTESIAN_POINT('',(4.35,-2.7));
#1735 = VECTOR('',#1736,1.);
#1736 = DIRECTION('',(0.,-1.));
#1737 = ( GEOMETRIC_REPRESENTATION_CONTEXT(2) 
PARAMETRIC_REPRESENTATION_CONTEXT() REPRESENTATION_CONTEXT('2D SPACE',''
  ) );
#1738 = ORIENTED_EDGE('',*,*,#1739,.T.);
#1739 = EDGE_CURVE('',#1718,#1401,#1740,.T.);
#1740 = SURFACE_CURVE('',#1741,(#1745,#1751),.PCURVE_S1.);
#1741 = LINE('',#1742,#1743);
#1742 = CARTESIAN_POINT('',(34.35,-6.1,-23.35));
#1743 = VECTOR('',#1744,1.);
#1744 = DIRECTION('',(0.,0.,1.));
#1745 = PCURVE('',#1439,#1746);
#1746 = DEFINITIONAL_REPRESENTATION('',(#1747),#1750);
#1747 = B_SPLINE_CURVE_WITH_KNOTS('',1,(#1748,#1749),.UNSPECIFIED.,.F.,
  .F.,(2,2),(1.,3.),.PIECEWISE_BEZIER_KNOTS.);
#1748 = CARTESIAN_POINT('',(2.,-4.));
#1749 = CARTESIAN_POINT('',(4.,-4.));
#1750 = ( GEOMETRIC_REPRESENTATION_CONTEXT(2) 
PARAMETRIC_REPRESENTATION_CONTEXT() REPRESENTATION_CONTEXT('2D SPACE',''
  ) );
#1751 = PCURVE('',#982,#1752);
#1752 = DEFINITIONAL_REPRESENTATION('',(#1753),#1756);
#1753 = B_SPLINE_CURVE_WITH_KNOTS('',1,(#1754,#1755),.UNSPECIFIED.,.F.,
  .F.,(2,2),(1.,3.),.PIECEWISE_BEZIER_KNOTS.);
#1754 = CARTESIAN_POINT('',(0.,8.75));
#1755 = CARTESIAN_POINT('',(2.,8.75));
#1756 = ( GEOMETRIC_REPRESENTATION_CONTEXT(2) 
PARAMETRIC_REPRESENTATION_CONTEXT() REPRESENTATION_CONTEXT('2D SPACE',''
  ) );
#1757 = ORIENTED_EDGE('',*,*,#1423,.F.);
#1758 = ORIENTED_EDGE('',*,*,#1759,.T.);
#1759 = EDGE_CURVE('',#1424,#1760,#1762,.T.);
#1760 = VERTEX_POINT('',#1761);
#1761 = CARTESIAN_POINT('',(34.35,-5.5,-18.35));
#1762 = SURFACE_CURVE('',#1763,(#1767,#1774),.PCURVE_S1.);
#1763 = LINE('',#1764,#1765);
#1764 = CARTESIAN_POINT('',(34.35,-5.5,-24.35));
#1765 = VECTOR('',#1766,1.);
#1766 = DIRECTION('',(0.,0.,1.));
#1767 = PCURVE('',#1439,#1768);
#1768 = DEFINITIONAL_REPRESENTATION('',(#1769),#1773);
#1769 = LINE('',#1770,#1771);
#1770 = CARTESIAN_POINT('',(0.,-4.6));
#1771 = VECTOR('',#1772,1.);
#1772 = DIRECTION('',(1.,0.));
#1773 = ( GEOMETRIC_REPRESENTATION_CONTEXT(2) 
PARAMETRIC_REPRESENTATION_CONTEXT() REPRESENTATION_CONTEXT('2D SPACE',''
  ) );
#1774 = PCURVE('',#1466,#1775);
#1775 = DEFINITIONAL_REPRESENTATION('',(#1776),#1780);
#1776 = LINE('',#1777,#1778);
#1777 = CARTESIAN_POINT('',(0.,0.));
#1778 = VECTOR('',#1779,1.);
#1779 = DIRECTION('',(1.,0.));
#1780 = ( GEOMETRIC_REPRESENTATION_CONTEXT(2) 
PARAMETRIC_REPRESENTATION_CONTEXT() REPRESENTATION_CONTEXT('2D SPACE',''
  ) );
#1781 = ORIENTED_EDGE('',*,*,#1782,.F.);
#1782 = EDGE_CURVE('',#1783,#1760,#1785,.T.);
#1783 = VERTEX_POINT('',#1784);
#1784 = CARTESIAN_POINT('',(34.35,-10.1,-18.35));
#1785 = SURFACE_CURVE('',#1786,(#1790,#1797),.PCURVE_S1.);
#1786 = LINE('',#1787,#1788);
#1787 = CARTESIAN_POINT('',(34.35,-10.1,-18.35));
#1788 = VECTOR('',#1789,1.);
#1789 = DIRECTION('',(-0.,1.,0.));
#1790 = PCURVE('',#1439,#1791);
#1791 = DEFINITIONAL_REPRESENTATION('',(#1792),#1796);
#1792 = LINE('',#1793,#1794);
#1793 = CARTESIAN_POINT('',(6.,0.));
#1794 = VECTOR('',#1795,1.);
#1795 = DIRECTION('',(0.,-1.));
#1796 = ( GEOMETRIC_REPRESENTATION_CONTEXT(2) 
PARAMETRIC_REPRESENTATION_CONTEXT() REPRESENTATION_CONTEXT('2D SPACE',''
  ) );
#1797 = PCURVE('',#1798,#1803);
#1798 = PLANE('',#1799);
#1799 = AXIS2_PLACEMENT_3D('',#1800,#1801,#1802);
#1800 = CARTESIAN_POINT('',(34.35,-10.1,-18.35));
#1801 = DIRECTION('',(0.,0.,1.));
#1802 = DIRECTION('',(1.,0.,-0.));
#1803 = DEFINITIONAL_REPRESENTATION('',(#1804),#1808);
#1804 = LINE('',#1805,#1806);
#1805 = CARTESIAN_POINT('',(0.,0.));
#1806 = VECTOR('',#1807,1.);
#1807 = DIRECTION('',(0.,1.));
#1808 = ( GEOMETRIC_REPRESENTATION_CONTEXT(2) 
PARAMETRIC_REPRESENTATION_CONTEXT() REPRESENTATION_CONTEXT('2D SPACE',''
  ) );
#1809 = ORIENTED_EDGE('',*,*,#1810,.F.);
#1810 = EDGE_CURVE('',#1811,#1783,#1813,.T.);
#1811 = VERTEX_POINT('',#1812);
#1812 = CARTESIAN_POINT('',(34.35,-10.1,-22.95));
#1813 = SURFACE_CURVE('',#1814,(#1818,#1825),.PCURVE_S1.);
#1814 = LINE('',#1815,#1816);
#1815 = CARTESIAN_POINT('',(34.35,-10.1,-24.35));
#1816 = VECTOR('',#1817,1.);
#1817 = DIRECTION('',(0.,0.,1.));
#1818 = PCURVE('',#1439,#1819);
#1819 = DEFINITIONAL_REPRESENTATION('',(#1820),#1824);
#1820 = LINE('',#1821,#1822);
#1821 = CARTESIAN_POINT('',(0.,0.));
#1822 = VECTOR('',#1823,1.);
#1823 = DIRECTION('',(1.,0.));
#1824 = ( GEOMETRIC_REPRESENTATION_CONTEXT(2) 
PARAMETRIC_REPRESENTATION_CONTEXT() REPRESENTATION_CONTEXT('2D SPACE',''
  ) );
#1825 = PCURVE('',#1654,#1826);
#1826 = DEFINITIONAL_REPRESENTATION('',(#1827),#1831);
#1827 = LINE('',#1828,#1829);
#1828 = CARTESIAN_POINT('',(0.,0.));
#1829 = VECTOR('',#1830,1.);
#1830 = DIRECTION('',(1.,0.));
#1831 = ( GEOMETRIC_REPRESENTATION_CONTEXT(2) 
PARAMETRIC_REPRESENTATION_CONTEXT() REPRESENTATION_CONTEXT('2D SPACE',''
  ) );
#1832 = ORIENTED_EDGE('',*,*,#1833,.F.);
#1833 = EDGE_CURVE('',#1639,#1811,#1834,.T.);
#1834 = SURFACE_CURVE('',#1835,(#1839,#1846),.PCURVE_S1.);
#1835 = LINE('',#1836,#1837);
#1836 = CARTESIAN_POINT('',(34.35,-10.1,-24.35));
#1837 = VECTOR('',#1838,1.);
#1838 = DIRECTION('',(0.,0.,1.));
#1839 = PCURVE('',#1439,#1840);
#1840 = DEFINITIONAL_REPRESENTATION('',(#1841),#1845);
#1841 = LINE('',#1842,#1843);
#1842 = CARTESIAN_POINT('',(0.,0.));
#1843 = VECTOR('',#1844,1.);
#1844 = DIRECTION('',(1.,0.));
#1845 = ( GEOMETRIC_REPRESENTATION_CONTEXT(2) 
PARAMETRIC_REPRESENTATION_CONTEXT() REPRESENTATION_CONTEXT('2D SPACE',''
  ) );
#1846 = PCURVE('',#1847,#1852);
#1847 = PLANE('',#1848);
#1848 = AXIS2_PLACEMENT_3D('',#1849,#1850,#1851);
#1849 = CARTESIAN_POINT('',(34.1,-10.1,-24.15));
#1850 = DIRECTION('',(-0.,1.,0.));
#1851 = DIRECTION('',(0.,0.,1.));
#1852 = DEFINITIONAL_REPRESENTATION('',(#1853),#1857);
#1853 = LINE('',#1854,#1855);
#1854 = CARTESIAN_POINT('',(-0.2,0.25));
#1855 = VECTOR('',#1856,1.);
#1856 = DIRECTION('',(1.,0.));
#1857 = ( GEOMETRIC_REPRESENTATION_CONTEXT(2) 
PARAMETRIC_REPRESENTATION_CONTEXT() REPRESENTATION_CONTEXT('2D SPACE',''
  ) );
#1858 = ADVANCED_FACE('',(#1859),#1682,.F.);
#1859 = FACE_BOUND('',#1860,.F.);
#1860 = EDGE_LOOP('',(#1861,#1862,#1885,#1913));
#1861 = ORIENTED_EDGE('',*,*,#1666,.F.);
#1862 = ORIENTED_EDGE('',*,*,#1863,.T.);
#1863 = EDGE_CURVE('',#1637,#1864,#1866,.T.);
#1864 = VERTEX_POINT('',#1865);
#1865 = CARTESIAN_POINT('',(39.85,-10.1,-24.35));
#1866 = SURFACE_CURVE('',#1867,(#1871,#1878),.PCURVE_S1.);
#1867 = LINE('',#1868,#1869);
#1868 = CARTESIAN_POINT('',(34.35,-10.1,-24.35));
#1869 = VECTOR('',#1870,1.);
#1870 = DIRECTION('',(1.,0.,-0.));
#1871 = PCURVE('',#1682,#1872);
#1872 = DEFINITIONAL_REPRESENTATION('',(#1873),#1877);
#1873 = LINE('',#1874,#1875);
#1874 = CARTESIAN_POINT('',(0.,0.));
#1875 = VECTOR('',#1876,1.);
#1876 = DIRECTION('',(1.,0.));
#1877 = ( GEOMETRIC_REPRESENTATION_CONTEXT(2) 
PARAMETRIC_REPRESENTATION_CONTEXT() REPRESENTATION_CONTEXT('2D SPACE',''
  ) );
#1878 = PCURVE('',#1654,#1879);
#1879 = DEFINITIONAL_REPRESENTATION('',(#1880),#1884);
#1880 = LINE('',#1881,#1882);
#1881 = CARTESIAN_POINT('',(0.,0.));
#1882 = VECTOR('',#1883,1.);
#1883 = DIRECTION('',(0.,1.));
#1884 = ( GEOMETRIC_REPRESENTATION_CONTEXT(2) 
PARAMETRIC_REPRESENTATION_CONTEXT() REPRESENTATION_CONTEXT('2D SPACE',''
  ) );
#1885 = ORIENTED_EDGE('',*,*,#1886,.T.);
#1886 = EDGE_CURVE('',#1864,#1887,#1889,.T.);
#1887 = VERTEX_POINT('',#1888);
#1888 = CARTESIAN_POINT('',(39.85,-5.5,-24.35));
#1889 = SURFACE_CURVE('',#1890,(#1894,#1901),.PCURVE_S1.);
#1890 = LINE('',#1891,#1892);
#1891 = CARTESIAN_POINT('',(39.85,-10.1,-24.35));
#1892 = VECTOR('',#1893,1.);
#1893 = DIRECTION('',(-0.,1.,0.));
#1894 = PCURVE('',#1682,#1895);
#1895 = DEFINITIONAL_REPRESENTATION('',(#1896),#1900);
#1896 = LINE('',#1897,#1898);
#1897 = CARTESIAN_POINT('',(5.5,0.));
#1898 = VECTOR('',#1899,1.);
#1899 = DIRECTION('',(0.,1.));
#1900 = ( GEOMETRIC_REPRESENTATION_CONTEXT(2) 
PARAMETRIC_REPRESENTATION_CONTEXT() REPRESENTATION_CONTEXT('2D SPACE',''
  ) );
#1901 = PCURVE('',#1902,#1907);
#1902 = PLANE('',#1903);
#1903 = AXIS2_PLACEMENT_3D('',#1904,#1905,#1906);
#1904 = CARTESIAN_POINT('',(39.85,-10.1,-24.35));
#1905 = DIRECTION('',(1.,0.,-0.));
#1906 = DIRECTION('',(0.,0.,1.));
#1907 = DEFINITIONAL_REPRESENTATION('',(#1908),#1912);
#1908 = LINE('',#1909,#1910);
#1909 = CARTESIAN_POINT('',(0.,0.));
#1910 = VECTOR('',#1911,1.);
#1911 = DIRECTION('',(0.,-1.));
#1912 = ( GEOMETRIC_REPRESENTATION_CONTEXT(2) 
PARAMETRIC_REPRESENTATION_CONTEXT() REPRESENTATION_CONTEXT('2D SPACE',''
  ) );
#1913 = ORIENTED_EDGE('',*,*,#1914,.F.);
#1914 = EDGE_CURVE('',#1667,#1887,#1915,.T.);
#1915 = SURFACE_CURVE('',#1916,(#1920,#1927),.PCURVE_S1.);
#1916 = LINE('',#1917,#1918);
#1917 = CARTESIAN_POINT('',(34.35,-5.5,-24.35));
#1918 = VECTOR('',#1919,1.);
#1919 = DIRECTION('',(1.,0.,-0.));
#1920 = PCURVE('',#1682,#1921);
#1921 = DEFINITIONAL_REPRESENTATION('',(#1922),#1926);
#1922 = LINE('',#1923,#1924);
#1923 = CARTESIAN_POINT('',(0.,4.6));
#1924 = VECTOR('',#1925,1.);
#1925 = DIRECTION('',(1.,0.));
#1926 = ( GEOMETRIC_REPRESENTATION_CONTEXT(2) 
PARAMETRIC_REPRESENTATION_CONTEXT() REPRESENTATION_CONTEXT('2D SPACE',''
  ) );
#1927 = PCURVE('',#1466,#1928);
#1928 = DEFINITIONAL_REPRESENTATION('',(#1929),#1933);
#1929 = LINE('',#1930,#1931);
#1930 = CARTESIAN_POINT('',(0.,0.));
#1931 = VECTOR('',#1932,1.);
#1932 = DIRECTION('',(0.,1.));
#1933 = ( GEOMETRIC_REPRESENTATION_CONTEXT(2) 
PARAMETRIC_REPRESENTATION_CONTEXT() REPRESENTATION_CONTEXT('2D SPACE',''
  ) );
#1934 = ADVANCED_FACE('',(#1935),#1902,.T.);
#1935 = FACE_BOUND('',#1936,.T.);
#1936 = EDGE_LOOP('',(#1937,#1960,#1961,#1984));
#1937 = ORIENTED_EDGE('',*,*,#1938,.F.);
#1938 = EDGE_CURVE('',#1864,#1939,#1941,.T.);
#1939 = VERTEX_POINT('',#1940);
#1940 = CARTESIAN_POINT('',(39.85,-10.1,-18.35));
#1941 = SURFACE_CURVE('',#1942,(#1946,#1953),.PCURVE_S1.);
#1942 = LINE('',#1943,#1944);
#1943 = CARTESIAN_POINT('',(39.85,-10.1,-24.35));
#1944 = VECTOR('',#1945,1.);
#1945 = DIRECTION('',(0.,0.,1.));
#1946 = PCURVE('',#1902,#1947);
#1947 = DEFINITIONAL_REPRESENTATION('',(#1948),#1952);
#1948 = LINE('',#1949,#1950);
#1949 = CARTESIAN_POINT('',(0.,0.));
#1950 = VECTOR('',#1951,1.);
#1951 = DIRECTION('',(1.,0.));
#1952 = ( GEOMETRIC_REPRESENTATION_CONTEXT(2) 
PARAMETRIC_REPRESENTATION_CONTEXT() REPRESENTATION_CONTEXT('2D SPACE',''
  ) );
#1953 = PCURVE('',#1654,#1954);
#1954 = DEFINITIONAL_REPRESENTATION('',(#1955),#1959);
#1955 = LINE('',#1956,#1957);
#1956 = CARTESIAN_POINT('',(0.,5.5));
#1957 = VECTOR('',#1958,1.);
#1958 = DIRECTION('',(1.,0.));
#1959 = ( GEOMETRIC_REPRESENTATION_CONTEXT(2) 
PARAMETRIC_REPRESENTATION_CONTEXT() REPRESENTATION_CONTEXT('2D SPACE',''
  ) );
#1960 = ORIENTED_EDGE('',*,*,#1886,.T.);
#1961 = ORIENTED_EDGE('',*,*,#1962,.T.);
#1962 = EDGE_CURVE('',#1887,#1963,#1965,.T.);
#1963 = VERTEX_POINT('',#1964);
#1964 = CARTESIAN_POINT('',(39.85,-5.5,-18.35));
#1965 = SURFACE_CURVE('',#1966,(#1970,#1977),.PCURVE_S1.);
#1966 = LINE('',#1967,#1968);
#1967 = CARTESIAN_POINT('',(39.85,-5.5,-24.35));
#1968 = VECTOR('',#1969,1.);
#1969 = DIRECTION('',(0.,0.,1.));
#1970 = PCURVE('',#1902,#1971);
#1971 = DEFINITIONAL_REPRESENTATION('',(#1972),#1976);
#1972 = LINE('',#1973,#1974);
#1973 = CARTESIAN_POINT('',(0.,-4.6));
#1974 = VECTOR('',#1975,1.);
#1975 = DIRECTION('',(1.,0.));
#1976 = ( GEOMETRIC_REPRESENTATION_CONTEXT(2) 
PARAMETRIC_REPRESENTATION_CONTEXT() REPRESENTATION_CONTEXT('2D SPACE',''
  ) );
#1977 = PCURVE('',#1466,#1978);
#1978 = DEFINITIONAL_REPRESENTATION('',(#1979),#1983);
#1979 = LINE('',#1980,#1981);
#1980 = CARTESIAN_POINT('',(0.,5.5));
#1981 = VECTOR('',#1982,1.);
#1982 = DIRECTION('',(1.,0.));
#1983 = ( GEOMETRIC_REPRESENTATION_CONTEXT(2) 
PARAMETRIC_REPRESENTATION_CONTEXT() REPRESENTATION_CONTEXT('2D SPACE',''
  ) );
#1984 = ORIENTED_EDGE('',*,*,#1985,.F.);
#1985 = EDGE_CURVE('',#1939,#1963,#1986,.T.);
#1986 = SURFACE_CURVE('',#1987,(#1991,#1998),.PCURVE_S1.);
#1987 = LINE('',#1988,#1989);
#1988 = CARTESIAN_POINT('',(39.85,-10.1,-18.35));
#1989 = VECTOR('',#1990,1.);
#1990 = DIRECTION('',(-0.,1.,0.));
#1991 = PCURVE('',#1902,#1992);
#1992 = DEFINITIONAL_REPRESENTATION('',(#1993),#1997);
#1993 = LINE('',#1994,#1995);
#1994 = CARTESIAN_POINT('',(6.,0.));
#1995 = VECTOR('',#1996,1.);
#1996 = DIRECTION('',(0.,-1.));
#1997 = ( GEOMETRIC_REPRESENTATION_CONTEXT(2) 
PARAMETRIC_REPRESENTATION_CONTEXT() REPRESENTATION_CONTEXT('2D SPACE',''
  ) );
#1998 = PCURVE('',#1798,#1999);
#1999 = DEFINITIONAL_REPRESENTATION('',(#2000),#2004);
#2000 = LINE('',#2001,#2002);
#2001 = CARTESIAN_POINT('',(5.5,0.));
#2002 = VECTOR('',#2003,1.);
#2003 = DIRECTION('',(0.,1.));
#2004 = ( GEOMETRIC_REPRESENTATION_CONTEXT(2) 
PARAMETRIC_REPRESENTATION_CONTEXT() REPRESENTATION_CONTEXT('2D SPACE',''
  ) );
#2005 = ADVANCED_FACE('',(#2006),#1798,.T.);
#2006 = FACE_BOUND('',#2007,.T.);
#2007 = EDGE_LOOP('',(#2008,#2009,#2030,#2031));
#2008 = ORIENTED_EDGE('',*,*,#1782,.F.);
#2009 = ORIENTED_EDGE('',*,*,#2010,.T.);
#2010 = EDGE_CURVE('',#1783,#1939,#2011,.T.);
#2011 = SURFACE_CURVE('',#2012,(#2016,#2023),.PCURVE_S1.);
#2012 = LINE('',#2013,#2014);
#2013 = CARTESIAN_POINT('',(34.35,-10.1,-18.35));
#2014 = VECTOR('',#2015,1.);
#2015 = DIRECTION('',(1.,0.,-0.));
#2016 = PCURVE('',#1798,#2017);
#2017 = DEFINITIONAL_REPRESENTATION('',(#2018),#2022);
#2018 = LINE('',#2019,#2020);
#2019 = CARTESIAN_POINT('',(0.,0.));
#2020 = VECTOR('',#2021,1.);
#2021 = DIRECTION('',(1.,0.));
#2022 = ( GEOMETRIC_REPRESENTATION_CONTEXT(2) 
PARAMETRIC_REPRESENTATION_CONTEXT() REPRESENTATION_CONTEXT('2D SPACE',''
  ) );
#2023 = PCURVE('',#1654,#2024);
#2024 = DEFINITIONAL_REPRESENTATION('',(#2025),#2029);
#2025 = LINE('',#2026,#2027);
#2026 = CARTESIAN_POINT('',(6.,0.));
#2027 = VECTOR('',#2028,1.);
#2028 = DIRECTION('',(0.,1.));
#2029 = ( GEOMETRIC_REPRESENTATION_CONTEXT(2) 
PARAMETRIC_REPRESENTATION_CONTEXT() REPRESENTATION_CONTEXT('2D SPACE',''
  ) );
#2030 = ORIENTED_EDGE('',*,*,#1985,.T.);
#2031 = ORIENTED_EDGE('',*,*,#2032,.F.);
#2032 = EDGE_CURVE('',#1760,#1963,#2033,.T.);
#2033 = SURFACE_CURVE('',#2034,(#2038,#2045),.PCURVE_S1.);
#2034 = LINE('',#2035,#2036);
#2035 = CARTESIAN_POINT('',(34.35,-5.5,-18.35));
#2036 = VECTOR('',#2037,1.);
#2037 = DIRECTION('',(1.,0.,-0.));
#2038 = PCURVE('',#1798,#2039);
#2039 = DEFINITIONAL_REPRESENTATION('',(#2040),#2044);
#2040 = LINE('',#2041,#2042);
#2041 = CARTESIAN_POINT('',(0.,4.6));
#2042 = VECTOR('',#2043,1.);
#2043 = DIRECTION('',(1.,0.));
#2044 = ( GEOMETRIC_REPRESENTATION_CONTEXT(2) 
PARAMETRIC_REPRESENTATION_CONTEXT() REPRESENTATION_CONTEXT('2D SPACE',''
  ) );
#2045 = PCURVE('',#1466,#2046);
#2046 = DEFINITIONAL_REPRESENTATION('',(#2047),#2051);
#2047 = LINE('',#2048,#2049);
#2048 = CARTESIAN_POINT('',(6.,0.));
#2049 = VECTOR('',#2050,1.);
#2050 = DIRECTION('',(0.,1.));
#2051 = ( GEOMETRIC_REPRESENTATION_CONTEXT(2) 
PARAMETRIC_REPRESENTATION_CONTEXT() REPRESENTATION_CONTEXT('2D SPACE',''
  ) );
#2052 = ADVANCED_FACE('',(#2053),#1847,.T.);
#2053 = FACE_BOUND('',#2054,.T.);
#2054 = EDGE_LOOP('',(#2055,#2083,#2111,#2137));
#2055 = ORIENTED_EDGE('',*,*,#2056,.F.);
#2056 = EDGE_CURVE('',#2057,#1639,#2059,.T.);
#2057 = VERTEX_POINT('',#2058);
#2058 = CARTESIAN_POINT('',(34.1,-10.1,-24.15));
#2059 = SURFACE_CURVE('',#2060,(#2064,#2071),.PCURVE_S1.);
#2060 = LINE('',#2061,#2062);
#2061 = CARTESIAN_POINT('',(34.1,-10.1,-24.15));
#2062 = VECTOR('',#2063,1.);
#2063 = DIRECTION('',(1.,0.,-0.));
#2064 = PCURVE('',#1847,#2065);
#2065 = DEFINITIONAL_REPRESENTATION('',(#2066),#2070);
#2066 = LINE('',#2067,#2068);
#2067 = CARTESIAN_POINT('',(0.,0.));
#2068 = VECTOR('',#2069,1.);
#2069 = DIRECTION('',(0.,1.));
#2070 = ( GEOMETRIC_REPRESENTATION_CONTEXT(2) 
PARAMETRIC_REPRESENTATION_CONTEXT() REPRESENTATION_CONTEXT('2D SPACE',''
  ) );
#2071 = PCURVE('',#2072,#2077);
#2072 = PLANE('',#2073);
#2073 = AXIS2_PLACEMENT_3D('',#2074,#2075,#2076);
#2074 = CARTESIAN_POINT('',(34.1,-10.9,-24.15));
#2075 = DIRECTION('',(0.,0.,1.));
#2076 = DIRECTION('',(1.,0.,-0.));
#2077 = DEFINITIONAL_REPRESENTATION('',(#2078),#2082);
#2078 = LINE('',#2079,#2080);
#2079 = CARTESIAN_POINT('',(0.,0.8));
#2080 = VECTOR('',#2081,1.);
#2081 = DIRECTION('',(1.,0.));
#2082 = ( GEOMETRIC_REPRESENTATION_CONTEXT(2) 
PARAMETRIC_REPRESENTATION_CONTEXT() REPRESENTATION_CONTEXT('2D SPACE',''
  ) );
#2083 = ORIENTED_EDGE('',*,*,#2084,.T.);
#2084 = EDGE_CURVE('',#2057,#2085,#2087,.T.);
#2085 = VERTEX_POINT('',#2086);
#2086 = CARTESIAN_POINT('',(34.1,-10.1,-22.95));
#2087 = SURFACE_CURVE('',#2088,(#2092,#2099),.PCURVE_S1.);
#2088 = LINE('',#2089,#2090);
#2089 = CARTESIAN_POINT('',(34.1,-10.1,-24.15));
#2090 = VECTOR('',#2091,1.);
#2091 = DIRECTION('',(0.,0.,1.));
#2092 = PCURVE('',#1847,#2093);
#2093 = DEFINITIONAL_REPRESENTATION('',(#2094),#2098);
#2094 = LINE('',#2095,#2096);
#2095 = CARTESIAN_POINT('',(0.,0.));
#2096 = VECTOR('',#2097,1.);
#2097 = DIRECTION('',(1.,0.));
#2098 = ( GEOMETRIC_REPRESENTATION_CONTEXT(2) 
PARAMETRIC_REPRESENTATION_CONTEXT() REPRESENTATION_CONTEXT('2D SPACE',''
  ) );
#2099 = PCURVE('',#2100,#2105);
#2100 = PLANE('',#2101);
#2101 = AXIS2_PLACEMENT_3D('',#2102,#2103,#2104);
#2102 = CARTESIAN_POINT('',(34.1,-10.9,-24.15));
#2103 = DIRECTION('',(1.,0.,-0.));
#2104 = DIRECTION('',(0.,0.,1.));
#2105 = DEFINITIONAL_REPRESENTATION('',(#2106),#2110);
#2106 = LINE('',#2107,#2108);
#2107 = CARTESIAN_POINT('',(0.,-0.8));
#2108 = VECTOR('',#2109,1.);
#2109 = DIRECTION('',(1.,0.));
#2110 = ( GEOMETRIC_REPRESENTATION_CONTEXT(2) 
PARAMETRIC_REPRESENTATION_CONTEXT() REPRESENTATION_CONTEXT('2D SPACE',''
  ) );
#2111 = ORIENTED_EDGE('',*,*,#2112,.T.);
#2112 = EDGE_CURVE('',#2085,#1811,#2113,.T.);
#2113 = SURFACE_CURVE('',#2114,(#2118,#2125),.PCURVE_S1.);
#2114 = LINE('',#2115,#2116);
#2115 = CARTESIAN_POINT('',(34.1,-10.1,-22.95));
#2116 = VECTOR('',#2117,1.);
#2117 = DIRECTION('',(1.,0.,-0.));
#2118 = PCURVE('',#1847,#2119);
#2119 = DEFINITIONAL_REPRESENTATION('',(#2120),#2124);
#2120 = LINE('',#2121,#2122);
#2121 = CARTESIAN_POINT('',(1.2,0.));
#2122 = VECTOR('',#2123,1.);
#2123 = DIRECTION('',(0.,1.));
#2124 = ( GEOMETRIC_REPRESENTATION_CONTEXT(2) 
PARAMETRIC_REPRESENTATION_CONTEXT() REPRESENTATION_CONTEXT('2D SPACE',''
  ) );
#2125 = PCURVE('',#2126,#2131);
#2126 = PLANE('',#2127);
#2127 = AXIS2_PLACEMENT_3D('',#2128,#2129,#2130);
#2128 = CARTESIAN_POINT('',(34.1,-10.9,-22.95));
#2129 = DIRECTION('',(0.,0.,1.));
#2130 = DIRECTION('',(1.,0.,-0.));
#2131 = DEFINITIONAL_REPRESENTATION('',(#2132),#2136);
#2132 = LINE('',#2133,#2134);
#2133 = CARTESIAN_POINT('',(0.,0.8));
#2134 = VECTOR('',#2135,1.);
#2135 = DIRECTION('',(1.,0.));
#2136 = ( GEOMETRIC_REPRESENTATION_CONTEXT(2) 
PARAMETRIC_REPRESENTATION_CONTEXT() REPRESENTATION_CONTEXT('2D SPACE',''
  ) );
#2137 = ORIENTED_EDGE('',*,*,#1833,.F.);
#2138 = ADVANCED_FACE('',(#2139),#2100,.F.);
#2139 = FACE_BOUND('',#2140,.F.);
#2140 = EDGE_LOOP('',(#2141,#2171,#2192,#2193));
#2141 = ORIENTED_EDGE('',*,*,#2142,.F.);
#2142 = EDGE_CURVE('',#2143,#2145,#2147,.T.);
#2143 = VERTEX_POINT('',#2144);
#2144 = CARTESIAN_POINT('',(34.1,-10.9,-24.15));
#2145 = VERTEX_POINT('',#2146);
#2146 = CARTESIAN_POINT('',(34.1,-10.9,-22.95));
#2147 = SURFACE_CURVE('',#2148,(#2152,#2159),.PCURVE_S1.);
#2148 = LINE('',#2149,#2150);
#2149 = CARTESIAN_POINT('',(34.1,-10.9,-24.15));
#2150 = VECTOR('',#2151,1.);
#2151 = DIRECTION('',(0.,0.,1.));
#2152 = PCURVE('',#2100,#2153);
#2153 = DEFINITIONAL_REPRESENTATION('',(#2154),#2158);
#2154 = LINE('',#2155,#2156);
#2155 = CARTESIAN_POINT('',(0.,0.));
#2156 = VECTOR('',#2157,1.);
#2157 = DIRECTION('',(1.,0.));
#2158 = ( GEOMETRIC_REPRESENTATION_CONTEXT(2) 
PARAMETRIC_REPRESENTATION_CONTEXT() REPRESENTATION_CONTEXT('2D SPACE',''
  ) );
#2159 = PCURVE('',#2160,#2165);
#2160 = PLANE('',#2161);
#2161 = AXIS2_PLACEMENT_3D('',#2162,#2163,#2164);
#2162 = CARTESIAN_POINT('',(34.1,-10.9,-24.15));
#2163 = DIRECTION('',(-0.,1.,0.));
#2164 = DIRECTION('',(0.,0.,1.));
#2165 = DEFINITIONAL_REPRESENTATION('',(#2166),#2170);
#2166 = LINE('',#2167,#2168);
#2167 = CARTESIAN_POINT('',(0.,0.));
#2168 = VECTOR('',#2169,1.);
#2169 = DIRECTION('',(1.,0.));
#2170 = ( GEOMETRIC_REPRESENTATION_CONTEXT(2) 
PARAMETRIC_REPRESENTATION_CONTEXT() REPRESENTATION_CONTEXT('2D SPACE',''
  ) );
#2171 = ORIENTED_EDGE('',*,*,#2172,.T.);
#2172 = EDGE_CURVE('',#2143,#2057,#2173,.T.);
#2173 = SURFACE_CURVE('',#2174,(#2178,#2185),.PCURVE_S1.);
#2174 = LINE('',#2175,#2176);
#2175 = CARTESIAN_POINT('',(34.1,-10.9,-24.15));
#2176 = VECTOR('',#2177,1.);
#2177 = DIRECTION('',(-0.,1.,0.));
#2178 = PCURVE('',#2100,#2179);
#2179 = DEFINITIONAL_REPRESENTATION('',(#2180),#2184);
#2180 = LINE('',#2181,#2182);
#2181 = CARTESIAN_POINT('',(0.,0.));
#2182 = VECTOR('',#2183,1.);
#2183 = DIRECTION('',(0.,-1.));
#2184 = ( GEOMETRIC_REPRESENTATION_CONTEXT(2) 
PARAMETRIC_REPRESENTATION_CONTEXT() REPRESENTATION_CONTEXT('2D SPACE',''
  ) );
#2185 = PCURVE('',#2072,#2186);
#2186 = DEFINITIONAL_REPRESENTATION('',(#2187),#2191);
#2187 = LINE('',#2188,#2189);
#2188 = CARTESIAN_POINT('',(0.,0.));
#2189 = VECTOR('',#2190,1.);
#2190 = DIRECTION('',(0.,1.));
#2191 = ( GEOMETRIC_REPRESENTATION_CONTEXT(2) 
PARAMETRIC_REPRESENTATION_CONTEXT() REPRESENTATION_CONTEXT('2D SPACE',''
  ) );
#2192 = ORIENTED_EDGE('',*,*,#2084,.T.);
#2193 = ORIENTED_EDGE('',*,*,#2194,.F.);
#2194 = EDGE_CURVE('',#2145,#2085,#2195,.T.);
#2195 = SURFACE_CURVE('',#2196,(#2200,#2207),.PCURVE_S1.);
#2196 = LINE('',#2197,#2198);
#2197 = CARTESIAN_POINT('',(34.1,-10.9,-22.95));
#2198 = VECTOR('',#2199,1.);
#2199 = DIRECTION('',(-0.,1.,0.));
#2200 = PCURVE('',#2100,#2201);
#2201 = DEFINITIONAL_REPRESENTATION('',(#2202),#2206);
#2202 = LINE('',#2203,#2204);
#2203 = CARTESIAN_POINT('',(1.2,0.));
#2204 = VECTOR('',#2205,1.);
#2205 = DIRECTION('',(0.,-1.));
#2206 = ( GEOMETRIC_REPRESENTATION_CONTEXT(2) 
PARAMETRIC_REPRESENTATION_CONTEXT() REPRESENTATION_CONTEXT('2D SPACE',''
  ) );
#2207 = PCURVE('',#2126,#2208);
#2208 = DEFINITIONAL_REPRESENTATION('',(#2209),#2213);
#2209 = LINE('',#2210,#2211);
#2210 = CARTESIAN_POINT('',(0.,0.));
#2211 = VECTOR('',#2212,1.);
#2212 = DIRECTION('',(0.,1.));
#2213 = ( GEOMETRIC_REPRESENTATION_CONTEXT(2) 
PARAMETRIC_REPRESENTATION_CONTEXT() REPRESENTATION_CONTEXT('2D SPACE',''
  ) );
#2214 = ADVANCED_FACE('',(#2215),#2160,.F.);
#2215 = FACE_BOUND('',#2216,.F.);
#2216 = EDGE_LOOP('',(#2217,#2240,#2241,#2264));
#2217 = ORIENTED_EDGE('',*,*,#2218,.F.);
#2218 = EDGE_CURVE('',#2143,#2219,#2221,.T.);
#2219 = VERTEX_POINT('',#2220);
#2220 = CARTESIAN_POINT('',(35.3,-10.9,-24.15));
#2221 = SURFACE_CURVE('',#2222,(#2226,#2233),.PCURVE_S1.);
#2222 = LINE('',#2223,#2224);
#2223 = CARTESIAN_POINT('',(34.1,-10.9,-24.15));
#2224 = VECTOR('',#2225,1.);
#2225 = DIRECTION('',(1.,0.,-0.));
#2226 = PCURVE('',#2160,#2227);
#2227 = DEFINITIONAL_REPRESENTATION('',(#2228),#2232);
#2228 = LINE('',#2229,#2230);
#2229 = CARTESIAN_POINT('',(0.,0.));
#2230 = VECTOR('',#2231,1.);
#2231 = DIRECTION('',(0.,1.));
#2232 = ( GEOMETRIC_REPRESENTATION_CONTEXT(2) 
PARAMETRIC_REPRESENTATION_CONTEXT() REPRESENTATION_CONTEXT('2D SPACE',''
  ) );
#2233 = PCURVE('',#2072,#2234);
#2234 = DEFINITIONAL_REPRESENTATION('',(#2235),#2239);
#2235 = LINE('',#2236,#2237);
#2236 = CARTESIAN_POINT('',(0.,0.));
#2237 = VECTOR('',#2238,1.);
#2238 = DIRECTION('',(1.,0.));
#2239 = ( GEOMETRIC_REPRESENTATION_CONTEXT(2) 
PARAMETRIC_REPRESENTATION_CONTEXT() REPRESENTATION_CONTEXT('2D SPACE',''
  ) );
#2240 = ORIENTED_EDGE('',*,*,#2142,.T.);
#2241 = ORIENTED_EDGE('',*,*,#2242,.T.);
#2242 = EDGE_CURVE('',#2145,#2243,#2245,.T.);
#2243 = VERTEX_POINT('',#2244);
#2244 = CARTESIAN_POINT('',(35.3,-10.9,-22.95));
#2245 = SURFACE_CURVE('',#2246,(#2250,#2257),.PCURVE_S1.);
#2246 = LINE('',#2247,#2248);
#2247 = CARTESIAN_POINT('',(34.1,-10.9,-22.95));
#2248 = VECTOR('',#2249,1.);
#2249 = DIRECTION('',(1.,0.,-0.));
#2250 = PCURVE('',#2160,#2251);
#2251 = DEFINITIONAL_REPRESENTATION('',(#2252),#2256);
#2252 = LINE('',#2253,#2254);
#2253 = CARTESIAN_POINT('',(1.2,0.));
#2254 = VECTOR('',#2255,1.);
#2255 = DIRECTION('',(0.,1.));
#2256 = ( GEOMETRIC_REPRESENTATION_CONTEXT(2) 
PARAMETRIC_REPRESENTATION_CONTEXT() REPRESENTATION_CONTEXT('2D SPACE',''
  ) );
#2257 = PCURVE('',#2126,#2258);
#2258 = DEFINITIONAL_REPRESENTATION('',(#2259),#2263);
#2259 = LINE('',#2260,#2261);
#2260 = CARTESIAN_POINT('',(0.,0.));
#2261 = VECTOR('',#2262,1.);
#2262 = DIRECTION('',(1.,0.));
#2263 = ( GEOMETRIC_REPRESENTATION_CONTEXT(2) 
PARAMETRIC_REPRESENTATION_CONTEXT() REPRESENTATION_CONTEXT('2D SPACE',''
  ) );
#2264 = ORIENTED_EDGE('',*,*,#2265,.F.);
#2265 = EDGE_CURVE('',#2219,#2243,#2266,.T.);
#2266 = SURFACE_CURVE('',#2267,(#2271,#2278),.PCURVE_S1.);
#2267 = LINE('',#2268,#2269);
#2268 = CARTESIAN_POINT('',(35.3,-10.9,-24.15));
#2269 = VECTOR('',#2270,1.);
#2270 = DIRECTION('',(0.,0.,1.));
#2271 = PCURVE('',#2160,#2272);
#2272 = DEFINITIONAL_REPRESENTATION('',(#2273),#2277);
#2273 = LINE('',#2274,#2275);
#2274 = CARTESIAN_POINT('',(0.,1.2));
#2275 = VECTOR('',#2276,1.);
#2276 = DIRECTION('',(1.,0.));
#2277 = ( GEOMETRIC_REPRESENTATION_CONTEXT(2) 
PARAMETRIC_REPRESENTATION_CONTEXT() REPRESENTATION_CONTEXT('2D SPACE',''
  ) );
#2278 = PCURVE('',#2279,#2284);
#2279 = PLANE('',#2280);
#2280 = AXIS2_PLACEMENT_3D('',#2281,#2282,#2283);
#2281 = CARTESIAN_POINT('',(35.3,-10.9,-24.15));
#2282 = DIRECTION('',(1.,0.,-0.));
#2283 = DIRECTION('',(0.,0.,1.));
#2284 = DEFINITIONAL_REPRESENTATION('',(#2285),#2289);
#2285 = LINE('',#2286,#2287);
#2286 = CARTESIAN_POINT('',(0.,0.));
#2287 = VECTOR('',#2288,1.);
#2288 = DIRECTION('',(1.,0.));
#2289 = ( GEOMETRIC_REPRESENTATION_CONTEXT(2) 
PARAMETRIC_REPRESENTATION_CONTEXT() REPRESENTATION_CONTEXT('2D SPACE',''
  ) );
#2290 = ADVANCED_FACE('',(#2291),#2279,.T.);
#2291 = FACE_BOUND('',#2292,.T.);
#2292 = EDGE_LOOP('',(#2293,#2294,#2317,#2340));
#2293 = ORIENTED_EDGE('',*,*,#2265,.F.);
#2294 = ORIENTED_EDGE('',*,*,#2295,.T.);
#2295 = EDGE_CURVE('',#2219,#2296,#2298,.T.);
#2296 = VERTEX_POINT('',#2297);
#2297 = CARTESIAN_POINT('',(35.3,-10.1,-24.15));
#2298 = SURFACE_CURVE('',#2299,(#2303,#2310),.PCURVE_S1.);
#2299 = LINE('',#2300,#2301);
#2300 = CARTESIAN_POINT('',(35.3,-10.9,-24.15));
#2301 = VECTOR('',#2302,1.);
#2302 = DIRECTION('',(-0.,1.,0.));
#2303 = PCURVE('',#2279,#2304);
#2304 = DEFINITIONAL_REPRESENTATION('',(#2305),#2309);
#2305 = LINE('',#2306,#2307);
#2306 = CARTESIAN_POINT('',(0.,0.));
#2307 = VECTOR('',#2308,1.);
#2308 = DIRECTION('',(0.,-1.));
#2309 = ( GEOMETRIC_REPRESENTATION_CONTEXT(2) 
PARAMETRIC_REPRESENTATION_CONTEXT() REPRESENTATION_CONTEXT('2D SPACE',''
  ) );
#2310 = PCURVE('',#2072,#2311);
#2311 = DEFINITIONAL_REPRESENTATION('',(#2312),#2316);
#2312 = LINE('',#2313,#2314);
#2313 = CARTESIAN_POINT('',(1.2,0.));
#2314 = VECTOR('',#2315,1.);
#2315 = DIRECTION('',(0.,1.));
#2316 = ( GEOMETRIC_REPRESENTATION_CONTEXT(2) 
PARAMETRIC_REPRESENTATION_CONTEXT() REPRESENTATION_CONTEXT('2D SPACE',''
  ) );
#2317 = ORIENTED_EDGE('',*,*,#2318,.T.);
#2318 = EDGE_CURVE('',#2296,#2319,#2321,.T.);
#2319 = VERTEX_POINT('',#2320);
#2320 = CARTESIAN_POINT('',(35.3,-10.1,-22.95));
#2321 = SURFACE_CURVE('',#2322,(#2326,#2333),.PCURVE_S1.);
#2322 = LINE('',#2323,#2324);
#2323 = CARTESIAN_POINT('',(35.3,-10.1,-24.15));
#2324 = VECTOR('',#2325,1.);
#2325 = DIRECTION('',(0.,0.,1.));
#2326 = PCURVE('',#2279,#2327);
#2327 = DEFINITIONAL_REPRESENTATION('',(#2328),#2332);
#2328 = LINE('',#2329,#2330);
#2329 = CARTESIAN_POINT('',(0.,-0.8));
#2330 = VECTOR('',#2331,1.);
#2331 = DIRECTION('',(1.,0.));
#2332 = ( GEOMETRIC_REPRESENTATION_CONTEXT(2) 
PARAMETRIC_REPRESENTATION_CONTEXT() REPRESENTATION_CONTEXT('2D SPACE',''
  ) );
#2333 = PCURVE('',#1654,#2334);
#2334 = DEFINITIONAL_REPRESENTATION('',(#2335),#2339);
#2335 = LINE('',#2336,#2337);
#2336 = CARTESIAN_POINT('',(0.2,0.95));
#2337 = VECTOR('',#2338,1.);
#2338 = DIRECTION('',(1.,0.));
#2339 = ( GEOMETRIC_REPRESENTATION_CONTEXT(2) 
PARAMETRIC_REPRESENTATION_CONTEXT() REPRESENTATION_CONTEXT('2D SPACE',''
  ) );
#2340 = ORIENTED_EDGE('',*,*,#2341,.F.);
#2341 = EDGE_CURVE('',#2243,#2319,#2342,.T.);
#2342 = SURFACE_CURVE('',#2343,(#2347,#2354),.PCURVE_S1.);
#2343 = LINE('',#2344,#2345);
#2344 = CARTESIAN_POINT('',(35.3,-10.9,-22.95));
#2345 = VECTOR('',#2346,1.);
#2346 = DIRECTION('',(-0.,1.,0.));
#2347 = PCURVE('',#2279,#2348);
#2348 = DEFINITIONAL_REPRESENTATION('',(#2349),#2353);
#2349 = LINE('',#2350,#2351);
#2350 = CARTESIAN_POINT('',(1.2,0.));
#2351 = VECTOR('',#2352,1.);
#2352 = DIRECTION('',(0.,-1.));
#2353 = ( GEOMETRIC_REPRESENTATION_CONTEXT(2) 
PARAMETRIC_REPRESENTATION_CONTEXT() REPRESENTATION_CONTEXT('2D SPACE',''
  ) );
#2354 = PCURVE('',#2126,#2355);
#2355 = DEFINITIONAL_REPRESENTATION('',(#2356),#2360);
#2356 = LINE('',#2357,#2358);
#2357 = CARTESIAN_POINT('',(1.2,0.));
#2358 = VECTOR('',#2359,1.);
#2359 = DIRECTION('',(0.,1.));
#2360 = ( GEOMETRIC_REPRESENTATION_CONTEXT(2) 
PARAMETRIC_REPRESENTATION_CONTEXT() REPRESENTATION_CONTEXT('2D SPACE',''
  ) );
#2361 = ADVANCED_FACE('',(#2362),#2126,.T.);
#2362 = FACE_BOUND('',#2363,.T.);
#2363 = EDGE_LOOP('',(#2364,#2365,#2366,#2367,#2388));
#2364 = ORIENTED_EDGE('',*,*,#2194,.F.);
#2365 = ORIENTED_EDGE('',*,*,#2242,.T.);
#2366 = ORIENTED_EDGE('',*,*,#2341,.T.);
#2367 = ORIENTED_EDGE('',*,*,#2368,.F.);
#2368 = EDGE_CURVE('',#1811,#2319,#2369,.T.);
#2369 = SURFACE_CURVE('',#2370,(#2374,#2381),.PCURVE_S1.);
#2370 = LINE('',#2371,#2372);
#2371 = CARTESIAN_POINT('',(34.1,-10.1,-22.95));
#2372 = VECTOR('',#2373,1.);
#2373 = DIRECTION('',(1.,0.,-0.));
#2374 = PCURVE('',#2126,#2375);
#2375 = DEFINITIONAL_REPRESENTATION('',(#2376),#2380);
#2376 = LINE('',#2377,#2378);
#2377 = CARTESIAN_POINT('',(0.,0.8));
#2378 = VECTOR('',#2379,1.);
#2379 = DIRECTION('',(1.,0.));
#2380 = ( GEOMETRIC_REPRESENTATION_CONTEXT(2) 
PARAMETRIC_REPRESENTATION_CONTEXT() REPRESENTATION_CONTEXT('2D SPACE',''
  ) );
#2381 = PCURVE('',#1654,#2382);
#2382 = DEFINITIONAL_REPRESENTATION('',(#2383),#2387);
#2383 = LINE('',#2384,#2385);
#2384 = CARTESIAN_POINT('',(1.4,-0.25));
#2385 = VECTOR('',#2386,1.);
#2386 = DIRECTION('',(0.,1.));
#2387 = ( GEOMETRIC_REPRESENTATION_CONTEXT(2) 
PARAMETRIC_REPRESENTATION_CONTEXT() REPRESENTATION_CONTEXT('2D SPACE',''
  ) );
#2388 = ORIENTED_EDGE('',*,*,#2112,.F.);
#2389 = ADVANCED_FACE('',(#2390),#2072,.F.);
#2390 = FACE_BOUND('',#2391,.F.);
#2391 = EDGE_LOOP('',(#2392,#2393,#2394,#2395,#2416));
#2392 = ORIENTED_EDGE('',*,*,#2172,.F.);
#2393 = ORIENTED_EDGE('',*,*,#2218,.T.);
#2394 = ORIENTED_EDGE('',*,*,#2295,.T.);
#2395 = ORIENTED_EDGE('',*,*,#2396,.F.);
#2396 = EDGE_CURVE('',#1639,#2296,#2397,.T.);
#2397 = SURFACE_CURVE('',#2398,(#2402,#2409),.PCURVE_S1.);
#2398 = LINE('',#2399,#2400);
#2399 = CARTESIAN_POINT('',(34.1,-10.1,-24.15));
#2400 = VECTOR('',#2401,1.);
#2401 = DIRECTION('',(1.,0.,-0.));
#2402 = PCURVE('',#2072,#2403);
#2403 = DEFINITIONAL_REPRESENTATION('',(#2404),#2408);
#2404 = LINE('',#2405,#2406);
#2405 = CARTESIAN_POINT('',(0.,0.8));
#2406 = VECTOR('',#2407,1.);
#2407 = DIRECTION('',(1.,0.));
#2408 = ( GEOMETRIC_REPRESENTATION_CONTEXT(2) 
PARAMETRIC_REPRESENTATION_CONTEXT() REPRESENTATION_CONTEXT('2D SPACE',''
  ) );
#2409 = PCURVE('',#1654,#2410);
#2410 = DEFINITIONAL_REPRESENTATION('',(#2411),#2415);
#2411 = LINE('',#2412,#2413);
#2412 = CARTESIAN_POINT('',(0.2,-0.25));
#2413 = VECTOR('',#2414,1.);
#2414 = DIRECTION('',(0.,1.));
#2415 = ( GEOMETRIC_REPRESENTATION_CONTEXT(2) 
PARAMETRIC_REPRESENTATION_CONTEXT() REPRESENTATION_CONTEXT('2D SPACE',''
  ) );
#2416 = ORIENTED_EDGE('',*,*,#2056,.F.);
#2417 = ADVANCED_FACE('',(#2418,#2428),#1654,.F.);
#2418 = FACE_BOUND('',#2419,.F.);
#2419 = EDGE_LOOP('',(#2420,#2421,#2422,#2423,#2424,#2425,#2426,#2427));
#2420 = ORIENTED_EDGE('',*,*,#1938,.F.);
#2421 = ORIENTED_EDGE('',*,*,#1863,.F.);
#2422 = ORIENTED_EDGE('',*,*,#1636,.T.);
#2423 = ORIENTED_EDGE('',*,*,#2396,.T.);
#2424 = ORIENTED_EDGE('',*,*,#2318,.T.);
#2425 = ORIENTED_EDGE('',*,*,#2368,.F.);
#2426 = ORIENTED_EDGE('',*,*,#1810,.T.);
#2427 = ORIENTED_EDGE('',*,*,#2010,.T.);
#2428 = FACE_BOUND('',#2429,.F.);
#2429 = EDGE_LOOP('',(#2430));
#2430 = ORIENTED_EDGE('',*,*,#2431,.F.);
#2431 = EDGE_CURVE('',#2432,#2432,#2434,.T.);
#2432 = VERTEX_POINT('',#2433);
#2433 = CARTESIAN_POINT('',(39.45,-10.1,-21.35));
#2434 = SURFACE_CURVE('',#2435,(#2440,#2447),.PCURVE_S1.);
#2435 = CIRCLE('',#2436,2.35);
#2436 = AXIS2_PLACEMENT_3D('',#2437,#2438,#2439);
#2437 = CARTESIAN_POINT('',(37.1,-10.1,-21.35));
#2438 = DIRECTION('',(-0.,1.,0.));
#2439 = DIRECTION('',(1.,0.,0.));
#2440 = PCURVE('',#1654,#2441);
#2441 = DEFINITIONAL_REPRESENTATION('',(#2442),#2446);
#2442 = CIRCLE('',#2443,2.35);
#2443 = AXIS2_PLACEMENT_2D('',#2444,#2445);
#2444 = CARTESIAN_POINT('',(3.,2.75));
#2445 = DIRECTION('',(0.,1.));
#2446 = ( GEOMETRIC_REPRESENTATION_CONTEXT(2) 
PARAMETRIC_REPRESENTATION_CONTEXT() REPRESENTATION_CONTEXT('2D SPACE',''
  ) );
#2447 = PCURVE('',#2448,#2453);
#2448 = CYLINDRICAL_SURFACE('',#2449,2.35);
#2449 = AXIS2_PLACEMENT_3D('',#2450,#2451,#2452);
#2450 = CARTESIAN_POINT('',(37.1,-10.1,-21.35));
#2451 = DIRECTION('',(0.,1.,0.));
#2452 = DIRECTION('',(1.,0.,0.));
#2453 = DEFINITIONAL_REPRESENTATION('',(#2454),#2458);
#2454 = LINE('',#2455,#2456);
#2455 = CARTESIAN_POINT('',(0.,0.));
#2456 = VECTOR('',#2457,1.);
#2457 = DIRECTION('',(1.,0.));
#2458 = ( GEOMETRIC_REPRESENTATION_CONTEXT(2) 
PARAMETRIC_REPRESENTATION_CONTEXT() REPRESENTATION_CONTEXT('2D SPACE',''
  ) );
#2459 = ADVANCED_FACE('',(#2460),#2448,.F.);
#2460 = FACE_BOUND('',#2461,.F.);
#2461 = EDGE_LOOP('',(#2462,#2486,#2507,#2508));
#2462 = ORIENTED_EDGE('',*,*,#2463,.F.);
#2463 = EDGE_CURVE('',#2464,#2464,#2466,.T.);
#2464 = VERTEX_POINT('',#2465);
#2465 = CARTESIAN_POINT('',(39.45,-5.5,-21.35));
#2466 = SURFACE_CURVE('',#2467,(#2472,#2479),.PCURVE_S1.);
#2467 = CIRCLE('',#2468,2.35);
#2468 = AXIS2_PLACEMENT_3D('',#2469,#2470,#2471);
#2469 = CARTESIAN_POINT('',(37.1,-5.5,-21.35));
#2470 = DIRECTION('',(-0.,1.,0.));
#2471 = DIRECTION('',(1.,0.,0.));
#2472 = PCURVE('',#2448,#2473);
#2473 = DEFINITIONAL_REPRESENTATION('',(#2474),#2478);
#2474 = LINE('',#2475,#2476);
#2475 = CARTESIAN_POINT('',(0.,4.6));
#2476 = VECTOR('',#2477,1.);
#2477 = DIRECTION('',(1.,0.));
#2478 = ( GEOMETRIC_REPRESENTATION_CONTEXT(2) 
PARAMETRIC_REPRESENTATION_CONTEXT() REPRESENTATION_CONTEXT('2D SPACE',''
  ) );
#2479 = PCURVE('',#1466,#2480);
#2480 = DEFINITIONAL_REPRESENTATION('',(#2481),#2485);
#2481 = CIRCLE('',#2482,2.35);
#2482 = AXIS2_PLACEMENT_2D('',#2483,#2484);
#2483 = CARTESIAN_POINT('',(3.,2.75));
#2484 = DIRECTION('',(0.,1.));
#2485 = ( GEOMETRIC_REPRESENTATION_CONTEXT(2) 
PARAMETRIC_REPRESENTATION_CONTEXT() REPRESENTATION_CONTEXT('2D SPACE',''
  ) );
#2486 = ORIENTED_EDGE('',*,*,#2487,.F.);
#2487 = EDGE_CURVE('',#2432,#2464,#2488,.T.);
#2488 = SEAM_CURVE('',#2489,(#2493,#2500),.PCURVE_S1.);
#2489 = LINE('',#2490,#2491);
#2490 = CARTESIAN_POINT('',(39.45,-10.1,-21.35));
#2491 = VECTOR('',#2492,1.);
#2492 = DIRECTION('',(0.,1.,0.));
#2493 = PCURVE('',#2448,#2494);
#2494 = DEFINITIONAL_REPRESENTATION('',(#2495),#2499);
#2495 = LINE('',#2496,#2497);
#2496 = CARTESIAN_POINT('',(6.28318530718,-0.));
#2497 = VECTOR('',#2498,1.);
#2498 = DIRECTION('',(0.,1.));
#2499 = ( GEOMETRIC_REPRESENTATION_CONTEXT(2) 
PARAMETRIC_REPRESENTATION_CONTEXT() REPRESENTATION_CONTEXT('2D SPACE',''
  ) );
#2500 = PCURVE('',#2448,#2501);
#2501 = DEFINITIONAL_REPRESENTATION('',(#2502),#2506);
#2502 = LINE('',#2503,#2504);
#2503 = CARTESIAN_POINT('',(0.,-0.));
#2504 = VECTOR('',#2505,1.);
#2505 = DIRECTION('',(0.,1.));
#2506 = ( GEOMETRIC_REPRESENTATION_CONTEXT(2) 
PARAMETRIC_REPRESENTATION_CONTEXT() REPRESENTATION_CONTEXT('2D SPACE',''
  ) );
#2507 = ORIENTED_EDGE('',*,*,#2431,.T.);
#2508 = ORIENTED_EDGE('',*,*,#2487,.T.);
#2509 = ADVANCED_FACE('',(#2510,#2559),#1466,.T.);
#2510 = FACE_BOUND('',#2511,.T.);
#2511 = EDGE_LOOP('',(#2512,#2513,#2514,#2515,#2537,#2556,#2557,#2558));
#2512 = ORIENTED_EDGE('',*,*,#1962,.F.);
#2513 = ORIENTED_EDGE('',*,*,#1914,.F.);
#2514 = ORIENTED_EDGE('',*,*,#1694,.T.);
#2515 = ORIENTED_EDGE('',*,*,#2516,.T.);
#2516 = EDGE_CURVE('',#1695,#2517,#2519,.T.);
#2517 = VERTEX_POINT('',#2518);
#2518 = CARTESIAN_POINT('',(34.4,-5.5,-22.35));
#2519 = SURFACE_CURVE('',#2520,(#2524,#2530),.PCURVE_S1.);
#2520 = LINE('',#2521,#2522);
#2521 = CARTESIAN_POINT('',(29.975,-5.5,-22.35));
#2522 = VECTOR('',#2523,1.);
#2523 = DIRECTION('',(1.,0.,-0.));
#2524 = PCURVE('',#1466,#2525);
#2525 = DEFINITIONAL_REPRESENTATION('',(#2526),#2529);
#2526 = B_SPLINE_CURVE_WITH_KNOTS('',1,(#2527,#2528),.UNSPECIFIED.,.F.,
  .F.,(2,2),(4.375,4.425),.PIECEWISE_BEZIER_KNOTS.);
#2527 = CARTESIAN_POINT('',(2.,0.));
#2528 = CARTESIAN_POINT('',(2.,5.E-02));
#2529 = ( GEOMETRIC_REPRESENTATION_CONTEXT(2) 
PARAMETRIC_REPRESENTATION_CONTEXT() REPRESENTATION_CONTEXT('2D SPACE',''
  ) );
#2530 = PCURVE('',#938,#2531);
#2531 = DEFINITIONAL_REPRESENTATION('',(#2532),#2536);
#2532 = LINE('',#2533,#2534);
#2533 = CARTESIAN_POINT('',(-2.5E-02,-1.E-01));
#2534 = VECTOR('',#2535,1.);
#2535 = DIRECTION('',(1.,0.));
#2536 = ( GEOMETRIC_REPRESENTATION_CONTEXT(2) 
PARAMETRIC_REPRESENTATION_CONTEXT() REPRESENTATION_CONTEXT('2D SPACE',''
  ) );
#2537 = ORIENTED_EDGE('',*,*,#2538,.F.);
#2538 = EDGE_CURVE('',#1451,#2517,#2539,.T.);
#2539 = SURFACE_CURVE('',#2540,(#2544,#2550),.PCURVE_S1.);
#2540 = LINE('',#2541,#2542);
#2541 = CARTESIAN_POINT('',(34.4,-5.5,-23.35));
#2542 = VECTOR('',#2543,1.);
#2543 = DIRECTION('',(-0.,0.,-1.));
#2544 = PCURVE('',#1466,#2545);
#2545 = DEFINITIONAL_REPRESENTATION('',(#2546),#2549);
#2546 = B_SPLINE_CURVE_WITH_KNOTS('',1,(#2547,#2548),.UNSPECIFIED.,.F.,
  .F.,(2,2),(-3.,-1.),.PIECEWISE_BEZIER_KNOTS.);
#2547 = CARTESIAN_POINT('',(4.,5.E-02));
#2548 = CARTESIAN_POINT('',(2.,5.E-02));
#2549 = ( GEOMETRIC_REPRESENTATION_CONTEXT(2) 
PARAMETRIC_REPRESENTATION_CONTEXT() REPRESENTATION_CONTEXT('2D SPACE',''
  ) );
#2550 = PCURVE('',#1493,#2551);
#2551 = DEFINITIONAL_REPRESENTATION('',(#2552),#2555);
#2552 = B_SPLINE_CURVE_WITH_KNOTS('',1,(#2553,#2554),.UNSPECIFIED.,.F.,
  .F.,(2,2),(-3.,-1.),.PIECEWISE_BEZIER_KNOTS.);
#2553 = CARTESIAN_POINT('',(2.,-0.6));
#2554 = CARTESIAN_POINT('',(0.,-0.6));
#2555 = ( GEOMETRIC_REPRESENTATION_CONTEXT(2) 
PARAMETRIC_REPRESENTATION_CONTEXT() REPRESENTATION_CONTEXT('2D SPACE',''
  ) );
#2556 = ORIENTED_EDGE('',*,*,#1450,.F.);
#2557 = ORIENTED_EDGE('',*,*,#1759,.T.);
#2558 = ORIENTED_EDGE('',*,*,#2032,.T.);
#2559 = FACE_BOUND('',#2560,.T.);
#2560 = EDGE_LOOP('',(#2561));
#2561 = ORIENTED_EDGE('',*,*,#2463,.F.);
#2562 = ADVANCED_FACE('',(#2563),#1493,.T.);
#2563 = FACE_BOUND('',#2564,.T.);
#2564 = EDGE_LOOP('',(#2565,#2566,#2567,#2590));
#2565 = ORIENTED_EDGE('',*,*,#1477,.F.);
#2566 = ORIENTED_EDGE('',*,*,#2538,.T.);
#2567 = ORIENTED_EDGE('',*,*,#2568,.T.);
#2568 = EDGE_CURVE('',#2517,#2569,#2571,.T.);
#2569 = VERTEX_POINT('',#2570);
#2570 = CARTESIAN_POINT('',(34.4,-5.4,-22.35));
#2571 = SURFACE_CURVE('',#2572,(#2576,#2583),.PCURVE_S1.);
#2572 = LINE('',#2573,#2574);
#2573 = CARTESIAN_POINT('',(34.4,-6.1,-22.35));
#2574 = VECTOR('',#2575,1.);
#2575 = DIRECTION('',(-0.,1.,0.));
#2576 = PCURVE('',#1493,#2577);
#2577 = DEFINITIONAL_REPRESENTATION('',(#2578),#2582);
#2578 = LINE('',#2579,#2580);
#2579 = CARTESIAN_POINT('',(0.,0.));
#2580 = VECTOR('',#2581,1.);
#2581 = DIRECTION('',(0.,-1.));
#2582 = ( GEOMETRIC_REPRESENTATION_CONTEXT(2) 
PARAMETRIC_REPRESENTATION_CONTEXT() REPRESENTATION_CONTEXT('2D SPACE',''
  ) );
#2583 = PCURVE('',#938,#2584);
#2584 = DEFINITIONAL_REPRESENTATION('',(#2585),#2589);
#2585 = LINE('',#2586,#2587);
#2586 = CARTESIAN_POINT('',(4.4,-0.7));
#2587 = VECTOR('',#2588,1.);
#2588 = DIRECTION('',(0.,1.));
#2589 = ( GEOMETRIC_REPRESENTATION_CONTEXT(2) 
PARAMETRIC_REPRESENTATION_CONTEXT() REPRESENTATION_CONTEXT('2D SPACE',''
  ) );
#2590 = ORIENTED_EDGE('',*,*,#2591,.F.);
#2591 = EDGE_CURVE('',#1478,#2569,#2592,.T.);
#2592 = SURFACE_CURVE('',#2593,(#2597,#2603),.PCURVE_S1.);
#2593 = LINE('',#2594,#2595);
#2594 = CARTESIAN_POINT('',(34.4,-5.4,-22.35));
#2595 = VECTOR('',#2596,1.);
#2596 = DIRECTION('',(-0.,0.,-1.));
#2597 = PCURVE('',#1493,#2598);
#2598 = DEFINITIONAL_REPRESENTATION('',(#2599),#2602);
#2599 = B_SPLINE_CURVE_WITH_KNOTS('',1,(#2600,#2601),.UNSPECIFIED.,.F.,
  .F.,(2,2),(-2.,-0.),.PIECEWISE_BEZIER_KNOTS.);
#2600 = CARTESIAN_POINT('',(2.,-0.7));
#2601 = CARTESIAN_POINT('',(0.,-0.7));
#2602 = ( GEOMETRIC_REPRESENTATION_CONTEXT(2) 
PARAMETRIC_REPRESENTATION_CONTEXT() REPRESENTATION_CONTEXT('2D SPACE',''
  ) );
#2603 = PCURVE('',#1521,#2604);
#2604 = DEFINITIONAL_REPRESENTATION('',(#2605),#2608);
#2605 = B_SPLINE_CURVE_WITH_KNOTS('',1,(#2606,#2607),.UNSPECIFIED.,.F.,
  .F.,(2,2),(-2.,-0.),.PIECEWISE_BEZIER_KNOTS.);
#2606 = CARTESIAN_POINT('',(2.,4.4));
#2607 = CARTESIAN_POINT('',(0.,4.4));
#2608 = ( GEOMETRIC_REPRESENTATION_CONTEXT(2) 
PARAMETRIC_REPRESENTATION_CONTEXT() REPRESENTATION_CONTEXT('2D SPACE',''
  ) );
#2609 = ADVANCED_FACE('',(#2610),#1521,.F.);
#2610 = FACE_BOUND('',#2611,.F.);
#2611 = EDGE_LOOP('',(#2612,#2635,#2636,#2637));
#2612 = ORIENTED_EDGE('',*,*,#2613,.F.);
#2613 = EDGE_CURVE('',#2569,#2614,#2616,.T.);
#2614 = VERTEX_POINT('',#2615);
#2615 = CARTESIAN_POINT('',(34.973382968186,-5.4,-22.35));
#2616 = SURFACE_CURVE('',#2617,(#2621,#2628),.PCURVE_S1.);
#2617 = LINE('',#2618,#2619);
#2618 = CARTESIAN_POINT('',(30.,-5.4,-22.35));
#2619 = VECTOR('',#2620,1.);
#2620 = DIRECTION('',(1.,0.,-0.));
#2621 = PCURVE('',#1521,#2622);
#2622 = DEFINITIONAL_REPRESENTATION('',(#2623),#2627);
#2623 = LINE('',#2624,#2625);
#2624 = CARTESIAN_POINT('',(0.,0.));
#2625 = VECTOR('',#2626,1.);
#2626 = DIRECTION('',(0.,1.));
#2627 = ( GEOMETRIC_REPRESENTATION_CONTEXT(2) 
PARAMETRIC_REPRESENTATION_CONTEXT() REPRESENTATION_CONTEXT('2D SPACE',''
  ) );
#2628 = PCURVE('',#938,#2629);
#2629 = DEFINITIONAL_REPRESENTATION('',(#2630),#2634);
#2630 = LINE('',#2631,#2632);
#2631 = CARTESIAN_POINT('',(0.,0.));
#2632 = VECTOR('',#2633,1.);
#2633 = DIRECTION('',(1.,0.));
#2634 = ( GEOMETRIC_REPRESENTATION_CONTEXT(2) 
PARAMETRIC_REPRESENTATION_CONTEXT() REPRESENTATION_CONTEXT('2D SPACE',''
  ) );
#2635 = ORIENTED_EDGE('',*,*,#2591,.F.);
#2636 = ORIENTED_EDGE('',*,*,#1505,.T.);
#2637 = ORIENTED_EDGE('',*,*,#2638,.F.);
#2638 = EDGE_CURVE('',#2614,#1506,#2639,.T.);
#2639 = SURFACE_CURVE('',#2640,(#2645,#2652),.PCURVE_S1.);
#2640 = CIRCLE('',#2641,2.35);
#2641 = AXIS2_PLACEMENT_3D('',#2642,#2643,#2644);
#2642 = CARTESIAN_POINT('',(37.1,-5.4,-21.35));
#2643 = DIRECTION('',(-0.,1.,0.));
#2644 = DIRECTION('',(1.,0.,0.));
#2645 = PCURVE('',#1521,#2646);
#2646 = DEFINITIONAL_REPRESENTATION('',(#2647),#2651);
#2647 = CIRCLE('',#2648,2.35);
#2648 = AXIS2_PLACEMENT_2D('',#2649,#2650);
#2649 = CARTESIAN_POINT('',(1.,7.1));
#2650 = DIRECTION('',(0.,1.));
#2651 = ( GEOMETRIC_REPRESENTATION_CONTEXT(2) 
PARAMETRIC_REPRESENTATION_CONTEXT() REPRESENTATION_CONTEXT('2D SPACE',''
  ) );
#2652 = PCURVE('',#1548,#2653);
#2653 = DEFINITIONAL_REPRESENTATION('',(#2654),#2658);
#2654 = LINE('',#2655,#2656);
#2655 = CARTESIAN_POINT('',(0.,4.7));
#2656 = VECTOR('',#2657,1.);
#2657 = DIRECTION('',(1.,0.));
#2658 = ( GEOMETRIC_REPRESENTATION_CONTEXT(2) 
PARAMETRIC_REPRESENTATION_CONTEXT() REPRESENTATION_CONTEXT('2D SPACE',''
  ) );
#2659 = ADVANCED_FACE('',(#2660),#1548,.F.);
#2660 = FACE_BOUND('',#2661,.F.);
#2661 = EDGE_LOOP('',(#2662,#2686,#2705,#2706));
#2662 = ORIENTED_EDGE('',*,*,#2663,.F.);
#2663 = EDGE_CURVE('',#2664,#1534,#2666,.T.);
#2664 = VERTEX_POINT('',#2665);
#2665 = CARTESIAN_POINT('',(34.973382968186,-4.6,-22.35));
#2666 = SURFACE_CURVE('',#2667,(#2672,#2679),.PCURVE_S1.);
#2667 = CIRCLE('',#2668,2.35);
#2668 = AXIS2_PLACEMENT_3D('',#2669,#2670,#2671);
#2669 = CARTESIAN_POINT('',(37.1,-4.6,-21.35));
#2670 = DIRECTION('',(-0.,1.,0.));
#2671 = DIRECTION('',(1.,0.,0.));
#2672 = PCURVE('',#1548,#2673);
#2673 = DEFINITIONAL_REPRESENTATION('',(#2674),#2678);
#2674 = LINE('',#2675,#2676);
#2675 = CARTESIAN_POINT('',(0.,5.5));
#2676 = VECTOR('',#2677,1.);
#2677 = DIRECTION('',(1.,0.));
#2678 = ( GEOMETRIC_REPRESENTATION_CONTEXT(2) 
PARAMETRIC_REPRESENTATION_CONTEXT() REPRESENTATION_CONTEXT('2D SPACE',''
  ) );
#2679 = PCURVE('',#1574,#2680);
#2680 = DEFINITIONAL_REPRESENTATION('',(#2681),#2685);
#2681 = CIRCLE('',#2682,2.35);
#2682 = AXIS2_PLACEMENT_2D('',#2683,#2684);
#2683 = CARTESIAN_POINT('',(0.,0.));
#2684 = DIRECTION('',(1.,0.));
#2685 = ( GEOMETRIC_REPRESENTATION_CONTEXT(2) 
PARAMETRIC_REPRESENTATION_CONTEXT() REPRESENTATION_CONTEXT('2D SPACE',''
  ) );
#2686 = ORIENTED_EDGE('',*,*,#2687,.F.);
#2687 = EDGE_CURVE('',#2614,#2664,#2688,.T.);
#2688 = SURFACE_CURVE('',#2689,(#2693,#2699),.PCURVE_S1.);
#2689 = LINE('',#2690,#2691);
#2690 = CARTESIAN_POINT('',(34.973382968186,-10.1,-22.35));
#2691 = VECTOR('',#2692,1.);
#2692 = DIRECTION('',(0.,1.,0.));
#2693 = PCURVE('',#1548,#2694);
#2694 = DEFINITIONAL_REPRESENTATION('',(#2695),#2698);
#2695 = B_SPLINE_CURVE_WITH_KNOTS('',1,(#2696,#2697),.UNSPECIFIED.,.F.,
  .F.,(2,2),(3.75,5.5000006),.PIECEWISE_BEZIER_KNOTS.);
#2696 = CARTESIAN_POINT('',(2.702043061142,3.75));
#2697 = CARTESIAN_POINT('',(2.702043061142,5.5000006));
#2698 = ( GEOMETRIC_REPRESENTATION_CONTEXT(2) 
PARAMETRIC_REPRESENTATION_CONTEXT() REPRESENTATION_CONTEXT('2D SPACE',''
  ) );
#2699 = PCURVE('',#938,#2700);
#2700 = DEFINITIONAL_REPRESENTATION('',(#2701),#2704);
#2701 = B_SPLINE_CURVE_WITH_KNOTS('',1,(#2702,#2703),.UNSPECIFIED.,.F.,
  .F.,(2,2),(3.75,5.5000006),.PIECEWISE_BEZIER_KNOTS.);
#2702 = CARTESIAN_POINT('',(4.973382968186,-0.95));
#2703 = CARTESIAN_POINT('',(4.973382968186,0.8000006));
#2704 = ( GEOMETRIC_REPRESENTATION_CONTEXT(2) 
PARAMETRIC_REPRESENTATION_CONTEXT() REPRESENTATION_CONTEXT('2D SPACE',''
  ) );
#2705 = ORIENTED_EDGE('',*,*,#2638,.T.);
#2706 = ORIENTED_EDGE('',*,*,#1533,.T.);
#2707 = ADVANCED_FACE('',(#2708),#1574,.F.);
#2708 = FACE_BOUND('',#2709,.F.);
#2709 = EDGE_LOOP('',(#2710,#2731,#2732,#2733));
#2710 = ORIENTED_EDGE('',*,*,#2711,.T.);
#2711 = EDGE_CURVE('',#2712,#2664,#2714,.T.);
#2712 = VERTEX_POINT('',#2713);
#2713 = CARTESIAN_POINT('',(38.,-4.6,-22.35));
#2714 = SURFACE_CURVE('',#2715,(#2719,#2725),.PCURVE_S1.);
#2715 = LINE('',#2716,#2717);
#2716 = CARTESIAN_POINT('',(33.55,-4.6,-22.35));
#2717 = VECTOR('',#2718,1.);
#2718 = DIRECTION('',(-1.,0.,0.));
#2719 = PCURVE('',#1574,#2720);
#2720 = DEFINITIONAL_REPRESENTATION('',(#2721),#2724);
#2721 = B_SPLINE_CURVE_WITH_KNOTS('',1,(#2722,#2723),.UNSPECIFIED.,.F.,
  .F.,(2,2),(-4.45,-1.2),.PIECEWISE_BEZIER_KNOTS.);
#2722 = CARTESIAN_POINT('',(0.9,1.));
#2723 = CARTESIAN_POINT('',(-2.35,1.));
#2724 = ( GEOMETRIC_REPRESENTATION_CONTEXT(2) 
PARAMETRIC_REPRESENTATION_CONTEXT() REPRESENTATION_CONTEXT('2D SPACE',''
  ) );
#2725 = PCURVE('',#938,#2726);
#2726 = DEFINITIONAL_REPRESENTATION('',(#2727),#2730);
#2727 = B_SPLINE_CURVE_WITH_KNOTS('',1,(#2728,#2729),.UNSPECIFIED.,.F.,
  .F.,(2,2),(-4.45,-1.2),.PIECEWISE_BEZIER_KNOTS.);
#2728 = CARTESIAN_POINT('',(8.,0.8));
#2729 = CARTESIAN_POINT('',(4.75,0.8));
#2730 = ( GEOMETRIC_REPRESENTATION_CONTEXT(2) 
PARAMETRIC_REPRESENTATION_CONTEXT() REPRESENTATION_CONTEXT('2D SPACE',''
  ) );
#2731 = ORIENTED_EDGE('',*,*,#2663,.T.);
#2732 = ORIENTED_EDGE('',*,*,#1559,.F.);
#2733 = ORIENTED_EDGE('',*,*,#2734,.F.);
#2734 = EDGE_CURVE('',#2712,#1560,#2735,.T.);
#2735 = SURFACE_CURVE('',#2736,(#2740,#2746),.PCURVE_S1.);
#2736 = LINE('',#2737,#2738);
#2737 = CARTESIAN_POINT('',(38.,-4.6,-21.85));
#2738 = VECTOR('',#2739,1.);
#2739 = DIRECTION('',(0.,-0.,1.));
#2740 = PCURVE('',#1574,#2741);
#2741 = DEFINITIONAL_REPRESENTATION('',(#2742),#2745);
#2742 = B_SPLINE_CURVE_WITH_KNOTS('',1,(#2743,#2744),.UNSPECIFIED.,.F.,
  .F.,(2,2),(-0.5,1.5),.PIECEWISE_BEZIER_KNOTS.);
#2743 = CARTESIAN_POINT('',(0.9,1.));
#2744 = CARTESIAN_POINT('',(0.9,-1.));
#2745 = ( GEOMETRIC_REPRESENTATION_CONTEXT(2) 
PARAMETRIC_REPRESENTATION_CONTEXT() REPRESENTATION_CONTEXT('2D SPACE',''
  ) );
#2746 = PCURVE('',#1601,#2747);
#2747 = DEFINITIONAL_REPRESENTATION('',(#2748),#2751);
#2748 = B_SPLINE_CURVE_WITH_KNOTS('',1,(#2749,#2750),.UNSPECIFIED.,.F.,
  .F.,(2,2),(-0.5,1.5),.PIECEWISE_BEZIER_KNOTS.);
#2749 = CARTESIAN_POINT('',(0.,-0.8));
#2750 = CARTESIAN_POINT('',(2.,-0.8));
#2751 = ( GEOMETRIC_REPRESENTATION_CONTEXT(2) 
PARAMETRIC_REPRESENTATION_CONTEXT() REPRESENTATION_CONTEXT('2D SPACE',''
  ) );
#2752 = ADVANCED_FACE('',(#2753),#1601,.T.);
#2753 = FACE_BOUND('',#2754,.T.);
#2754 = EDGE_LOOP('',(#2755,#2756,#2757,#2780));
#2755 = ORIENTED_EDGE('',*,*,#1585,.F.);
#2756 = ORIENTED_EDGE('',*,*,#2734,.F.);
#2757 = ORIENTED_EDGE('',*,*,#2758,.T.);
#2758 = EDGE_CURVE('',#2712,#2759,#2761,.T.);
#2759 = VERTEX_POINT('',#2760);
#2760 = CARTESIAN_POINT('',(38.,-3.6,-22.35));
#2761 = SURFACE_CURVE('',#2762,(#2766,#2773),.PCURVE_S1.);
#2762 = LINE('',#2763,#2764);
#2763 = CARTESIAN_POINT('',(38.,-5.4,-22.35));
#2764 = VECTOR('',#2765,1.);
#2765 = DIRECTION('',(-0.,1.,0.));
#2766 = PCURVE('',#1601,#2767);
#2767 = DEFINITIONAL_REPRESENTATION('',(#2768),#2772);
#2768 = LINE('',#2769,#2770);
#2769 = CARTESIAN_POINT('',(0.,0.));
#2770 = VECTOR('',#2771,1.);
#2771 = DIRECTION('',(0.,-1.));
#2772 = ( GEOMETRIC_REPRESENTATION_CONTEXT(2) 
PARAMETRIC_REPRESENTATION_CONTEXT() REPRESENTATION_CONTEXT('2D SPACE',''
  ) );
#2773 = PCURVE('',#938,#2774);
#2774 = DEFINITIONAL_REPRESENTATION('',(#2775),#2779);
#2775 = LINE('',#2776,#2777);
#2776 = CARTESIAN_POINT('',(8.,0.));
#2777 = VECTOR('',#2778,1.);
#2778 = DIRECTION('',(0.,1.));
#2779 = ( GEOMETRIC_REPRESENTATION_CONTEXT(2) 
PARAMETRIC_REPRESENTATION_CONTEXT() REPRESENTATION_CONTEXT('2D SPACE',''
  ) );
#2780 = ORIENTED_EDGE('',*,*,#2781,.F.);
#2781 = EDGE_CURVE('',#1586,#2759,#2782,.T.);
#2782 = SURFACE_CURVE('',#2783,(#2787,#2793),.PCURVE_S1.);
#2783 = LINE('',#2784,#2785);
#2784 = CARTESIAN_POINT('',(38.,-3.6,-23.95));
#2785 = VECTOR('',#2786,1.);
#2786 = DIRECTION('',(-0.,0.,-1.));
#2787 = PCURVE('',#1601,#2788);
#2788 = DEFINITIONAL_REPRESENTATION('',(#2789),#2792);
#2789 = B_SPLINE_CURVE_WITH_KNOTS('',1,(#2790,#2791),.UNSPECIFIED.,.F.,
  .F.,(2,2),(-3.6,-1.6),.PIECEWISE_BEZIER_KNOTS.);
#2790 = CARTESIAN_POINT('',(2.,-1.8));
#2791 = CARTESIAN_POINT('',(0.,-1.8));
#2792 = ( GEOMETRIC_REPRESENTATION_CONTEXT(2) 
PARAMETRIC_REPRESENTATION_CONTEXT() REPRESENTATION_CONTEXT('2D SPACE',''
  ) );
#2793 = PCURVE('',#62,#2794);
#2794 = DEFINITIONAL_REPRESENTATION('',(#2795),#2798);
#2795 = B_SPLINE_CURVE_WITH_KNOTS('',1,(#2796,#2797),.UNSPECIFIED.,.F.,
  .F.,(2,2),(-3.6,-1.6),.PIECEWISE_BEZIER_KNOTS.);
#2796 = CARTESIAN_POINT('',(5.2,6.1));
#2797 = CARTESIAN_POINT('',(3.2,6.1));
#2798 = ( GEOMETRIC_REPRESENTATION_CONTEXT(2) 
PARAMETRIC_REPRESENTATION_CONTEXT() REPRESENTATION_CONTEXT('2D SPACE',''
  ) );
#2799 = ADVANCED_FACE('',(#2800),#982,.F.);
#2800 = FACE_BOUND('',#2801,.F.);
#2801 = EDGE_LOOP('',(#2802,#2823,#2824,#2825));
#2802 = ORIENTED_EDGE('',*,*,#2803,.F.);
#2803 = EDGE_CURVE('',#923,#1718,#2804,.T.);
#2804 = SURFACE_CURVE('',#2805,(#2809,#2816),.PCURVE_S1.);
#2805 = LINE('',#2806,#2807);
#2806 = CARTESIAN_POINT('',(25.6,-6.1,-22.35));
#2807 = VECTOR('',#2808,1.);
#2808 = DIRECTION('',(1.,0.,-0.));
#2809 = PCURVE('',#982,#2810);
#2810 = DEFINITIONAL_REPRESENTATION('',(#2811),#2815);
#2811 = LINE('',#2812,#2813);
#2812 = CARTESIAN_POINT('',(0.,0.));
#2813 = VECTOR('',#2814,1.);
#2814 = DIRECTION('',(0.,1.));
#2815 = ( GEOMETRIC_REPRESENTATION_CONTEXT(2) 
PARAMETRIC_REPRESENTATION_CONTEXT() REPRESENTATION_CONTEXT('2D SPACE',''
  ) );
#2816 = PCURVE('',#938,#2817);
#2817 = DEFINITIONAL_REPRESENTATION('',(#2818),#2822);
#2818 = LINE('',#2819,#2820);
#2819 = CARTESIAN_POINT('',(-4.4,-0.7));
#2820 = VECTOR('',#2821,1.);
#2821 = DIRECTION('',(1.,0.));
#2822 = ( GEOMETRIC_REPRESENTATION_CONTEXT(2) 
PARAMETRIC_REPRESENTATION_CONTEXT() REPRESENTATION_CONTEXT('2D SPACE',''
  ) );
#2823 = ORIENTED_EDGE('',*,*,#954,.F.);
#2824 = ORIENTED_EDGE('',*,*,#1400,.T.);
#2825 = ORIENTED_EDGE('',*,*,#1739,.F.);
#2826 = ADVANCED_FACE('',(#2827),#938,.F.);
#2827 = FACE_BOUND('',#2828,.F.);
#2828 = EDGE_LOOP('',(#2829,#2849,#2850,#2851,#2852,#2853,#2854,#2855,
    #2856,#2857));
#2829 = ORIENTED_EDGE('',*,*,#2830,.F.);
#2830 = EDGE_CURVE('',#886,#2759,#2831,.T.);
#2831 = SURFACE_CURVE('',#2832,(#2836,#2843),.PCURVE_S1.);
#2832 = LINE('',#2833,#2834);
#2833 = CARTESIAN_POINT('',(30.95,-3.6,-22.35));
#2834 = VECTOR('',#2835,1.);
#2835 = DIRECTION('',(1.,0.,-0.));
#2836 = PCURVE('',#938,#2837);
#2837 = DEFINITIONAL_REPRESENTATION('',(#2838),#2842);
#2838 = LINE('',#2839,#2840);
#2839 = CARTESIAN_POINT('',(0.95,1.8));
#2840 = VECTOR('',#2841,1.);
#2841 = DIRECTION('',(1.,0.));
#2842 = ( GEOMETRIC_REPRESENTATION_CONTEXT(2) 
PARAMETRIC_REPRESENTATION_CONTEXT() REPRESENTATION_CONTEXT('2D SPACE',''
  ) );
#2843 = PCURVE('',#62,#2844);
#2844 = DEFINITIONAL_REPRESENTATION('',(#2845),#2848);
#2845 = B_SPLINE_CURVE_WITH_KNOTS('',1,(#2846,#2847),.UNSPECIFIED.,.F.,
  .F.,(2,2),(0.95,7.05),.PIECEWISE_BEZIER_KNOTS.);
#2846 = CARTESIAN_POINT('',(3.2,0.));
#2847 = CARTESIAN_POINT('',(3.2,6.1));
#2848 = ( GEOMETRIC_REPRESENTATION_CONTEXT(2) 
PARAMETRIC_REPRESENTATION_CONTEXT() REPRESENTATION_CONTEXT('2D SPACE',''
  ) );
#2849 = ORIENTED_EDGE('',*,*,#922,.T.);
#2850 = ORIENTED_EDGE('',*,*,#2803,.T.);
#2851 = ORIENTED_EDGE('',*,*,#1717,.F.);
#2852 = ORIENTED_EDGE('',*,*,#2516,.T.);
#2853 = ORIENTED_EDGE('',*,*,#2568,.T.);
#2854 = ORIENTED_EDGE('',*,*,#2613,.T.);
#2855 = ORIENTED_EDGE('',*,*,#2687,.T.);
#2856 = ORIENTED_EDGE('',*,*,#2711,.F.);
#2857 = ORIENTED_EDGE('',*,*,#2758,.T.);
#2858 = ADVANCED_FACE('',(#2859),#703,.F.);
#2859 = FACE_BOUND('',#2860,.F.);
#2860 = EDGE_LOOP('',(#2861,#2884,#2885,#2886,#2910,#2934,#2962,#2990,
    #3013,#3041));
#2861 = ORIENTED_EDGE('',*,*,#2862,.F.);
#2862 = EDGE_CURVE('',#576,#2863,#2865,.T.);
#2863 = VERTEX_POINT('',#2864);
#2864 = CARTESIAN_POINT('',(29.7,-2.75,-24.77928563989));
#2865 = SURFACE_CURVE('',#2866,(#2870,#2877),.PCURVE_S1.);
#2866 = LINE('',#2867,#2868);
#2867 = CARTESIAN_POINT('',(29.7,-2.75,-26.1));
#2868 = VECTOR('',#2869,1.);
#2869 = DIRECTION('',(0.,0.,1.));
#2870 = PCURVE('',#703,#2871);
#2871 = DEFINITIONAL_REPRESENTATION('',(#2872),#2876);
#2872 = LINE('',#2873,#2874);
#2873 = CARTESIAN_POINT('',(0.,0.));
#2874 = VECTOR('',#2875,1.);
#2875 = DIRECTION('',(1.,0.));
#2876 = ( GEOMETRIC_REPRESENTATION_CONTEXT(2) 
PARAMETRIC_REPRESENTATION_CONTEXT() REPRESENTATION_CONTEXT('2D SPACE',''
  ) );
#2877 = PCURVE('',#675,#2878);
#2878 = DEFINITIONAL_REPRESENTATION('',(#2879),#2883);
#2879 = LINE('',#2880,#2881);
#2880 = CARTESIAN_POINT('',(0.,7.95));
#2881 = VECTOR('',#2882,1.);
#2882 = DIRECTION('',(1.,0.));
#2883 = ( GEOMETRIC_REPRESENTATION_CONTEXT(2) 
PARAMETRIC_REPRESENTATION_CONTEXT() REPRESENTATION_CONTEXT('2D SPACE',''
  ) );
#2884 = ORIENTED_EDGE('',*,*,#687,.T.);
#2885 = ORIENTED_EDGE('',*,*,#715,.T.);
#2886 = ORIENTED_EDGE('',*,*,#2887,.T.);
#2887 = EDGE_CURVE('',#716,#2888,#2890,.T.);
#2888 = VERTEX_POINT('',#2889);
#2889 = CARTESIAN_POINT('',(29.7,2.05,-25.6));
#2890 = SURFACE_CURVE('',#2891,(#2896,#2903),.PCURVE_S1.);
#2891 = CIRCLE('',#2892,4.25);
#2892 = AXIS2_PLACEMENT_3D('',#2893,#2894,#2895);
#2893 = CARTESIAN_POINT('',(29.7,2.05,-21.35));
#2894 = DIRECTION('',(1.,0.,-0.));
#2895 = DIRECTION('',(0.,0.,1.));
#2896 = PCURVE('',#703,#2897);
#2897 = DEFINITIONAL_REPRESENTATION('',(#2898),#2902);
#2898 = CIRCLE('',#2899,4.25);
#2899 = AXIS2_PLACEMENT_2D('',#2900,#2901);
#2900 = CARTESIAN_POINT('',(4.75,-4.8));
#2901 = DIRECTION('',(1.,0.));
#2902 = ( GEOMETRIC_REPRESENTATION_CONTEXT(2) 
PARAMETRIC_REPRESENTATION_CONTEXT() REPRESENTATION_CONTEXT('2D SPACE',''
  ) );
#2903 = PCURVE('',#185,#2904);
#2904 = DEFINITIONAL_REPRESENTATION('',(#2905),#2909);
#2905 = LINE('',#2906,#2907);
#2906 = CARTESIAN_POINT('',(4.712388980385,1.570796326795));
#2907 = VECTOR('',#2908,1.);
#2908 = DIRECTION('',(0.,-1.));
#2909 = ( GEOMETRIC_REPRESENTATION_CONTEXT(2) 
PARAMETRIC_REPRESENTATION_CONTEXT() REPRESENTATION_CONTEXT('2D SPACE',''
  ) );
#2910 = ORIENTED_EDGE('',*,*,#2911,.T.);
#2911 = EDGE_CURVE('',#2888,#2912,#2914,.T.);
#2912 = VERTEX_POINT('',#2913);
#2913 = CARTESIAN_POINT('',(29.7,2.75,-25.54195658374));
#2914 = SURFACE_CURVE('',#2915,(#2920,#2927),.PCURVE_S1.);
#2915 = CIRCLE('',#2916,4.25);
#2916 = AXIS2_PLACEMENT_3D('',#2917,#2918,#2919);
#2917 = CARTESIAN_POINT('',(29.7,2.05,-21.35));
#2918 = DIRECTION('',(1.,0.,-0.));
#2919 = DIRECTION('',(0.,0.,1.));
#2920 = PCURVE('',#703,#2921);
#2921 = DEFINITIONAL_REPRESENTATION('',(#2922),#2926);
#2922 = CIRCLE('',#2923,4.25);
#2923 = AXIS2_PLACEMENT_2D('',#2924,#2925);
#2924 = CARTESIAN_POINT('',(4.75,-4.8));
#2925 = DIRECTION('',(1.,0.));
#2926 = ( GEOMETRIC_REPRESENTATION_CONTEXT(2) 
PARAMETRIC_REPRESENTATION_CONTEXT() REPRESENTATION_CONTEXT('2D SPACE',''
  ) );
#2927 = PCURVE('',#147,#2928);
#2928 = DEFINITIONAL_REPRESENTATION('',(#2929),#2933);
#2929 = LINE('',#2930,#2931);
#2930 = CARTESIAN_POINT('',(1.570796326795,-4.712388980385));
#2931 = VECTOR('',#2932,1.);
#2932 = DIRECTION('',(-0.,1.));
#2933 = ( GEOMETRIC_REPRESENTATION_CONTEXT(2) 
PARAMETRIC_REPRESENTATION_CONTEXT() REPRESENTATION_CONTEXT('2D SPACE',''
  ) );
#2934 = ORIENTED_EDGE('',*,*,#2935,.T.);
#2935 = EDGE_CURVE('',#2912,#2936,#2938,.T.);
#2936 = VERTEX_POINT('',#2937);
#2937 = CARTESIAN_POINT('',(29.7,2.75,-24.77928563989));
#2938 = SURFACE_CURVE('',#2939,(#2943,#2950),.PCURVE_S1.);
#2939 = LINE('',#2940,#2941);
#2940 = CARTESIAN_POINT('',(29.7,2.75,-26.1));
#2941 = VECTOR('',#2942,1.);
#2942 = DIRECTION('',(0.,0.,1.));
#2943 = PCURVE('',#703,#2944);
#2944 = DEFINITIONAL_REPRESENTATION('',(#2945),#2949);
#2945 = LINE('',#2946,#2947);
#2946 = CARTESIAN_POINT('',(0.,-5.5));
#2947 = VECTOR('',#2948,1.);
#2948 = DIRECTION('',(1.,0.));
#2949 = ( GEOMETRIC_REPRESENTATION_CONTEXT(2) 
PARAMETRIC_REPRESENTATION_CONTEXT() REPRESENTATION_CONTEXT('2D SPACE',''
  ) );
#2950 = PCURVE('',#2951,#2956);
#2951 = PLANE('',#2952);
#2952 = AXIS2_PLACEMENT_3D('',#2953,#2954,#2955);
#2953 = CARTESIAN_POINT('',(21.75,2.75,-26.1));
#2954 = DIRECTION('',(-0.,1.,0.));
#2955 = DIRECTION('',(0.,0.,1.));
#2956 = DEFINITIONAL_REPRESENTATION('',(#2957),#2961);
#2957 = LINE('',#2958,#2959);
#2958 = CARTESIAN_POINT('',(0.,7.95));
#2959 = VECTOR('',#2960,1.);
#2960 = DIRECTION('',(1.,0.));
#2961 = ( GEOMETRIC_REPRESENTATION_CONTEXT(2) 
PARAMETRIC_REPRESENTATION_CONTEXT() REPRESENTATION_CONTEXT('2D SPACE',''
  ) );
#2962 = ORIENTED_EDGE('',*,*,#2963,.F.);
#2963 = EDGE_CURVE('',#2964,#2936,#2966,.T.);
#2964 = VERTEX_POINT('',#2965);
#2965 = CARTESIAN_POINT('',(29.7,2.05,-24.85));
#2966 = SURFACE_CURVE('',#2967,(#2972,#2979),.PCURVE_S1.);
#2967 = CIRCLE('',#2968,3.5);
#2968 = AXIS2_PLACEMENT_3D('',#2969,#2970,#2971);
#2969 = CARTESIAN_POINT('',(29.7,2.05,-21.35));
#2970 = DIRECTION('',(1.,0.,-0.));
#2971 = DIRECTION('',(0.,0.,1.));
#2972 = PCURVE('',#703,#2973);
#2973 = DEFINITIONAL_REPRESENTATION('',(#2974),#2978);
#2974 = CIRCLE('',#2975,3.5);
#2975 = AXIS2_PLACEMENT_2D('',#2976,#2977);
#2976 = CARTESIAN_POINT('',(4.75,-4.8));
#2977 = DIRECTION('',(1.,0.));
#2978 = ( GEOMETRIC_REPRESENTATION_CONTEXT(2) 
PARAMETRIC_REPRESENTATION_CONTEXT() REPRESENTATION_CONTEXT('2D SPACE',''
  ) );
#2979 = PCURVE('',#2980,#2985);
#2980 = SPHERICAL_SURFACE('',#2981,3.5);
#2981 = AXIS2_PLACEMENT_3D('',#2982,#2983,#2984);
#2982 = CARTESIAN_POINT('',(29.7,2.05,-21.35));
#2983 = DIRECTION('',(0.,0.,1.));
#2984 = DIRECTION('',(1.,0.,-0.));
#2985 = DEFINITIONAL_REPRESENTATION('',(#2986),#2989);
#2986 = B_SPLINE_CURVE_WITH_KNOTS('',1,(#2987,#2988),.UNSPECIFIED.,.F.,
  .F.,(2,2),(3.14159265359,3.34295057438),.PIECEWISE_BEZIER_KNOTS.);
#2987 = CARTESIAN_POINT('',(7.853981633974,-1.570796326795));
#2988 = CARTESIAN_POINT('',(7.853981633974,-1.369438406005));
#2989 = ( GEOMETRIC_REPRESENTATION_CONTEXT(2) 
PARAMETRIC_REPRESENTATION_CONTEXT() REPRESENTATION_CONTEXT('2D SPACE',''
  ) );
#2990 = ORIENTED_EDGE('',*,*,#2991,.F.);
#2991 = EDGE_CURVE('',#2992,#2964,#2994,.T.);
#2992 = VERTEX_POINT('',#2993);
#2993 = CARTESIAN_POINT('',(29.7,2.005802931156E-14,-24.1868115905));
#2994 = SURFACE_CURVE('',#2995,(#3000,#3007),.PCURVE_S1.);
#2995 = CIRCLE('',#2996,3.5);
#2996 = AXIS2_PLACEMENT_3D('',#2997,#2998,#2999);
#2997 = CARTESIAN_POINT('',(29.7,2.05,-21.35));
#2998 = DIRECTION('',(1.,0.,-0.));
#2999 = DIRECTION('',(0.,0.,1.));
#3000 = PCURVE('',#703,#3001);
#3001 = DEFINITIONAL_REPRESENTATION('',(#3002),#3006);
#3002 = CIRCLE('',#3003,3.5);
#3003 = AXIS2_PLACEMENT_2D('',#3004,#3005);
#3004 = CARTESIAN_POINT('',(4.75,-4.8));
#3005 = DIRECTION('',(1.,0.));
#3006 = ( GEOMETRIC_REPRESENTATION_CONTEXT(2) 
PARAMETRIC_REPRESENTATION_CONTEXT() REPRESENTATION_CONTEXT('2D SPACE',''
  ) );
#3007 = PCURVE('',#2980,#3008);
#3008 = DEFINITIONAL_REPRESENTATION('',(#3009),#3012);
#3009 = B_SPLINE_CURVE_WITH_KNOTS('',1,(#3010,#3011),.UNSPECIFIED.,.F.,
  .F.,(2,2),(2.515831605077,3.14159265359),.PIECEWISE_BEZIER_KNOTS.);
#3010 = CARTESIAN_POINT('',(4.712388980385,-0.945035278282));
#3011 = CARTESIAN_POINT('',(4.712388980385,-1.570796326795));
#3012 = ( GEOMETRIC_REPRESENTATION_CONTEXT(2) 
PARAMETRIC_REPRESENTATION_CONTEXT() REPRESENTATION_CONTEXT('2D SPACE',''
  ) );
#3013 = ORIENTED_EDGE('',*,*,#3014,.F.);
#3014 = EDGE_CURVE('',#3015,#2992,#3017,.T.);
#3015 = VERTEX_POINT('',#3016);
#3016 = CARTESIAN_POINT('',(29.7,-2.05,-24.85));
#3017 = SURFACE_CURVE('',#3018,(#3023,#3030),.PCURVE_S1.);
#3018 = CIRCLE('',#3019,3.5);
#3019 = AXIS2_PLACEMENT_3D('',#3020,#3021,#3022);
#3020 = CARTESIAN_POINT('',(29.7,-2.05,-21.35));
#3021 = DIRECTION('',(1.,0.,-0.));
#3022 = DIRECTION('',(0.,0.,1.));
#3023 = PCURVE('',#703,#3024);
#3024 = DEFINITIONAL_REPRESENTATION('',(#3025),#3029);
#3025 = CIRCLE('',#3026,3.5);
#3026 = AXIS2_PLACEMENT_2D('',#3027,#3028);
#3027 = CARTESIAN_POINT('',(4.75,-0.7));
#3028 = DIRECTION('',(1.,0.));
#3029 = ( GEOMETRIC_REPRESENTATION_CONTEXT(2) 
PARAMETRIC_REPRESENTATION_CONTEXT() REPRESENTATION_CONTEXT('2D SPACE',''
  ) );
#3030 = PCURVE('',#3031,#3036);
#3031 = SPHERICAL_SURFACE('',#3032,3.5);
#3032 = AXIS2_PLACEMENT_3D('',#3033,#3034,#3035);
#3033 = CARTESIAN_POINT('',(29.7,-2.05,-21.35));
#3034 = DIRECTION('',(0.,0.,1.));
#3035 = DIRECTION('',(1.,0.,-0.));
#3036 = DEFINITIONAL_REPRESENTATION('',(#3037),#3040);
#3037 = B_SPLINE_CURVE_WITH_KNOTS('',1,(#3038,#3039),.UNSPECIFIED.,.F.,
  .F.,(2,2),(3.14159265359,3.767353702103),.PIECEWISE_BEZIER_KNOTS.);
#3038 = CARTESIAN_POINT('',(7.853981633974,-1.570796326795));
#3039 = CARTESIAN_POINT('',(7.853981633974,-0.945035278282));
#3040 = ( GEOMETRIC_REPRESENTATION_CONTEXT(2) 
PARAMETRIC_REPRESENTATION_CONTEXT() REPRESENTATION_CONTEXT('2D SPACE',''
  ) );
#3041 = ORIENTED_EDGE('',*,*,#3042,.F.);
#3042 = EDGE_CURVE('',#2863,#3015,#3043,.T.);
#3043 = SURFACE_CURVE('',#3044,(#3049,#3056),.PCURVE_S1.);
#3044 = CIRCLE('',#3045,3.5);
#3045 = AXIS2_PLACEMENT_3D('',#3046,#3047,#3048);
#3046 = CARTESIAN_POINT('',(29.7,-2.05,-21.35));
#3047 = DIRECTION('',(1.,0.,-0.));
#3048 = DIRECTION('',(0.,0.,1.));
#3049 = PCURVE('',#703,#3050);
#3050 = DEFINITIONAL_REPRESENTATION('',(#3051),#3055);
#3051 = CIRCLE('',#3052,3.5);
#3052 = AXIS2_PLACEMENT_2D('',#3053,#3054);
#3053 = CARTESIAN_POINT('',(4.75,-0.7));
#3054 = DIRECTION('',(1.,0.));
#3055 = ( GEOMETRIC_REPRESENTATION_CONTEXT(2) 
PARAMETRIC_REPRESENTATION_CONTEXT() REPRESENTATION_CONTEXT('2D SPACE',''
  ) );
#3056 = PCURVE('',#3031,#3057);
#3057 = DEFINITIONAL_REPRESENTATION('',(#3058),#3061);
#3058 = B_SPLINE_CURVE_WITH_KNOTS('',1,(#3059,#3060),.UNSPECIFIED.,.F.,
  .F.,(2,2),(2.940234732799,3.14159265359),.PIECEWISE_BEZIER_KNOTS.);
#3059 = CARTESIAN_POINT('',(4.712388980385,-1.369438406005));
#3060 = CARTESIAN_POINT('',(4.712388980385,-1.570796326795));
#3061 = ( GEOMETRIC_REPRESENTATION_CONTEXT(2) 
PARAMETRIC_REPRESENTATION_CONTEXT() REPRESENTATION_CONTEXT('2D SPACE',''
  ) );
#3062 = ADVANCED_FACE('',(#3063),#2951,.F.);
#3063 = FACE_BOUND('',#3064,.F.);
#3064 = EDGE_LOOP('',(#3065,#3066,#3173,#3196));
#3065 = ORIENTED_EDGE('',*,*,#2935,.F.);
#3066 = ORIENTED_EDGE('',*,*,#3067,.T.);
#3067 = EDGE_CURVE('',#2912,#3068,#3070,.T.);
#3068 = VERTEX_POINT('',#3069);
#3069 = CARTESIAN_POINT('',(29.7,2.75,-17.15804341625));
#3070 = SURFACE_CURVE('',#3071,(#3076,#3083),.PCURVE_S1.);
#3071 = CIRCLE('',#3072,4.191956583745);
#3072 = AXIS2_PLACEMENT_3D('',#3073,#3074,#3075);
#3073 = CARTESIAN_POINT('',(29.7,2.75,-21.35));
#3074 = DIRECTION('',(-0.,1.,0.));
#3075 = DIRECTION('',(0.,0.,1.));
#3076 = PCURVE('',#2951,#3077);
#3077 = DEFINITIONAL_REPRESENTATION('',(#3078),#3082);
#3078 = CIRCLE('',#3079,4.191956583745);
#3079 = AXIS2_PLACEMENT_2D('',#3080,#3081);
#3080 = CARTESIAN_POINT('',(4.75,7.95));
#3081 = DIRECTION('',(1.,0.));
#3082 = ( GEOMETRIC_REPRESENTATION_CONTEXT(2) 
PARAMETRIC_REPRESENTATION_CONTEXT() REPRESENTATION_CONTEXT('2D SPACE',''
  ) );
#3083 = PCURVE('',#147,#3084);
#3084 = DEFINITIONAL_REPRESENTATION('',(#3085),#3172);
#3085 = B_SPLINE_CURVE_WITH_KNOTS('',8,(#3086,#3087,#3088,#3089,#3090,
    #3091,#3092,#3093,#3094,#3095,#3096,#3097,#3098,#3099,#3100,#3101,
    #3102,#3103,#3104,#3105,#3106,#3107,#3108,#3109,#3110,#3111,#3112,
    #3113,#3114,#3115,#3116,#3117,#3118,#3119,#3120,#3121,#3122,#3123,
    #3124,#3125,#3126,#3127,#3128,#3129,#3130,#3131,#3132,#3133,#3134,
    #3135,#3136,#3137,#3138,#3139,#3140,#3141,#3142,#3143,#3144,#3145,
    #3146,#3147,#3148,#3149,#3150,#3151,#3152,#3153,#3154,#3155,#3156,
    #3157,#3158,#3159,#3160,#3161,#3162,#3163,#3164,#3165,#3166,#3167,
    #3168,#3169,#3170,#3171),.UNSPECIFIED.,.F.,.F.,(9,7,7,7,7,7,7,7,7,7,
    7,7,9),(3.14159265359,3.239767424014,3.334874232863,3.519143675008,
    3.86464887903,4.469282986067,4.922758566345,5.262865251554,
    5.51794526546,5.90056528632,6.09187529675,6.187530301965,
    6.28318530718),.UNSPECIFIED.);
#3086 = CARTESIAN_POINT('',(1.570796326795,-1.405336513025));
#3087 = CARTESIAN_POINT('',(1.644286393802,-1.405336513025));
#3088 = CARTESIAN_POINT('',(1.71777630492,-1.404305807741));
#3089 = CARTESIAN_POINT('',(1.790040923427,-1.402244486572));
#3090 = CARTESIAN_POINT('',(1.859848536071,-1.399188100262));
#3091 = CARTESIAN_POINT('',(1.926241176589,-1.395209810356));
#3092 = CARTESIAN_POINT('',(1.988750278318,-1.390398604877));
#3093 = CARTESIAN_POINT('',(2.047189838247,-1.384844344603));
#3094 = CARTESIAN_POINT('',(2.154279786432,-1.372614128297));
#3095 = CARTESIAN_POINT('',(2.203178965045,-1.365978638498));
#3096 = CARTESIAN_POINT('',(2.248302478935,-1.358803087514));
#3097 = CARTESIAN_POINT('',(2.289852254603,-1.351160361033));
#3098 = CARTESIAN_POINT('',(2.328106784292,-1.343113524308));
#3099 = CARTESIAN_POINT('',(2.363359922935,-1.334715666276));
#3100 = CARTESIAN_POINT('',(2.395892744318,-1.326011821294));
#3101 = CARTESIAN_POINT('',(2.484237540247,-1.299656748217));
#3102 = CARTESIAN_POINT('',(2.533279845222,-1.281267217104));
#3103 = CARTESIAN_POINT('',(2.575001456951,-1.262147304134));
#3104 = CARTESIAN_POINT('',(2.611006063193,-1.242473583416));
#3105 = CARTESIAN_POINT('',(2.642377183758,-1.222364133822));
#3106 = CARTESIAN_POINT('',(2.669976066558,-1.201905527843));
#3107 = CARTESIAN_POINT('',(2.694438568983,-1.181161134858));
#3108 = CARTESIAN_POINT('',(2.757200174516,-1.12083933086));
#3109 = CARTESIAN_POINT('',(2.788876617194,-1.080665472928));
#3110 = CARTESIAN_POINT('',(2.814605825279,-1.039977897913));
#3111 = CARTESIAN_POINT('',(2.835953681219,-0.998912536085));
#3112 = CARTESIAN_POINT('',(2.854001066782,-0.95756930236));
#3113 = CARTESIAN_POINT('',(2.869437607063,-0.916007208826));
#3114 = CARTESIAN_POINT('',(2.88277571944,-0.874272256508));
#3115 = CARTESIAN_POINT('',(2.91470628055,-0.759115380393));
#3116 = CARTESIAN_POINT('',(2.929737877443,-0.685404311808));
#3117 = CARTESIAN_POINT('',(2.941476280375,-0.611439849954));
#3118 = CARTESIAN_POINT('',(2.950703380075,-0.537291629664));
#3119 = CARTESIAN_POINT('',(2.958015974504,-0.46301566612));
#3120 = CARTESIAN_POINT('',(2.963729206167,-0.388644222029));
#3121 = CARTESIAN_POINT('',(2.968082967744,-0.314205190614));
#3122 = CARTESIAN_POINT('',(2.973564309319,-0.183856548199));
#3123 = CARTESIAN_POINT('',(2.975226545408,-0.127967049907));
#3124 = CARTESIAN_POINT('',(2.976261248131,-7.206098597382E-02));
#3125 = CARTESIAN_POINT('',(2.97670086555,-1.614621800783E-02));
#3126 = CARTESIAN_POINT('',(2.976557597448,3.977009954548E-02));
#3127 = CARTESIAN_POINT('',(2.97582592457,9.568088492103E-02));
#3128 = CARTESIAN_POINT('',(2.97448098652,0.151578520056));
#3129 = CARTESIAN_POINT('',(2.970966674623,0.249361077413));
#3130 = CARTESIAN_POINT('',(2.969087417593,0.291255566178));
#3131 = CARTESIAN_POINT('',(2.966814173757,0.333134050699));
#3132 = CARTESIAN_POINT('',(2.96411746972,0.374992399342));
#3133 = CARTESIAN_POINT('',(2.96095880705,0.416825938709));
#3134 = CARTESIAN_POINT('',(2.957287799587,0.458629162106));
#3135 = CARTESIAN_POINT('',(2.953036863147,0.500395239343));
#3136 = CARTESIAN_POINT('',(2.944420903485,0.573405394215));
#3137 = CARTESIAN_POINT('',(2.940349995178,0.604669583582));
#3138 = CARTESIAN_POINT('',(2.935861825857,0.635904178046));
#3139 = CARTESIAN_POINT('',(2.930908606865,0.667104732081));
#3140 = CARTESIAN_POINT('',(2.925432614762,0.6982659826));
#3141 = CARTESIAN_POINT('',(2.919362410428,0.729381513514));
#3142 = CARTESIAN_POINT('',(2.912606330257,0.760443174779));
#3143 = CARTESIAN_POINT('',(2.893698628184,0.837935877688));
#3144 = CARTESIAN_POINT('',(2.88053769637,0.884286103944));
#3145 = CARTESIAN_POINT('',(2.865154095101,0.930455339316));
#3146 = CARTESIAN_POINT('',(2.846968737571,0.976391218622));
#3147 = CARTESIAN_POINT('',(2.825215344001,1.0220295117));
#3148 = CARTESIAN_POINT('',(2.798602404185,1.067249848956));
#3149 = CARTESIAN_POINT('',(2.765309792132,1.111897750163));
#3150 = CARTESIAN_POINT('',(2.698871542818,1.177387063418));
#3151 = CARTESIAN_POINT('',(2.673975756312,1.198969732242));
#3152 = CARTESIAN_POINT('',(2.645787140362,1.22025306899));
#3153 = CARTESIAN_POINT('',(2.613618211371,1.241168716504));
#3154 = CARTESIAN_POINT('',(2.576521696035,1.261622180035));
#3155 = CARTESIAN_POINT('',(2.533308806511,1.281483774806));
#3156 = CARTESIAN_POINT('',(2.482168853189,1.300556185025));
#3157 = CARTESIAN_POINT('',(2.390340933224,1.327508727597));
#3158 = CARTESIAN_POINT('',(2.357212153122,1.336216896119));
#3159 = CARTESIAN_POINT('',(2.321294804096,1.344609757509));
#3160 = CARTESIAN_POINT('',(2.282301869539,1.352640594399));
#3161 = CARTESIAN_POINT('',(2.239934566248,1.36025433408));
#3162 = CARTESIAN_POINT('',(2.193914142106,1.367385602544));
#3163 = CARTESIAN_POINT('',(2.144048304061,1.373959082705));
#3164 = CARTESIAN_POINT('',(2.036634222996,1.385831905677));
#3165 = CARTESIAN_POINT('',(1.979085981339,1.391131258663));
#3166 = CARTESIAN_POINT('',(1.917698393803,1.395714252157));
#3167 = CARTESIAN_POINT('',(1.852672402511,1.399497956798));
#3168 = CARTESIAN_POINT('',(1.784474130779,1.402401163082));
#3169 = CARTESIAN_POINT('',(1.714003932434,1.404358038255));
#3170 = CARTESIAN_POINT('',(1.642400189095,1.405336513025));
#3171 = CARTESIAN_POINT('',(1.570796326795,1.405336513025));
#3172 = ( GEOMETRIC_REPRESENTATION_CONTEXT(2) 
PARAMETRIC_REPRESENTATION_CONTEXT() REPRESENTATION_CONTEXT('2D SPACE',''
  ) );
#3173 = ORIENTED_EDGE('',*,*,#3174,.F.);
#3174 = EDGE_CURVE('',#3175,#3068,#3177,.T.);
#3175 = VERTEX_POINT('',#3176);
#3176 = CARTESIAN_POINT('',(29.7,2.75,-17.9207143601));
#3177 = SURFACE_CURVE('',#3178,(#3182,#3189),.PCURVE_S1.);
#3178 = LINE('',#3179,#3180);
#3179 = CARTESIAN_POINT('',(29.7,2.75,-26.1));
#3180 = VECTOR('',#3181,1.);
#3181 = DIRECTION('',(0.,0.,1.));
#3182 = PCURVE('',#2951,#3183);
#3183 = DEFINITIONAL_REPRESENTATION('',(#3184),#3188);
#3184 = LINE('',#3185,#3186);
#3185 = CARTESIAN_POINT('',(0.,7.95));
#3186 = VECTOR('',#3187,1.);
#3187 = DIRECTION('',(1.,0.));
#3188 = ( GEOMETRIC_REPRESENTATION_CONTEXT(2) 
PARAMETRIC_REPRESENTATION_CONTEXT() REPRESENTATION_CONTEXT('2D SPACE',''
  ) );
#3189 = PCURVE('',#540,#3190);
#3190 = DEFINITIONAL_REPRESENTATION('',(#3191),#3195);
#3191 = LINE('',#3192,#3193);
#3192 = CARTESIAN_POINT('',(0.,-5.5));
#3193 = VECTOR('',#3194,1.);
#3194 = DIRECTION('',(1.,0.));
#3195 = ( GEOMETRIC_REPRESENTATION_CONTEXT(2) 
PARAMETRIC_REPRESENTATION_CONTEXT() REPRESENTATION_CONTEXT('2D SPACE',''
  ) );
#3196 = ORIENTED_EDGE('',*,*,#3197,.F.);
#3197 = EDGE_CURVE('',#2936,#3175,#3198,.T.);
#3198 = SURFACE_CURVE('',#3199,(#3204,#3211),.PCURVE_S1.);
#3199 = CIRCLE('',#3200,3.429285639896);
#3200 = AXIS2_PLACEMENT_3D('',#3201,#3202,#3203);
#3201 = CARTESIAN_POINT('',(29.7,2.75,-21.35));
#3202 = DIRECTION('',(-0.,1.,0.));
#3203 = DIRECTION('',(0.,0.,1.));
#3204 = PCURVE('',#2951,#3205);
#3205 = DEFINITIONAL_REPRESENTATION('',(#3206),#3210);
#3206 = CIRCLE('',#3207,3.429285639896);
#3207 = AXIS2_PLACEMENT_2D('',#3208,#3209);
#3208 = CARTESIAN_POINT('',(4.75,7.95));
#3209 = DIRECTION('',(1.,0.));
#3210 = ( GEOMETRIC_REPRESENTATION_CONTEXT(2) 
PARAMETRIC_REPRESENTATION_CONTEXT() REPRESENTATION_CONTEXT('2D SPACE',''
  ) );
#3211 = PCURVE('',#2980,#3212);
#3212 = DEFINITIONAL_REPRESENTATION('',(#3213),#3300);
#3213 = B_SPLINE_CURVE_WITH_KNOTS('',8,(#3214,#3215,#3216,#3217,#3218,
    #3219,#3220,#3221,#3222,#3223,#3224,#3225,#3226,#3227,#3228,#3229,
    #3230,#3231,#3232,#3233,#3234,#3235,#3236,#3237,#3238,#3239,#3240,
    #3241,#3242,#3243,#3244,#3245,#3246,#3247,#3248,#3249,#3250,#3251,
    #3252,#3253,#3254,#3255,#3256,#3257,#3258,#3259,#3260,#3261,#3262,
    #3263,#3264,#3265,#3266,#3267,#3268,#3269,#3270,#3271,#3272,#3273,
    #3274,#3275,#3276,#3277,#3278,#3279,#3280,#3281,#3282,#3283,#3284,
    #3285,#3286,#3287,#3288,#3289,#3290,#3291,#3292,#3293,#3294,#3295,
    #3296,#3297,#3298,#3299),.UNSPECIFIED.,.F.,.F.,(9,7,7,7,7,7,7,7,7,7,
    7,7,9),(3.14159265359,3.239767424014,3.334874232863,3.519143675008,
    3.86464887903,4.469282986067,4.922758566345,5.262865251554,
    5.51794526546,5.90056528632,6.09187529675,6.187530301965,
    6.28318530718),.UNSPECIFIED.);
#3214 = CARTESIAN_POINT('',(7.853981633974,-1.369438406005));
#3215 = CARTESIAN_POINT('',(7.914101157263,-1.369438406005));
#3216 = CARTESIAN_POINT('',(7.974220455212,-1.368595375486));
#3217 = CARTESIAN_POINT('',(8.033665229435,-1.366908618915));
#3218 = CARTESIAN_POINT('',(8.0917538125,-1.364399101996));
#3219 = CARTESIAN_POINT('',(8.147915362428,-1.361105905654));
#3220 = CARTESIAN_POINT('',(8.201750101856,-1.3570812383));
#3221 = CARTESIAN_POINT('',(8.253031601873,-1.3523840064));
#3222 = CARTESIAN_POINT('',(8.348751259518,-1.341925882213));
#3223 = CARTESIAN_POINT('',(8.393353790425,-1.336202919722));
#3224 = CARTESIAN_POINT('',(8.435360339439,-1.3299562712));
#3225 = CARTESIAN_POINT('',(8.47478760666,-1.323239335138));
#3226 = CARTESIAN_POINT('',(8.51172580452,-1.316102333577));
#3227 = CARTESIAN_POINT('',(8.546306147005,-1.308590428129));
#3228 = CARTESIAN_POINT('',(8.578677379691,-1.300743311592));
#3229 = CARTESIAN_POINT('',(8.667724669144,-1.276811392086));
#3230 = CARTESIAN_POINT('',(8.718735718494,-1.259900520249));
#3231 = CARTESIAN_POINT('',(8.763134225656,-1.242119467668));
#3232 = CARTESIAN_POINT('',(8.802090582766,-1.223656085309));
#3233 = CARTESIAN_POINT('',(8.83650090111,-1.204642346618));
#3234 = CARTESIAN_POINT('',(8.867101773302,-1.185178997942));
#3235 = CARTESIAN_POINT('',(8.894473459332,-1.165342070169));
#3236 = CARTESIAN_POINT('',(8.96523842409,-1.107408553935));
#3237 = CARTESIAN_POINT('',(9.001693740082,-1.068522405651));
#3238 = CARTESIAN_POINT('',(9.031557673768,-1.028925638223));
#3239 = CARTESIAN_POINT('',(9.05653507445,-0.98880551884));
#3240 = CARTESIAN_POINT('',(9.077745458503,-0.948292706928));
#3241 = CARTESIAN_POINT('',(9.09596740712,-0.907470716212));
#3242 = CARTESIAN_POINT('',(9.111761310405,-0.86640230426));
#3243 = CARTESIAN_POINT('',(9.149671288251,-0.752912510255));
#3244 = CARTESIAN_POINT('',(9.167645210986,-0.680077521165));
#3245 = CARTESIAN_POINT('',(9.181710709411,-0.606874520055));
#3246 = CARTESIAN_POINT('',(9.192797503097,-0.533405113779));
#3247 = CARTESIAN_POINT('',(9.201590983689,-0.459749025359));
#3248 = CARTESIAN_POINT('',(9.208470225266,-0.385953729795));
#3249 = CARTESIAN_POINT('',(9.213715391743,-0.312059560467));
#3250 = CARTESIAN_POINT('',(9.220321906033,-0.18262724786));
#3251 = CARTESIAN_POINT('',(9.222326591077,-0.127118519892));
#3252 = CARTESIAN_POINT('',(9.223574885627,-7.158552990151E-02));
#3253 = CARTESIAN_POINT('',(9.224105329602,-1.603978319833E-02));
#3254 = CARTESIAN_POINT('',(9.223932442483,3.950823431377E-02));
#3255 = CARTESIAN_POINT('',(9.223049648776,9.504814201297E-02));
#3256 = CARTESIAN_POINT('',(9.221427401532,0.150568786413));
#3257 = CARTESIAN_POINT('',(9.217190830773,0.247673858438));
#3258 = CARTESIAN_POINT('',(9.214925861819,0.289272286807));
#3259 = CARTESIAN_POINT('',(9.212186860963,0.330847301428));
#3260 = CARTESIAN_POINT('',(9.208938989339,0.372392877642));
#3261 = CARTESIAN_POINT('',(9.205136753876,0.413902209107));
#3262 = CARTESIAN_POINT('',(9.200720728636,0.455367292933));
#3263 = CARTESIAN_POINT('',(9.195611548976,0.496778239663));
#3264 = CARTESIAN_POINT('',(9.18526840067,0.569130359423));
#3265 = CARTESIAN_POINT('',(9.180384861082,0.600100780814));
#3266 = CARTESIAN_POINT('',(9.175005101817,0.631028212175));
#3267 = CARTESIAN_POINT('',(9.169073595306,0.661906272858));
#3268 = CARTESIAN_POINT('',(9.162523418059,0.69272742407));
#3269 = CARTESIAN_POINT('',(9.155272105406,0.723482507949));
#3270 = CARTESIAN_POINT('',(9.147214687259,0.754159963307));
#3271 = CARTESIAN_POINT('',(9.124712731357,0.830621850161));
#3272 = CARTESIAN_POINT('',(9.109088863972,0.876290334929));
#3273 = CARTESIAN_POINT('',(9.090877820408,0.921699632439));
#3274 = CARTESIAN_POINT('',(9.069446753459,0.966778452409));
#3275 = CARTESIAN_POINT('',(9.043906553173,1.011433599616));
#3276 = CARTESIAN_POINT('',(9.012927798586,1.055508628432));
#3277 = CARTESIAN_POINT('',(8.974467597453,1.09878516277));
#3278 = CARTESIAN_POINT('',(8.899435541815,1.161732622861));
#3279 = CARTESIAN_POINT('',(8.871534711374,1.182387216529));
#3280 = CARTESIAN_POINT('',(8.840233063678,1.202649590578));
#3281 = CARTESIAN_POINT('',(8.804898397076,1.222437387803));
#3282 = CARTESIAN_POINT('',(8.764718000785,1.24164020541));
#3283 = CARTESIAN_POINT('',(8.718700201319,1.260112662909));
#3284 = CARTESIAN_POINT('',(8.665519865258,1.277643958149));
#3285 = CARTESIAN_POINT('',(8.573148929339,1.302093655163));
#3286 = CARTESIAN_POINT('',(8.540258382255,1.309935713092));
#3287 = CARTESIAN_POINT('',(8.505113797988,1.3174335173));
#3288 = CARTESIAN_POINT('',(8.467565267401,1.324546130222));
#3289 = CARTESIAN_POINT('',(8.427482850606,1.3312270085));
#3290 = CARTESIAN_POINT('',(8.384781549837,1.337424502594));
#3291 = CARTESIAN_POINT('',(8.33945517888,1.343083936896));
#3292 = CARTESIAN_POINT('',(8.243783079255,1.353218603785));
#3293 = CARTESIAN_POINT('',(8.193436802624,1.35769374614));
#3294 = CARTESIAN_POINT('',(8.140695498132,1.361523344342));
#3295 = CARTESIAN_POINT('',(8.08578491867,1.364653511195));
#3296 = CARTESIAN_POINT('',(8.029086788174,1.367036842715));
#3297 = CARTESIAN_POINT('',(7.97113436085,1.368638078631));
#3298 = CARTESIAN_POINT('',(7.912558122504,1.369438406005));
#3299 = CARTESIAN_POINT('',(7.853981633974,1.369438406005));
#3300 = ( GEOMETRIC_REPRESENTATION_CONTEXT(2) 
PARAMETRIC_REPRESENTATION_CONTEXT() REPRESENTATION_CONTEXT('2D SPACE',''
  ) );
#3301 = ADVANCED_FACE('',(#3302),#2980,.F.);
#3302 = FACE_BOUND('',#3303,.F.);
#3303 = EDGE_LOOP('',(#3304,#3305,#3306,#3307,#3330,#3353));
#3304 = ORIENTED_EDGE('',*,*,#2991,.T.);
#3305 = ORIENTED_EDGE('',*,*,#2963,.T.);
#3306 = ORIENTED_EDGE('',*,*,#3197,.T.);
#3307 = ORIENTED_EDGE('',*,*,#3308,.T.);
#3308 = EDGE_CURVE('',#3175,#3309,#3311,.T.);
#3309 = VERTEX_POINT('',#3310);
#3310 = CARTESIAN_POINT('',(29.7,2.05,-17.85));
#3311 = SURFACE_CURVE('',#3312,(#3317,#3323),.PCURVE_S1.);
#3312 = CIRCLE('',#3313,3.5);
#3313 = AXIS2_PLACEMENT_3D('',#3314,#3315,#3316);
#3314 = CARTESIAN_POINT('',(29.7,2.05,-21.35));
#3315 = DIRECTION('',(1.,0.,-0.));
#3316 = DIRECTION('',(0.,0.,1.));
#3317 = PCURVE('',#2980,#3318);
#3318 = DEFINITIONAL_REPRESENTATION('',(#3319),#3322);
#3319 = B_SPLINE_CURVE_WITH_KNOTS('',1,(#3320,#3321),.UNSPECIFIED.,.F.,
  .F.,(2,2),(6.081827386389,6.28318530718),.PIECEWISE_BEZIER_KNOTS.);
#3320 = CARTESIAN_POINT('',(7.853981633974,1.369438406005));
#3321 = CARTESIAN_POINT('',(7.853981633974,1.570796326795));
#3322 = ( GEOMETRIC_REPRESENTATION_CONTEXT(2) 
PARAMETRIC_REPRESENTATION_CONTEXT() REPRESENTATION_CONTEXT('2D SPACE',''
  ) );
#3323 = PCURVE('',#540,#3324);
#3324 = DEFINITIONAL_REPRESENTATION('',(#3325),#3329);
#3325 = CIRCLE('',#3326,3.5);
#3326 = AXIS2_PLACEMENT_2D('',#3327,#3328);
#3327 = CARTESIAN_POINT('',(4.75,-4.8));
#3328 = DIRECTION('',(1.,0.));
#3329 = ( GEOMETRIC_REPRESENTATION_CONTEXT(2) 
PARAMETRIC_REPRESENTATION_CONTEXT() REPRESENTATION_CONTEXT('2D SPACE',''
  ) );
#3330 = ORIENTED_EDGE('',*,*,#3331,.T.);
#3331 = EDGE_CURVE('',#3309,#3332,#3334,.T.);
#3332 = VERTEX_POINT('',#3333);
#3333 = CARTESIAN_POINT('',(29.7,0.,-18.51318840949));
#3334 = SURFACE_CURVE('',#3335,(#3340,#3346),.PCURVE_S1.);
#3335 = CIRCLE('',#3336,3.5);
#3336 = AXIS2_PLACEMENT_3D('',#3337,#3338,#3339);
#3337 = CARTESIAN_POINT('',(29.7,2.05,-21.35));
#3338 = DIRECTION('',(1.,0.,-0.));
#3339 = DIRECTION('',(0.,0.,1.));
#3340 = PCURVE('',#2980,#3341);
#3341 = DEFINITIONAL_REPRESENTATION('',(#3342),#3345);
#3342 = B_SPLINE_CURVE_WITH_KNOTS('',1,(#3343,#3344),.UNSPECIFIED.,.F.,
  .F.,(2,2),(0.,0.625761048513),.PIECEWISE_BEZIER_KNOTS.);
#3343 = CARTESIAN_POINT('',(4.712388980385,1.570796326795));
#3344 = CARTESIAN_POINT('',(4.712388980385,0.945035278282));
#3345 = ( GEOMETRIC_REPRESENTATION_CONTEXT(2) 
PARAMETRIC_REPRESENTATION_CONTEXT() REPRESENTATION_CONTEXT('2D SPACE',''
  ) );
#3346 = PCURVE('',#540,#3347);
#3347 = DEFINITIONAL_REPRESENTATION('',(#3348),#3352);
#3348 = CIRCLE('',#3349,3.5);
#3349 = AXIS2_PLACEMENT_2D('',#3350,#3351);
#3350 = CARTESIAN_POINT('',(4.75,-4.8));
#3351 = DIRECTION('',(1.,0.));
#3352 = ( GEOMETRIC_REPRESENTATION_CONTEXT(2) 
PARAMETRIC_REPRESENTATION_CONTEXT() REPRESENTATION_CONTEXT('2D SPACE',''
  ) );
#3353 = ORIENTED_EDGE('',*,*,#3354,.T.);
#3354 = EDGE_CURVE('',#3332,#2992,#3355,.T.);
#3355 = SURFACE_CURVE('',#3356,(#3361,#3416),.PCURVE_S1.);
#3356 = CIRCLE('',#3357,2.836811590501);
#3357 = AXIS2_PLACEMENT_3D('',#3358,#3359,#3360);
#3358 = CARTESIAN_POINT('',(29.7,0.,-21.35));
#3359 = DIRECTION('',(0.,1.,0.));
#3360 = DIRECTION('',(0.,-0.,1.));
#3361 = PCURVE('',#2980,#3362);
#3362 = DEFINITIONAL_REPRESENTATION('',(#3363),#3415);
#3363 = B_SPLINE_CURVE_WITH_KNOTS('',8,(#3364,#3365,#3366,#3367,#3368,
    #3369,#3370,#3371,#3372,#3373,#3374,#3375,#3376,#3377,#3378,#3379,
    #3380,#3381,#3382,#3383,#3384,#3385,#3386,#3387,#3388,#3389,#3390,
    #3391,#3392,#3393,#3394,#3395,#3396,#3397,#3398,#3399,#3400,#3401,
    #3402,#3403,#3404,#3405,#3406,#3407,#3408,#3409,#3410,#3411,#3412,
    #3413,#3414),.UNSPECIFIED.,.F.,.F.,(9,7,7,7,7,7,7,9),(0.,
    0.392699081699,0.760854470791,1.45114582534,2.05515076057,
    2.583655078896,3.046096357431,3.14159265359),.UNSPECIFIED.);
#3364 = CARTESIAN_POINT('',(4.712388980385,0.945035278282));
#3365 = CARTESIAN_POINT('',(4.780316621027,0.945035278282));
#3366 = CARTESIAN_POINT('',(4.848244120108,0.941224512739));
#3367 = CARTESIAN_POINT('',(4.914968068717,0.933603299236));
#3368 = CARTESIAN_POINT('',(4.979279111973,0.922302319291));
#3369 = CARTESIAN_POINT('',(5.040228039583,0.907590222816));
#3370 = CARTESIAN_POINT('',(5.097334215489,0.889795857368));
#3371 = CARTESIAN_POINT('',(5.150392847287,0.86925327378));
#3372 = CARTESIAN_POINT('',(5.245353998243,0.824744145026));
#3373 = CARTESIAN_POINT('',(5.287746307205,0.801071583637));
#3374 = CARTESIAN_POINT('',(5.326581687444,0.775526454868));
#3375 = CARTESIAN_POINT('',(5.362013529383,0.748355887412));
#3376 = CARTESIAN_POINT('',(5.394267942938,0.719779826935));
#3377 = CARTESIAN_POINT('',(5.423588973839,0.689986730117));
#3378 = CARTESIAN_POINT('',(5.450210000866,0.659135945661));
#3379 = CARTESIAN_POINT('',(5.519616276171,0.567799600879));
#3380 = CARTESIAN_POINT('',(5.556162537926,0.505002956966));
#3381 = CARTESIAN_POINT('',(5.585436013676,0.439888916258));
#3382 = CARTESIAN_POINT('',(5.6086671659,0.37308667962));
#3383 = CARTESIAN_POINT('',(5.626665732958,0.305049595901));
#3384 = CARTESIAN_POINT('',(5.640017778115,0.23614059343));
#3385 = CARTESIAN_POINT('',(5.649078375186,0.166663083558));
#3386 = CARTESIAN_POINT('',(5.658332896328,3.585575362183E-02));
#3387 = CARTESIAN_POINT('',(5.659493576867,-2.540675007541E-02));
#3388 = CARTESIAN_POINT('',(5.657606475366,-8.670054110304E-02));
#3389 = CARTESIAN_POINT('',(5.652668754959,-0.147848187054));
#3390 = CARTESIAN_POINT('',(5.644571830216,-0.208670906722));
#3391 = CARTESIAN_POINT('',(5.633094999923,-0.268971830136));
#3392 = CARTESIAN_POINT('',(5.617885310411,-0.328514230758));
#3393 = CARTESIAN_POINT('',(5.581394696041,-0.43816516653));
#3394 = CARTESIAN_POINT('',(5.56111013138,-0.488522295263));
#3395 = CARTESIAN_POINT('',(5.537225138531,-0.537862926658));
#3396 = CARTESIAN_POINT('',(5.509290722102,-0.585940117725));
#3397 = CARTESIAN_POINT('',(5.476766311656,-0.632454184047));
#3398 = CARTESIAN_POINT('',(5.438977373635,-0.677020403583));
#3399 = CARTESIAN_POINT('',(5.395154160381,-0.719137472275));
#3400 = CARTESIAN_POINT('',(5.300529593771,-0.79234365857));
#3401 = CARTESIAN_POINT('',(5.251285787413,-0.824153251598));
#3402 = CARTESIAN_POINT('',(5.196547361182,-0.853192356356));
#3403 = CARTESIAN_POINT('',(5.136015876793,-0.878971282621));
#3404 = CARTESIAN_POINT('',(5.069604930472,-0.900943790518));
#3405 = CARTESIAN_POINT('',(4.997764708235,-0.91850805918));
#3406 = CARTESIAN_POINT('',(4.921843466675,-0.931195705831));
#3407 = CARTESIAN_POINT('',(4.827417196996,-0.940318973709));
#3408 = CARTESIAN_POINT('',(4.811155340861,-0.941661912194));
#3409 = CARTESIAN_POINT('',(4.794808938543,-0.94278406431));
#3410 = CARTESIAN_POINT('',(4.778394078562,-0.943683627012));
#3411 = CARTESIAN_POINT('',(4.761927455037,-0.944359223749));
#3412 = CARTESIAN_POINT('',(4.745426181937,-0.944809929374));
#3413 = CARTESIAN_POINT('',(4.728907583251,-0.94503528168));
#3414 = CARTESIAN_POINT('',(4.712388983457,-0.945035280978));
#3415 = ( GEOMETRIC_REPRESENTATION_CONTEXT(2) 
PARAMETRIC_REPRESENTATION_CONTEXT() REPRESENTATION_CONTEXT('2D SPACE',''
  ) );
#3416 = PCURVE('',#3031,#3417);
#3417 = DEFINITIONAL_REPRESENTATION('',(#3418),#3470);
#3418 = B_SPLINE_CURVE_WITH_KNOTS('',8,(#3419,#3420,#3421,#3422,#3423,
    #3424,#3425,#3426,#3427,#3428,#3429,#3430,#3431,#3432,#3433,#3434,
    #3435,#3436,#3437,#3438,#3439,#3440,#3441,#3442,#3443,#3444,#3445,
    #3446,#3447,#3448,#3449,#3450,#3451,#3452,#3453,#3454,#3455,#3456,
    #3457,#3458,#3459,#3460,#3461,#3462,#3463,#3464,#3465,#3466,#3467,
    #3468,#3469),.UNSPECIFIED.,.F.,.F.,(9,7,7,7,7,7,7,9),(0.,
    0.392699081699,0.760854470791,1.45114582534,2.05515076057,
    2.583655078896,3.046096357431,3.14159265359),.UNSPECIFIED.);
#3419 = CARTESIAN_POINT('',(7.853981633974,0.945035278282));
#3420 = CARTESIAN_POINT('',(7.786053993332,0.945035278282));
#3421 = CARTESIAN_POINT('',(7.718126494255,0.941224512739));
#3422 = CARTESIAN_POINT('',(7.651402545625,0.933603299236));
#3423 = CARTESIAN_POINT('',(7.587091502387,0.922302319291));
#3424 = CARTESIAN_POINT('',(7.526142574754,0.907590222816));
#3425 = CARTESIAN_POINT('',(7.46903639887,0.889795857368));
#3426 = CARTESIAN_POINT('',(7.415977767072,0.86925327378));
#3427 = CARTESIAN_POINT('',(7.321016616117,0.824744145026));
#3428 = CARTESIAN_POINT('',(7.278624307154,0.801071583637));
#3429 = CARTESIAN_POINT('',(7.239788926915,0.775526454868));
#3430 = CARTESIAN_POINT('',(7.204357084976,0.748355887412));
#3431 = CARTESIAN_POINT('',(7.172102671421,0.719779826935));
#3432 = CARTESIAN_POINT('',(7.142781640521,0.689986730117));
#3433 = CARTESIAN_POINT('',(7.116160613493,0.659135945661));
#3434 = CARTESIAN_POINT('',(7.046754338188,0.567799600879));
#3435 = CARTESIAN_POINT('',(7.010208076429,0.505002956966));
#3436 = CARTESIAN_POINT('',(6.980934600683,0.439888916258));
#3437 = CARTESIAN_POINT('',(6.957703448444,0.37308667962));
#3438 = CARTESIAN_POINT('',(6.9397048814,0.305049595901));
#3439 = CARTESIAN_POINT('',(6.926352836239,0.23614059343));
#3440 = CARTESIAN_POINT('',(6.917292239173,0.166663083558));
#3441 = CARTESIAN_POINT('',(6.908037718031,3.585575362183E-02));
#3442 = CARTESIAN_POINT('',(6.906877037492,-2.540675007541E-02));
#3443 = CARTESIAN_POINT('',(6.908764138994,-8.670054110304E-02));
#3444 = CARTESIAN_POINT('',(6.9137018594,-0.147848187054));
#3445 = CARTESIAN_POINT('',(6.921798784143,-0.208670906722));
#3446 = CARTESIAN_POINT('',(6.933275614436,-0.268971830136));
#3447 = CARTESIAN_POINT('',(6.948485303948,-0.328514230758));
#3448 = CARTESIAN_POINT('',(6.984975918318,-0.43816516653));
#3449 = CARTESIAN_POINT('',(7.005260482979,-0.488522295263));
#3450 = CARTESIAN_POINT('',(7.029145475828,-0.537862926658));
#3451 = CARTESIAN_POINT('',(7.057079892258,-0.585940117725));
#3452 = CARTESIAN_POINT('',(7.089604302704,-0.632454184047));
#3453 = CARTESIAN_POINT('',(7.127393240724,-0.677020403583));
#3454 = CARTESIAN_POINT('',(7.171216453978,-0.719137472275));
#3455 = CARTESIAN_POINT('',(7.265841020588,-0.79234365857));
#3456 = CARTESIAN_POINT('',(7.31508482694,-0.824153251598));
#3457 = CARTESIAN_POINT('',(7.369823253189,-0.853192356356));
#3458 = CARTESIAN_POINT('',(7.430354737539,-0.878971282621));
#3459 = CARTESIAN_POINT('',(7.49676568389,-0.900943790518));
#3460 = CARTESIAN_POINT('',(7.568605906119,-0.91850805918));
#3461 = CARTESIAN_POINT('',(7.644527147685,-0.931195705831));
#3462 = CARTESIAN_POINT('',(7.738953417363,-0.940318973709));
#3463 = CARTESIAN_POINT('',(7.755215273498,-0.941661912194));
#3464 = CARTESIAN_POINT('',(7.771561675816,-0.94278406431));
#3465 = CARTESIAN_POINT('',(7.787976535796,-0.943683627012));
#3466 = CARTESIAN_POINT('',(7.804443159321,-0.944359223749));
#3467 = CARTESIAN_POINT('',(7.82094443242,-0.944809929374));
#3468 = CARTESIAN_POINT('',(7.837463031105,-0.94503528168));
#3469 = CARTESIAN_POINT('',(7.853981630898,-0.945035280978));
#3470 = ( GEOMETRIC_REPRESENTATION_CONTEXT(2) 
PARAMETRIC_REPRESENTATION_CONTEXT() REPRESENTATION_CONTEXT('2D SPACE',''
  ) );
#3471 = ADVANCED_FACE('',(#3472),#3031,.F.);
#3472 = FACE_BOUND('',#3473,.F.);
#3473 = EDGE_LOOP('',(#3474,#3475,#3476,#3477,#3500,#3523));
#3474 = ORIENTED_EDGE('',*,*,#3042,.T.);
#3475 = ORIENTED_EDGE('',*,*,#3014,.T.);
#3476 = ORIENTED_EDGE('',*,*,#3354,.F.);
#3477 = ORIENTED_EDGE('',*,*,#3478,.T.);
#3478 = EDGE_CURVE('',#3332,#3479,#3481,.T.);
#3479 = VERTEX_POINT('',#3480);
#3480 = CARTESIAN_POINT('',(29.7,-2.05,-17.85));
#3481 = SURFACE_CURVE('',#3482,(#3487,#3493),.PCURVE_S1.);
#3482 = CIRCLE('',#3483,3.5);
#3483 = AXIS2_PLACEMENT_3D('',#3484,#3485,#3486);
#3484 = CARTESIAN_POINT('',(29.7,-2.05,-21.35));
#3485 = DIRECTION('',(1.,0.,-0.));
#3486 = DIRECTION('',(0.,0.,1.));
#3487 = PCURVE('',#3031,#3488);
#3488 = DEFINITIONAL_REPRESENTATION('',(#3489),#3492);
#3489 = B_SPLINE_CURVE_WITH_KNOTS('',1,(#3490,#3491),.UNSPECIFIED.,.F.,
  .F.,(2,2),(5.657424258667,6.28318530718),.PIECEWISE_BEZIER_KNOTS.);
#3490 = CARTESIAN_POINT('',(7.853981633974,0.945035278282));
#3491 = CARTESIAN_POINT('',(7.853981633974,1.570796326795));
#3492 = ( GEOMETRIC_REPRESENTATION_CONTEXT(2) 
PARAMETRIC_REPRESENTATION_CONTEXT() REPRESENTATION_CONTEXT('2D SPACE',''
  ) );
#3493 = PCURVE('',#540,#3494);
#3494 = DEFINITIONAL_REPRESENTATION('',(#3495),#3499);
#3495 = CIRCLE('',#3496,3.5);
#3496 = AXIS2_PLACEMENT_2D('',#3497,#3498);
#3497 = CARTESIAN_POINT('',(4.75,-0.7));
#3498 = DIRECTION('',(1.,0.));
#3499 = ( GEOMETRIC_REPRESENTATION_CONTEXT(2) 
PARAMETRIC_REPRESENTATION_CONTEXT() REPRESENTATION_CONTEXT('2D SPACE',''
  ) );
#3500 = ORIENTED_EDGE('',*,*,#3501,.T.);
#3501 = EDGE_CURVE('',#3479,#3502,#3504,.T.);
#3502 = VERTEX_POINT('',#3503);
#3503 = CARTESIAN_POINT('',(29.7,-2.75,-17.9207143601));
#3504 = SURFACE_CURVE('',#3505,(#3510,#3516),.PCURVE_S1.);
#3505 = CIRCLE('',#3506,3.5);
#3506 = AXIS2_PLACEMENT_3D('',#3507,#3508,#3509);
#3507 = CARTESIAN_POINT('',(29.7,-2.05,-21.35));
#3508 = DIRECTION('',(1.,0.,-0.));
#3509 = DIRECTION('',(0.,0.,1.));
#3510 = PCURVE('',#3031,#3511);
#3511 = DEFINITIONAL_REPRESENTATION('',(#3512),#3515);
#3512 = B_SPLINE_CURVE_WITH_KNOTS('',1,(#3513,#3514),.UNSPECIFIED.,.F.,
  .F.,(2,2),(0.,0.20135792079),.PIECEWISE_BEZIER_KNOTS.);
#3513 = CARTESIAN_POINT('',(4.712388980385,1.570796326795));
#3514 = CARTESIAN_POINT('',(4.712388980385,1.369438406005));
#3515 = ( GEOMETRIC_REPRESENTATION_CONTEXT(2) 
PARAMETRIC_REPRESENTATION_CONTEXT() REPRESENTATION_CONTEXT('2D SPACE',''
  ) );
#3516 = PCURVE('',#540,#3517);
#3517 = DEFINITIONAL_REPRESENTATION('',(#3518),#3522);
#3518 = CIRCLE('',#3519,3.5);
#3519 = AXIS2_PLACEMENT_2D('',#3520,#3521);
#3520 = CARTESIAN_POINT('',(4.75,-0.7));
#3521 = DIRECTION('',(1.,0.));
#3522 = ( GEOMETRIC_REPRESENTATION_CONTEXT(2) 
PARAMETRIC_REPRESENTATION_CONTEXT() REPRESENTATION_CONTEXT('2D SPACE',''
  ) );
#3523 = ORIENTED_EDGE('',*,*,#3524,.F.);
#3524 = EDGE_CURVE('',#2863,#3502,#3525,.T.);
#3525 = SURFACE_CURVE('',#3526,(#3531,#3621),.PCURVE_S1.);
#3526 = CIRCLE('',#3527,3.429285639896);
#3527 = AXIS2_PLACEMENT_3D('',#3528,#3529,#3530);
#3528 = CARTESIAN_POINT('',(29.7,-2.75,-21.35));
#3529 = DIRECTION('',(-0.,1.,0.));
#3530 = DIRECTION('',(0.,0.,1.));
#3531 = PCURVE('',#3031,#3532);
#3532 = DEFINITIONAL_REPRESENTATION('',(#3533),#3620);
#3533 = B_SPLINE_CURVE_WITH_KNOTS('',8,(#3534,#3535,#3536,#3537,#3538,
    #3539,#3540,#3541,#3542,#3543,#3544,#3545,#3546,#3547,#3548,#3549,
    #3550,#3551,#3552,#3553,#3554,#3555,#3556,#3557,#3558,#3559,#3560,
    #3561,#3562,#3563,#3564,#3565,#3566,#3567,#3568,#3569,#3570,#3571,
    #3572,#3573,#3574,#3575,#3576,#3577,#3578,#3579,#3580,#3581,#3582,
    #3583,#3584,#3585,#3586,#3587,#3588,#3589,#3590,#3591,#3592,#3593,
    #3594,#3595,#3596,#3597,#3598,#3599,#3600,#3601,#3602,#3603,#3604,
    #3605,#3606,#3607,#3608,#3609,#3610,#3611,#3612,#3613,#3614,#3615,
    #3616,#3617,#3618,#3619),.UNSPECIFIED.,.F.,.F.,(9,7,7,7,7,7,7,7,7,7,
    7,7,9),(3.14159265359,3.239767424014,3.334874232863,3.519143675008,
    3.86464887903,4.469282986067,4.922758566345,5.262865251554,
    5.51794526546,5.90056528632,6.09187529675,6.187530301965,
    6.28318530718),.UNSPECIFIED.);
#3534 = CARTESIAN_POINT('',(4.712388980385,-1.369438406005));
#3535 = CARTESIAN_POINT('',(4.652269457096,-1.369438406005));
#3536 = CARTESIAN_POINT('',(4.592150159147,-1.368595375486));
#3537 = CARTESIAN_POINT('',(4.532705384924,-1.366908618915));
#3538 = CARTESIAN_POINT('',(4.474616801859,-1.364399101996));
#3539 = CARTESIAN_POINT('',(4.418455251931,-1.361105905654));
#3540 = CARTESIAN_POINT('',(4.364620512503,-1.3570812383));
#3541 = CARTESIAN_POINT('',(4.313339012486,-1.3523840064));
#3542 = CARTESIAN_POINT('',(4.217619354841,-1.341925882213));
#3543 = CARTESIAN_POINT('',(4.173016823934,-1.336202919722));
#3544 = CARTESIAN_POINT('',(4.13101027492,-1.3299562712));
#3545 = CARTESIAN_POINT('',(4.091583007699,-1.323239335138));
#3546 = CARTESIAN_POINT('',(4.054644809839,-1.316102333577));
#3547 = CARTESIAN_POINT('',(4.020064467355,-1.308590428129));
#3548 = CARTESIAN_POINT('',(3.987693234668,-1.300743311592));
#3549 = CARTESIAN_POINT('',(3.898645945216,-1.276811392086));
#3550 = CARTESIAN_POINT('',(3.84763489586,-1.259900520249));
#3551 = CARTESIAN_POINT('',(3.803236388716,-1.242119467668));
#3552 = CARTESIAN_POINT('',(3.764280031577,-1.223656085309));
#3553 = CARTESIAN_POINT('',(3.729869713248,-1.204642346618));
#3554 = CARTESIAN_POINT('',(3.699268841055,-1.185178997942));
#3555 = CARTESIAN_POINT('',(3.671897155027,-1.165342070169));
#3556 = CARTESIAN_POINT('',(3.601132190269,-1.107408553935));
#3557 = CARTESIAN_POINT('',(3.564676874273,-1.068522405651));
#3558 = CARTESIAN_POINT('',(3.534812940585,-1.028925638223));
#3559 = CARTESIAN_POINT('',(3.509835539906,-0.98880551884));
#3560 = CARTESIAN_POINT('',(3.488625155849,-0.948292706928));
#3561 = CARTESIAN_POINT('',(3.470403207236,-0.907470716212));
#3562 = CARTESIAN_POINT('',(3.454609303954,-0.86640230426));
#3563 = CARTESIAN_POINT('',(3.416699326108,-0.752912510255));
#3564 = CARTESIAN_POINT('',(3.398725403373,-0.680077521165));
#3565 = CARTESIAN_POINT('',(3.38465990493,-0.606874520055));
#3566 = CARTESIAN_POINT('',(3.373573111257,-0.533405113779));
#3567 = CARTESIAN_POINT('',(3.36477963066,-0.459749025359));
#3568 = CARTESIAN_POINT('',(3.357900389098,-0.385953729795));
#3569 = CARTESIAN_POINT('',(3.352655222616,-0.312059560467));
#3570 = CARTESIAN_POINT('',(3.346048708326,-0.18262724786));
#3571 = CARTESIAN_POINT('',(3.344044023282,-0.127118519892));
#3572 = CARTESIAN_POINT('',(3.342795728732,-7.158552990151E-02));
#3573 = CARTESIAN_POINT('',(3.342265284757,-1.603978319833E-02));
#3574 = CARTESIAN_POINT('',(3.342438171876,3.950823431377E-02));
#3575 = CARTESIAN_POINT('',(3.343320965584,9.504814201297E-02));
#3576 = CARTESIAN_POINT('',(3.344943212827,0.150568786413));
#3577 = CARTESIAN_POINT('',(3.349179783587,0.247673858438));
#3578 = CARTESIAN_POINT('',(3.35144475254,0.289272286807));
#3579 = CARTESIAN_POINT('',(3.354183753396,0.330847301428));
#3580 = CARTESIAN_POINT('',(3.35743162502,0.372392877642));
#3581 = CARTESIAN_POINT('',(3.361233860483,0.413902209107));
#3582 = CARTESIAN_POINT('',(3.365649885723,0.455367292933));
#3583 = CARTESIAN_POINT('',(3.370759065383,0.496778239663));
#3584 = CARTESIAN_POINT('',(3.381102213689,0.569130359423));
#3585 = CARTESIAN_POINT('',(3.385985753277,0.600100780814));
#3586 = CARTESIAN_POINT('',(3.391365512542,0.631028212175));
#3587 = CARTESIAN_POINT('',(3.397297019053,0.661906272858));
#3588 = CARTESIAN_POINT('',(3.403847196301,0.69272742407));
#3589 = CARTESIAN_POINT('',(3.411098508953,0.723482507949));
#3590 = CARTESIAN_POINT('',(3.4191559271,0.754159963307));
#3591 = CARTESIAN_POINT('',(3.441657883002,0.830621850161));
#3592 = CARTESIAN_POINT('',(3.457281750394,0.876290334929));
#3593 = CARTESIAN_POINT('',(3.47549279391,0.921699632439));
#3594 = CARTESIAN_POINT('',(3.496923860934,0.966778452409));
#3595 = CARTESIAN_POINT('',(3.522464061147,1.011433599616));
#3596 = CARTESIAN_POINT('',(3.553442815779,1.055508628432));
#3597 = CARTESIAN_POINT('',(3.591903016906,1.09878516277));
#3598 = CARTESIAN_POINT('',(3.666935072545,1.161732622861));
#3599 = CARTESIAN_POINT('',(3.694835902983,1.182387216529));
#3600 = CARTESIAN_POINT('',(3.72613755066,1.202649590578));
#3601 = CARTESIAN_POINT('',(3.761472217269,1.222437387803));
#3602 = CARTESIAN_POINT('',(3.801652613554,1.24164020541));
#3603 = CARTESIAN_POINT('',(3.847670413037,1.260112662909));
#3604 = CARTESIAN_POINT('',(3.900850749101,1.277643958149));
#3605 = CARTESIAN_POINT('',(3.99322168502,1.302093655163));
#3606 = CARTESIAN_POINT('',(4.026112232104,1.309935713092));
#3607 = CARTESIAN_POINT('',(4.061256816371,1.3174335173));
#3608 = CARTESIAN_POINT('',(4.098805346958,1.324546130222));
#3609 = CARTESIAN_POINT('',(4.138887763753,1.3312270085));
#3610 = CARTESIAN_POINT('',(4.181589064522,1.337424502594));
#3611 = CARTESIAN_POINT('',(4.226915435479,1.343083936896));
#3612 = CARTESIAN_POINT('',(4.322587535104,1.353218603785));
#3613 = CARTESIAN_POINT('',(4.372933811735,1.35769374614));
#3614 = CARTESIAN_POINT('',(4.425675116227,1.361523344342));
#3615 = CARTESIAN_POINT('',(4.480585695689,1.364653511195));
#3616 = CARTESIAN_POINT('',(4.537283826185,1.367036842715));
#3617 = CARTESIAN_POINT('',(4.595236253509,1.368638078631));
#3618 = CARTESIAN_POINT('',(4.653812491855,1.369438406005));
#3619 = CARTESIAN_POINT('',(4.712388980385,1.369438406005));
#3620 = ( GEOMETRIC_REPRESENTATION_CONTEXT(2) 
PARAMETRIC_REPRESENTATION_CONTEXT() REPRESENTATION_CONTEXT('2D SPACE',''
  ) );
#3621 = PCURVE('',#675,#3622);
#3622 = DEFINITIONAL_REPRESENTATION('',(#3623),#3627);
#3623 = CIRCLE('',#3624,3.429285639896);
#3624 = AXIS2_PLACEMENT_2D('',#3625,#3626);
#3625 = CARTESIAN_POINT('',(4.75,7.95));
#3626 = DIRECTION('',(1.,0.));
#3627 = ( GEOMETRIC_REPRESENTATION_CONTEXT(2) 
PARAMETRIC_REPRESENTATION_CONTEXT() REPRESENTATION_CONTEXT('2D SPACE',''
  ) );
#3628 = ADVANCED_FACE('',(#3629),#675,.T.);
#3629 = FACE_BOUND('',#3630,.T.);
#3630 = EDGE_LOOP('',(#3631,#3632,#3633,#3654));
#3631 = ORIENTED_EDGE('',*,*,#2862,.F.);
#3632 = ORIENTED_EDGE('',*,*,#575,.T.);
#3633 = ORIENTED_EDGE('',*,*,#3634,.F.);
#3634 = EDGE_CURVE('',#3502,#553,#3635,.T.);
#3635 = SURFACE_CURVE('',#3636,(#3640,#3647),.PCURVE_S1.);
#3636 = LINE('',#3637,#3638);
#3637 = CARTESIAN_POINT('',(29.7,-2.75,-26.1));
#3638 = VECTOR('',#3639,1.);
#3639 = DIRECTION('',(0.,0.,1.));
#3640 = PCURVE('',#675,#3641);
#3641 = DEFINITIONAL_REPRESENTATION('',(#3642),#3646);
#3642 = LINE('',#3643,#3644);
#3643 = CARTESIAN_POINT('',(0.,7.95));
#3644 = VECTOR('',#3645,1.);
#3645 = DIRECTION('',(1.,0.));
#3646 = ( GEOMETRIC_REPRESENTATION_CONTEXT(2) 
PARAMETRIC_REPRESENTATION_CONTEXT() REPRESENTATION_CONTEXT('2D SPACE',''
  ) );
#3647 = PCURVE('',#540,#3648);
#3648 = DEFINITIONAL_REPRESENTATION('',(#3649),#3653);
#3649 = LINE('',#3650,#3651);
#3650 = CARTESIAN_POINT('',(0.,0.));
#3651 = VECTOR('',#3652,1.);
#3652 = DIRECTION('',(1.,0.));
#3653 = ( GEOMETRIC_REPRESENTATION_CONTEXT(2) 
PARAMETRIC_REPRESENTATION_CONTEXT() REPRESENTATION_CONTEXT('2D SPACE',''
  ) );
#3654 = ORIENTED_EDGE('',*,*,#3524,.F.);
#3655 = ADVANCED_FACE('',(#3656),#540,.F.);
#3656 = FACE_BOUND('',#3657,.F.);
#3657 = EDGE_LOOP('',(#3658,#3659,#3660,#3661,#3662,#3663,#3664,#3688,
    #3710,#3711));
#3658 = ORIENTED_EDGE('',*,*,#3634,.F.);
#3659 = ORIENTED_EDGE('',*,*,#3501,.F.);
#3660 = ORIENTED_EDGE('',*,*,#3478,.F.);
#3661 = ORIENTED_EDGE('',*,*,#3331,.F.);
#3662 = ORIENTED_EDGE('',*,*,#3308,.F.);
#3663 = ORIENTED_EDGE('',*,*,#3174,.T.);
#3664 = ORIENTED_EDGE('',*,*,#3665,.T.);
#3665 = EDGE_CURVE('',#3068,#3666,#3668,.T.);
#3666 = VERTEX_POINT('',#3667);
#3667 = CARTESIAN_POINT('',(29.7,2.05,-17.1));
#3668 = SURFACE_CURVE('',#3669,(#3674,#3681),.PCURVE_S1.);
#3669 = CIRCLE('',#3670,4.25);
#3670 = AXIS2_PLACEMENT_3D('',#3671,#3672,#3673);
#3671 = CARTESIAN_POINT('',(29.7,2.05,-21.35));
#3672 = DIRECTION('',(1.,0.,-0.));
#3673 = DIRECTION('',(0.,0.,1.));
#3674 = PCURVE('',#540,#3675);
#3675 = DEFINITIONAL_REPRESENTATION('',(#3676),#3680);
#3676 = CIRCLE('',#3677,4.25);
#3677 = AXIS2_PLACEMENT_2D('',#3678,#3679);
#3678 = CARTESIAN_POINT('',(4.75,-4.8));
#3679 = DIRECTION('',(1.,0.));
#3680 = ( GEOMETRIC_REPRESENTATION_CONTEXT(2) 
PARAMETRIC_REPRESENTATION_CONTEXT() REPRESENTATION_CONTEXT('2D SPACE',''
  ) );
#3681 = PCURVE('',#147,#3682);
#3682 = DEFINITIONAL_REPRESENTATION('',(#3683),#3687);
#3683 = LINE('',#3684,#3685);
#3684 = CARTESIAN_POINT('',(1.570796326795,-4.712388980385));
#3685 = VECTOR('',#3686,1.);
#3686 = DIRECTION('',(-0.,1.));
#3687 = ( GEOMETRIC_REPRESENTATION_CONTEXT(2) 
PARAMETRIC_REPRESENTATION_CONTEXT() REPRESENTATION_CONTEXT('2D SPACE',''
  ) );
#3688 = ORIENTED_EDGE('',*,*,#3689,.T.);
#3689 = EDGE_CURVE('',#3666,#379,#3690,.T.);
#3690 = SURFACE_CURVE('',#3691,(#3696,#3703),.PCURVE_S1.);
#3691 = CIRCLE('',#3692,4.25);
#3692 = AXIS2_PLACEMENT_3D('',#3693,#3694,#3695);
#3693 = CARTESIAN_POINT('',(29.7,2.05,-21.35));
#3694 = DIRECTION('',(1.,0.,-0.));
#3695 = DIRECTION('',(0.,0.,1.));
#3696 = PCURVE('',#540,#3697);
#3697 = DEFINITIONAL_REPRESENTATION('',(#3698),#3702);
#3698 = CIRCLE('',#3699,4.25);
#3699 = AXIS2_PLACEMENT_2D('',#3700,#3701);
#3700 = CARTESIAN_POINT('',(4.75,-4.8));
#3701 = DIRECTION('',(1.,0.));
#3702 = ( GEOMETRIC_REPRESENTATION_CONTEXT(2) 
PARAMETRIC_REPRESENTATION_CONTEXT() REPRESENTATION_CONTEXT('2D SPACE',''
  ) );
#3703 = PCURVE('',#415,#3704);
#3704 = DEFINITIONAL_REPRESENTATION('',(#3705),#3709);
#3705 = LINE('',#3706,#3707);
#3706 = CARTESIAN_POINT('',(4.712388980385,1.570796326795));
#3707 = VECTOR('',#3708,1.);
#3708 = DIRECTION('',(0.,-1.));
#3709 = ( GEOMETRIC_REPRESENTATION_CONTEXT(2) 
PARAMETRIC_REPRESENTATION_CONTEXT() REPRESENTATION_CONTEXT('2D SPACE',''
  ) );
#3710 = ORIENTED_EDGE('',*,*,#524,.T.);
#3711 = ORIENTED_EDGE('',*,*,#552,.T.);
#3712 = ADVANCED_FACE('',(#3713),#415,.T.);
#3713 = FACE_BOUND('',#3714,.T.);
#3714 = EDGE_LOOP('',(#3715,#3787,#3809,#3810));
#3715 = ORIENTED_EDGE('',*,*,#3716,.F.);
#3716 = EDGE_CURVE('',#3717,#312,#3719,.T.);
#3717 = VERTEX_POINT('',#3718);
#3718 = CARTESIAN_POINT('',(31.9,2.05,-17.71372443288));
#3719 = SURFACE_CURVE('',#3720,(#3725,#3780),.PCURVE_S1.);
#3720 = CIRCLE('',#3721,3.636275567115);
#3721 = AXIS2_PLACEMENT_3D('',#3722,#3723,#3724);
#3722 = CARTESIAN_POINT('',(31.9,2.05,-21.35));
#3723 = DIRECTION('',(1.,0.,-0.));
#3724 = DIRECTION('',(0.,0.,1.));
#3725 = PCURVE('',#415,#3726);
#3726 = DEFINITIONAL_REPRESENTATION('',(#3727),#3779);
#3727 = B_SPLINE_CURVE_WITH_KNOTS('',8,(#3728,#3729,#3730,#3731,#3732,
    #3733,#3734,#3735,#3736,#3737,#3738,#3739,#3740,#3741,#3742,#3743,
    #3744,#3745,#3746,#3747,#3748,#3749,#3750,#3751,#3752,#3753,#3754,
    #3755,#3756,#3757,#3758,#3759,#3760,#3761,#3762,#3763,#3764,#3765,
    #3766,#3767,#3768,#3769,#3770,#3771,#3772,#3773,#3774,#3775,#3776,
    #3777,#3778),.UNSPECIFIED.,.F.,.F.,(9,7,7,7,7,7,7,9),(0.,
    0.196349540849,0.564504929942,1.208776860854,2.175184757222,
    2.658388705406,2.899990679498,3.14159265359),.UNSPECIFIED.);
#3728 = CARTESIAN_POINT('',(6.28318530718,1.026697737819));
#3729 = CARTESIAN_POINT('',(6.242618202747,1.026697737819));
#3730 = CARTESIAN_POINT('',(6.202051201985,1.025559866292));
#3731 = CARTESIAN_POINT('',(6.16172445841,1.023283965888));
#3732 = CARTESIAN_POINT('',(6.121879799339,1.019883743763));
#3733 = CARTESIAN_POINT('',(6.082740040178,1.015386010826));
#3734 = CARTESIAN_POINT('',(6.044495362031,1.009828846657));
#3735 = CARTESIAN_POINT('',(6.007296752622,1.003258690072));
#3736 = CARTESIAN_POINT('',(5.903681056621,0.981603227759));
#3737 = CARTESIAN_POINT('',(5.840178161392,0.964097595663));
#3738 = CARTESIAN_POINT('',(5.781490043031,0.943545308294));
#3739 = CARTESIAN_POINT('',(5.727886165914,0.920343677959));
#3740 = CARTESIAN_POINT('',(5.679188701809,0.894875575329));
#3741 = CARTESIAN_POINT('',(5.635084097664,0.867468957632));
#3742 = CARTESIAN_POINT('',(5.595191085558,0.838405210978));
#3743 = CARTESIAN_POINT('',(5.496017273825,0.754572478849));
#3744 = CARTESIAN_POINT('',(5.444635714265,0.696872855523));
#3745 = CARTESIAN_POINT('',(5.40292952674,0.636090259435));
#3746 = CARTESIAN_POINT('',(5.368830729034,0.573072150672));
#3747 = CARTESIAN_POINT('',(5.341033100251,0.508368738764));
#3748 = CARTESIAN_POINT('',(5.318498096161,0.442399783841));
#3749 = CARTESIAN_POINT('',(5.300524909987,0.37547771515));
#3750 = CARTESIAN_POINT('',(5.265751013634,0.206434294702));
#3751 = CARTESIAN_POINT('',(5.254030535417,0.103443730557));
#3752 = CARTESIAN_POINT('',(5.249786586824,-2.4523723323E-04));
#3753 = CARTESIAN_POINT('',(5.252463386011,-0.10405781408));
#3754 = CARTESIAN_POINT('',(5.262170815263,-0.207456302791));
#3755 = CARTESIAN_POINT('',(5.279652312674,-0.309829446682));
#3756 = CARTESIAN_POINT('',(5.306579402948,-0.410410166573));
#3757 = CARTESIAN_POINT('',(5.366301875367,-0.556397181544));
#3758 = CARTESIAN_POINT('',(5.389431205985,-0.604245500979));
#3759 = CARTESIAN_POINT('',(5.416212299131,-0.65109650726));
#3760 = CARTESIAN_POINT('',(5.447182825065,-0.696724064814));
#3761 = CARTESIAN_POINT('',(5.483015553426,-0.740837504004));
#3762 = CARTESIAN_POINT('',(5.524522059035,-0.783065709314));
#3763 = CARTESIAN_POINT('',(5.572688626638,-0.822898359934));
#3764 = CARTESIAN_POINT('',(5.6561015381,-0.878080595941));
#3765 = CARTESIAN_POINT('',(5.685766550831,-0.895713587679));
#3766 = CARTESIAN_POINT('',(5.717389127163,-0.912504256315));
#3767 = CARTESIAN_POINT('',(5.751055669911,-0.928363213805));
#3768 = CARTESIAN_POINT('',(5.786826739553,-0.943192220443));
#3769 = CARTESIAN_POINT('',(5.824719448871,-0.956886121168));
#3770 = CARTESIAN_POINT('',(5.864687642679,-0.969337417948));
#3771 = CARTESIAN_POINT('',(5.948512082605,-0.991549538555));
#3772 = CARTESIAN_POINT('',(5.992368571609,-1.001310234051));
#3773 = CARTESIAN_POINT('',(6.038039159234,-1.009623760658));
#3774 = CARTESIAN_POINT('',(6.085313388274,-1.016391426397));
#3775 = CARTESIAN_POINT('',(6.133883409069,-1.021528926301));
#3776 = CARTESIAN_POINT('',(6.183352434103,-1.024975037981));
#3777 = CARTESIAN_POINT('',(6.233268752898,-1.026697737819));
#3778 = CARTESIAN_POINT('',(6.28318530718,-1.026697737819));
#3779 = ( GEOMETRIC_REPRESENTATION_CONTEXT(2) 
PARAMETRIC_REPRESENTATION_CONTEXT() REPRESENTATION_CONTEXT('2D SPACE',''
  ) );
#3780 = PCURVE('',#362,#3781);
#3781 = DEFINITIONAL_REPRESENTATION('',(#3782),#3786);
#3782 = CIRCLE('',#3783,3.636275567115);
#3783 = AXIS2_PLACEMENT_2D('',#3784,#3785);
#3784 = CARTESIAN_POINT('',(4.2,-5.65));
#3785 = DIRECTION('',(1.,0.));
#3786 = ( GEOMETRIC_REPRESENTATION_CONTEXT(2) 
PARAMETRIC_REPRESENTATION_CONTEXT() REPRESENTATION_CONTEXT('2D SPACE',''
  ) );
#3787 = ORIENTED_EDGE('',*,*,#3788,.T.);
#3788 = EDGE_CURVE('',#3717,#3666,#3789,.T.);
#3789 = SURFACE_CURVE('',#3790,(#3795,#3802),.PCURVE_S1.);
#3790 = CIRCLE('',#3791,4.25);
#3791 = AXIS2_PLACEMENT_3D('',#3792,#3793,#3794);
#3792 = CARTESIAN_POINT('',(29.7,2.05,-21.35));
#3793 = DIRECTION('',(-2.449293598295E-16,-1.,0.));
#3794 = DIRECTION('',(1.,-2.449293598295E-16,0.));
#3795 = PCURVE('',#415,#3796);
#3796 = DEFINITIONAL_REPRESENTATION('',(#3797),#3801);
#3797 = LINE('',#3798,#3799);
#3798 = CARTESIAN_POINT('',(6.28318530718,-6.28318530718));
#3799 = VECTOR('',#3800,1.);
#3800 = DIRECTION('',(0.,1.));
#3801 = ( GEOMETRIC_REPRESENTATION_CONTEXT(2) 
PARAMETRIC_REPRESENTATION_CONTEXT() REPRESENTATION_CONTEXT('2D SPACE',''
  ) );
#3802 = PCURVE('',#147,#3803);
#3803 = DEFINITIONAL_REPRESENTATION('',(#3804),#3808);
#3804 = LINE('',#3805,#3806);
#3805 = CARTESIAN_POINT('',(0.,-6.28318530718));
#3806 = VECTOR('',#3807,1.);
#3807 = DIRECTION('',(0.,1.));
#3808 = ( GEOMETRIC_REPRESENTATION_CONTEXT(2) 
PARAMETRIC_REPRESENTATION_CONTEXT() REPRESENTATION_CONTEXT('2D SPACE',''
  ) );
#3809 = ORIENTED_EDGE('',*,*,#3689,.T.);
#3810 = ORIENTED_EDGE('',*,*,#378,.F.);
#3811 = ADVANCED_FACE('',(#3812),#362,.F.);
#3812 = FACE_BOUND('',#3813,.F.);
#3813 = EDGE_LOOP('',(#3814,#3815,#3816,#3849,#3872,#3900));
#3814 = ORIENTED_EDGE('',*,*,#309,.T.);
#3815 = ORIENTED_EDGE('',*,*,#3716,.F.);
#3816 = ORIENTED_EDGE('',*,*,#3817,.F.);
#3817 = EDGE_CURVE('',#3818,#3717,#3820,.T.);
#3818 = VERTEX_POINT('',#3819);
#3819 = CARTESIAN_POINT('',(31.9,3.6,-18.06062315932));
#3820 = SURFACE_CURVE('',#3821,(#3826,#3833),.PCURVE_S1.);
#3821 = CIRCLE('',#3822,3.636275567115);
#3822 = AXIS2_PLACEMENT_3D('',#3823,#3824,#3825);
#3823 = CARTESIAN_POINT('',(31.9,2.05,-21.35));
#3824 = DIRECTION('',(1.,0.,-0.));
#3825 = DIRECTION('',(0.,0.,1.));
#3826 = PCURVE('',#362,#3827);
#3827 = DEFINITIONAL_REPRESENTATION('',(#3828),#3832);
#3828 = CIRCLE('',#3829,3.636275567115);
#3829 = AXIS2_PLACEMENT_2D('',#3830,#3831);
#3830 = CARTESIAN_POINT('',(4.2,-5.65));
#3831 = DIRECTION('',(1.,0.));
#3832 = ( GEOMETRIC_REPRESENTATION_CONTEXT(2) 
PARAMETRIC_REPRESENTATION_CONTEXT() REPRESENTATION_CONTEXT('2D SPACE',''
  ) );
#3833 = PCURVE('',#147,#3834);
#3834 = DEFINITIONAL_REPRESENTATION('',(#3835),#3848);
#3835 = B_SPLINE_CURVE_WITH_KNOTS('',6,(#3836,#3837,#3838,#3839,#3840,
    #3841,#3842,#3843,#3844,#3845,#3846,#3847),.UNSPECIFIED.,.F.,.F.,(7,
    5,7),(5.842830640413,6.063007973796,6.28318530718),.UNSPECIFIED.);
#3836 = CARTESIAN_POINT('',(0.613770095017,0.885088485971));
#3837 = CARTESIAN_POINT('',(0.577103619656,0.906223804791));
#3838 = CARTESIAN_POINT('',(0.537402707979,0.92603921352));
#3839 = CARTESIAN_POINT('',(0.494494584583,0.944346893462));
#3840 = CARTESIAN_POINT('',(0.448268738036,0.960933428987));
#3841 = CARTESIAN_POINT('',(0.398794800286,0.975562267878));
#3842 = CARTESIAN_POINT('',(0.294064076026,1.000482051526));
#3843 = CARTESIAN_POINT('',(0.238807060013,1.010772854215));
#3844 = CARTESIAN_POINT('',(0.18101171373,1.018684436083));
#3845 = CARTESIAN_POINT('',(0.121306564052,1.024026977709));
#3846 = CARTESIAN_POINT('',(6.065344377383E-02,1.026697737819));
#3847 = CARTESIAN_POINT('',(4.037174635001E-16,1.026697737819));
#3848 = ( GEOMETRIC_REPRESENTATION_CONTEXT(2) 
PARAMETRIC_REPRESENTATION_CONTEXT() REPRESENTATION_CONTEXT('2D SPACE',''
  ) );
#3849 = ORIENTED_EDGE('',*,*,#3850,.T.);
#3850 = EDGE_CURVE('',#3818,#3851,#3853,.T.);
#3851 = VERTEX_POINT('',#3852);
#3852 = CARTESIAN_POINT('',(31.9,3.6,-16.45));
#3853 = SURFACE_CURVE('',#3854,(#3858,#3865),.PCURVE_S1.);
#3854 = LINE('',#3855,#3856);
#3855 = CARTESIAN_POINT('',(31.9,3.6,-25.55));
#3856 = VECTOR('',#3857,1.);
#3857 = DIRECTION('',(0.,0.,1.));
#3858 = PCURVE('',#362,#3859);
#3859 = DEFINITIONAL_REPRESENTATION('',(#3860),#3864);
#3860 = LINE('',#3861,#3862);
#3861 = CARTESIAN_POINT('',(0.,-7.2));
#3862 = VECTOR('',#3863,1.);
#3863 = DIRECTION('',(1.,0.));
#3864 = ( GEOMETRIC_REPRESENTATION_CONTEXT(2) 
PARAMETRIC_REPRESENTATION_CONTEXT() REPRESENTATION_CONTEXT('2D SPACE',''
  ) );
#3865 = PCURVE('',#118,#3866);
#3866 = DEFINITIONAL_REPRESENTATION('',(#3867),#3871);
#3867 = LINE('',#3868,#3869);
#3868 = CARTESIAN_POINT('',(0.,0.));
#3869 = VECTOR('',#3870,1.);
#3870 = DIRECTION('',(1.,0.));
#3871 = ( GEOMETRIC_REPRESENTATION_CONTEXT(2) 
PARAMETRIC_REPRESENTATION_CONTEXT() REPRESENTATION_CONTEXT('2D SPACE',''
  ) );
#3872 = ORIENTED_EDGE('',*,*,#3873,.F.);
#3873 = EDGE_CURVE('',#3874,#3851,#3876,.T.);
#3874 = VERTEX_POINT('',#3875);
#3875 = CARTESIAN_POINT('',(31.9,-3.6,-16.45));
#3876 = SURFACE_CURVE('',#3877,(#3881,#3888),.PCURVE_S1.);
#3877 = LINE('',#3878,#3879);
#3878 = CARTESIAN_POINT('',(31.9,-3.6,-16.45));
#3879 = VECTOR('',#3880,1.);
#3880 = DIRECTION('',(-0.,1.,0.));
#3881 = PCURVE('',#362,#3882);
#3882 = DEFINITIONAL_REPRESENTATION('',(#3883),#3887);
#3883 = LINE('',#3884,#3885);
#3884 = CARTESIAN_POINT('',(9.1,0.));
#3885 = VECTOR('',#3886,1.);
#3886 = DIRECTION('',(0.,-1.));
#3887 = ( GEOMETRIC_REPRESENTATION_CONTEXT(2) 
PARAMETRIC_REPRESENTATION_CONTEXT() REPRESENTATION_CONTEXT('2D SPACE',''
  ) );
#3888 = PCURVE('',#3889,#3894);
#3889 = PLANE('',#3890);
#3890 = AXIS2_PLACEMENT_3D('',#3891,#3892,#3893);
#3891 = CARTESIAN_POINT('',(31.9,-3.6,-16.45));
#3892 = DIRECTION('',(0.,0.,1.));
#3893 = DIRECTION('',(1.,0.,-0.));
#3894 = DEFINITIONAL_REPRESENTATION('',(#3895),#3899);
#3895 = LINE('',#3896,#3897);
#3896 = CARTESIAN_POINT('',(0.,0.));
#3897 = VECTOR('',#3898,1.);
#3898 = DIRECTION('',(0.,1.));
#3899 = ( GEOMETRIC_REPRESENTATION_CONTEXT(2) 
PARAMETRIC_REPRESENTATION_CONTEXT() REPRESENTATION_CONTEXT('2D SPACE',''
  ) );
#3900 = ORIENTED_EDGE('',*,*,#3901,.F.);
#3901 = EDGE_CURVE('',#310,#3874,#3902,.T.);
#3902 = SURFACE_CURVE('',#3903,(#3907,#3914),.PCURVE_S1.);
#3903 = LINE('',#3904,#3905);
#3904 = CARTESIAN_POINT('',(31.9,-3.6,-25.55));
#3905 = VECTOR('',#3906,1.);
#3906 = DIRECTION('',(0.,0.,1.));
#3907 = PCURVE('',#362,#3908);
#3908 = DEFINITIONAL_REPRESENTATION('',(#3909),#3913);
#3909 = LINE('',#3910,#3911);
#3910 = CARTESIAN_POINT('',(0.,0.));
#3911 = VECTOR('',#3912,1.);
#3912 = DIRECTION('',(1.,0.));
#3913 = ( GEOMETRIC_REPRESENTATION_CONTEXT(2) 
PARAMETRIC_REPRESENTATION_CONTEXT() REPRESENTATION_CONTEXT('2D SPACE',''
  ) );
#3914 = PCURVE('',#62,#3915);
#3915 = DEFINITIONAL_REPRESENTATION('',(#3916),#3920);
#3916 = LINE('',#3917,#3918);
#3917 = CARTESIAN_POINT('',(0.,0.));
#3918 = VECTOR('',#3919,1.);
#3919 = DIRECTION('',(1.,0.));
#3920 = ( GEOMETRIC_REPRESENTATION_CONTEXT(2) 
PARAMETRIC_REPRESENTATION_CONTEXT() REPRESENTATION_CONTEXT('2D SPACE',''
  ) );
#3921 = ADVANCED_FACE('',(#3922),#3889,.T.);
#3922 = FACE_BOUND('',#3923,.T.);
#3923 = EDGE_LOOP('',(#3924,#3947,#3948,#3971,#3999,#4026,#4052,#4079));
#3924 = ORIENTED_EDGE('',*,*,#3925,.F.);
#3925 = EDGE_CURVE('',#3851,#3926,#3928,.T.);
#3926 = VERTEX_POINT('',#3927);
#3927 = CARTESIAN_POINT('',(40.4,3.6,-16.45));
#3928 = SURFACE_CURVE('',#3929,(#3933,#3940),.PCURVE_S1.);
#3929 = LINE('',#3930,#3931);
#3930 = CARTESIAN_POINT('',(31.9,3.6,-16.45));
#3931 = VECTOR('',#3932,1.);
#3932 = DIRECTION('',(1.,0.,-0.));
#3933 = PCURVE('',#3889,#3934);
#3934 = DEFINITIONAL_REPRESENTATION('',(#3935),#3939);
#3935 = LINE('',#3936,#3937);
#3936 = CARTESIAN_POINT('',(0.,7.2));
#3937 = VECTOR('',#3938,1.);
#3938 = DIRECTION('',(1.,0.));
#3939 = ( GEOMETRIC_REPRESENTATION_CONTEXT(2) 
PARAMETRIC_REPRESENTATION_CONTEXT() REPRESENTATION_CONTEXT('2D SPACE',''
  ) );
#3940 = PCURVE('',#118,#3941);
#3941 = DEFINITIONAL_REPRESENTATION('',(#3942),#3946);
#3942 = LINE('',#3943,#3944);
#3943 = CARTESIAN_POINT('',(9.1,0.));
#3944 = VECTOR('',#3945,1.);
#3945 = DIRECTION('',(0.,1.));
#3946 = ( GEOMETRIC_REPRESENTATION_CONTEXT(2) 
PARAMETRIC_REPRESENTATION_CONTEXT() REPRESENTATION_CONTEXT('2D SPACE',''
  ) );
#3947 = ORIENTED_EDGE('',*,*,#3873,.F.);
#3948 = ORIENTED_EDGE('',*,*,#3949,.T.);
#3949 = EDGE_CURVE('',#3874,#3950,#3952,.T.);
#3950 = VERTEX_POINT('',#3951);
#3951 = CARTESIAN_POINT('',(40.4,-3.6,-16.45));
#3952 = SURFACE_CURVE('',#3953,(#3957,#3964),.PCURVE_S1.);
#3953 = LINE('',#3954,#3955);
#3954 = CARTESIAN_POINT('',(31.9,-3.6,-16.45));
#3955 = VECTOR('',#3956,1.);
#3956 = DIRECTION('',(1.,0.,-0.));
#3957 = PCURVE('',#3889,#3958);
#3958 = DEFINITIONAL_REPRESENTATION('',(#3959),#3963);
#3959 = LINE('',#3960,#3961);
#3960 = CARTESIAN_POINT('',(0.,0.));
#3961 = VECTOR('',#3962,1.);
#3962 = DIRECTION('',(1.,0.));
#3963 = ( GEOMETRIC_REPRESENTATION_CONTEXT(2) 
PARAMETRIC_REPRESENTATION_CONTEXT() REPRESENTATION_CONTEXT('2D SPACE',''
  ) );
#3964 = PCURVE('',#62,#3965);
#3965 = DEFINITIONAL_REPRESENTATION('',(#3966),#3970);
#3966 = LINE('',#3967,#3968);
#3967 = CARTESIAN_POINT('',(9.1,0.));
#3968 = VECTOR('',#3969,1.);
#3969 = DIRECTION('',(0.,1.));
#3970 = ( GEOMETRIC_REPRESENTATION_CONTEXT(2) 
PARAMETRIC_REPRESENTATION_CONTEXT() REPRESENTATION_CONTEXT('2D SPACE',''
  ) );
#3971 = ORIENTED_EDGE('',*,*,#3972,.T.);
#3972 = EDGE_CURVE('',#3950,#3973,#3975,.T.);
#3973 = VERTEX_POINT('',#3974);
#3974 = CARTESIAN_POINT('',(40.4,-3.,-16.45));
#3975 = SURFACE_CURVE('',#3976,(#3980,#3987),.PCURVE_S1.);
#3976 = LINE('',#3977,#3978);
#3977 = CARTESIAN_POINT('',(40.4,-3.6,-16.45));
#3978 = VECTOR('',#3979,1.);
#3979 = DIRECTION('',(-0.,1.,0.));
#3980 = PCURVE('',#3889,#3981);
#3981 = DEFINITIONAL_REPRESENTATION('',(#3982),#3986);
#3982 = LINE('',#3983,#3984);
#3983 = CARTESIAN_POINT('',(8.5,0.));
#3984 = VECTOR('',#3985,1.);
#3985 = DIRECTION('',(0.,1.));
#3986 = ( GEOMETRIC_REPRESENTATION_CONTEXT(2) 
PARAMETRIC_REPRESENTATION_CONTEXT() REPRESENTATION_CONTEXT('2D SPACE',''
  ) );
#3987 = PCURVE('',#3988,#3993);
#3988 = PLANE('',#3989);
#3989 = AXIS2_PLACEMENT_3D('',#3990,#3991,#3992);
#3990 = CARTESIAN_POINT('',(40.4,-3.6,-25.55));
#3991 = DIRECTION('',(1.,0.,-0.));
#3992 = DIRECTION('',(0.,0.,1.));
#3993 = DEFINITIONAL_REPRESENTATION('',(#3994),#3998);
#3994 = LINE('',#3995,#3996);
#3995 = CARTESIAN_POINT('',(9.1,0.));
#3996 = VECTOR('',#3997,1.);
#3997 = DIRECTION('',(0.,-1.));
#3998 = ( GEOMETRIC_REPRESENTATION_CONTEXT(2) 
PARAMETRIC_REPRESENTATION_CONTEXT() REPRESENTATION_CONTEXT('2D SPACE',''
  ) );
#3999 = ORIENTED_EDGE('',*,*,#4000,.T.);
#4000 = EDGE_CURVE('',#3973,#4001,#4003,.T.);
#4001 = VERTEX_POINT('',#4002);
#4002 = CARTESIAN_POINT('',(37.2,-3.,-16.45));
#4003 = SURFACE_CURVE('',#4004,(#4008,#4014),.PCURVE_S1.);
#4004 = LINE('',#4005,#4006);
#4005 = CARTESIAN_POINT('',(34.55,-3.,-16.45));
#4006 = VECTOR('',#4007,1.);
#4007 = DIRECTION('',(-1.,-0.,0.));
#4008 = PCURVE('',#3889,#4009);
#4009 = DEFINITIONAL_REPRESENTATION('',(#4010),#4013);
#4010 = B_SPLINE_CURVE_WITH_KNOTS('',1,(#4011,#4012),.UNSPECIFIED.,.F.,
  .F.,(2,2),(-5.85,-2.65),.PIECEWISE_BEZIER_KNOTS.);
#4011 = CARTESIAN_POINT('',(8.5,0.6));
#4012 = CARTESIAN_POINT('',(5.3,0.6));
#4013 = ( GEOMETRIC_REPRESENTATION_CONTEXT(2) 
PARAMETRIC_REPRESENTATION_CONTEXT() REPRESENTATION_CONTEXT('2D SPACE',''
  ) );
#4014 = PCURVE('',#4015,#4020);
#4015 = PLANE('',#4016);
#4016 = AXIS2_PLACEMENT_3D('',#4017,#4018,#4019);
#4017 = CARTESIAN_POINT('',(37.2,-3.,-25.8));
#4018 = DIRECTION('',(-0.,1.,0.));
#4019 = DIRECTION('',(0.,0.,1.));
#4020 = DEFINITIONAL_REPRESENTATION('',(#4021),#4025);
#4021 = LINE('',#4022,#4023);
#4022 = CARTESIAN_POINT('',(9.35,-2.65));
#4023 = VECTOR('',#4024,1.);
#4024 = DIRECTION('',(0.,-1.));
#4025 = ( GEOMETRIC_REPRESENTATION_CONTEXT(2) 
PARAMETRIC_REPRESENTATION_CONTEXT() REPRESENTATION_CONTEXT('2D SPACE',''
  ) );
#4026 = ORIENTED_EDGE('',*,*,#4027,.T.);
#4027 = EDGE_CURVE('',#4001,#4028,#4030,.T.);
#4028 = VERTEX_POINT('',#4029);
#4029 = CARTESIAN_POINT('',(37.2,3.,-16.45));
#4030 = SURFACE_CURVE('',#4031,(#4035,#4041),.PCURVE_S1.);
#4031 = LINE('',#4032,#4033);
#4032 = CARTESIAN_POINT('',(37.2,-3.3,-16.45));
#4033 = VECTOR('',#4034,1.);
#4034 = DIRECTION('',(-0.,1.,0.));
#4035 = PCURVE('',#3889,#4036);
#4036 = DEFINITIONAL_REPRESENTATION('',(#4037),#4040);
#4037 = B_SPLINE_CURVE_WITH_KNOTS('',1,(#4038,#4039),.UNSPECIFIED.,.F.,
  .F.,(2,2),(0.3,6.3),.PIECEWISE_BEZIER_KNOTS.);
#4038 = CARTESIAN_POINT('',(5.3,0.6));
#4039 = CARTESIAN_POINT('',(5.3,6.6));
#4040 = ( GEOMETRIC_REPRESENTATION_CONTEXT(2) 
PARAMETRIC_REPRESENTATION_CONTEXT() REPRESENTATION_CONTEXT('2D SPACE',''
  ) );
#4041 = PCURVE('',#4042,#4047);
#4042 = PLANE('',#4043);
#4043 = AXIS2_PLACEMENT_3D('',#4044,#4045,#4046);
#4044 = CARTESIAN_POINT('',(37.2,-3.,-25.8));
#4045 = DIRECTION('',(1.,0.,-0.));
#4046 = DIRECTION('',(0.,0.,1.));
#4047 = DEFINITIONAL_REPRESENTATION('',(#4048),#4051);
#4048 = B_SPLINE_CURVE_WITH_KNOTS('',1,(#4049,#4050),.UNSPECIFIED.,.F.,
  .F.,(2,2),(0.3,6.3),.PIECEWISE_BEZIER_KNOTS.);
#4049 = CARTESIAN_POINT('',(9.35,0.));
#4050 = CARTESIAN_POINT('',(9.35,-6.));
#4051 = ( GEOMETRIC_REPRESENTATION_CONTEXT(2) 
PARAMETRIC_REPRESENTATION_CONTEXT() REPRESENTATION_CONTEXT('2D SPACE',''
  ) );
#4052 = ORIENTED_EDGE('',*,*,#4053,.F.);
#4053 = EDGE_CURVE('',#4054,#4028,#4056,.T.);
#4054 = VERTEX_POINT('',#4055);
#4055 = CARTESIAN_POINT('',(40.4,3.,-16.45));
#4056 = SURFACE_CURVE('',#4057,(#4061,#4067),.PCURVE_S1.);
#4057 = LINE('',#4058,#4059);
#4058 = CARTESIAN_POINT('',(34.55,3.,-16.45));
#4059 = VECTOR('',#4060,1.);
#4060 = DIRECTION('',(-1.,-0.,0.));
#4061 = PCURVE('',#3889,#4062);
#4062 = DEFINITIONAL_REPRESENTATION('',(#4063),#4066);
#4063 = B_SPLINE_CURVE_WITH_KNOTS('',1,(#4064,#4065),.UNSPECIFIED.,.F.,
  .F.,(2,2),(-5.85,-2.65),.PIECEWISE_BEZIER_KNOTS.);
#4064 = CARTESIAN_POINT('',(8.5,6.6));
#4065 = CARTESIAN_POINT('',(5.3,6.6));
#4066 = ( GEOMETRIC_REPRESENTATION_CONTEXT(2) 
PARAMETRIC_REPRESENTATION_CONTEXT() REPRESENTATION_CONTEXT('2D SPACE',''
  ) );
#4067 = PCURVE('',#4068,#4073);
#4068 = PLANE('',#4069);
#4069 = AXIS2_PLACEMENT_3D('',#4070,#4071,#4072);
#4070 = CARTESIAN_POINT('',(37.2,3.,-25.8));
#4071 = DIRECTION('',(-0.,1.,0.));
#4072 = DIRECTION('',(0.,0.,1.));
#4073 = DEFINITIONAL_REPRESENTATION('',(#4074),#4078);
#4074 = LINE('',#4075,#4076);
#4075 = CARTESIAN_POINT('',(9.35,-2.65));
#4076 = VECTOR('',#4077,1.);
#4077 = DIRECTION('',(0.,-1.));
#4078 = ( GEOMETRIC_REPRESENTATION_CONTEXT(2) 
PARAMETRIC_REPRESENTATION_CONTEXT() REPRESENTATION_CONTEXT('2D SPACE',''
  ) );
#4079 = ORIENTED_EDGE('',*,*,#4080,.T.);
#4080 = EDGE_CURVE('',#4054,#3926,#4081,.T.);
#4081 = SURFACE_CURVE('',#4082,(#4086,#4093),.PCURVE_S1.);
#4082 = LINE('',#4083,#4084);
#4083 = CARTESIAN_POINT('',(40.4,-3.6,-16.45));
#4084 = VECTOR('',#4085,1.);
#4085 = DIRECTION('',(-0.,1.,0.));
#4086 = PCURVE('',#3889,#4087);
#4087 = DEFINITIONAL_REPRESENTATION('',(#4088),#4092);
#4088 = LINE('',#4089,#4090);
#4089 = CARTESIAN_POINT('',(8.5,0.));
#4090 = VECTOR('',#4091,1.);
#4091 = DIRECTION('',(0.,1.));
#4092 = ( GEOMETRIC_REPRESENTATION_CONTEXT(2) 
PARAMETRIC_REPRESENTATION_CONTEXT() REPRESENTATION_CONTEXT('2D SPACE',''
  ) );
#4093 = PCURVE('',#4094,#4099);
#4094 = PLANE('',#4095);
#4095 = AXIS2_PLACEMENT_3D('',#4096,#4097,#4098);
#4096 = CARTESIAN_POINT('',(40.4,-3.6,-25.55));
#4097 = DIRECTION('',(1.,0.,-0.));
#4098 = DIRECTION('',(0.,0.,1.));
#4099 = DEFINITIONAL_REPRESENTATION('',(#4100),#4104);
#4100 = LINE('',#4101,#4102);
#4101 = CARTESIAN_POINT('',(9.1,0.));
#4102 = VECTOR('',#4103,1.);
#4103 = DIRECTION('',(0.,-1.));
#4104 = ( GEOMETRIC_REPRESENTATION_CONTEXT(2) 
PARAMETRIC_REPRESENTATION_CONTEXT() REPRESENTATION_CONTEXT('2D SPACE',''
  ) );
#4105 = ADVANCED_FACE('',(#4106),#3988,.T.);
#4106 = FACE_BOUND('',#4107,.T.);
#4107 = EDGE_LOOP('',(#4108,#4109,#4132,#4155));
#4108 = ORIENTED_EDGE('',*,*,#3972,.F.);
#4109 = ORIENTED_EDGE('',*,*,#4110,.F.);
#4110 = EDGE_CURVE('',#4111,#3950,#4113,.T.);
#4111 = VERTEX_POINT('',#4112);
#4112 = CARTESIAN_POINT('',(40.4,-3.6,-25.55));
#4113 = SURFACE_CURVE('',#4114,(#4118,#4125),.PCURVE_S1.);
#4114 = LINE('',#4115,#4116);
#4115 = CARTESIAN_POINT('',(40.4,-3.6,-25.55));
#4116 = VECTOR('',#4117,1.);
#4117 = DIRECTION('',(0.,0.,1.));
#4118 = PCURVE('',#3988,#4119);
#4119 = DEFINITIONAL_REPRESENTATION('',(#4120),#4124);
#4120 = LINE('',#4121,#4122);
#4121 = CARTESIAN_POINT('',(0.,0.));
#4122 = VECTOR('',#4123,1.);
#4123 = DIRECTION('',(1.,0.));
#4124 = ( GEOMETRIC_REPRESENTATION_CONTEXT(2) 
PARAMETRIC_REPRESENTATION_CONTEXT() REPRESENTATION_CONTEXT('2D SPACE',''
  ) );
#4125 = PCURVE('',#62,#4126);
#4126 = DEFINITIONAL_REPRESENTATION('',(#4127),#4131);
#4127 = LINE('',#4128,#4129);
#4128 = CARTESIAN_POINT('',(0.,8.5));
#4129 = VECTOR('',#4130,1.);
#4130 = DIRECTION('',(1.,0.));
#4131 = ( GEOMETRIC_REPRESENTATION_CONTEXT(2) 
PARAMETRIC_REPRESENTATION_CONTEXT() REPRESENTATION_CONTEXT('2D SPACE',''
  ) );
#4132 = ORIENTED_EDGE('',*,*,#4133,.T.);
#4133 = EDGE_CURVE('',#4111,#4134,#4136,.T.);
#4134 = VERTEX_POINT('',#4135);
#4135 = CARTESIAN_POINT('',(40.4,-3.,-25.55));
#4136 = SURFACE_CURVE('',#4137,(#4141,#4148),.PCURVE_S1.);
#4137 = LINE('',#4138,#4139);
#4138 = CARTESIAN_POINT('',(40.4,-3.6,-25.55));
#4139 = VECTOR('',#4140,1.);
#4140 = DIRECTION('',(-0.,1.,0.));
#4141 = PCURVE('',#3988,#4142);
#4142 = DEFINITIONAL_REPRESENTATION('',(#4143),#4147);
#4143 = LINE('',#4144,#4145);
#4144 = CARTESIAN_POINT('',(0.,0.));
#4145 = VECTOR('',#4146,1.);
#4146 = DIRECTION('',(0.,-1.));
#4147 = ( GEOMETRIC_REPRESENTATION_CONTEXT(2) 
PARAMETRIC_REPRESENTATION_CONTEXT() REPRESENTATION_CONTEXT('2D SPACE',''
  ) );
#4148 = PCURVE('',#90,#4149);
#4149 = DEFINITIONAL_REPRESENTATION('',(#4150),#4154);
#4150 = LINE('',#4151,#4152);
#4151 = CARTESIAN_POINT('',(8.5,0.));
#4152 = VECTOR('',#4153,1.);
#4153 = DIRECTION('',(0.,1.));
#4154 = ( GEOMETRIC_REPRESENTATION_CONTEXT(2) 
PARAMETRIC_REPRESENTATION_CONTEXT() REPRESENTATION_CONTEXT('2D SPACE',''
  ) );
#4155 = ORIENTED_EDGE('',*,*,#4156,.T.);
#4156 = EDGE_CURVE('',#4134,#3973,#4157,.T.);
#4157 = SURFACE_CURVE('',#4158,(#4162,#4168),.PCURVE_S1.);
#4158 = LINE('',#4159,#4160);
#4159 = CARTESIAN_POINT('',(40.4,-3.,-25.675));
#4160 = VECTOR('',#4161,1.);
#4161 = DIRECTION('',(0.,0.,1.));
#4162 = PCURVE('',#3988,#4163);
#4163 = DEFINITIONAL_REPRESENTATION('',(#4164),#4167);
#4164 = B_SPLINE_CURVE_WITH_KNOTS('',1,(#4165,#4166),.UNSPECIFIED.,.F.,
  .F.,(2,2),(0.125,9.225),.PIECEWISE_BEZIER_KNOTS.);
#4165 = CARTESIAN_POINT('',(0.,-0.6));
#4166 = CARTESIAN_POINT('',(9.1,-0.6));
#4167 = ( GEOMETRIC_REPRESENTATION_CONTEXT(2) 
PARAMETRIC_REPRESENTATION_CONTEXT() REPRESENTATION_CONTEXT('2D SPACE',''
  ) );
#4168 = PCURVE('',#4015,#4169);
#4169 = DEFINITIONAL_REPRESENTATION('',(#4170),#4174);
#4170 = LINE('',#4171,#4172);
#4171 = CARTESIAN_POINT('',(0.125,3.2));
#4172 = VECTOR('',#4173,1.);
#4173 = DIRECTION('',(1.,0.));
#4174 = ( GEOMETRIC_REPRESENTATION_CONTEXT(2) 
PARAMETRIC_REPRESENTATION_CONTEXT() REPRESENTATION_CONTEXT('2D SPACE',''
  ) );
#4175 = ADVANCED_FACE('',(#4176),#4015,.T.);
#4176 = FACE_BOUND('',#4177,.T.);
#4177 = EDGE_LOOP('',(#4178,#4179,#4201,#4229,#4262,#4311,#4344,#4365));
#4178 = ORIENTED_EDGE('',*,*,#4156,.F.);
#4179 = ORIENTED_EDGE('',*,*,#4180,.T.);
#4180 = EDGE_CURVE('',#4134,#4181,#4183,.T.);
#4181 = VERTEX_POINT('',#4182);
#4182 = CARTESIAN_POINT('',(37.2,-3.,-25.55));
#4183 = SURFACE_CURVE('',#4184,(#4188,#4195),.PCURVE_S1.);
#4184 = LINE('',#4185,#4186);
#4185 = CARTESIAN_POINT('',(34.55,-3.,-25.55));
#4186 = VECTOR('',#4187,1.);
#4187 = DIRECTION('',(-1.,-0.,0.));
#4188 = PCURVE('',#4015,#4189);
#4189 = DEFINITIONAL_REPRESENTATION('',(#4190),#4194);
#4190 = LINE('',#4191,#4192);
#4191 = CARTESIAN_POINT('',(0.25,-2.65));
#4192 = VECTOR('',#4193,1.);
#4193 = DIRECTION('',(0.,-1.));
#4194 = ( GEOMETRIC_REPRESENTATION_CONTEXT(2) 
PARAMETRIC_REPRESENTATION_CONTEXT() REPRESENTATION_CONTEXT('2D SPACE',''
  ) );
#4195 = PCURVE('',#90,#4196);
#4196 = DEFINITIONAL_REPRESENTATION('',(#4197),#4200);
#4197 = B_SPLINE_CURVE_WITH_KNOTS('',1,(#4198,#4199),.UNSPECIFIED.,.F.,
  .F.,(2,2),(-5.85,-2.65),.PIECEWISE_BEZIER_KNOTS.);
#4198 = CARTESIAN_POINT('',(8.5,0.6));
#4199 = CARTESIAN_POINT('',(5.3,0.6));
#4200 = ( GEOMETRIC_REPRESENTATION_CONTEXT(2) 
PARAMETRIC_REPRESENTATION_CONTEXT() REPRESENTATION_CONTEXT('2D SPACE',''
  ) );
#4201 = ORIENTED_EDGE('',*,*,#4202,.T.);
#4202 = EDGE_CURVE('',#4181,#4203,#4205,.T.);
#4203 = VERTEX_POINT('',#4204);
#4204 = CARTESIAN_POINT('',(37.2,-3.,-24.25576411922));
#4205 = SURFACE_CURVE('',#4206,(#4210,#4217),.PCURVE_S1.);
#4206 = LINE('',#4207,#4208);
#4207 = CARTESIAN_POINT('',(37.2,-3.,-25.8));
#4208 = VECTOR('',#4209,1.);
#4209 = DIRECTION('',(0.,0.,1.));
#4210 = PCURVE('',#4015,#4211);
#4211 = DEFINITIONAL_REPRESENTATION('',(#4212),#4216);
#4212 = LINE('',#4213,#4214);
#4213 = CARTESIAN_POINT('',(0.,0.));
#4214 = VECTOR('',#4215,1.);
#4215 = DIRECTION('',(1.,0.));
#4216 = ( GEOMETRIC_REPRESENTATION_CONTEXT(2) 
PARAMETRIC_REPRESENTATION_CONTEXT() REPRESENTATION_CONTEXT('2D SPACE',''
  ) );
#4217 = PCURVE('',#4218,#4223);
#4218 = PLANE('',#4219);
#4219 = AXIS2_PLACEMENT_3D('',#4220,#4221,#4222);
#4220 = CARTESIAN_POINT('',(37.2,-3.,-25.8));
#4221 = DIRECTION('',(1.,0.,-0.));
#4222 = DIRECTION('',(0.,0.,1.));
#4223 = DEFINITIONAL_REPRESENTATION('',(#4224),#4228);
#4224 = LINE('',#4225,#4226);
#4225 = CARTESIAN_POINT('',(0.,0.));
#4226 = VECTOR('',#4227,1.);
#4227 = DIRECTION('',(1.,0.));
#4228 = ( GEOMETRIC_REPRESENTATION_CONTEXT(2) 
PARAMETRIC_REPRESENTATION_CONTEXT() REPRESENTATION_CONTEXT('2D SPACE',''
  ) );
#4229 = ORIENTED_EDGE('',*,*,#4230,.F.);
#4230 = EDGE_CURVE('',#4231,#4203,#4233,.T.);
#4231 = VERTEX_POINT('',#4232);
#4232 = CARTESIAN_POINT('',(33.104642985881,-3.,-23.70974704972));
#4233 = SURFACE_CURVE('',#4234,(#4239,#4250),.PCURVE_S1.);
#4234 = CIRCLE('',#4235,3.65);
#4235 = AXIS2_PLACEMENT_3D('',#4236,#4237,#4238);
#4236 = CARTESIAN_POINT('',(35.55,-3.,-21.));
#4237 = DIRECTION('',(0.,-1.,0.));
#4238 = DIRECTION('',(1.,0.,0.));
#4239 = PCURVE('',#4015,#4240);
#4240 = DEFINITIONAL_REPRESENTATION('',(#4241),#4249);
#4241 = ( BOUNDED_CURVE() B_SPLINE_CURVE(2,(#4242,#4243,#4244,#4245,
#4246,#4247,#4248),.UNSPECIFIED.,.T.,.F.) B_SPLINE_CURVE_WITH_KNOTS((1,2
    ,2,2,2,1),(-2.094395102393,0.,2.094395102393,4.188790204786,
6.28318530718,8.377580409573),.UNSPECIFIED.) CURVE() 
GEOMETRIC_REPRESENTATION_ITEM() RATIONAL_B_SPLINE_CURVE((1.,0.5,1.,0.5,
1.,0.5,1.)) REPRESENTATION_ITEM('') );
#4242 = CARTESIAN_POINT('',(4.8,2.));
#4243 = CARTESIAN_POINT('',(11.121985447626,2.));
#4244 = CARTESIAN_POINT('',(7.960992723813,-3.475));
#4245 = CARTESIAN_POINT('',(4.8,-8.95));
#4246 = CARTESIAN_POINT('',(1.639007276187,-3.475));
#4247 = CARTESIAN_POINT('',(-1.521985447626,2.));
#4248 = CARTESIAN_POINT('',(4.8,2.));
#4249 = ( GEOMETRIC_REPRESENTATION_CONTEXT(2) 
PARAMETRIC_REPRESENTATION_CONTEXT() REPRESENTATION_CONTEXT('2D SPACE',''
  ) );
#4250 = PCURVE('',#4251,#4256);
#4251 = CYLINDRICAL_SURFACE('',#4252,3.65);
#4252 = AXIS2_PLACEMENT_3D('',#4253,#4254,#4255);
#4253 = CARTESIAN_POINT('',(35.55,3.,-21.));
#4254 = DIRECTION('',(0.,-1.,0.));
#4255 = DIRECTION('',(1.,0.,0.));
#4256 = DEFINITIONAL_REPRESENTATION('',(#4257),#4261);
#4257 = LINE('',#4258,#4259);
#4258 = CARTESIAN_POINT('',(0.,6.));
#4259 = VECTOR('',#4260,1.);
#4260 = DIRECTION('',(1.,0.));
#4261 = ( GEOMETRIC_REPRESENTATION_CONTEXT(2) 
PARAMETRIC_REPRESENTATION_CONTEXT() REPRESENTATION_CONTEXT('2D SPACE',''
  ) );
#4262 = ORIENTED_EDGE('',*,*,#4263,.F.);
#4263 = EDGE_CURVE('',#4264,#4231,#4266,.T.);
#4264 = VERTEX_POINT('',#4265);
#4265 = CARTESIAN_POINT('',(32.799000193621,-3.,-18.60114609338));
#4266 = SURFACE_CURVE('',#4267,(#4272,#4279),.PCURVE_S1.);
#4267 = CIRCLE('',#4268,4.142463035442);
#4268 = AXIS2_PLACEMENT_3D('',#4269,#4270,#4271);
#4269 = CARTESIAN_POINT('',(29.7,-3.,-21.35));
#4270 = DIRECTION('',(-0.,1.,0.));
#4271 = DIRECTION('',(0.,0.,1.));
#4272 = PCURVE('',#4015,#4273);
#4273 = DEFINITIONAL_REPRESENTATION('',(#4274),#4278);
#4274 = CIRCLE('',#4275,4.142463035442);
#4275 = AXIS2_PLACEMENT_2D('',#4276,#4277);
#4276 = CARTESIAN_POINT('',(4.45,-7.5));
#4277 = DIRECTION('',(1.,0.));
#4278 = ( GEOMETRIC_REPRESENTATION_CONTEXT(2) 
PARAMETRIC_REPRESENTATION_CONTEXT() REPRESENTATION_CONTEXT('2D SPACE',''
  ) );
#4279 = PCURVE('',#4280,#4285);
#4280 = SPHERICAL_SURFACE('',#4281,4.25);
#4281 = AXIS2_PLACEMENT_3D('',#4282,#4283,#4284);
#4282 = CARTESIAN_POINT('',(29.7,-2.05,-21.35));
#4283 = DIRECTION('',(0.,0.,1.));
#4284 = DIRECTION('',(1.,0.,-0.));
#4285 = DEFINITIONAL_REPRESENTATION('',(#4286),#4310);
#4286 = B_SPLINE_CURVE_WITH_KNOTS('',8,(#4287,#4288,#4289,#4290,#4291,
    #4292,#4293,#4294,#4295,#4296,#4297,#4298,#4299,#4300,#4301,#4302,
    #4303,#4304,#4305,#4306,#4307,#4308,#4309),.UNSPECIFIED.,.F.,.F.,(9,
    7,7,9),(0.845202792203,1.06533844727,1.823525266557,2.17687420861),
  .UNSPECIFIED.);
#4287 = CARTESIAN_POINT('',(5.985729769069,0.703366865446));
#4288 = CARTESIAN_POINT('',(5.992569284575,0.677058304899));
#4289 = CARTESIAN_POINT('',(5.998817529434,0.65068670715));
#4290 = CARTESIAN_POINT('',(6.004540054105,0.6242603072));
#4291 = CARTESIAN_POINT('',(6.009789881137,0.597785815429));
#4292 = CARTESIAN_POINT('',(6.014610951176,0.571268864027));
#4293 = CARTESIAN_POINT('',(6.019040115362,0.544714261537));
#4294 = CARTESIAN_POINT('',(6.02310888273,0.51812623877));
#4295 = CARTESIAN_POINT('',(6.039707186306,0.399831885594));
#4296 = CARTESIAN_POINT('',(6.048610208111,0.307802115966));
#4297 = CARTESIAN_POINT('',(6.054640594615,0.215568884746));
#4298 = CARTESIAN_POINT('',(6.058244226897,0.123211675202));
#4299 = CARTESIAN_POINT('',(6.059682231091,3.079690069188E-02));
#4300 = CARTESIAN_POINT('',(6.059000299375,-6.161933628583E-02));
#4301 = CARTESIAN_POINT('',(6.056104183336,-0.153978135747));
#4302 = CARTESIAN_POINT('',(6.048056802598,-0.289179400192));
#4303 = CARTESIAN_POINT('',(6.044935262023,-0.332129092759));
#4304 = CARTESIAN_POINT('',(6.041212759468,-0.375041016874));
#4305 = CARTESIAN_POINT('',(6.036836815505,-0.417905955202));
#4306 = CARTESIAN_POINT('',(6.031739853364,-0.460713341312));
#4307 = CARTESIAN_POINT('',(6.025833960704,-0.503450542109));
#4308 = CARTESIAN_POINT('',(6.019000654845,-0.546101540193));
#4309 = CARTESIAN_POINT('',(6.011075651499,-0.588645016183));
#4310 = ( GEOMETRIC_REPRESENTATION_CONTEXT(2) 
PARAMETRIC_REPRESENTATION_CONTEXT() REPRESENTATION_CONTEXT('2D SPACE',''
  ) );
#4311 = ORIENTED_EDGE('',*,*,#4312,.F.);
#4312 = EDGE_CURVE('',#4313,#4264,#4315,.T.);
#4313 = VERTEX_POINT('',#4314);
#4314 = CARTESIAN_POINT('',(37.2,-3.,-17.74423588078));
#4315 = SURFACE_CURVE('',#4316,(#4321,#4332),.PCURVE_S1.);
#4316 = CIRCLE('',#4317,3.65);
#4317 = AXIS2_PLACEMENT_3D('',#4318,#4319,#4320);
#4318 = CARTESIAN_POINT('',(35.55,-3.,-21.));
#4319 = DIRECTION('',(0.,-1.,0.));
#4320 = DIRECTION('',(1.,0.,0.));
#4321 = PCURVE('',#4015,#4322);
#4322 = DEFINITIONAL_REPRESENTATION('',(#4323),#4331);
#4323 = ( BOUNDED_CURVE() B_SPLINE_CURVE(2,(#4324,#4325,#4326,#4327,
#4328,#4329,#4330),.UNSPECIFIED.,.T.,.F.) B_SPLINE_CURVE_WITH_KNOTS((1,2
    ,2,2,2,1),(-2.094395102393,0.,2.094395102393,4.188790204786,
6.28318530718,8.377580409573),.UNSPECIFIED.) CURVE() 
GEOMETRIC_REPRESENTATION_ITEM() RATIONAL_B_SPLINE_CURVE((1.,0.5,1.,0.5,
1.,0.5,1.)) REPRESENTATION_ITEM('') );
#4324 = CARTESIAN_POINT('',(4.8,2.));
#4325 = CARTESIAN_POINT('',(11.121985447626,2.));
#4326 = CARTESIAN_POINT('',(7.960992723813,-3.475));
#4327 = CARTESIAN_POINT('',(4.8,-8.95));
#4328 = CARTESIAN_POINT('',(1.639007276187,-3.475));
#4329 = CARTESIAN_POINT('',(-1.521985447626,2.));
#4330 = CARTESIAN_POINT('',(4.8,2.));
#4331 = ( GEOMETRIC_REPRESENTATION_CONTEXT(2) 
PARAMETRIC_REPRESENTATION_CONTEXT() REPRESENTATION_CONTEXT('2D SPACE',''
  ) );
#4332 = PCURVE('',#4333,#4338);
#4333 = CYLINDRICAL_SURFACE('',#4334,3.65);
#4334 = AXIS2_PLACEMENT_3D('',#4335,#4336,#4337);
#4335 = CARTESIAN_POINT('',(35.55,3.,-21.));
#4336 = DIRECTION('',(0.,-1.,0.));
#4337 = DIRECTION('',(1.,0.,0.));
#4338 = DEFINITIONAL_REPRESENTATION('',(#4339),#4343);
#4339 = LINE('',#4340,#4341);
#4340 = CARTESIAN_POINT('',(0.,6.));
#4341 = VECTOR('',#4342,1.);
#4342 = DIRECTION('',(1.,0.));
#4343 = ( GEOMETRIC_REPRESENTATION_CONTEXT(2) 
PARAMETRIC_REPRESENTATION_CONTEXT() REPRESENTATION_CONTEXT('2D SPACE',''
  ) );
#4344 = ORIENTED_EDGE('',*,*,#4345,.T.);
#4345 = EDGE_CURVE('',#4313,#4001,#4346,.T.);
#4346 = SURFACE_CURVE('',#4347,(#4351,#4358),.PCURVE_S1.);
#4347 = LINE('',#4348,#4349);
#4348 = CARTESIAN_POINT('',(37.2,-3.,-25.8));
#4349 = VECTOR('',#4350,1.);
#4350 = DIRECTION('',(0.,0.,1.));
#4351 = PCURVE('',#4015,#4352);
#4352 = DEFINITIONAL_REPRESENTATION('',(#4353),#4357);
#4353 = LINE('',#4354,#4355);
#4354 = CARTESIAN_POINT('',(0.,0.));
#4355 = VECTOR('',#4356,1.);
#4356 = DIRECTION('',(1.,0.));
#4357 = ( GEOMETRIC_REPRESENTATION_CONTEXT(2) 
PARAMETRIC_REPRESENTATION_CONTEXT() REPRESENTATION_CONTEXT('2D SPACE',''
  ) );
#4358 = PCURVE('',#4042,#4359);
#4359 = DEFINITIONAL_REPRESENTATION('',(#4360),#4364);
#4360 = LINE('',#4361,#4362);
#4361 = CARTESIAN_POINT('',(0.,0.));
#4362 = VECTOR('',#4363,1.);
#4363 = DIRECTION('',(1.,0.));
#4364 = ( GEOMETRIC_REPRESENTATION_CONTEXT(2) 
PARAMETRIC_REPRESENTATION_CONTEXT() REPRESENTATION_CONTEXT('2D SPACE',''
  ) );
#4365 = ORIENTED_EDGE('',*,*,#4000,.F.);
#4366 = ADVANCED_FACE('',(#4367),#4218,.T.);
#4367 = FACE_BOUND('',#4368,.T.);
#4368 = EDGE_LOOP('',(#4369,#4390,#4391,#4412));
#4369 = ORIENTED_EDGE('',*,*,#4370,.T.);
#4370 = EDGE_CURVE('',#4371,#4203,#4373,.T.);
#4371 = VERTEX_POINT('',#4372);
#4372 = CARTESIAN_POINT('',(37.2,3.,-24.25576411922));
#4373 = SURFACE_CURVE('',#4374,(#4378,#4384),.PCURVE_S1.);
#4374 = LINE('',#4375,#4376);
#4375 = CARTESIAN_POINT('',(37.2,3.,-24.25576411922));
#4376 = VECTOR('',#4377,1.);
#4377 = DIRECTION('',(0.,-1.,0.));
#4378 = PCURVE('',#4218,#4379);
#4379 = DEFINITIONAL_REPRESENTATION('',(#4380),#4383);
#4380 = B_SPLINE_CURVE_WITH_KNOTS('',1,(#4381,#4382),.UNSPECIFIED.,.F.,
  .F.,(2,2),(-5.999999999062E-07,6.0000006),.PIECEWISE_BEZIER_KNOTS.);
#4381 = CARTESIAN_POINT('',(1.54423588078,-6.0000006));
#4382 = CARTESIAN_POINT('',(1.54423588078,5.999999999062E-07));
#4383 = ( GEOMETRIC_REPRESENTATION_CONTEXT(2) 
PARAMETRIC_REPRESENTATION_CONTEXT() REPRESENTATION_CONTEXT('2D SPACE',''
  ) );
#4384 = PCURVE('',#4251,#4385);
#4385 = DEFINITIONAL_REPRESENTATION('',(#4386),#4389);
#4386 = B_SPLINE_CURVE_WITH_KNOTS('',1,(#4387,#4388),.UNSPECIFIED.,.F.,
  .F.,(2,2),(-5.999999999062E-07,6.0000006),.PIECEWISE_BEZIER_KNOTS.);
#4387 = CARTESIAN_POINT('',(5.181456585044,-5.999999999062E-07));
#4388 = CARTESIAN_POINT('',(5.181456585044,6.0000006));
#4389 = ( GEOMETRIC_REPRESENTATION_CONTEXT(2) 
PARAMETRIC_REPRESENTATION_CONTEXT() REPRESENTATION_CONTEXT('2D SPACE',''
  ) );
#4390 = ORIENTED_EDGE('',*,*,#4202,.F.);
#4391 = ORIENTED_EDGE('',*,*,#4392,.T.);
#4392 = EDGE_CURVE('',#4181,#4393,#4395,.T.);
#4393 = VERTEX_POINT('',#4394);
#4394 = CARTESIAN_POINT('',(37.2,3.,-25.55));
#4395 = SURFACE_CURVE('',#4396,(#4400,#4406),.PCURVE_S1.);
#4396 = LINE('',#4397,#4398);
#4397 = CARTESIAN_POINT('',(37.2,-3.3,-25.55));
#4398 = VECTOR('',#4399,1.);
#4399 = DIRECTION('',(-0.,1.,0.));
#4400 = PCURVE('',#4218,#4401);
#4401 = DEFINITIONAL_REPRESENTATION('',(#4402),#4405);
#4402 = B_SPLINE_CURVE_WITH_KNOTS('',1,(#4403,#4404),.UNSPECIFIED.,.F.,
  .F.,(2,2),(0.3,6.3),.PIECEWISE_BEZIER_KNOTS.);
#4403 = CARTESIAN_POINT('',(0.25,0.));
#4404 = CARTESIAN_POINT('',(0.25,-6.));
#4405 = ( GEOMETRIC_REPRESENTATION_CONTEXT(2) 
PARAMETRIC_REPRESENTATION_CONTEXT() REPRESENTATION_CONTEXT('2D SPACE',''
  ) );
#4406 = PCURVE('',#90,#4407);
#4407 = DEFINITIONAL_REPRESENTATION('',(#4408),#4411);
#4408 = B_SPLINE_CURVE_WITH_KNOTS('',1,(#4409,#4410),.UNSPECIFIED.,.F.,
  .F.,(2,2),(0.3,6.3),.PIECEWISE_BEZIER_KNOTS.);
#4409 = CARTESIAN_POINT('',(5.3,0.6));
#4410 = CARTESIAN_POINT('',(5.3,6.6));
#4411 = ( GEOMETRIC_REPRESENTATION_CONTEXT(2) 
PARAMETRIC_REPRESENTATION_CONTEXT() REPRESENTATION_CONTEXT('2D SPACE',''
  ) );
#4412 = ORIENTED_EDGE('',*,*,#4413,.T.);
#4413 = EDGE_CURVE('',#4393,#4371,#4414,.T.);
#4414 = SURFACE_CURVE('',#4415,(#4419,#4426),.PCURVE_S1.);
#4415 = LINE('',#4416,#4417);
#4416 = CARTESIAN_POINT('',(37.2,3.,-25.8));
#4417 = VECTOR('',#4418,1.);
#4418 = DIRECTION('',(0.,0.,1.));
#4419 = PCURVE('',#4218,#4420);
#4420 = DEFINITIONAL_REPRESENTATION('',(#4421),#4425);
#4421 = LINE('',#4422,#4423);
#4422 = CARTESIAN_POINT('',(0.,-6.));
#4423 = VECTOR('',#4424,1.);
#4424 = DIRECTION('',(1.,0.));
#4425 = ( GEOMETRIC_REPRESENTATION_CONTEXT(2) 
PARAMETRIC_REPRESENTATION_CONTEXT() REPRESENTATION_CONTEXT('2D SPACE',''
  ) );
#4426 = PCURVE('',#4068,#4427);
#4427 = DEFINITIONAL_REPRESENTATION('',(#4428),#4432);
#4428 = LINE('',#4429,#4430);
#4429 = CARTESIAN_POINT('',(0.,0.));
#4430 = VECTOR('',#4431,1.);
#4431 = DIRECTION('',(1.,0.));
#4432 = ( GEOMETRIC_REPRESENTATION_CONTEXT(2) 
PARAMETRIC_REPRESENTATION_CONTEXT() REPRESENTATION_CONTEXT('2D SPACE',''
  ) );
#4433 = ADVANCED_FACE('',(#4434),#4251,.F.);
#4434 = FACE_BOUND('',#4435,.F.);
#4435 = EDGE_LOOP('',(#4436,#4464,#4465,#4466,#4594));
#4436 = ORIENTED_EDGE('',*,*,#4437,.T.);
#4437 = EDGE_CURVE('',#4438,#4371,#4440,.T.);
#4438 = VERTEX_POINT('',#4439);
#4439 = CARTESIAN_POINT('',(33.104642985881,3.,-23.70974704972));
#4440 = SURFACE_CURVE('',#4441,(#4446,#4453),.PCURVE_S1.);
#4441 = CIRCLE('',#4442,3.65);
#4442 = AXIS2_PLACEMENT_3D('',#4443,#4444,#4445);
#4443 = CARTESIAN_POINT('',(35.55,3.,-21.));
#4444 = DIRECTION('',(0.,-1.,0.));
#4445 = DIRECTION('',(1.,0.,0.));
#4446 = PCURVE('',#4251,#4447);
#4447 = DEFINITIONAL_REPRESENTATION('',(#4448),#4452);
#4448 = LINE('',#4449,#4450);
#4449 = CARTESIAN_POINT('',(0.,0.));
#4450 = VECTOR('',#4451,1.);
#4451 = DIRECTION('',(1.,0.));
#4452 = ( GEOMETRIC_REPRESENTATION_CONTEXT(2) 
PARAMETRIC_REPRESENTATION_CONTEXT() REPRESENTATION_CONTEXT('2D SPACE',''
  ) );
#4453 = PCURVE('',#4068,#4454);
#4454 = DEFINITIONAL_REPRESENTATION('',(#4455),#4463);
#4455 = ( BOUNDED_CURVE() B_SPLINE_CURVE(2,(#4456,#4457,#4458,#4459,
#4460,#4461,#4462),.UNSPECIFIED.,.T.,.F.) B_SPLINE_CURVE_WITH_KNOTS((1,2
    ,2,2,2,1),(-2.094395102393,0.,2.094395102393,4.188790204786,
6.28318530718,8.377580409573),.UNSPECIFIED.) CURVE() 
GEOMETRIC_REPRESENTATION_ITEM() RATIONAL_B_SPLINE_CURVE((1.,0.5,1.,0.5,
1.,0.5,1.)) REPRESENTATION_ITEM('') );
#4456 = CARTESIAN_POINT('',(4.8,2.));
#4457 = CARTESIAN_POINT('',(11.121985447626,2.));
#4458 = CARTESIAN_POINT('',(7.960992723813,-3.475));
#4459 = CARTESIAN_POINT('',(4.8,-8.95));
#4460 = CARTESIAN_POINT('',(1.639007276187,-3.475));
#4461 = CARTESIAN_POINT('',(-1.521985447626,2.));
#4462 = CARTESIAN_POINT('',(4.8,2.));
#4463 = ( GEOMETRIC_REPRESENTATION_CONTEXT(2) 
PARAMETRIC_REPRESENTATION_CONTEXT() REPRESENTATION_CONTEXT('2D SPACE',''
  ) );
#4464 = ORIENTED_EDGE('',*,*,#4370,.T.);
#4465 = ORIENTED_EDGE('',*,*,#4230,.F.);
#4466 = ORIENTED_EDGE('',*,*,#4467,.F.);
#4467 = EDGE_CURVE('',#4468,#4231,#4470,.T.);
#4468 = VERTEX_POINT('',#4469);
#4469 = CARTESIAN_POINT('',(32.804358045822,-1.011224087336E-08,
    -23.40498443887));
#4470 = SURFACE_CURVE('',#4471,(#4492,#4543),.PCURVE_S1.);
#4471 = B_SPLINE_CURVE_WITH_KNOTS('',7,(#4472,#4473,#4474,#4475,#4476,
    #4477,#4478,#4479,#4480,#4481,#4482,#4483,#4484,#4485,#4486,#4487,
    #4488,#4489,#4490,#4491),.UNSPECIFIED.,.F.,.F.,(8,6,6,8),(
    0.559589309899,0.643837555415,1.,1.200259922469),.UNSPECIFIED.);
#4472 = CARTESIAN_POINT('',(32.804358045453,-1.141254058964E-08,
    -23.40498443617));
#4473 = CARTESIAN_POINT('',(32.824290331551,-5.299485196226E-02,
    -23.42774003893));
#4474 = CARTESIAN_POINT('',(32.843718988674,-0.106324762466,
    -23.44947677311));
#4475 = CARTESIAN_POINT('',(32.862625253829,-0.159966322879,
    -23.47023125991));
#4476 = CARTESIAN_POINT('',(32.880992300268,-0.213898188557,
    -23.49003757307));
#4477 = CARTESIAN_POINT('',(32.898805062507,-0.268101044792,
    -23.50892750354));
#4478 = CARTESIAN_POINT('',(32.916050061338,-0.322557561349,
    -23.52693082418));
#4479 = CARTESIAN_POINT('',(33.003167815266,-0.608476492281,
    -23.61655550936));
#4480 = CARTESIAN_POINT('',(33.063229134062,-0.843866160924,
    -23.67366033381));
#4481 = CARTESIAN_POINT('',(33.112020560603,-1.08231847958,
    -23.7175307841));
#4482 = CARTESIAN_POINT('',(33.148950344824,-1.322901126381,
    -23.74951244666));
#4483 = CARTESIAN_POINT('',(33.173674257164,-1.564804365406,
    -23.77053117904));
#4484 = CARTESIAN_POINT('',(33.186045512194,-1.807351647299,
    -23.78104641809));
#4485 = CARTESIAN_POINT('',(33.186045512193,-2.186434205902,
    -23.78104641809));
#4486 = CARTESIAN_POINT('',(33.182134443327,-2.322782974708,
    -23.77772244315));
#4487 = CARTESIAN_POINT('',(33.174320856141,-2.458973734989,
    -23.77108014801));
#4488 = CARTESIAN_POINT('',(33.162622495551,-2.594913680245,
    -23.76107639736));
#4489 = CARTESIAN_POINT('',(33.147071484071,-2.730489910107,
    -23.747619925));
#4490 = CARTESIAN_POINT('',(33.127719505046,-2.865569571531,
    -23.73057199278));
#4491 = CARTESIAN_POINT('',(33.104642985881,-3.,-23.70974704972));
#4492 = PCURVE('',#4251,#4493);
#4493 = DEFINITIONAL_REPRESENTATION('',(#4494),#4542);
#4494 = B_SPLINE_CURVE_WITH_KNOTS('',3,(#4495,#4496,#4497,#4498,#4499,
    #4500,#4501,#4502,#4503,#4504,#4505,#4506,#4507,#4508,#4509,#4510,
    #4511,#4512,#4513,#4514,#4515,#4516,#4517,#4518,#4519,#4520,#4521,
    #4522,#4523,#4524,#4525,#4526,#4527,#4528,#4529,#4530,#4531,#4532,
    #4533,#4534,#4535,#4536,#4537,#4538,#4539,#4540,#4541),
  .UNSPECIFIED.,.F.,.F.,(4,1,1,1,1,1,1,1,1,1,1,1,1,1,1,1,1,1,1,1,1,1,1,1
    ,1,1,1,1,1,1,1,1,1,1,1,1,1,1,1,1,1,1,1,1,4),(0.559589309899,
    0.57415000564,0.58871070138,0.60327139712,0.61783209286,0.6323927886
    ,0.646953484341,0.661514180081,0.676074875821,0.690635571561,
    0.705196267302,0.719756963042,0.734317658782,0.748878354522,
    0.763439050262,0.777999746003,0.792560441743,0.807121137483,
    0.821681833223,0.836242528964,0.850803224704,0.865363920444,
    0.879924616184,0.894485311924,0.909046007665,0.923606703405,
    0.938167399145,0.952728094885,0.967288790625,0.981849486366,
    0.996410182106,1.010970877846,1.025531573586,1.040092269327,
    1.054652965067,1.069213660807,1.083774356547,1.098335052287,
    1.112895748028,1.127456443768,1.142017139508,1.156577835248,
    1.171138530988,1.185699226729,1.200259922469),
  .QUASI_UNIFORM_KNOTS.);
#4495 = CARTESIAN_POINT('',(3.86094795712,3.000000011413));
#4496 = CARTESIAN_POINT('',(3.864290209319,3.021371473514));
#4497 = CARTESIAN_POINT('',(3.870848984981,3.06425403256));
#4498 = CARTESIAN_POINT('',(3.880314956421,3.128973855344));
#4499 = CARTESIAN_POINT('',(3.889413842598,3.194066105956));
#4500 = CARTESIAN_POINT('',(3.898150356063,3.259509454288));
#4501 = CARTESIAN_POINT('',(3.906528919055,3.325283422104));
#4502 = CARTESIAN_POINT('',(3.914553935675,3.391370912292));
#4503 = CARTESIAN_POINT('',(3.922228658254,3.457748472861));
#4504 = CARTESIAN_POINT('',(3.929556794175,3.524399199176));
#4505 = CARTESIAN_POINT('',(3.936541925651,3.59130829843));
#4506 = CARTESIAN_POINT('',(3.94318728173,3.658460887852));
#4507 = CARTESIAN_POINT('',(3.949495834861,3.725842571271));
#4508 = CARTESIAN_POINT('',(3.955470306837,3.793439272724));
#4509 = CARTESIAN_POINT('',(3.961113195603,3.861237270538));
#4510 = CARTESIAN_POINT('',(3.966426793251,3.929223179036));
#4511 = CARTESIAN_POINT('',(3.971413203376,3.997383945513));
#4512 = CARTESIAN_POINT('',(3.976074355789,4.065706844278));
#4513 = CARTESIAN_POINT('',(3.980412019325,4.134179472569));
#4514 = CARTESIAN_POINT('',(3.984427812717,4.202789746945));
#4515 = CARTESIAN_POINT('',(3.988123213731,4.271525900471));
#4516 = CARTESIAN_POINT('',(3.991499566652,4.340376480505));
#4517 = CARTESIAN_POINT('',(3.994558088274,4.40933034706));
#4518 = CARTESIAN_POINT('',(3.997299872479,4.478376671724));
#4519 = CARTESIAN_POINT('',(3.99972589353,4.547504936768));
#4520 = CARTESIAN_POINT('',(4.001837008177,4.616704935587));
#4521 = CARTESIAN_POINT('',(4.003633956658,4.685966769843));
#4522 = CARTESIAN_POINT('',(4.005117362763,4.755280860293));
#4523 = CARTESIAN_POINT('',(4.006287732739,4.824637907622));
#4524 = CARTESIAN_POINT('',(4.007145454363,4.8940290406));
#4525 = CARTESIAN_POINT('',(4.007690791573,4.963445265594));
#4526 = CARTESIAN_POINT('',(4.00792389235,5.032879523551));
#4527 = CARTESIAN_POINT('',(4.00784474419,5.102319015624));
#4528 = CARTESIAN_POINT('',(4.007453488237,5.171730218185));
#4529 = CARTESIAN_POINT('',(4.00675016721,5.241112777545));
#4530 = CARTESIAN_POINT('',(4.005734661141,5.310458132732));
#4531 = CARTESIAN_POINT('',(4.004406710938,5.379759321904));
#4532 = CARTESIAN_POINT('',(4.002765918102,5.449008355644));
#4533 = CARTESIAN_POINT('',(4.000811750255,5.518196921716));
#4534 = CARTESIAN_POINT('',(3.998543544463,5.58731619707));
#4535 = CARTESIAN_POINT('',(3.995960510611,5.656356899414));
#4536 = CARTESIAN_POINT('',(3.993061733774,5.725309273256));
#4537 = CARTESIAN_POINT('',(3.989846177467,5.7941630985));
#4538 = CARTESIAN_POINT('',(3.986312681222,5.862907674367));
#4539 = CARTESIAN_POINT('',(3.982459976784,5.931531879444));
#4540 = CARTESIAN_POINT('',(3.979677747123,5.977193261088));
#4541 = CARTESIAN_POINT('',(3.978232961431,6.));
#4542 = ( GEOMETRIC_REPRESENTATION_CONTEXT(2) 
PARAMETRIC_REPRESENTATION_CONTEXT() REPRESENTATION_CONTEXT('2D SPACE',''
  ) );
#4543 = PCURVE('',#4280,#4544);
#4544 = DEFINITIONAL_REPRESENTATION('',(#4545),#4593);
#4545 = B_SPLINE_CURVE_WITH_KNOTS('',3,(#4546,#4547,#4548,#4549,#4550,
    #4551,#4552,#4553,#4554,#4555,#4556,#4557,#4558,#4559,#4560,#4561,
    #4562,#4563,#4564,#4565,#4566,#4567,#4568,#4569,#4570,#4571,#4572,
    #4573,#4574,#4575,#4576,#4577,#4578,#4579,#4580,#4581,#4582,#4583,
    #4584,#4585,#4586,#4587,#4588,#4589,#4590,#4591,#4592),
  .UNSPECIFIED.,.F.,.F.,(4,1,1,1,1,1,1,1,1,1,1,1,1,1,1,1,1,1,1,1,1,1,1,1
    ,1,1,1,1,1,1,1,1,1,1,1,1,1,1,1,1,1,1,1,1,4),(0.559589309899,
    0.57415000564,0.58871070138,0.60327139712,0.61783209286,0.6323927886
    ,0.646953484341,0.661514180081,0.676074875821,0.690635571561,
    0.705196267302,0.719756963042,0.734317658782,0.748878354522,
    0.763439050262,0.777999746003,0.792560441743,0.807121137483,
    0.821681833223,0.836242528964,0.850803224704,0.865363920444,
    0.879924616184,0.894485311924,0.909046007665,0.923606703405,
    0.938167399145,0.952728094885,0.967288790625,0.981849486366,
    0.996410182106,1.010970877846,1.025531573586,1.040092269327,
    1.054652965067,1.069213660807,1.083774356547,1.098335052287,
    1.112895748028,1.127456443768,1.142017139508,1.156577835248,
    1.171138530988,1.185699226729,1.200259922469),
  .QUASI_UNIFORM_KNOTS.);
#4546 = CARTESIAN_POINT('',(6.866810409373,-0.504678162783));
#4547 = CARTESIAN_POINT('',(6.860825903284,-0.507144890565));
#4548 = CARTESIAN_POINT('',(6.848807828612,-0.511973994085));
#4549 = CARTESIAN_POINT('',(6.830640520052,-0.518911326284));
#4550 = CARTESIAN_POINT('',(6.812340141482,-0.525549179884));
#4551 = CARTESIAN_POINT('',(6.793913344804,-0.531894009375));
#4552 = CARTESIAN_POINT('',(6.775366623379,-0.537951989404));
#4553 = CARTESIAN_POINT('',(6.756705597154,-0.543729200677));
#4554 = CARTESIAN_POINT('',(6.737937750931,-0.54923081371));
#4555 = CARTESIAN_POINT('',(6.719068783177,-0.554462240315));
#4556 = CARTESIAN_POINT('',(6.700103839603,-0.559428714496));
#4557 = CARTESIAN_POINT('',(6.681048129156,-0.564135125887));
#4558 = CARTESIAN_POINT('',(6.661906752935,-0.568586087166));
#4559 = CARTESIAN_POINT('',(6.642684744393,-0.572785935878));
#4560 = CARTESIAN_POINT('',(6.623387053361,-0.576738751133));
#4561 = CARTESIAN_POINT('',(6.604018545561,-0.580448363831));
#4562 = CARTESIAN_POINT('',(6.584583998449,-0.583918366314));
#4563 = CARTESIAN_POINT('',(6.565088098518,-0.587152120067));
#4564 = CARTESIAN_POINT('',(6.545535438696,-0.590152762006));
#4565 = CARTESIAN_POINT('',(6.525930516223,-0.592923209402));
#4566 = CARTESIAN_POINT('',(6.506277730892,-0.595466163573));
#4567 = CARTESIAN_POINT('',(6.486581383681,-0.597784112501));
#4568 = CARTESIAN_POINT('',(6.466845675775,-0.599879332457));
#4569 = CARTESIAN_POINT('',(6.447074707937,-0.601753888796));
#4570 = CARTESIAN_POINT('',(6.427272480313,-0.603409635991));
#4571 = CARTESIAN_POINT('',(6.407442892302,-0.604848217061));
#4572 = CARTESIAN_POINT('',(6.387589743791,-0.60607106245));
#4573 = CARTESIAN_POINT('',(6.367716732841,-0.60707938854));
#4574 = CARTESIAN_POINT('',(6.347827468046,-0.607874195678));
#4575 = CARTESIAN_POINT('',(6.327925427457,-0.608456266609));
#4576 = CARTESIAN_POINT('',(6.30801411817,-0.608826162429));
#4577 = CARTESIAN_POINT('',(6.288096488123,-0.608984227337));
#4578 = CARTESIAN_POINT('',(6.268177129687,-0.608930560488));
#4579 = CARTESIAN_POINT('',(6.248266579957,-0.608665221036));
#4580 = CARTESIAN_POINT('',(6.228365860998,-0.608188060646));
#4581 = CARTESIAN_POINT('',(6.208478351779,-0.607498684217));
#4582 = CARTESIAN_POINT('',(6.188606977372,-0.606596464789));
#4583 = CARTESIAN_POINT('',(6.168754964416,-0.605480544021));
#4584 = CARTESIAN_POINT('',(6.14892564061,-0.604149836533));
#4585 = CARTESIAN_POINT('',(6.129122489961,-0.602603033141));
#4586 = CARTESIAN_POINT('',(6.109349138945,-0.600838604503));
#4587 = CARTESIAN_POINT('',(6.0896093611,-0.598854804008));
#4588 = CARTESIAN_POINT('',(6.069907074663,-0.596649672962));
#4589 = CARTESIAN_POINT('',(6.050246347201,-0.594221036993));
#4590 = CARTESIAN_POINT('',(6.030631376673,-0.591566534794));
#4591 = CARTESIAN_POINT('',(6.017588163692,-0.589644528769));
#4592 = CARTESIAN_POINT('',(6.011075638723,-0.588645014482));
#4593 = ( GEOMETRIC_REPRESENTATION_CONTEXT(2) 
PARAMETRIC_REPRESENTATION_CONTEXT() REPRESENTATION_CONTEXT('2D SPACE',''
  ) );
#4594 = ORIENTED_EDGE('',*,*,#4595,.T.);
#4595 = EDGE_CURVE('',#4468,#4438,#4596,.T.);
#4596 = SURFACE_CURVE('',#4597,(#4618,#4669),.PCURVE_S1.);
#4597 = B_SPLINE_CURVE_WITH_KNOTS('',7,(#4598,#4599,#4600,#4601,#4602,
    #4603,#4604,#4605,#4606,#4607,#4608,#4609,#4610,#4611,#4612,#4613,
    #4614,#4615,#4616,#4617),.UNSPECIFIED.,.F.,.F.,(8,6,6,8),(0.,
    8.02409539365E-02,0.440384502718,0.640368996678),.UNSPECIFIED.);
#4598 = CARTESIAN_POINT('',(32.804358039581,-7.07315991888E-09,
    -23.40498443726));
#4599 = CARTESIAN_POINT('',(32.823341345616,5.047173660509E-02,
    -23.42665664542));
#4600 = CARTESIAN_POINT('',(32.841867833401,0.101247396771,
    -23.44740468392));
#4601 = CARTESIAN_POINT('',(32.859921301587,0.152306761001,
    -23.46726019517));
#4602 = CARTESIAN_POINT('',(32.87748713995,0.203631321355,
    -23.48625272648));
#4603 = CARTESIAN_POINT('',(32.894552192696,0.255204239303,
    -23.50440993785));
#4604 = CARTESIAN_POINT('',(32.911104621768,0.307010310644,
    -23.52175780967));
#4605 = CARTESIAN_POINT('',(32.999077012353,0.592541271734,
    -23.61266034958));
#4606 = CARTESIAN_POINT('',(33.060460594746,0.83041032007,
    -23.67116982919));
#4607 = CARTESIAN_POINT('',(33.110336766545,1.071434315206,
    -23.71607136855));
#4608 = CARTESIAN_POINT('',(33.148092745738,1.314637033767,
    -23.74878263257));
#4609 = CARTESIAN_POINT('',(33.173378754439,1.559196017038,
    -23.77028052518));
#4610 = CARTESIAN_POINT('',(33.186045512193,1.804471622275,
    -23.78104641809));
#4611 = CARTESIAN_POINT('',(33.186045512194,2.186339713812,
    -23.78104641809));
#4612 = CARTESIAN_POINT('',(33.182139770069,2.322670869433,
    -23.77772643027));
#4613 = CARTESIAN_POINT('',(33.174329165599,2.458880832494,
    -23.77108727605));
#4614 = CARTESIAN_POINT('',(33.162630197085,2.594849537975,
    -23.76108332279));
#4615 = CARTESIAN_POINT('',(33.147077073135,2.730449805412,
    -23.74762472549));
#4616 = CARTESIAN_POINT('',(33.127723331631,2.865547280064,-23.730575446
    ));
#4617 = CARTESIAN_POINT('',(33.104642985881,3.,-23.70974704972));
#4618 = PCURVE('',#4251,#4619);
#4619 = DEFINITIONAL_REPRESENTATION('',(#4620),#4668);
#4620 = B_SPLINE_CURVE_WITH_KNOTS('',3,(#4621,#4622,#4623,#4624,#4625,
    #4626,#4627,#4628,#4629,#4630,#4631,#4632,#4633,#4634,#4635,#4636,
    #4637,#4638,#4639,#4640,#4641,#4642,#4643,#4644,#4645,#4646,#4647,
    #4648,#4649,#4650,#4651,#4652,#4653,#4654,#4655,#4656,#4657,#4658,
    #4659,#4660,#4661,#4662,#4663,#4664,#4665,#4666,#4667),
  .UNSPECIFIED.,.F.,.F.,(4,1,1,1,1,1,1,1,1,1,1,1,1,1,1,1,1,1,1,1,1,1,1,1
    ,1,1,1,1,1,1,1,1,1,1,1,1,1,1,1,1,1,1,1,1,4),(0.,1.45538408336E-02,
    2.91076816672E-02,4.366152250079E-02,5.821536333439E-02,
    7.276920416799E-02,8.732304500159E-02,0.101876885835,0.116430726669,
    0.130984567502,0.145538408336,0.16009224917,0.174646090003,
    0.189199930837,0.20375377167,0.218307612504,0.232861453338,
    0.247415294171,0.261969135005,0.276522975838,0.291076816672,
    0.305630657506,0.320184498339,0.334738339173,0.349292180006,
    0.36384602084,0.378399861674,0.392953702507,0.407507543341,
    0.422061384174,0.436615225008,0.451169065842,0.465722906675,
    0.480276747509,0.494830588342,0.509384429176,0.52393827001,
    0.538492110843,0.553045951677,0.56759979251,0.582153633344,
    0.596707474178,0.611261315011,0.625815155845,0.640368996678),
  .QUASI_UNIFORM_KNOTS.);
#4621 = CARTESIAN_POINT('',(3.860947956286,3.000000007073));
#4622 = CARTESIAN_POINT('',(3.864288477862,2.978639614894));
#4623 = CARTESIAN_POINT('',(3.870843921384,2.935779341768));
#4624 = CARTESIAN_POINT('',(3.880305276915,2.871093337944));
#4625 = CARTESIAN_POINT('',(3.889399927315,2.806035220752));
#4626 = CARTESIAN_POINT('',(3.898132573022,2.740626340863));
#4627 = CARTESIAN_POINT('',(3.906507664259,2.674886871798));
#4628 = CARTESIAN_POINT('',(3.914529485659,2.608834840948));
#4629 = CARTESIAN_POINT('',(3.922201474561,2.542492011054));
#4630 = CARTESIAN_POINT('',(3.929527439492,2.475874160962));
#4631 = CARTESIAN_POINT('',(3.93651080951,2.408997171744));
#4632 = CARTESIAN_POINT('',(3.943154759568,2.341876290614));
#4633 = CARTESIAN_POINT('',(3.949462208188,2.274526347605));
#4634 = CARTESIAN_POINT('',(3.955435845973,2.206961714479));
#4635 = CARTESIAN_POINT('',(3.961078152683,2.139196330399));
#4636 = CARTESIAN_POINT('',(3.966391414392,2.071243707564));
#4637 = CARTESIAN_POINT('',(3.971377737838,2.003116940228));
#4638 = CARTESIAN_POINT('',(3.976039062904,1.934828710986));
#4639 = CARTESIAN_POINT('',(3.980377173164,1.866391296138));
#4640 = CARTESIAN_POINT('',(3.98439370466,1.797816569792));
#4641 = CARTESIAN_POINT('',(3.988090153025,1.729116006972));
#4642 = CARTESIAN_POINT('',(3.991467879056,1.660300685811));
#4643 = CARTESIAN_POINT('',(3.994528112848,1.591381288991));
#4644 = CARTESIAN_POINT('',(3.997271956582,1.522368104486));
#4645 = CARTESIAN_POINT('',(3.999700386059,1.45327102595));
#4646 = CARTESIAN_POINT('',(4.001814251078,1.384099552142));
#4647 = CARTESIAN_POINT('',(4.003614274703,1.31486278819));
#4648 = CARTESIAN_POINT('',(4.005101051612,1.24556943892));
#4649 = CARTESIAN_POINT('',(4.006275045223,1.176227831244));
#4650 = CARTESIAN_POINT('',(4.007136585061,1.106845828233));
#4651 = CARTESIAN_POINT('',(4.007685859279,1.037431148107));
#4652 = CARTESIAN_POINT('',(4.007922921676,0.967990173342));
#4653 = CARTESIAN_POINT('',(4.007847641368,0.898532396667));
#4654 = CARTESIAN_POINT('',(4.00745994728,0.829086664711));
#4655 = CARTESIAN_POINT('',(4.006759740016,0.759658060039));
#4656 = CARTESIAN_POINT('',(4.005746787303,0.690257226968));
#4657 = CARTESIAN_POINT('',(4.004420752839,0.620893537503));
#4658 = CARTESIAN_POINT('',(4.002781189795,0.55157692154));
#4659 = CARTESIAN_POINT('',(4.000827542389,0.482317375833));
#4660 = CARTESIAN_POINT('',(3.998559143863,0.413125095323));
#4661 = CARTESIAN_POINT('',(3.99597521411,0.344010437929));
#4662 = CARTESIAN_POINT('',(3.993074855505,0.27498393482));
#4663 = CARTESIAN_POINT('',(3.989857049385,0.206056286966));
#4664 = CARTESIAN_POINT('',(3.986320644789,0.137238372786));
#4665 = CARTESIAN_POINT('',(3.982464370384,6.854122680617E-02));
#4666 = CARTESIAN_POINT('',(3.979679292911,2.283115883503E-02));
#4667 = CARTESIAN_POINT('',(3.978232961431,7.993605777301E-15));
#4668 = ( GEOMETRIC_REPRESENTATION_CONTEXT(2) 
PARAMETRIC_REPRESENTATION_CONTEXT() REPRESENTATION_CONTEXT('2D SPACE',''
  ) );
#4669 = PCURVE('',#4670,#4675);
#4670 = SPHERICAL_SURFACE('',#4671,4.25);
#4671 = AXIS2_PLACEMENT_3D('',#4672,#4673,#4674);
#4672 = CARTESIAN_POINT('',(29.7,2.05,-21.35));
#4673 = DIRECTION('',(0.,0.,1.));
#4674 = DIRECTION('',(1.,0.,-0.));
#4675 = DEFINITIONAL_REPRESENTATION('',(#4676),#4724);
#4676 = B_SPLINE_CURVE_WITH_KNOTS('',3,(#4677,#4678,#4679,#4680,#4681,
    #4682,#4683,#4684,#4685,#4686,#4687,#4688,#4689,#4690,#4691,#4692,
    #4693,#4694,#4695,#4696,#4697,#4698,#4699,#4700,#4701,#4702,#4703,
    #4704,#4705,#4706,#4707,#4708,#4709,#4710,#4711,#4712,#4713,#4714,
    #4715,#4716,#4717,#4718,#4719,#4720,#4721,#4722,#4723),
  .UNSPECIFIED.,.F.,.F.,(4,1,1,1,1,1,1,1,1,1,1,1,1,1,1,1,1,1,1,1,1,1,1,1
    ,1,1,1,1,1,1,1,1,1,1,1,1,1,1,1,1,1,1,1,1,4),(0.,1.45538408336E-02,
    2.91076816672E-02,4.366152250079E-02,5.821536333439E-02,
    7.276920416799E-02,8.732304500159E-02,0.101876885835,0.116430726669,
    0.130984567502,0.145538408336,0.16009224917,0.174646090003,
    0.189199930837,0.20375377167,0.218307612504,0.232861453338,
    0.247415294171,0.261969135005,0.276522975838,0.291076816672,
    0.305630657506,0.320184498339,0.334738339173,0.349292180006,
    0.36384602084,0.378399861674,0.392953702507,0.407507543341,
    0.422061384174,0.436615225008,0.451169065842,0.465722906675,
    0.480276747509,0.494830588342,0.509384429176,0.52393827001,
    0.538492110843,0.553045951677,0.56759979251,0.582153633344,
    0.596707474178,0.611261315011,0.625815155845,0.640368996678),
  .QUASI_UNIFORM_KNOTS.);
#4677 = CARTESIAN_POINT('',(5.69956019997,-0.504678162407));
#4678 = CARTESIAN_POINT('',(5.705541606279,-0.507143612981));
#4679 = CARTESIAN_POINT('',(5.717553430059,-0.511970269227));
#4680 = CARTESIAN_POINT('',(5.735711222837,-0.518904243639));
#4681 = CARTESIAN_POINT('',(5.754001968377,-0.525539046219));
#4682 = CARTESIAN_POINT('',(5.772419010229,-0.531881118269));
#4683 = CARTESIAN_POINT('',(5.790955942569,-0.537936650238));
#4684 = CARTESIAN_POINT('',(5.809606884322,-0.543711633034));
#4685 = CARTESIAN_POINT('',(5.828364828315,-0.549211364294));
#4686 = CARTESIAN_POINT('',(5.847224398596,-0.554441323774));
#4687 = CARTESIAN_POINT('',(5.86618014442,-0.559406631243));
#4688 = CARTESIAN_POINT('',(5.885226755731,-0.564112134177));
#4689 = CARTESIAN_POINT('',(5.904359010121,-0.568562403704));
#4690 = CARTESIAN_POINT('',(5.923571791542,-0.572761752509));
#4691 = CARTESIAN_POINT('',(5.94286008956,-0.576714244399));
#4692 = CARTESIAN_POINT('',(5.962219003565,-0.580423703835));
#4693 = CARTESIAN_POINT('',(5.981643745353,-0.58389372337));
#4694 = CARTESIAN_POINT('',(6.001129641831,-0.587127669725));
#4695 = CARTESIAN_POINT('',(6.020672137327,-0.590128688453));
#4696 = CARTESIAN_POINT('',(6.040266795647,-0.592899707368));
#4697 = CARTESIAN_POINT('',(6.059909301797,-0.595443438841));
#4698 = CARTESIAN_POINT('',(6.07959546339,-0.59776238108));
#4699 = CARTESIAN_POINT('',(6.099321211706,-0.599858818497));
#4700 = CARTESIAN_POINT('',(6.11908260242,-0.601734821287));
#4701 = CARTESIAN_POINT('',(6.138875815931,-0.603392244301));
#4702 = CARTESIAN_POINT('',(6.158697157494,-0.604832725326));
#4703 = CARTESIAN_POINT('',(6.178543056397,-0.606057682869));
#4704 = CARTESIAN_POINT('',(6.198410067013,-0.607068313583));
#4705 = CARTESIAN_POINT('',(6.218294861173,-0.607865589202));
#4706 = CARTESIAN_POINT('',(6.238194251289,-0.608450254016));
#4707 = CARTESIAN_POINT('',(6.258105097069,-0.608822819443));
#4708 = CARTESIAN_POINT('',(6.278024645165,-0.608983569012));
#4709 = CARTESIAN_POINT('',(6.297949251596,-0.608932524532));
#4710 = CARTESIAN_POINT('',(6.317869720195,-0.608669598589));
#4711 = CARTESIAN_POINT('',(6.337783670353,-0.608194551854));
#4712 = CARTESIAN_POINT('',(6.357687122693,-0.607506913923));
#4713 = CARTESIAN_POINT('',(6.377576457614,-0.606606005493));
#4714 = CARTESIAN_POINT('',(6.397447888586,-0.605490934266));
#4715 = CARTESIAN_POINT('',(6.4172976015,-0.604160597204));
#4716 = CARTESIAN_POINT('',(6.437121715751,-0.602613680323));
#4717 = CARTESIAN_POINT('',(6.456916293369,-0.600848658603));
#4718 = CARTESIAN_POINT('',(6.476677335423,-0.598863794477));
#4719 = CARTESIAN_POINT('',(6.496400782821,-0.596657138352));
#4720 = CARTESIAN_POINT('',(6.51608251396,-0.594226518789));
#4721 = CARTESIAN_POINT('',(6.535718352512,-0.59156956825));
#4722 = CARTESIAN_POINT('',(6.548775477494,-0.589645598071));
#4723 = CARTESIAN_POINT('',(6.555294975637,-0.588645014482));
#4724 = ( GEOMETRIC_REPRESENTATION_CONTEXT(2) 
PARAMETRIC_REPRESENTATION_CONTEXT() REPRESENTATION_CONTEXT('2D SPACE',''
  ) );
#4725 = ADVANCED_FACE('',(#4726),#4670,.T.);
#4726 = FACE_BOUND('',#4727,.T.);
#4727 = EDGE_LOOP('',(#4728,#4858,#4920,#4921));
#4728 = ORIENTED_EDGE('',*,*,#4729,.F.);
#4729 = EDGE_CURVE('',#4730,#4732,#4734,.T.);
#4730 = VERTEX_POINT('',#4731);
#4731 = CARTESIAN_POINT('',(32.537194583216,1.007568411227E-09,
    -18.93953803381));
#4732 = VERTEX_POINT('',#4733);
#4733 = CARTESIAN_POINT('',(32.799000193621,3.,-18.60114609338));
#4734 = SURFACE_CURVE('',#4735,(#4756,#4807),.PCURVE_S1.);
#4735 = B_SPLINE_CURVE_WITH_KNOTS('',7,(#4736,#4737,#4738,#4739,#4740,
    #4741,#4742,#4743,#4744,#4745,#4746,#4747,#4748,#4749,#4750,#4751,
    #4752,#4753,#4754,#4755),.UNSPECIFIED.,.F.,.F.,(8,6,6,8),(
    0.526990858021,0.621348115983,1.,1.215451552307),.UNSPECIFIED.);
#4736 = CARTESIAN_POINT('',(32.537194584997,5.636754171062E-09,
    -18.93953804486));
#4737 = CARTESIAN_POINT('',(32.555029837183,5.534818510618E-02,
    -18.91345938741));
#4738 = CARTESIAN_POINT('',(32.572450203535,0.111055762218,
    -18.88855255081));
#4739 = CARTESIAN_POINT('',(32.589429618592,0.167095812008,
    -18.86477823677));
#4740 = CARTESIAN_POINT('',(32.605944684044,0.223443864134,
    -18.84209991268));
#4741 = CARTESIAN_POINT('',(32.621974414953,0.280077850256,
    -18.82048351931));
#4742 = CARTESIAN_POINT('',(32.637499985988,0.336978051409,
    -18.79989717844));
#4743 = CARTESIAN_POINT('',(32.712716899695,0.623463661393,
    -18.70171195478));
#4744 = CARTESIAN_POINT('',(32.764514748839,0.856718653998,
    -18.63924921546));
#4745 = CARTESIAN_POINT('',(32.806833813513,1.092826580967,
    -18.59095723302));
#4746 = CARTESIAN_POINT('',(32.838978347824,1.330898368332,
    -18.55559464424));
#4747 = CARTESIAN_POINT('',(32.860534721643,1.570176562838,
    -18.53230233115));
#4748 = CARTESIAN_POINT('',(32.87132091669,1.810040194549,
    -18.52064960753));
#4749 = CARTESIAN_POINT('',(32.87132091669,2.186536261294,
    -18.52064960753));
#4750 = CARTESIAN_POINT('',(32.86782887044,2.32289588074,-18.52442144343
    ));
#4751 = CARTESIAN_POINT('',(32.86086095693,2.459050833787,
    -18.53195030118));
#4752 = CARTESIAN_POINT('',(32.850441502148,2.594942539474,
    -18.54327496785));
#4753 = CARTESIAN_POINT('',(32.83661063806,2.73048214535,-18.55848451662
    ));
#4754 = CARTESIAN_POINT('',(32.819431961593,2.865550812407,
    -18.57771499172));
#4755 = CARTESIAN_POINT('',(32.799000193621,3.,-18.60114609338));
#4756 = PCURVE('',#4670,#4757);
#4757 = DEFINITIONAL_REPRESENTATION('',(#4758),#4806);
#4758 = B_SPLINE_CURVE_WITH_KNOTS('',3,(#4759,#4760,#4761,#4762,#4763,
    #4764,#4765,#4766,#4767,#4768,#4769,#4770,#4771,#4772,#4773,#4774,
    #4775,#4776,#4777,#4778,#4779,#4780,#4781,#4782,#4783,#4784,#4785,
    #4786,#4787,#4788,#4789,#4790,#4791,#4792,#4793,#4794,#4795,#4796,
    #4797,#4798,#4799,#4800,#4801,#4802,#4803,#4804,#4805),
  .UNSPECIFIED.,.F.,.F.,(4,1,1,1,1,1,1,1,1,1,1,1,1,1,1,1,1,1,1,1,1,1,1,1
    ,1,1,1,1,1,1,1,1,1,1,1,1,1,1,1,1,1,1,1,1,4),(0.526990858021,
    0.542637691982,0.558284525943,0.573931359904,0.589578193865,
    0.605225027826,0.620871861787,0.636518695748,0.652165529709,
    0.66781236367,0.683459197631,0.699106031592,0.714752865554,
    0.730399699515,0.746046533476,0.761693367437,0.777340201398,
    0.792987035359,0.80863386932,0.824280703281,0.839927537242,
    0.855574371203,0.871221205164,0.886868039125,0.902514873086,
    0.918161707047,0.933808541008,0.949455374969,0.96510220893,
    0.980749042891,0.996395876852,1.012042710813,1.027689544775,
    1.043336378736,1.058983212697,1.074630046658,1.090276880619,
    1.10592371458,1.121570548541,1.137217382502,1.152864216463,
    1.168511050424,1.184157884385,1.199804718346,1.215451552307),
  .QUASI_UNIFORM_KNOTS.);
#4759 = CARTESIAN_POINT('',(5.657488347244,0.603062631249));
#4760 = CARTESIAN_POINT('',(5.663602154868,0.605945358118));
#4761 = CARTESIAN_POINT('',(5.675907855898,0.611599183216));
#4762 = CARTESIAN_POINT('',(5.694592551318,0.619750011077));
#4763 = CARTESIAN_POINT('',(5.713495203998,0.627575999717));
#4764 = CARTESIAN_POINT('',(5.732607883333,0.635081889201));
#4765 = CARTESIAN_POINT('',(5.751922724646,0.642272192782));
#4766 = CARTESIAN_POINT('',(5.771432411642,0.649151342634));
#4767 = CARTESIAN_POINT('',(5.791128490219,0.655723127675));
#4768 = CARTESIAN_POINT('',(5.811002563814,0.661991156997));
#4769 = CARTESIAN_POINT('',(5.831047788016,0.667959326495));
#4770 = CARTESIAN_POINT('',(5.851256794762,0.673631115612));
#4771 = CARTESIAN_POINT('',(5.871622252401,0.679009802075));
#4772 = CARTESIAN_POINT('',(5.892136721865,0.6840984281));
#4773 = CARTESIAN_POINT('',(5.912792702369,0.688899830317));
#4774 = CARTESIAN_POINT('',(5.933582627192,0.693416649931));
#4775 = CARTESIAN_POINT('',(5.954498873623,0.697651345666));
#4776 = CARTESIAN_POINT('',(5.975533769831,0.701606203628));
#4777 = CARTESIAN_POINT('',(5.996679603201,0.705283345814));
#4778 = CARTESIAN_POINT('',(6.017928628831,0.708684736977));
#4779 = CARTESIAN_POINT('',(6.039273078463,0.711812190077));
#4780 = CARTESIAN_POINT('',(6.060705169693,0.714667370414));
#4781 = CARTESIAN_POINT('',(6.082217115399,0.717251798562));
#4782 = CARTESIAN_POINT('',(6.103801133371,0.719566852218));
#4783 = CARTESIAN_POINT('',(6.125449455878,0.721613767081));
#4784 = CARTESIAN_POINT('',(6.147154339881,0.723393636865));
#4785 = CARTESIAN_POINT('',(6.168908074907,0.724907412531));
#4786 = CARTESIAN_POINT('',(6.190702999482,0.726155900961));
#4787 = CARTESIAN_POINT('',(6.212531485198,0.727139762706));
#4788 = CARTESIAN_POINT('',(6.234386040858,0.727859510683));
#4789 = CARTESIAN_POINT('',(6.256258967628,0.72831550327));
#4790 = CARTESIAN_POINT('',(6.278143688732,0.728507956767));
#4791 = CARTESIAN_POINT('',(6.300029828456,0.728436884475));
#4792 = CARTESIAN_POINT('',(6.321896517,0.728102573101));
#4793 = CARTESIAN_POINT('',(6.343741265129,0.727505167139));
#4794 = CARTESIAN_POINT('',(6.365557030016,0.726644581398));
#4795 = CARTESIAN_POINT('',(6.387337744555,0.725520535118));
#4796 = CARTESIAN_POINT('',(6.409076845014,0.724132553563));
#4797 = CARTESIAN_POINT('',(6.43076767564,0.72247997805));
#4798 = CARTESIAN_POINT('',(6.452403391141,0.72056197338));
#4799 = CARTESIAN_POINT('',(6.473976994564,0.718377535719));
#4800 = CARTESIAN_POINT('',(6.495481339341,0.715925499607));
#4801 = CARTESIAN_POINT('',(6.516909142616,0.713204546205));
#4802 = CARTESIAN_POINT('',(6.538252992359,0.710213205531));
#4803 = CARTESIAN_POINT('',(6.559505370749,0.706949879396));
#4804 = CARTESIAN_POINT('',(6.573607537599,0.70459181669));
#4805 = CARTESIAN_POINT('',(6.580640830161,0.703366869047));
#4806 = ( GEOMETRIC_REPRESENTATION_CONTEXT(2) 
PARAMETRIC_REPRESENTATION_CONTEXT() REPRESENTATION_CONTEXT('2D SPACE',''
  ) );
#4807 = PCURVE('',#4333,#4808);
#4808 = DEFINITIONAL_REPRESENTATION('',(#4809),#4857);
#4809 = B_SPLINE_CURVE_WITH_KNOTS('',3,(#4810,#4811,#4812,#4813,#4814,
    #4815,#4816,#4817,#4818,#4819,#4820,#4821,#4822,#4823,#4824,#4825,
    #4826,#4827,#4828,#4829,#4830,#4831,#4832,#4833,#4834,#4835,#4836,
    #4837,#4838,#4839,#4840,#4841,#4842,#4843,#4844,#4845,#4846,#4847,
    #4848,#4849,#4850,#4851,#4852,#4853,#4854,#4855,#4856),
  .UNSPECIFIED.,.F.,.F.,(4,1,1,1,1,1,1,1,1,1,1,1,1,1,1,1,1,1,1,1,1,1,1,1
    ,1,1,1,1,1,1,1,1,1,1,1,1,1,1,1,1,1,1,1,1,4),(0.526990858021,
    0.542637691982,0.558284525943,0.573931359904,0.589578193865,
    0.605225027826,0.620871861787,0.636518695748,0.652165529709,
    0.66781236367,0.683459197631,0.699106031592,0.714752865554,
    0.730399699515,0.746046533476,0.761693367437,0.777340201398,
    0.792987035359,0.80863386932,0.824280703281,0.839927537242,
    0.855574371203,0.871221205164,0.886868039125,0.902514873086,
    0.918161707047,0.933808541008,0.949455374969,0.96510220893,
    0.980749042891,0.996395876852,1.012042710813,1.027689544775,
    1.043336378736,1.058983212697,1.074630046658,1.090276880619,
    1.10592371458,1.121570548541,1.137217382502,1.152864216463,
    1.168511050424,1.184157884385,1.199804718346,1.215451552307),
  .QUASI_UNIFORM_KNOTS.);
#4810 = CARTESIAN_POINT('',(2.541753000616,2.999999994363));
#4811 = CARTESIAN_POINT('',(2.538403818603,2.978584214743));
#4812 = CARTESIAN_POINT('',(2.531832071399,2.935614785285));
#4813 = CARTESIAN_POINT('',(2.522349171502,2.870770339068));
#4814 = CARTESIAN_POINT('',(2.513235746222,2.805559524309));
#4815 = CARTESIAN_POINT('',(2.504486957822,2.740004087436));
#4816 = CARTESIAN_POINT('',(2.496098243488,2.674124743306));
#4817 = CARTESIAN_POINT('',(2.488065143487,2.607939464925));
#4818 = CARTESIAN_POINT('',(2.480383954593,2.541469268857));
#4819 = CARTESIAN_POINT('',(2.473051185534,2.474734121446));
#4820 = CARTESIAN_POINT('',(2.466063007247,2.407748019593));
#4821 = CARTESIAN_POINT('',(2.459416072325,2.340526035083));
#4822 = CARTESIAN_POINT('',(2.45310726073,2.273082445651));
#4823 = CARTESIAN_POINT('',(2.447133716307,2.205431248268));
#4824 = CARTESIAN_POINT('',(2.44149280884,2.137586032825));
#4825 = CARTESIAN_POINT('',(2.436182119286,2.069560025998));
#4826 = CARTESIAN_POINT('',(2.431199421835,2.001366088377));
#4827 = CARTESIAN_POINT('',(2.426542669648,1.933016723062));
#4828 = CARTESIAN_POINT('',(2.422209982238,1.864524080224));
#4829 = CARTESIAN_POINT('',(2.418199634871,1.795899961843));
#4830 = CARTESIAN_POINT('',(2.414510049699,1.727155825579));
#4831 = CARTESIAN_POINT('',(2.411139788547,1.658302788135));
#4832 = CARTESIAN_POINT('',(2.408087547207,1.589351628124));
#4833 = CARTESIAN_POINT('',(2.405352151143,1.520312788352));
#4834 = CARTESIAN_POINT('',(2.402932552489,1.451196378239));
#4835 = CARTESIAN_POINT('',(2.40082782822,1.382012173957));
#4836 = CARTESIAN_POINT('',(2.399037179462,1.312769625627));
#4837 = CARTESIAN_POINT('',(2.397559931659,1.243477836952));
#4838 = CARTESIAN_POINT('',(2.396395536099,1.174145646857));
#4839 = CARTESIAN_POINT('',(2.395543570597,1.104781329809));
#4840 = CARTESIAN_POINT('',(2.395003747054,1.035393718931));
#4841 = CARTESIAN_POINT('',(2.394775896687,0.965988019166));
#4842 = CARTESIAN_POINT('',(2.394860041529,0.896581437685));
#4843 = CARTESIAN_POINT('',(2.395255826323,0.827224463126));
#4844 = CARTESIAN_POINT('',(2.395963017972,0.757909361855));
#4845 = CARTESIAN_POINT('',(2.396981604544,0.688642923707));
#4846 = CARTESIAN_POINT('',(2.398311756642,0.619428947556));
#4847 = CARTESIAN_POINT('',(2.399953825997,0.550272932461));
#4848 = CARTESIAN_POINT('',(2.401908334656,0.481180818804));
#4849 = CARTESIAN_POINT('',(2.404175967337,0.412159323881));
#4850 = CARTESIAN_POINT('',(2.406757563464,0.343215849714));
#4851 = CARTESIAN_POINT('',(2.409654110296,0.274358507494));
#4852 = CARTESIAN_POINT('',(2.412866735133,0.205596103309));
#4853 = CARTESIAN_POINT('',(2.416396703283,0.136938162068));
#4854 = CARTESIAN_POINT('',(2.420245397176,6.83948373904E-02));
#4855 = CARTESIAN_POINT('',(2.423024711339,2.278310540331E-02));
#4856 = CARTESIAN_POINT('',(2.424467998526,6.217248937901E-15));
#4857 = ( GEOMETRIC_REPRESENTATION_CONTEXT(2) 
PARAMETRIC_REPRESENTATION_CONTEXT() REPRESENTATION_CONTEXT('2D SPACE',''
  ) );
#4858 = ORIENTED_EDGE('',*,*,#4859,.T.);
#4859 = EDGE_CURVE('',#4730,#4468,#4860,.T.);
#4860 = SURFACE_CURVE('',#4861,(#4866,#4893),.PCURVE_S1.);
#4861 = CIRCLE('',#4862,3.722902093797);
#4862 = AXIS2_PLACEMENT_3D('',#4863,#4864,#4865);
#4863 = CARTESIAN_POINT('',(29.7,0.,-21.35));
#4864 = DIRECTION('',(0.,1.,0.));
#4865 = DIRECTION('',(0.,-0.,1.));
#4866 = PCURVE('',#4670,#4867);
#4867 = DEFINITIONAL_REPRESENTATION('',(#4868),#4892);
#4868 = B_SPLINE_CURVE_WITH_KNOTS('',8,(#4869,#4870,#4871,#4872,#4873,
    #4874,#4875,#4876,#4877,#4878,#4879,#4880,#4881,#4882,#4883,#4884,
    #4885,#4886,#4887,#4888,#4889,#4890,#4891),.UNSPECIFIED.,.F.,.F.,(9,
    7,7,9),(0.866538326599,0.933427309428,1.602147059147,2.155538669618)
  ,.UNSPECIFIED.);
#4869 = CARTESIAN_POINT('',(5.657488347478,0.603062633406));
#4870 = CARTESIAN_POINT('',(5.660860485912,0.596285482102));
#4871 = CARTESIAN_POINT('',(5.66415872466,0.589489459149));
#4872 = CARTESIAN_POINT('',(5.667384675637,0.582675164535));
#4873 = CARTESIAN_POINT('',(5.670539893703,0.575843175284));
#4874 = CARTESIAN_POINT('',(5.673625878246,0.568994046771));
#4875 = CARTESIAN_POINT('',(5.676644074653,0.56212831392));
#4876 = CARTESIAN_POINT('',(5.679595875469,0.555246492272));
#4877 = CARTESIAN_POINT('',(5.711342736963,0.47939248341));
#4878 = CARTESIAN_POINT('',(5.733700795319,0.408877631189));
#4879 = CARTESIAN_POINT('',(5.750899773007,0.337301027344));
#4880 = CARTESIAN_POINT('',(5.76377860753,0.264980151731));
#4881 = CARTESIAN_POINT('',(5.772864852277,0.192153100926));
#4882 = CARTESIAN_POINT('',(5.778474590986,0.119018694854));
#4883 = CARTESIAN_POINT('',(5.780746730575,4.575303831641E-02));
#4884 = CARTESIAN_POINT('',(5.778721928801,-8.804932842607E-02));
#4885 = CARTESIAN_POINT('',(5.77549031229,-0.148602233365));
#4886 = CARTESIAN_POINT('',(5.769919854659,-0.209016937587));
#4887 = CARTESIAN_POINT('',(5.761901168481,-0.269188631134));
#4888 = CARTESIAN_POINT('',(5.751236628486,-0.32900014537));
#4889 = CARTESIAN_POINT('',(5.737623623819,-0.388313616926));
#4890 = CARTESIAN_POINT('',(5.720616564056,-0.446954543867));
#4891 = CARTESIAN_POINT('',(5.699560202767,-0.504678164086));
#4892 = ( GEOMETRIC_REPRESENTATION_CONTEXT(2) 
PARAMETRIC_REPRESENTATION_CONTEXT() REPRESENTATION_CONTEXT('2D SPACE',''
  ) );
#4893 = PCURVE('',#4280,#4894);
#4894 = DEFINITIONAL_REPRESENTATION('',(#4895),#4919);
#4895 = B_SPLINE_CURVE_WITH_KNOTS('',8,(#4896,#4897,#4898,#4899,#4900,
    #4901,#4902,#4903,#4904,#4905,#4906,#4907,#4908,#4909,#4910,#4911,
    #4912,#4913,#4914,#4915,#4916,#4917,#4918),.UNSPECIFIED.,.F.,.F.,(9,
    7,7,9),(0.866538326599,0.933427309428,1.602147059147,2.155538669618)
  ,.UNSPECIFIED.);
#4896 = CARTESIAN_POINT('',(6.908882266881,0.603062633406));
#4897 = CARTESIAN_POINT('',(6.905510128447,0.596285482102));
#4898 = CARTESIAN_POINT('',(6.902211889699,0.589489459149));
#4899 = CARTESIAN_POINT('',(6.898985938722,0.582675164535));
#4900 = CARTESIAN_POINT('',(6.895830720656,0.575843175284));
#4901 = CARTESIAN_POINT('',(6.892744736113,0.568994046771));
#4902 = CARTESIAN_POINT('',(6.889726539706,0.56212831392));
#4903 = CARTESIAN_POINT('',(6.886774738891,0.555246492272));
#4904 = CARTESIAN_POINT('',(6.855027877396,0.47939248341));
#4905 = CARTESIAN_POINT('',(6.832669819041,0.408877631189));
#4906 = CARTESIAN_POINT('',(6.815470841354,0.337301027344));
#4907 = CARTESIAN_POINT('',(6.80259200683,0.264980151731));
#4908 = CARTESIAN_POINT('',(6.793505762082,0.192153100926));
#4909 = CARTESIAN_POINT('',(6.787896023373,0.119018694854));
#4910 = CARTESIAN_POINT('',(6.785623883784,4.575303831641E-02));
#4911 = CARTESIAN_POINT('',(6.787648685558,-8.804932842607E-02));
#4912 = CARTESIAN_POINT('',(6.790880302071,-0.148602233365));
#4913 = CARTESIAN_POINT('',(6.7964507597,-0.209016937587));
#4914 = CARTESIAN_POINT('',(6.804469445879,-0.269188631134));
#4915 = CARTESIAN_POINT('',(6.815133985875,-0.32900014537));
#4916 = CARTESIAN_POINT('',(6.82874699054,-0.388313616926));
#4917 = CARTESIAN_POINT('',(6.845754050303,-0.446954543867));
#4918 = CARTESIAN_POINT('',(6.866810411593,-0.504678164086));
#4919 = ( GEOMETRIC_REPRESENTATION_CONTEXT(2) 
PARAMETRIC_REPRESENTATION_CONTEXT() REPRESENTATION_CONTEXT('2D SPACE',''
  ) );
#4920 = ORIENTED_EDGE('',*,*,#4595,.T.);
#4921 = ORIENTED_EDGE('',*,*,#4922,.F.);
#4922 = EDGE_CURVE('',#4732,#4438,#4923,.T.);
#4923 = SURFACE_CURVE('',#4924,(#4929,#4956),.PCURVE_S1.);
#4924 = CIRCLE('',#4925,4.142463035442);
#4925 = AXIS2_PLACEMENT_3D('',#4926,#4927,#4928);
#4926 = CARTESIAN_POINT('',(29.7,3.,-21.35));
#4927 = DIRECTION('',(-0.,1.,0.));
#4928 = DIRECTION('',(0.,0.,1.));
#4929 = PCURVE('',#4670,#4930);
#4930 = DEFINITIONAL_REPRESENTATION('',(#4931),#4955);
#4931 = B_SPLINE_CURVE_WITH_KNOTS('',8,(#4932,#4933,#4934,#4935,#4936,
    #4937,#4938,#4939,#4940,#4941,#4942,#4943,#4944,#4945,#4946,#4947,
    #4948,#4949,#4950,#4951,#4952,#4953,#4954),.UNSPECIFIED.,.F.,.F.,(9,
    7,7,9),(0.845202792203,1.06533844727,1.823525266557,2.17687420861),
  .UNSPECIFIED.);
#4932 = CARTESIAN_POINT('',(6.580640845279,0.703366865446));
#4933 = CARTESIAN_POINT('',(6.573801329774,0.677058304899));
#4934 = CARTESIAN_POINT('',(6.567553084917,0.65068670715));
#4935 = CARTESIAN_POINT('',(6.561830560249,0.6242603072));
#4936 = CARTESIAN_POINT('',(6.55658073322,0.597785815429));
#4937 = CARTESIAN_POINT('',(6.551759663183,0.571268864027));
#4938 = CARTESIAN_POINT('',(6.547330498997,0.544714261537));
#4939 = CARTESIAN_POINT('',(6.54326173163,0.51812623877));
#4940 = CARTESIAN_POINT('',(6.526663428053,0.399831885594));
#4941 = CARTESIAN_POINT('',(6.517760406241,0.307802115966));
#4942 = CARTESIAN_POINT('',(6.511730019754,0.215568884746));
#4943 = CARTESIAN_POINT('',(6.508126387452,0.123211675202));
#4944 = CARTESIAN_POINT('',(6.50668838328,3.079690069188E-02));
#4945 = CARTESIAN_POINT('',(6.507370314979,-6.161933628583E-02));
#4946 = CARTESIAN_POINT('',(6.510266431023,-0.153978135747));
#4947 = CARTESIAN_POINT('',(6.518313811761,-0.289179400192));
#4948 = CARTESIAN_POINT('',(6.521435352336,-0.332129092759));
#4949 = CARTESIAN_POINT('',(6.525157854891,-0.375041016874));
#4950 = CARTESIAN_POINT('',(6.529533798855,-0.417905955202));
#4951 = CARTESIAN_POINT('',(6.534630760995,-0.460713341312));
#4952 = CARTESIAN_POINT('',(6.540536653655,-0.503450542109));
#4953 = CARTESIAN_POINT('',(6.547369959514,-0.546101540193));
#4954 = CARTESIAN_POINT('',(6.55529496286,-0.588645016183));
#4955 = ( GEOMETRIC_REPRESENTATION_CONTEXT(2) 
PARAMETRIC_REPRESENTATION_CONTEXT() REPRESENTATION_CONTEXT('2D SPACE',''
  ) );
#4956 = PCURVE('',#4068,#4957);
#4957 = DEFINITIONAL_REPRESENTATION('',(#4958),#4962);
#4958 = CIRCLE('',#4959,4.142463035442);
#4959 = AXIS2_PLACEMENT_2D('',#4960,#4961);
#4960 = CARTESIAN_POINT('',(4.45,-7.5));
#4961 = DIRECTION('',(1.,0.));
#4962 = ( GEOMETRIC_REPRESENTATION_CONTEXT(2) 
PARAMETRIC_REPRESENTATION_CONTEXT() REPRESENTATION_CONTEXT('2D SPACE',''
  ) );
#4963 = ADVANCED_FACE('',(#4964),#4280,.T.);
#4964 = FACE_BOUND('',#4965,.T.);
#4965 = EDGE_LOOP('',(#4966,#4967,#4968,#5097));
#4966 = ORIENTED_EDGE('',*,*,#4467,.F.);
#4967 = ORIENTED_EDGE('',*,*,#4859,.F.);
#4968 = ORIENTED_EDGE('',*,*,#4969,.F.);
#4969 = EDGE_CURVE('',#4264,#4730,#4970,.T.);
#4970 = SURFACE_CURVE('',#4971,(#4995,#5046),.PCURVE_S1.);
#4971 = B_SPLINE_CURVE_WITH_KNOTS('',8,(#4972,#4973,#4974,#4975,#4976,
    #4977,#4978,#4979,#4980,#4981,#4982,#4983,#4984,#4985,#4986,#4987,
    #4988,#4989,#4990,#4991,#4992,#4993,#4994),.UNSPECIFIED.,.F.,.F.,(9,
    7,7,9),(6.372212256698E-07,0.462651467473,1.,3.204469080951),
  .UNSPECIFIED.);
#4972 = CARTESIAN_POINT('',(32.799000193621,-3.,-18.60114609338));
#4973 = CARTESIAN_POINT('',(32.807275269181,-2.94554670022,
    -18.59165625692));
#4974 = CARTESIAN_POINT('',(32.815027558404,-2.890994110288,
    -18.58284142065));
#4975 = CARTESIAN_POINT('',(32.822251320404,-2.836350940921,
    -18.57469039268));
#4976 = CARTESIAN_POINT('',(32.828941388617,-2.781625656396,
    -18.56719305412));
#4977 = CARTESIAN_POINT('',(32.835093170796,-2.726826474548,
    -18.56034035912));
#4978 = CARTESIAN_POINT('',(32.840702649013,-2.671961366768,
    -18.55412433488));
#4979 = CARTESIAN_POINT('',(32.845766379658,-2.617038058009,
    -18.54853808159));
#4980 = CARTESIAN_POINT('',(32.855525598942,-2.498214114327,
    -18.53781226941));
#4981 = CARTESIAN_POINT('',(32.860029572107,-2.4342959625,
    -18.53289041338));
#4982 = CARTESIAN_POINT('',(32.863788887431,-2.370321290479,
    -18.52880104691));
#4983 = CARTESIAN_POINT('',(32.866799929595,-2.30630167032,
    -18.52553684906));
#4984 = CARTESIAN_POINT('',(32.869059993465,-2.242248526952,
    -18.52309233556));
#4985 = CARTESIAN_POINT('',(32.870567284086,-2.178173138178,
    -18.52146385873));
#4986 = CARTESIAN_POINT('',(32.87132091669,-2.114086634677,
    -18.52064960753));
#4987 = CARTESIAN_POINT('',(32.87132091669,-1.78708497168,
    -18.52064960753));
#4988 = CARTESIAN_POINT('',(32.85863838842,-1.524983225223,
    -18.53435703906));
#4989 = CARTESIAN_POINT('',(32.833401900787,-1.263772596336,
    -18.56160729478));
#4990 = CARTESIAN_POINT('',(32.79583444889,-1.003977880504,
    -18.60300278536));
#4991 = CARTESIAN_POINT('',(32.7463544401,-0.746376776233,
    -18.65955050548));
#4992 = CARTESIAN_POINT('',(32.685782513826,-0.492130304106,
    -18.73291768458));
#4993 = CARTESIAN_POINT('',(32.615397394742,-0.242686929988,
    -18.82519001805));
#4994 = CARTESIAN_POINT('',(32.537194579188,3.712691331453E-09,
    -18.93953802532));
#4995 = PCURVE('',#4280,#4996);
#4996 = DEFINITIONAL_REPRESENTATION('',(#4997),#5045);
#4997 = B_SPLINE_CURVE_WITH_KNOTS('',3,(#4998,#4999,#5000,#5001,#5002,
    #5003,#5004,#5005,#5006,#5007,#5008,#5009,#5010,#5011,#5012,#5013,
    #5014,#5015,#5016,#5017,#5018,#5019,#5020,#5021,#5022,#5023,#5024,
    #5025,#5026,#5027,#5028,#5029,#5030,#5031,#5032,#5033,#5034,#5035,
    #5036,#5037,#5038,#5039,#5040,#5041,#5042,#5043,#5044),
  .UNSPECIFIED.,.F.,.F.,(4,1,1,1,1,1,1,1,1,1,1,1,1,1,1,1,1,1,1,1,1,1,1,1
    ,1,1,1,1,1,1,1,1,1,1,1,1,1,1,1,1,1,1,1,1,4),(6.372212256698E-07,
    7.28294654878E-02,0.145658293754,0.218487122021,0.291315950288,
    0.364144778554,0.436973606821,0.509802435087,0.582631263354,
    0.65546009162,0.728288919887,0.801117748154,0.87394657642,
    0.946775404687,1.019604232953,1.09243306122,1.165261889486,
    1.238090717753,1.31091954602,1.383748374286,1.456577202553,
    1.529406030819,1.602234859086,1.675063687353,1.747892515619,
    1.820721343886,1.893550172152,1.966379000419,2.039207828685,
    2.112036656952,2.184865485219,2.257694313485,2.330523141752,
    2.403351970018,2.476180798285,2.549009626551,2.621838454818,
    2.694667283085,2.767496111351,2.840324939618,2.913153767884,
    2.985982596151,3.058811424418,3.131640252684,3.204469080951),
  .QUASI_UNIFORM_KNOTS.);
#4998 = CARTESIAN_POINT('',(5.985729784198,0.703366869047));
#4999 = CARTESIAN_POINT('',(5.992786279498,0.704595858449));
#5000 = CARTESIAN_POINT('',(6.006935095004,0.706961399961));
#5001 = CARTESIAN_POINT('',(6.028258079485,0.710234140477));
#5002 = CARTESIAN_POINT('',(6.049673127279,0.713233107595));
#5003 = CARTESIAN_POINT('',(6.071172485946,0.715959895872));
#5004 = CARTESIAN_POINT('',(6.092748381652,0.718415964452));
#5005 = CARTESIAN_POINT('',(6.114393024429,0.720602616969));
#5006 = CARTESIAN_POINT('',(6.136098619041,0.722521002399));
#5007 = CARTESIAN_POINT('',(6.157857297823,0.724172137034));
#5008 = CARTESIAN_POINT('',(6.179661228272,0.725556886484));
#5009 = CARTESIAN_POINT('',(6.201502554041,0.726675979616));
#5010 = CARTESIAN_POINT('',(6.223373319298,0.727530006246));
#5011 = CARTESIAN_POINT('',(6.245265868353,0.728119414229));
#5012 = CARTESIAN_POINT('',(6.267171383129,0.728444519694));
#5013 = CARTESIAN_POINT('',(6.289085392918,0.728505464039));
#5014 = CARTESIAN_POINT('',(6.310983889706,0.728302371074));
#5015 = CARTESIAN_POINT('',(6.332859422616,0.727835701636));
#5016 = CARTESIAN_POINT('',(6.354706825622,0.727105578259));
#5017 = CARTESIAN_POINT('',(6.376520037903,0.726111904482));
#5018 = CARTESIAN_POINT('',(6.398292975694,0.724854356174));
#5019 = CARTESIAN_POINT('',(6.42001931747,0.723332403452));
#5020 = CARTESIAN_POINT('',(6.441692579303,0.721545321219));
#5021 = CARTESIAN_POINT('',(6.463306111551,0.719492200017));
#5022 = CARTESIAN_POINT('',(6.484853115823,0.717171954462));
#5023 = CARTESIAN_POINT('',(6.506326655812,0.714583330306));
#5024 = CARTESIAN_POINT('',(6.527719669192,0.711724910129));
#5025 = CARTESIAN_POINT('',(6.549024978743,0.708595117856));
#5026 = CARTESIAN_POINT('',(6.570235303297,0.705192222208));
#5027 = CARTESIAN_POINT('',(6.591343268407,0.701514339159));
#5028 = CARTESIAN_POINT('',(6.612341416814,0.69755943342));
#5029 = CARTESIAN_POINT('',(6.633222218714,0.693325318958));
#5030 = CARTESIAN_POINT('',(6.653978081813,0.688809658488));
#5031 = CARTESIAN_POINT('',(6.674601361128,0.684009961877));
#5032 = CARTESIAN_POINT('',(6.695084368475,0.678923583335));
#5033 = CARTESIAN_POINT('',(6.715419381558,0.673547717265));
#5034 = CARTESIAN_POINT('',(6.735598652534,0.66787939258));
#5035 = CARTESIAN_POINT('',(6.755614415944,0.661915465308));
#5036 = CARTESIAN_POINT('',(6.775458895833,0.655652609246));
#5037 = CARTESIAN_POINT('',(6.795124311898,0.649087304323));
#5038 = CARTESIAN_POINT('',(6.814602884493,0.642215822756));
#5039 = CARTESIAN_POINT('',(6.833886838261,0.635034211256));
#5040 = CARTESIAN_POINT('',(6.852968404253,0.627538274178));
#5041 = CARTESIAN_POINT('',(6.871839820135,0.619723537705));
#5042 = CARTESIAN_POINT('',(6.890493328991,0.611585267451));
#5043 = CARTESIAN_POINT('',(6.902778558842,0.605940600674));
#5044 = CARTESIAN_POINT('',(6.908882270252,0.603062634933));
#5045 = ( GEOMETRIC_REPRESENTATION_CONTEXT(2) 
PARAMETRIC_REPRESENTATION_CONTEXT() REPRESENTATION_CONTEXT('2D SPACE',''
  ) );
#5046 = PCURVE('',#4333,#5047);
#5047 = DEFINITIONAL_REPRESENTATION('',(#5048),#5096);
#5048 = B_SPLINE_CURVE_WITH_KNOTS('',3,(#5049,#5050,#5051,#5052,#5053,
    #5054,#5055,#5056,#5057,#5058,#5059,#5060,#5061,#5062,#5063,#5064,
    #5065,#5066,#5067,#5068,#5069,#5070,#5071,#5072,#5073,#5074,#5075,
    #5076,#5077,#5078,#5079,#5080,#5081,#5082,#5083,#5084,#5085,#5086,
    #5087,#5088,#5089,#5090,#5091,#5092,#5093,#5094,#5095),
  .UNSPECIFIED.,.F.,.F.,(4,1,1,1,1,1,1,1,1,1,1,1,1,1,1,1,1,1,1,1,1,1,1,1
    ,1,1,1,1,1,1,1,1,1,1,1,1,1,1,1,1,1,1,1,1,4),(6.372212256698E-07,
    7.28294654878E-02,0.145658293754,0.218487122021,0.291315950288,
    0.364144778554,0.436973606821,0.509802435087,0.582631263354,
    0.65546009162,0.728288919887,0.801117748154,0.87394657642,
    0.946775404687,1.019604232953,1.09243306122,1.165261889486,
    1.238090717753,1.31091954602,1.383748374286,1.456577202553,
    1.529406030819,1.602234859086,1.675063687353,1.747892515619,
    1.820721343886,1.893550172152,1.966379000419,2.039207828685,
    2.112036656952,2.184865485219,2.257694313485,2.330523141752,
    2.403351970018,2.476180798285,2.549009626551,2.621838454818,
    2.694667283085,2.767496111351,2.840324939618,2.913153767884,
    2.985982596151,3.058811424418,3.131640252684,3.204469080951),
  .QUASI_UNIFORM_KNOTS.);
#5049 = CARTESIAN_POINT('',(2.424467998526,6.));
#5050 = CARTESIAN_POINT('',(2.423019949999,5.977141732327));
#5051 = CARTESIAN_POINT('',(2.420231819858,5.931379349924));
#5052 = CARTESIAN_POINT('',(2.416372013017,5.86260924563));
#5053 = CARTESIAN_POINT('',(2.412833024529,5.793723720887));
#5054 = CARTESIAN_POINT('',(2.409613486158,5.724733536804));
#5055 = CARTESIAN_POINT('',(2.406712154784,5.655649225891));
#5056 = CARTESIAN_POINT('',(2.404127926332,5.586481058816));
#5057 = CARTESIAN_POINT('',(2.401859826175,5.517239056849));
#5058 = CARTESIAN_POINT('',(2.39990700942,5.447933221562));
#5059 = CARTESIAN_POINT('',(2.398268751195,5.378573237308));
#5060 = CARTESIAN_POINT('',(2.39694444851,5.309168682773));
#5061 = CARTESIAN_POINT('',(2.395933615817,5.23972930485));
#5062 = CARTESIAN_POINT('',(2.39523588742,5.170263782847));
#5063 = CARTESIAN_POINT('',(2.394851000482,5.100784397783));
#5064 = CARTESIAN_POINT('',(2.394778851545,5.031289590994));
#5065 = CARTESIAN_POINT('',(2.395019272964,4.961839735644));
#5066 = CARTESIAN_POINT('',(2.395571706517,4.892442751064));
#5067 = CARTESIAN_POINT('',(2.396435930081,4.823099403161));
#5068 = CARTESIAN_POINT('',(2.397611923238,4.75381339671));
#5069 = CARTESIAN_POINT('',(2.399099881695,4.684588629784));
#5070 = CARTESIAN_POINT('',(2.400900194864,4.61542989554));
#5071 = CARTESIAN_POINT('',(2.403013436045,4.546342666833));
#5072 = CARTESIAN_POINT('',(2.405440351719,4.477333132279));
#5073 = CARTESIAN_POINT('',(2.408181853346,4.408408169861));
#5074 = CARTESIAN_POINT('',(2.411239010591,4.339575341502));
#5075 = CARTESIAN_POINT('',(2.414613046111,4.270842885641));
#5076 = CARTESIAN_POINT('',(2.418305331777,4.202219713427));
#5077 = CARTESIAN_POINT('',(2.422317386277,4.133715406583));
#5078 = CARTESIAN_POINT('',(2.42665087407,4.065340217073));
#5079 = CARTESIAN_POINT('',(2.4313076057,3.997105068262));
#5080 = CARTESIAN_POINT('',(2.436289539462,3.929021557413));
#5081 = CARTESIAN_POINT('',(2.441598784495,3.861101959441));
#5082 = CARTESIAN_POINT('',(2.447237605357,3.793359231885));
#5083 = CARTESIAN_POINT('',(2.453208428183,3.725807021123));
#5084 = CARTESIAN_POINT('',(2.459513848568,3.658459669934));
#5085 = CARTESIAN_POINT('',(2.466156641324,3.591332226548));
#5086 = CARTESIAN_POINT('',(2.473139772329,3.524440455424));
#5087 = CARTESIAN_POINT('',(2.480466412656,3.457800849958));
#5088 = CARTESIAN_POINT('',(2.488139955398,3.391430647745));
#5089 = CARTESIAN_POINT('',(2.496164035039,3.325347847785));
#5090 = CARTESIAN_POINT('',(2.504542551443,3.259571233825));
#5091 = CARTESIAN_POINT('',(2.513279692522,3.194120390506));
#5092 = CARTESIAN_POINT('',(2.522379979774,3.129015764605));
#5093 = CARTESIAN_POINT('',(2.531848248682,3.064278579124));
#5094 = CARTESIAN_POINT('',(2.538409346183,3.021380406917));
#5095 = CARTESIAN_POINT('',(2.541752997096,2.999999996287));
#5096 = ( GEOMETRIC_REPRESENTATION_CONTEXT(2) 
PARAMETRIC_REPRESENTATION_CONTEXT() REPRESENTATION_CONTEXT('2D SPACE',''
  ) );
#5097 = ORIENTED_EDGE('',*,*,#4263,.T.);
#5098 = ADVANCED_FACE('',(#5099),#4333,.F.);
#5099 = FACE_BOUND('',#5100,.F.);
#5100 = EDGE_LOOP('',(#5101,#5102,#5123,#5149,#5150));
#5101 = ORIENTED_EDGE('',*,*,#4312,.F.);
#5102 = ORIENTED_EDGE('',*,*,#5103,.F.);
#5103 = EDGE_CURVE('',#5104,#4313,#5106,.T.);
#5104 = VERTEX_POINT('',#5105);
#5105 = CARTESIAN_POINT('',(37.2,3.,-17.74423588078));
#5106 = SURFACE_CURVE('',#5107,(#5111,#5117),.PCURVE_S1.);
#5107 = LINE('',#5108,#5109);
#5108 = CARTESIAN_POINT('',(37.2,3.,-17.74423588078));
#5109 = VECTOR('',#5110,1.);
#5110 = DIRECTION('',(0.,-1.,0.));
#5111 = PCURVE('',#4333,#5112);
#5112 = DEFINITIONAL_REPRESENTATION('',(#5113),#5116);
#5113 = B_SPLINE_CURVE_WITH_KNOTS('',1,(#5114,#5115),.UNSPECIFIED.,.F.,
  .F.,(2,2),(-5.999999999062E-07,6.0000006),.PIECEWISE_BEZIER_KNOTS.);
#5114 = CARTESIAN_POINT('',(1.101728722136,-5.999999999062E-07));
#5115 = CARTESIAN_POINT('',(1.101728722136,6.0000006));
#5116 = ( GEOMETRIC_REPRESENTATION_CONTEXT(2) 
PARAMETRIC_REPRESENTATION_CONTEXT() REPRESENTATION_CONTEXT('2D SPACE',''
  ) );
#5117 = PCURVE('',#4042,#5118);
#5118 = DEFINITIONAL_REPRESENTATION('',(#5119),#5122);
#5119 = B_SPLINE_CURVE_WITH_KNOTS('',1,(#5120,#5121),.UNSPECIFIED.,.F.,
  .F.,(2,2),(-5.999999999062E-07,6.0000006),.PIECEWISE_BEZIER_KNOTS.);
#5120 = CARTESIAN_POINT('',(8.05576411922,-6.0000006));
#5121 = CARTESIAN_POINT('',(8.05576411922,5.999999999062E-07));
#5122 = ( GEOMETRIC_REPRESENTATION_CONTEXT(2) 
PARAMETRIC_REPRESENTATION_CONTEXT() REPRESENTATION_CONTEXT('2D SPACE',''
  ) );
#5123 = ORIENTED_EDGE('',*,*,#5124,.T.);
#5124 = EDGE_CURVE('',#5104,#4732,#5125,.T.);
#5125 = SURFACE_CURVE('',#5126,(#5131,#5138),.PCURVE_S1.);
#5126 = CIRCLE('',#5127,3.65);
#5127 = AXIS2_PLACEMENT_3D('',#5128,#5129,#5130);
#5128 = CARTESIAN_POINT('',(35.55,3.,-21.));
#5129 = DIRECTION('',(0.,-1.,0.));
#5130 = DIRECTION('',(1.,0.,0.));
#5131 = PCURVE('',#4333,#5132);
#5132 = DEFINITIONAL_REPRESENTATION('',(#5133),#5137);
#5133 = LINE('',#5134,#5135);
#5134 = CARTESIAN_POINT('',(0.,0.));
#5135 = VECTOR('',#5136,1.);
#5136 = DIRECTION('',(1.,0.));
#5137 = ( GEOMETRIC_REPRESENTATION_CONTEXT(2) 
PARAMETRIC_REPRESENTATION_CONTEXT() REPRESENTATION_CONTEXT('2D SPACE',''
  ) );
#5138 = PCURVE('',#4068,#5139);
#5139 = DEFINITIONAL_REPRESENTATION('',(#5140),#5148);
#5140 = ( BOUNDED_CURVE() B_SPLINE_CURVE(2,(#5141,#5142,#5143,#5144,
#5145,#5146,#5147),.UNSPECIFIED.,.T.,.F.) B_SPLINE_CURVE_WITH_KNOTS((1,2
    ,2,2,2,1),(-2.094395102393,0.,2.094395102393,4.188790204786,
6.28318530718,8.377580409573),.UNSPECIFIED.) CURVE() 
GEOMETRIC_REPRESENTATION_ITEM() RATIONAL_B_SPLINE_CURVE((1.,0.5,1.,0.5,
1.,0.5,1.)) REPRESENTATION_ITEM('') );
#5141 = CARTESIAN_POINT('',(4.8,2.));
#5142 = CARTESIAN_POINT('',(11.121985447626,2.));
#5143 = CARTESIAN_POINT('',(7.960992723813,-3.475));
#5144 = CARTESIAN_POINT('',(4.8,-8.95));
#5145 = CARTESIAN_POINT('',(1.639007276187,-3.475));
#5146 = CARTESIAN_POINT('',(-1.521985447626,2.));
#5147 = CARTESIAN_POINT('',(4.8,2.));
#5148 = ( GEOMETRIC_REPRESENTATION_CONTEXT(2) 
PARAMETRIC_REPRESENTATION_CONTEXT() REPRESENTATION_CONTEXT('2D SPACE',''
  ) );
#5149 = ORIENTED_EDGE('',*,*,#4729,.F.);
#5150 = ORIENTED_EDGE('',*,*,#4969,.F.);
#5151 = ADVANCED_FACE('',(#5152),#4042,.T.);
#5152 = FACE_BOUND('',#5153,.T.);
#5153 = EDGE_LOOP('',(#5154,#5155,#5156,#5177));
#5154 = ORIENTED_EDGE('',*,*,#4345,.F.);
#5155 = ORIENTED_EDGE('',*,*,#5103,.F.);
#5156 = ORIENTED_EDGE('',*,*,#5157,.T.);
#5157 = EDGE_CURVE('',#5104,#4028,#5158,.T.);
#5158 = SURFACE_CURVE('',#5159,(#5163,#5170),.PCURVE_S1.);
#5159 = LINE('',#5160,#5161);
#5160 = CARTESIAN_POINT('',(37.2,3.,-25.8));
#5161 = VECTOR('',#5162,1.);
#5162 = DIRECTION('',(0.,0.,1.));
#5163 = PCURVE('',#4042,#5164);
#5164 = DEFINITIONAL_REPRESENTATION('',(#5165),#5169);
#5165 = LINE('',#5166,#5167);
#5166 = CARTESIAN_POINT('',(0.,-6.));
#5167 = VECTOR('',#5168,1.);
#5168 = DIRECTION('',(1.,0.));
#5169 = ( GEOMETRIC_REPRESENTATION_CONTEXT(2) 
PARAMETRIC_REPRESENTATION_CONTEXT() REPRESENTATION_CONTEXT('2D SPACE',''
  ) );
#5170 = PCURVE('',#4068,#5171);
#5171 = DEFINITIONAL_REPRESENTATION('',(#5172),#5176);
#5172 = LINE('',#5173,#5174);
#5173 = CARTESIAN_POINT('',(0.,0.));
#5174 = VECTOR('',#5175,1.);
#5175 = DIRECTION('',(1.,0.));
#5176 = ( GEOMETRIC_REPRESENTATION_CONTEXT(2) 
PARAMETRIC_REPRESENTATION_CONTEXT() REPRESENTATION_CONTEXT('2D SPACE',''
  ) );
#5177 = ORIENTED_EDGE('',*,*,#4027,.F.);
#5178 = ADVANCED_FACE('',(#5179),#4068,.F.);
#5179 = FACE_BOUND('',#5180,.F.);
#5180 = EDGE_LOOP('',(#5181,#5203,#5223,#5224,#5225,#5226,#5227,#5228));
#5181 = ORIENTED_EDGE('',*,*,#5182,.F.);
#5182 = EDGE_CURVE('',#5183,#4054,#5185,.T.);
#5183 = VERTEX_POINT('',#5184);
#5184 = CARTESIAN_POINT('',(40.4,3.,-25.55));
#5185 = SURFACE_CURVE('',#5186,(#5190,#5197),.PCURVE_S1.);
#5186 = LINE('',#5187,#5188);
#5187 = CARTESIAN_POINT('',(40.4,3.,-25.675));
#5188 = VECTOR('',#5189,1.);
#5189 = DIRECTION('',(0.,0.,1.));
#5190 = PCURVE('',#4068,#5191);
#5191 = DEFINITIONAL_REPRESENTATION('',(#5192),#5196);
#5192 = LINE('',#5193,#5194);
#5193 = CARTESIAN_POINT('',(0.125,3.2));
#5194 = VECTOR('',#5195,1.);
#5195 = DIRECTION('',(1.,0.));
#5196 = ( GEOMETRIC_REPRESENTATION_CONTEXT(2) 
PARAMETRIC_REPRESENTATION_CONTEXT() REPRESENTATION_CONTEXT('2D SPACE',''
  ) );
#5197 = PCURVE('',#4094,#5198);
#5198 = DEFINITIONAL_REPRESENTATION('',(#5199),#5202);
#5199 = B_SPLINE_CURVE_WITH_KNOTS('',1,(#5200,#5201),.UNSPECIFIED.,.F.,
  .F.,(2,2),(0.125,9.225),.PIECEWISE_BEZIER_KNOTS.);
#5200 = CARTESIAN_POINT('',(0.,-6.6));
#5201 = CARTESIAN_POINT('',(9.1,-6.6));
#5202 = ( GEOMETRIC_REPRESENTATION_CONTEXT(2) 
PARAMETRIC_REPRESENTATION_CONTEXT() REPRESENTATION_CONTEXT('2D SPACE',''
  ) );
#5203 = ORIENTED_EDGE('',*,*,#5204,.T.);
#5204 = EDGE_CURVE('',#5183,#4393,#5205,.T.);
#5205 = SURFACE_CURVE('',#5206,(#5210,#5217),.PCURVE_S1.);
#5206 = LINE('',#5207,#5208);
#5207 = CARTESIAN_POINT('',(34.55,3.,-25.55));
#5208 = VECTOR('',#5209,1.);
#5209 = DIRECTION('',(-1.,-0.,0.));
#5210 = PCURVE('',#4068,#5211);
#5211 = DEFINITIONAL_REPRESENTATION('',(#5212),#5216);
#5212 = LINE('',#5213,#5214);
#5213 = CARTESIAN_POINT('',(0.25,-2.65));
#5214 = VECTOR('',#5215,1.);
#5215 = DIRECTION('',(0.,-1.));
#5216 = ( GEOMETRIC_REPRESENTATION_CONTEXT(2) 
PARAMETRIC_REPRESENTATION_CONTEXT() REPRESENTATION_CONTEXT('2D SPACE',''
  ) );
#5217 = PCURVE('',#90,#5218);
#5218 = DEFINITIONAL_REPRESENTATION('',(#5219),#5222);
#5219 = B_SPLINE_CURVE_WITH_KNOTS('',1,(#5220,#5221),.UNSPECIFIED.,.F.,
  .F.,(2,2),(-5.85,-2.65),.PIECEWISE_BEZIER_KNOTS.);
#5220 = CARTESIAN_POINT('',(8.5,6.6));
#5221 = CARTESIAN_POINT('',(5.3,6.6));
#5222 = ( GEOMETRIC_REPRESENTATION_CONTEXT(2) 
PARAMETRIC_REPRESENTATION_CONTEXT() REPRESENTATION_CONTEXT('2D SPACE',''
  ) );
#5223 = ORIENTED_EDGE('',*,*,#4413,.T.);
#5224 = ORIENTED_EDGE('',*,*,#4437,.F.);
#5225 = ORIENTED_EDGE('',*,*,#4922,.F.);
#5226 = ORIENTED_EDGE('',*,*,#5124,.F.);
#5227 = ORIENTED_EDGE('',*,*,#5157,.T.);
#5228 = ORIENTED_EDGE('',*,*,#4053,.F.);
#5229 = ADVANCED_FACE('',(#5230),#4094,.T.);
#5230 = FACE_BOUND('',#5231,.T.);
#5231 = EDGE_LOOP('',(#5232,#5233,#5234,#5257));
#5232 = ORIENTED_EDGE('',*,*,#4080,.F.);
#5233 = ORIENTED_EDGE('',*,*,#5182,.F.);
#5234 = ORIENTED_EDGE('',*,*,#5235,.T.);
#5235 = EDGE_CURVE('',#5183,#5236,#5238,.T.);
#5236 = VERTEX_POINT('',#5237);
#5237 = CARTESIAN_POINT('',(40.4,3.6,-25.55));
#5238 = SURFACE_CURVE('',#5239,(#5243,#5250),.PCURVE_S1.);
#5239 = LINE('',#5240,#5241);
#5240 = CARTESIAN_POINT('',(40.4,-3.6,-25.55));
#5241 = VECTOR('',#5242,1.);
#5242 = DIRECTION('',(-0.,1.,0.));
#5243 = PCURVE('',#4094,#5244);
#5244 = DEFINITIONAL_REPRESENTATION('',(#5245),#5249);
#5245 = LINE('',#5246,#5247);
#5246 = CARTESIAN_POINT('',(0.,0.));
#5247 = VECTOR('',#5248,1.);
#5248 = DIRECTION('',(0.,-1.));
#5249 = ( GEOMETRIC_REPRESENTATION_CONTEXT(2) 
PARAMETRIC_REPRESENTATION_CONTEXT() REPRESENTATION_CONTEXT('2D SPACE',''
  ) );
#5250 = PCURVE('',#90,#5251);
#5251 = DEFINITIONAL_REPRESENTATION('',(#5252),#5256);
#5252 = LINE('',#5253,#5254);
#5253 = CARTESIAN_POINT('',(8.5,0.));
#5254 = VECTOR('',#5255,1.);
#5255 = DIRECTION('',(0.,1.));
#5256 = ( GEOMETRIC_REPRESENTATION_CONTEXT(2) 
PARAMETRIC_REPRESENTATION_CONTEXT() REPRESENTATION_CONTEXT('2D SPACE',''
  ) );
#5257 = ORIENTED_EDGE('',*,*,#5258,.T.);
#5258 = EDGE_CURVE('',#5236,#3926,#5259,.T.);
#5259 = SURFACE_CURVE('',#5260,(#5264,#5271),.PCURVE_S1.);
#5260 = LINE('',#5261,#5262);
#5261 = CARTESIAN_POINT('',(40.4,3.6,-25.55));
#5262 = VECTOR('',#5263,1.);
#5263 = DIRECTION('',(0.,0.,1.));
#5264 = PCURVE('',#4094,#5265);
#5265 = DEFINITIONAL_REPRESENTATION('',(#5266),#5270);
#5266 = LINE('',#5267,#5268);
#5267 = CARTESIAN_POINT('',(0.,-7.2));
#5268 = VECTOR('',#5269,1.);
#5269 = DIRECTION('',(1.,0.));
#5270 = ( GEOMETRIC_REPRESENTATION_CONTEXT(2) 
PARAMETRIC_REPRESENTATION_CONTEXT() REPRESENTATION_CONTEXT('2D SPACE',''
  ) );
#5271 = PCURVE('',#118,#5272);
#5272 = DEFINITIONAL_REPRESENTATION('',(#5273),#5277);
#5273 = LINE('',#5274,#5275);
#5274 = CARTESIAN_POINT('',(0.,8.5));
#5275 = VECTOR('',#5276,1.);
#5276 = DIRECTION('',(1.,0.));
#5277 = ( GEOMETRIC_REPRESENTATION_CONTEXT(2) 
PARAMETRIC_REPRESENTATION_CONTEXT() REPRESENTATION_CONTEXT('2D SPACE',''
  ) );
#5278 = ADVANCED_FACE('',(#5279),#185,.T.);
#5279 = FACE_BOUND('',#5280,.T.);
#5280 = EDGE_LOOP('',(#5281,#5282,#5283,#5305));
#5281 = ORIENTED_EDGE('',*,*,#738,.F.);
#5282 = ORIENTED_EDGE('',*,*,#2887,.T.);
#5283 = ORIENTED_EDGE('',*,*,#5284,.T.);
#5284 = EDGE_CURVE('',#2888,#131,#5285,.T.);
#5285 = SURFACE_CURVE('',#5286,(#5291,#5298),.PCURVE_S1.);
#5286 = CIRCLE('',#5287,4.25);
#5287 = AXIS2_PLACEMENT_3D('',#5288,#5289,#5290);
#5288 = CARTESIAN_POINT('',(29.7,2.05,-21.35));
#5289 = DIRECTION('',(-2.449293598295E-16,-1.,0.));
#5290 = DIRECTION('',(1.,-2.449293598295E-16,0.));
#5291 = PCURVE('',#185,#5292);
#5292 = DEFINITIONAL_REPRESENTATION('',(#5293),#5297);
#5293 = LINE('',#5294,#5295);
#5294 = CARTESIAN_POINT('',(6.28318530718,-6.28318530718));
#5295 = VECTOR('',#5296,1.);
#5296 = DIRECTION('',(0.,1.));
#5297 = ( GEOMETRIC_REPRESENTATION_CONTEXT(2) 
PARAMETRIC_REPRESENTATION_CONTEXT() REPRESENTATION_CONTEXT('2D SPACE',''
  ) );
#5298 = PCURVE('',#147,#5299);
#5299 = DEFINITIONAL_REPRESENTATION('',(#5300),#5304);
#5300 = LINE('',#5301,#5302);
#5301 = CARTESIAN_POINT('',(0.,-6.28318530718));
#5302 = VECTOR('',#5303,1.);
#5303 = DIRECTION('',(0.,1.));
#5304 = ( GEOMETRIC_REPRESENTATION_CONTEXT(2) 
PARAMETRIC_REPRESENTATION_CONTEXT() REPRESENTATION_CONTEXT('2D SPACE',''
  ) );
#5305 = ORIENTED_EDGE('',*,*,#168,.F.);
#5306 = ADVANCED_FACE('',(#5307,#5518),#147,.T.);
#5307 = FACE_BOUND('',#5308,.T.);
#5308 = EDGE_LOOP('',(#5309,#5310,#5311,#5312,#5363,#5392,#5432,#5465,
    #5514,#5515,#5516,#5517));
#5309 = ORIENTED_EDGE('',*,*,#3665,.T.);
#5310 = ORIENTED_EDGE('',*,*,#3788,.F.);
#5311 = ORIENTED_EDGE('',*,*,#3817,.F.);
#5312 = ORIENTED_EDGE('',*,*,#5313,.T.);
#5313 = EDGE_CURVE('',#3818,#5314,#5316,.T.);
#5314 = VERTEX_POINT('',#5315);
#5315 = CARTESIAN_POINT('',(33.528837943815,3.6,-20.35));
#5316 = SURFACE_CURVE('',#5317,(#5322,#5356),.PCURVE_S1.);
#5317 = CIRCLE('',#5318,3.957271787482);
#5318 = AXIS2_PLACEMENT_3D('',#5319,#5320,#5321);
#5319 = CARTESIAN_POINT('',(29.7,3.6,-21.35));
#5320 = DIRECTION('',(-0.,1.,0.));
#5321 = DIRECTION('',(0.,0.,1.));
#5322 = PCURVE('',#147,#5323);
#5323 = DEFINITIONAL_REPRESENTATION('',(#5324),#5355);
#5324 = B_SPLINE_CURVE_WITH_KNOTS('',8,(#5325,#5326,#5327,#5328,#5329,
    #5330,#5331,#5332,#5333,#5334,#5335,#5336,#5337,#5338,#5339,#5340,
    #5341,#5342,#5343,#5344,#5345,#5346,#5347,#5348,#5349,#5350,#5351,
    #5352,#5353,#5354),.UNSPECIFIED.,.F.,.F.,(9,7,7,7,9),(0.5894916776,
    1.080144002197,1.816122489094,2.184111732542,2.55210097599),
  .UNSPECIFIED.);
#5325 = CARTESIAN_POINT('',(0.613770095017,0.885088485971));
#5326 = CARTESIAN_POINT('',(0.57059426468,0.834951028954));
#5327 = CARTESIAN_POINT('',(0.535490429907,0.783070544898));
#5328 = CARTESIAN_POINT('',(0.506474949549,0.729969642603));
#5329 = CARTESIAN_POINT('',(0.482208425273,0.675953870048));
#5330 = CARTESIAN_POINT('',(0.461796781391,0.621234671618));
#5331 = CARTESIAN_POINT('',(0.444575771123,0.565963700225));
#5332 = CARTESIAN_POINT('',(0.43006767376,0.510256248451));
#5333 = CARTESIAN_POINT('',(0.399684250777,0.370123273897));
#5334 = CARTESIAN_POINT('',(0.386752543048,0.285265610872));
#5335 = CARTESIAN_POINT('',(0.377914007992,0.199936179488));
#5336 = CARTESIAN_POINT('',(0.372590419643,0.114318981171));
#5337 = CARTESIAN_POINT('',(0.370469658877,2.856538133523E-02));
#5338 = CARTESIAN_POINT('',(0.371482335197,-5.719108126559E-02));
#5339 = CARTESIAN_POINT('',(0.375758803309,-0.142811742913));
#5340 = CARTESIAN_POINT('',(0.387753611519,-0.270770594305));
#5341 = CARTESIAN_POINT('',(0.392681969133,-0.313344824009));
#5342 = CARTESIAN_POINT('',(0.398597047799,-0.355818056531));
#5343 = CARTESIAN_POINT('',(0.405576758613,-0.398165119537));
#5344 = CARTESIAN_POINT('',(0.413722278008,-0.440357292235));
#5345 = CARTESIAN_POINT('',(0.423164868399,-0.482360482395));
#5346 = CARTESIAN_POINT('',(0.434077532414,-0.524132232923));
#5347 = CARTESIAN_POINT('',(0.459305468948,-0.607102883071));
#5348 = CARTESIAN_POINT('',(0.473620727802,-0.648301601391));
#5349 = CARTESIAN_POINT('',(0.489869337885,-0.689159298575));
#5350 = CARTESIAN_POINT('',(0.508342262988,-0.729606671928));
#5351 = CARTESIAN_POINT('',(0.529408667888,-0.769557990427));
#5352 = CARTESIAN_POINT('',(0.553547052487,-0.808902017018));
#5353 = CARTESIAN_POINT('',(0.581388222264,-0.847485393208));
#5354 = CARTESIAN_POINT('',(0.613770095017,-0.885088485971));
#5355 = ( GEOMETRIC_REPRESENTATION_CONTEXT(2) 
PARAMETRIC_REPRESENTATION_CONTEXT() REPRESENTATION_CONTEXT('2D SPACE',''
  ) );
#5356 = PCURVE('',#118,#5357);
#5357 = DEFINITIONAL_REPRESENTATION('',(#5358),#5362);
#5358 = CIRCLE('',#5359,3.957271787482);
#5359 = AXIS2_PLACEMENT_2D('',#5360,#5361);
#5360 = CARTESIAN_POINT('',(4.2,-2.2));
#5361 = DIRECTION('',(1.,0.));
#5362 = ( GEOMETRIC_REPRESENTATION_CONTEXT(2) 
PARAMETRIC_REPRESENTATION_CONTEXT() REPRESENTATION_CONTEXT('2D SPACE',''
  ) );
#5363 = ORIENTED_EDGE('',*,*,#5364,.T.);
#5364 = EDGE_CURVE('',#5314,#5365,#5367,.T.);
#5365 = VERTEX_POINT('',#5366);
#5366 = CARTESIAN_POINT('',(30.512403840464,6.1,-20.35));
#5367 = SURFACE_CURVE('',#5368,(#5373,#5380),.PCURVE_S1.);
#5368 = CIRCLE('',#5369,4.130677910465);
#5369 = AXIS2_PLACEMENT_3D('',#5370,#5371,#5372);
#5370 = CARTESIAN_POINT('',(29.7,2.05,-20.35));
#5371 = DIRECTION('',(1.230565932769E-14,-1.206107479168E-14,1.));
#5372 = DIRECTION('',(0.92692725669,0.375241070255,-6.880640429117E-15)
  );
#5373 = PCURVE('',#147,#5374);
#5374 = DEFINITIONAL_REPRESENTATION('',(#5375),#5379);
#5375 = LINE('',#5376,#5377);
#5376 = CARTESIAN_POINT('',(0.38465683543,0.237521170781));
#5377 = VECTOR('',#5378,1.);
#5378 = DIRECTION('',(1.,0.));
#5379 = ( GEOMETRIC_REPRESENTATION_CONTEXT(2) 
PARAMETRIC_REPRESENTATION_CONTEXT() REPRESENTATION_CONTEXT('2D SPACE',''
  ) );
#5380 = PCURVE('',#5381,#5386);
#5381 = PLANE('',#5382);
#5382 = AXIS2_PLACEMENT_3D('',#5383,#5384,#5385);
#5383 = CARTESIAN_POINT('',(25.6,5.,-20.35));
#5384 = DIRECTION('',(0.,0.,1.));
#5385 = DIRECTION('',(1.,0.,-0.));
#5386 = DEFINITIONAL_REPRESENTATION('',(#5387),#5391);
#5387 = CIRCLE('',#5388,4.130677910465);
#5388 = AXIS2_PLACEMENT_2D('',#5389,#5390);
#5389 = CARTESIAN_POINT('',(4.1,-2.95));
#5390 = DIRECTION('',(0.92692725669,0.375241070255));
#5391 = ( GEOMETRIC_REPRESENTATION_CONTEXT(2) 
PARAMETRIC_REPRESENTATION_CONTEXT() REPRESENTATION_CONTEXT('2D SPACE',''
  ) );
#5392 = ORIENTED_EDGE('',*,*,#5393,.T.);
#5393 = EDGE_CURVE('',#5365,#5394,#5396,.T.);
#5394 = VERTEX_POINT('',#5395);
#5395 = CARTESIAN_POINT('',(30.512403840464,6.1,-22.35));
#5396 = SURFACE_CURVE('',#5397,(#5402,#5420),.PCURVE_S1.);
#5397 = CIRCLE('',#5398,1.288409872673);
#5398 = AXIS2_PLACEMENT_3D('',#5399,#5400,#5401);
#5399 = CARTESIAN_POINT('',(29.7,6.1,-21.35));
#5400 = DIRECTION('',(-0.,1.,0.));
#5401 = DIRECTION('',(0.,0.,1.));
#5402 = PCURVE('',#147,#5403);
#5403 = DEFINITIONAL_REPRESENTATION('',(#5404),#5419);
#5404 = B_SPLINE_CURVE_WITH_KNOTS('',7,(#5405,#5406,#5407,#5408,#5409,
    #5410,#5411,#5412,#5413,#5414,#5415,#5416,#5417,#5418),
  .UNSPECIFIED.,.F.,.F.,(8,6,8),(0.682258630169,1.570796326795,
    2.459334023421),.UNSPECIFIED.);
#5405 = CARTESIAN_POINT('',(1.372830119781,0.237521170781));
#5406 = CARTESIAN_POINT('',(1.342700741057,0.212556349967));
#5407 = CARTESIAN_POINT('',(1.316620953175,0.183216890145));
#5408 = CARTESIAN_POINT('',(1.295279160615,0.150244881478));
#5409 = CARTESIAN_POINT('',(1.27908620258,0.114522237768));
#5410 = CARTESIAN_POINT('',(1.268224632746,7.696144408462E-02));
#5411 = CARTESIAN_POINT('',(1.262794329084,3.848069716216E-02));
#5412 = CARTESIAN_POINT('',(1.262794329084,-3.848069716216E-02));
#5413 = CARTESIAN_POINT('',(1.268224632747,-7.696144408463E-02));
#5414 = CARTESIAN_POINT('',(1.27908620258,-0.114522237768));
#5415 = CARTESIAN_POINT('',(1.295279160616,-0.150244881478));
#5416 = CARTESIAN_POINT('',(1.316620953175,-0.183216890145));
#5417 = CARTESIAN_POINT('',(1.342700741057,-0.212556349967));
#5418 = CARTESIAN_POINT('',(1.372830119781,-0.237521170781));
#5419 = ( GEOMETRIC_REPRESENTATION_CONTEXT(2) 
PARAMETRIC_REPRESENTATION_CONTEXT() REPRESENTATION_CONTEXT('2D SPACE',''
  ) );
#5420 = PCURVE('',#5421,#5426);
#5421 = PLANE('',#5422);
#5422 = AXIS2_PLACEMENT_3D('',#5423,#5424,#5425);
#5423 = CARTESIAN_POINT('',(25.6,6.1,-22.35));
#5424 = DIRECTION('',(-0.,1.,0.));
#5425 = DIRECTION('',(0.,0.,1.));
#5426 = DEFINITIONAL_REPRESENTATION('',(#5427),#5431);
#5427 = CIRCLE('',#5428,1.288409872673);
#5428 = AXIS2_PLACEMENT_2D('',#5429,#5430);
#5429 = CARTESIAN_POINT('',(1.,4.1));
#5430 = DIRECTION('',(1.,0.));
#5431 = ( GEOMETRIC_REPRESENTATION_CONTEXT(2) 
PARAMETRIC_REPRESENTATION_CONTEXT() REPRESENTATION_CONTEXT('2D SPACE',''
  ) );
#5432 = ORIENTED_EDGE('',*,*,#5433,.T.);
#5433 = EDGE_CURVE('',#5394,#5434,#5436,.T.);
#5434 = VERTEX_POINT('',#5435);
#5435 = CARTESIAN_POINT('',(33.528837943815,3.6,-22.35));
#5436 = SURFACE_CURVE('',#5437,(#5442,#5449),.PCURVE_S1.);
#5437 = CIRCLE('',#5438,4.130677910465);
#5438 = AXIS2_PLACEMENT_3D('',#5439,#5440,#5441);
#5439 = CARTESIAN_POINT('',(29.7,2.05,-22.35));
#5440 = DIRECTION('',(0.,0.,-1.));
#5441 = DIRECTION('',(0.196675668758,0.980468602923,0.));
#5442 = PCURVE('',#147,#5443);
#5443 = DEFINITIONAL_REPRESENTATION('',(#5444),#5448);
#5444 = LINE('',#5445,#5446);
#5445 = CARTESIAN_POINT('',(1.372830119781,-0.237521170781));
#5446 = VECTOR('',#5447,1.);
#5447 = DIRECTION('',(-1.,-0.));
#5448 = ( GEOMETRIC_REPRESENTATION_CONTEXT(2) 
PARAMETRIC_REPRESENTATION_CONTEXT() REPRESENTATION_CONTEXT('2D SPACE',''
  ) );
#5449 = PCURVE('',#5450,#5455);
#5450 = PLANE('',#5451);
#5451 = AXIS2_PLACEMENT_3D('',#5452,#5453,#5454);
#5452 = CARTESIAN_POINT('',(30.,3.4,-22.35));
#5453 = DIRECTION('',(0.,0.,1.));
#5454 = DIRECTION('',(1.,0.,-0.));
#5455 = DEFINITIONAL_REPRESENTATION('',(#5456),#5464);
#5456 = ( BOUNDED_CURVE() B_SPLINE_CURVE(2,(#5457,#5458,#5459,#5460,
#5461,#5462,#5463),.UNSPECIFIED.,.T.,.F.) B_SPLINE_CURVE_WITH_KNOTS((1,2
    ,2,2,2,1),(-2.094395102393,0.,2.094395102393,4.188790204786,
6.28318530718,8.377580409573),.UNSPECIFIED.) CURVE() 
GEOMETRIC_REPRESENTATION_ITEM() RATIONAL_B_SPLINE_CURVE((1.,0.5,1.,0.5,
1.,0.5,1.)) REPRESENTATION_ITEM('') );
#5457 = CARTESIAN_POINT('',(0.512403840464,2.7));
#5458 = CARTESIAN_POINT('',(7.527209611118,1.292875272053));
#5459 = CARTESIAN_POINT('',(2.801200965095,-4.078562363973));
#5460 = CARTESIAN_POINT('',(-1.924807680927,-9.45));
#5461 = CARTESIAN_POINT('',(-4.213604805559,-2.671437636027));
#5462 = CARTESIAN_POINT('',(-6.50240193019,4.107124727947));
#5463 = CARTESIAN_POINT('',(0.512403840464,2.7));
#5464 = ( GEOMETRIC_REPRESENTATION_CONTEXT(2) 
PARAMETRIC_REPRESENTATION_CONTEXT() REPRESENTATION_CONTEXT('2D SPACE',''
  ) );
#5465 = ORIENTED_EDGE('',*,*,#5466,.T.);
#5466 = EDGE_CURVE('',#5434,#103,#5467,.T.);
#5467 = SURFACE_CURVE('',#5468,(#5473,#5507),.PCURVE_S1.);
#5468 = CIRCLE('',#5469,3.957271787482);
#5469 = AXIS2_PLACEMENT_3D('',#5470,#5471,#5472);
#5470 = CARTESIAN_POINT('',(29.7,3.6,-21.35));
#5471 = DIRECTION('',(-0.,1.,0.));
#5472 = DIRECTION('',(0.,0.,1.));
#5473 = PCURVE('',#147,#5474);
#5474 = DEFINITIONAL_REPRESENTATION('',(#5475),#5506);
#5475 = B_SPLINE_CURVE_WITH_KNOTS('',8,(#5476,#5477,#5478,#5479,#5480,
    #5481,#5482,#5483,#5484,#5485,#5486,#5487,#5488,#5489,#5490,#5491,
    #5492,#5493,#5494,#5495,#5496,#5497,#5498,#5499,#5500,#5501,#5502,
    #5503,#5504,#5505),.UNSPECIFIED.,.F.,.F.,(9,7,7,7,9),(0.5894916776,
    1.080144002197,1.816122489094,2.184111732542,2.55210097599),
  .UNSPECIFIED.);
#5476 = CARTESIAN_POINT('',(0.613770095017,0.885088485971));
#5477 = CARTESIAN_POINT('',(0.57059426468,0.834951028954));
#5478 = CARTESIAN_POINT('',(0.535490429907,0.783070544898));
#5479 = CARTESIAN_POINT('',(0.506474949549,0.729969642603));
#5480 = CARTESIAN_POINT('',(0.482208425273,0.675953870048));
#5481 = CARTESIAN_POINT('',(0.461796781391,0.621234671618));
#5482 = CARTESIAN_POINT('',(0.444575771123,0.565963700225));
#5483 = CARTESIAN_POINT('',(0.43006767376,0.510256248451));
#5484 = CARTESIAN_POINT('',(0.399684250777,0.370123273897));
#5485 = CARTESIAN_POINT('',(0.386752543048,0.285265610872));
#5486 = CARTESIAN_POINT('',(0.377914007992,0.199936179488));
#5487 = CARTESIAN_POINT('',(0.372590419643,0.114318981171));
#5488 = CARTESIAN_POINT('',(0.370469658877,2.856538133523E-02));
#5489 = CARTESIAN_POINT('',(0.371482335197,-5.719108126559E-02));
#5490 = CARTESIAN_POINT('',(0.375758803309,-0.142811742913));
#5491 = CARTESIAN_POINT('',(0.387753611519,-0.270770594305));
#5492 = CARTESIAN_POINT('',(0.392681969133,-0.313344824009));
#5493 = CARTESIAN_POINT('',(0.398597047799,-0.355818056531));
#5494 = CARTESIAN_POINT('',(0.405576758613,-0.398165119537));
#5495 = CARTESIAN_POINT('',(0.413722278008,-0.440357292235));
#5496 = CARTESIAN_POINT('',(0.423164868399,-0.482360482395));
#5497 = CARTESIAN_POINT('',(0.434077532414,-0.524132232923));
#5498 = CARTESIAN_POINT('',(0.459305468948,-0.607102883071));
#5499 = CARTESIAN_POINT('',(0.473620727802,-0.648301601391));
#5500 = CARTESIAN_POINT('',(0.489869337885,-0.689159298575));
#5501 = CARTESIAN_POINT('',(0.508342262988,-0.729606671928));
#5502 = CARTESIAN_POINT('',(0.529408667888,-0.769557990427));
#5503 = CARTESIAN_POINT('',(0.553547052487,-0.808902017018));
#5504 = CARTESIAN_POINT('',(0.581388222264,-0.847485393208));
#5505 = CARTESIAN_POINT('',(0.613770095017,-0.885088485971));
#5506 = ( GEOMETRIC_REPRESENTATION_CONTEXT(2) 
PARAMETRIC_REPRESENTATION_CONTEXT() REPRESENTATION_CONTEXT('2D SPACE',''
  ) );
#5507 = PCURVE('',#118,#5508);
#5508 = DEFINITIONAL_REPRESENTATION('',(#5509),#5513);
#5509 = CIRCLE('',#5510,3.957271787482);
#5510 = AXIS2_PLACEMENT_2D('',#5511,#5512);
#5511 = CARTESIAN_POINT('',(4.2,-2.2));
#5512 = DIRECTION('',(1.,0.));
#5513 = ( GEOMETRIC_REPRESENTATION_CONTEXT(2) 
PARAMETRIC_REPRESENTATION_CONTEXT() REPRESENTATION_CONTEXT('2D SPACE',''
  ) );
#5514 = ORIENTED_EDGE('',*,*,#130,.F.);
#5515 = ORIENTED_EDGE('',*,*,#5284,.F.);
#5516 = ORIENTED_EDGE('',*,*,#2911,.T.);
#5517 = ORIENTED_EDGE('',*,*,#3067,.T.);
#5518 = FACE_BOUND('',#5519,.T.);
#5519 = EDGE_LOOP('',(#5520,#5562,#5591,#5624));
#5520 = ORIENTED_EDGE('',*,*,#5521,.T.);
#5521 = EDGE_CURVE('',#5522,#5524,#5526,.T.);
#5522 = VERTEX_POINT('',#5523);
#5523 = CARTESIAN_POINT('',(28.887596159536,6.1,-22.35));
#5524 = VERTEX_POINT('',#5525);
#5525 = CARTESIAN_POINT('',(28.887596159536,6.1,-20.35));
#5526 = SURFACE_CURVE('',#5527,(#5532,#5550),.PCURVE_S1.);
#5527 = CIRCLE('',#5528,1.288409872673);
#5528 = AXIS2_PLACEMENT_3D('',#5529,#5530,#5531);
#5529 = CARTESIAN_POINT('',(29.7,6.1,-21.35));
#5530 = DIRECTION('',(-0.,1.,0.));
#5531 = DIRECTION('',(0.,0.,1.));
#5532 = PCURVE('',#147,#5533);
#5533 = DEFINITIONAL_REPRESENTATION('',(#5534),#5549);
#5534 = B_SPLINE_CURVE_WITH_KNOTS('',7,(#5535,#5536,#5537,#5538,#5539,
    #5540,#5541,#5542,#5543,#5544,#5545,#5546,#5547,#5548),
  .UNSPECIFIED.,.F.,.F.,(8,6,8),(3.823851283759,4.712388980385,
    5.60092667701),.UNSPECIFIED.);
#5535 = CARTESIAN_POINT('',(1.768762533809,-0.237521170781));
#5536 = CARTESIAN_POINT('',(1.798891912532,-0.212556349967));
#5537 = CARTESIAN_POINT('',(1.824971700415,-0.183216890145));
#5538 = CARTESIAN_POINT('',(1.846313492974,-0.150244881478));
#5539 = CARTESIAN_POINT('',(1.86250645101,-0.114522237768));
#5540 = CARTESIAN_POINT('',(1.873368020843,-7.696144408464E-02));
#5541 = CARTESIAN_POINT('',(1.878798324506,-3.848069716216E-02));
#5542 = CARTESIAN_POINT('',(1.878798324506,3.848069716216E-02));
#5543 = CARTESIAN_POINT('',(1.873368020844,7.69614440846E-02));
#5544 = CARTESIAN_POINT('',(1.86250645101,0.114522237768));
#5545 = CARTESIAN_POINT('',(1.846313492975,0.150244881478));
#5546 = CARTESIAN_POINT('',(1.824971700414,0.183216890146));
#5547 = CARTESIAN_POINT('',(1.798891912532,0.212556349967));
#5548 = CARTESIAN_POINT('',(1.768762533809,0.237521170781));
#5549 = ( GEOMETRIC_REPRESENTATION_CONTEXT(2) 
PARAMETRIC_REPRESENTATION_CONTEXT() REPRESENTATION_CONTEXT('2D SPACE',''
  ) );
#5550 = PCURVE('',#5551,#5556);
#5551 = PLANE('',#5552);
#5552 = AXIS2_PLACEMENT_3D('',#5553,#5554,#5555);
#5553 = CARTESIAN_POINT('',(25.6,6.1,-22.35));
#5554 = DIRECTION('',(-0.,1.,0.));
#5555 = DIRECTION('',(0.,0.,1.));
#5556 = DEFINITIONAL_REPRESENTATION('',(#5557),#5561);
#5557 = CIRCLE('',#5558,1.288409872673);
#5558 = AXIS2_PLACEMENT_2D('',#5559,#5560);
#5559 = CARTESIAN_POINT('',(1.,4.1));
#5560 = DIRECTION('',(1.,0.));
#5561 = ( GEOMETRIC_REPRESENTATION_CONTEXT(2) 
PARAMETRIC_REPRESENTATION_CONTEXT() REPRESENTATION_CONTEXT('2D SPACE',''
  ) );
#5562 = ORIENTED_EDGE('',*,*,#5563,.T.);
#5563 = EDGE_CURVE('',#5524,#5564,#5566,.T.);
#5564 = VERTEX_POINT('',#5565);
#5565 = CARTESIAN_POINT('',(26.80863354104,5.,-20.35));
#5566 = SURFACE_CURVE('',#5567,(#5572,#5579),.PCURVE_S1.);
#5567 = CIRCLE('',#5568,4.130677910465);
#5568 = AXIS2_PLACEMENT_3D('',#5569,#5570,#5571);
#5569 = CARTESIAN_POINT('',(29.7,2.05,-20.35));
#5570 = DIRECTION('',(0.,0.,1.));
#5571 = DIRECTION('',(1.,0.,-0.));
#5572 = PCURVE('',#147,#5573);
#5573 = DEFINITIONAL_REPRESENTATION('',(#5574),#5578);
#5574 = LINE('',#5575,#5576);
#5575 = CARTESIAN_POINT('',(0.,0.237521170781));
#5576 = VECTOR('',#5577,1.);
#5577 = DIRECTION('',(1.,0.));
#5578 = ( GEOMETRIC_REPRESENTATION_CONTEXT(2) 
PARAMETRIC_REPRESENTATION_CONTEXT() REPRESENTATION_CONTEXT('2D SPACE',''
  ) );
#5579 = PCURVE('',#5580,#5585);
#5580 = PLANE('',#5581);
#5581 = AXIS2_PLACEMENT_3D('',#5582,#5583,#5584);
#5582 = CARTESIAN_POINT('',(25.6,5.,-20.35));
#5583 = DIRECTION('',(0.,0.,1.));
#5584 = DIRECTION('',(1.,0.,-0.));
#5585 = DEFINITIONAL_REPRESENTATION('',(#5586),#5590);
#5586 = CIRCLE('',#5587,4.130677910465);
#5587 = AXIS2_PLACEMENT_2D('',#5588,#5589);
#5588 = CARTESIAN_POINT('',(4.1,-2.95));
#5589 = DIRECTION('',(1.,0.));
#5590 = ( GEOMETRIC_REPRESENTATION_CONTEXT(2) 
PARAMETRIC_REPRESENTATION_CONTEXT() REPRESENTATION_CONTEXT('2D SPACE',''
  ) );
#5591 = ORIENTED_EDGE('',*,*,#5592,.F.);
#5592 = EDGE_CURVE('',#5593,#5564,#5595,.T.);
#5593 = VERTEX_POINT('',#5594);
#5594 = CARTESIAN_POINT('',(26.80863354104,5.,-22.35));
#5595 = SURFACE_CURVE('',#5596,(#5601,#5612),.PCURVE_S1.);
#5596 = CIRCLE('',#5597,3.059411708156);
#5597 = AXIS2_PLACEMENT_3D('',#5598,#5599,#5600);
#5598 = CARTESIAN_POINT('',(29.7,5.,-21.35));
#5599 = DIRECTION('',(-0.,1.,0.));
#5600 = DIRECTION('',(0.,0.,1.));
#5601 = PCURVE('',#147,#5602);
#5602 = DEFINITIONAL_REPRESENTATION('',(#5603),#5611);
#5603 = B_SPLINE_CURVE_WITH_KNOTS('',6,(#5604,#5605,#5606,#5607,#5608,
    #5609,#5610),.UNSPECIFIED.,.F.,.F.,(7,7),(4.379409579662,
    5.045368381107),.PIECEWISE_BEZIER_KNOTS.);
#5604 = CARTESIAN_POINT('',(2.346157186014,-0.237521170781));
#5605 = CARTESIAN_POINT('',(2.365347207643,-0.159828881393));
#5606 = CARTESIAN_POINT('',(2.376280618871,-8.031153283493E-02));
#5607 = CARTESIAN_POINT('',(2.379832455758,4.440892098501E-15));
#5608 = CARTESIAN_POINT('',(2.376280618871,8.031153283493E-02));
#5609 = CARTESIAN_POINT('',(2.365347207643,0.159828881393));
#5610 = CARTESIAN_POINT('',(2.346157186014,0.237521170781));
#5611 = ( GEOMETRIC_REPRESENTATION_CONTEXT(2) 
PARAMETRIC_REPRESENTATION_CONTEXT() REPRESENTATION_CONTEXT('2D SPACE',''
  ) );
#5612 = PCURVE('',#5613,#5618);
#5613 = PLANE('',#5614);
#5614 = AXIS2_PLACEMENT_3D('',#5615,#5616,#5617);
#5615 = CARTESIAN_POINT('',(25.6,5.,-22.35));
#5616 = DIRECTION('',(-0.,1.,0.));
#5617 = DIRECTION('',(0.,0.,1.));
#5618 = DEFINITIONAL_REPRESENTATION('',(#5619),#5623);
#5619 = CIRCLE('',#5620,3.059411708156);
#5620 = AXIS2_PLACEMENT_2D('',#5621,#5622);
#5621 = CARTESIAN_POINT('',(1.,4.1));
#5622 = DIRECTION('',(1.,0.));
#5623 = ( GEOMETRIC_REPRESENTATION_CONTEXT(2) 
PARAMETRIC_REPRESENTATION_CONTEXT() REPRESENTATION_CONTEXT('2D SPACE',''
  ) );
#5624 = ORIENTED_EDGE('',*,*,#5625,.F.);
#5625 = EDGE_CURVE('',#5522,#5593,#5626,.T.);
#5626 = SURFACE_CURVE('',#5627,(#5632,#5639),.PCURVE_S1.);
#5627 = CIRCLE('',#5628,4.130677910465);
#5628 = AXIS2_PLACEMENT_3D('',#5629,#5630,#5631);
#5629 = CARTESIAN_POINT('',(29.7,2.05,-22.35));
#5630 = DIRECTION('',(0.,0.,1.));
#5631 = DIRECTION('',(1.,0.,-0.));
#5632 = PCURVE('',#147,#5633);
#5633 = DEFINITIONAL_REPRESENTATION('',(#5634),#5638);
#5634 = LINE('',#5635,#5636);
#5635 = CARTESIAN_POINT('',(0.,-0.237521170781));
#5636 = VECTOR('',#5637,1.);
#5637 = DIRECTION('',(1.,0.));
#5638 = ( GEOMETRIC_REPRESENTATION_CONTEXT(2) 
PARAMETRIC_REPRESENTATION_CONTEXT() REPRESENTATION_CONTEXT('2D SPACE',''
  ) );
#5639 = PCURVE('',#5640,#5645);
#5640 = PLANE('',#5641);
#5641 = AXIS2_PLACEMENT_3D('',#5642,#5643,#5644);
#5642 = CARTESIAN_POINT('',(25.6,5.,-22.35));
#5643 = DIRECTION('',(0.,0.,1.));
#5644 = DIRECTION('',(1.,0.,-0.));
#5645 = DEFINITIONAL_REPRESENTATION('',(#5646),#5650);
#5646 = CIRCLE('',#5647,4.130677910465);
#5647 = AXIS2_PLACEMENT_2D('',#5648,#5649);
#5648 = CARTESIAN_POINT('',(4.1,-2.95));
#5649 = DIRECTION('',(1.,0.));
#5650 = ( GEOMETRIC_REPRESENTATION_CONTEXT(2) 
PARAMETRIC_REPRESENTATION_CONTEXT() REPRESENTATION_CONTEXT('2D SPACE',''
  ) );
#5651 = ADVANCED_FACE('',(#5652),#5640,.F.);
#5652 = FACE_BOUND('',#5653,.F.);
#5653 = EDGE_LOOP('',(#5654,#5677,#5705,#5726));
#5654 = ORIENTED_EDGE('',*,*,#5655,.F.);
#5655 = EDGE_CURVE('',#5656,#5522,#5658,.T.);
#5656 = VERTEX_POINT('',#5657);
#5657 = CARTESIAN_POINT('',(25.6,6.1,-22.35));
#5658 = SURFACE_CURVE('',#5659,(#5663,#5670),.PCURVE_S1.);
#5659 = LINE('',#5660,#5661);
#5660 = CARTESIAN_POINT('',(25.6,6.1,-22.35));
#5661 = VECTOR('',#5662,1.);
#5662 = DIRECTION('',(1.,0.,-0.));
#5663 = PCURVE('',#5640,#5664);
#5664 = DEFINITIONAL_REPRESENTATION('',(#5665),#5669);
#5665 = LINE('',#5666,#5667);
#5666 = CARTESIAN_POINT('',(0.,1.1));
#5667 = VECTOR('',#5668,1.);
#5668 = DIRECTION('',(1.,0.));
#5669 = ( GEOMETRIC_REPRESENTATION_CONTEXT(2) 
PARAMETRIC_REPRESENTATION_CONTEXT() REPRESENTATION_CONTEXT('2D SPACE',''
  ) );
#5670 = PCURVE('',#5551,#5671);
#5671 = DEFINITIONAL_REPRESENTATION('',(#5672),#5676);
#5672 = LINE('',#5673,#5674);
#5673 = CARTESIAN_POINT('',(0.,0.));
#5674 = VECTOR('',#5675,1.);
#5675 = DIRECTION('',(0.,1.));
#5676 = ( GEOMETRIC_REPRESENTATION_CONTEXT(2) 
PARAMETRIC_REPRESENTATION_CONTEXT() REPRESENTATION_CONTEXT('2D SPACE',''
  ) );
#5677 = ORIENTED_EDGE('',*,*,#5678,.F.);
#5678 = EDGE_CURVE('',#5679,#5656,#5681,.T.);
#5679 = VERTEX_POINT('',#5680);
#5680 = CARTESIAN_POINT('',(25.6,5.,-22.35));
#5681 = SURFACE_CURVE('',#5682,(#5686,#5693),.PCURVE_S1.);
#5682 = LINE('',#5683,#5684);
#5683 = CARTESIAN_POINT('',(25.6,5.,-22.35));
#5684 = VECTOR('',#5685,1.);
#5685 = DIRECTION('',(-0.,1.,0.));
#5686 = PCURVE('',#5640,#5687);
#5687 = DEFINITIONAL_REPRESENTATION('',(#5688),#5692);
#5688 = LINE('',#5689,#5690);
#5689 = CARTESIAN_POINT('',(0.,0.));
#5690 = VECTOR('',#5691,1.);
#5691 = DIRECTION('',(0.,1.));
#5692 = ( GEOMETRIC_REPRESENTATION_CONTEXT(2) 
PARAMETRIC_REPRESENTATION_CONTEXT() REPRESENTATION_CONTEXT('2D SPACE',''
  ) );
#5693 = PCURVE('',#5694,#5699);
#5694 = PLANE('',#5695);
#5695 = AXIS2_PLACEMENT_3D('',#5696,#5697,#5698);
#5696 = CARTESIAN_POINT('',(25.6,5.,-22.35));
#5697 = DIRECTION('',(1.,0.,-0.));
#5698 = DIRECTION('',(0.,0.,1.));
#5699 = DEFINITIONAL_REPRESENTATION('',(#5700),#5704);
#5700 = LINE('',#5701,#5702);
#5701 = CARTESIAN_POINT('',(0.,0.));
#5702 = VECTOR('',#5703,1.);
#5703 = DIRECTION('',(0.,-1.));
#5704 = ( GEOMETRIC_REPRESENTATION_CONTEXT(2) 
PARAMETRIC_REPRESENTATION_CONTEXT() REPRESENTATION_CONTEXT('2D SPACE',''
  ) );
#5705 = ORIENTED_EDGE('',*,*,#5706,.T.);
#5706 = EDGE_CURVE('',#5679,#5593,#5707,.T.);
#5707 = SURFACE_CURVE('',#5708,(#5712,#5719),.PCURVE_S1.);
#5708 = LINE('',#5709,#5710);
#5709 = CARTESIAN_POINT('',(25.6,5.,-22.35));
#5710 = VECTOR('',#5711,1.);
#5711 = DIRECTION('',(1.,0.,-0.));
#5712 = PCURVE('',#5640,#5713);
#5713 = DEFINITIONAL_REPRESENTATION('',(#5714),#5718);
#5714 = LINE('',#5715,#5716);
#5715 = CARTESIAN_POINT('',(0.,0.));
#5716 = VECTOR('',#5717,1.);
#5717 = DIRECTION('',(1.,0.));
#5718 = ( GEOMETRIC_REPRESENTATION_CONTEXT(2) 
PARAMETRIC_REPRESENTATION_CONTEXT() REPRESENTATION_CONTEXT('2D SPACE',''
  ) );
#5719 = PCURVE('',#5613,#5720);
#5720 = DEFINITIONAL_REPRESENTATION('',(#5721),#5725);
#5721 = LINE('',#5722,#5723);
#5722 = CARTESIAN_POINT('',(0.,0.));
#5723 = VECTOR('',#5724,1.);
#5724 = DIRECTION('',(0.,1.));
#5725 = ( GEOMETRIC_REPRESENTATION_CONTEXT(2) 
PARAMETRIC_REPRESENTATION_CONTEXT() REPRESENTATION_CONTEXT('2D SPACE',''
  ) );
#5726 = ORIENTED_EDGE('',*,*,#5625,.F.);
#5727 = ADVANCED_FACE('',(#5728),#5694,.F.);
#5728 = FACE_BOUND('',#5729,.F.);
#5729 = EDGE_LOOP('',(#5730,#5753,#5754,#5777));
#5730 = ORIENTED_EDGE('',*,*,#5731,.F.);
#5731 = EDGE_CURVE('',#5679,#5732,#5734,.T.);
#5732 = VERTEX_POINT('',#5733);
#5733 = CARTESIAN_POINT('',(25.6,5.,-20.35));
#5734 = SURFACE_CURVE('',#5735,(#5739,#5746),.PCURVE_S1.);
#5735 = LINE('',#5736,#5737);
#5736 = CARTESIAN_POINT('',(25.6,5.,-22.35));
#5737 = VECTOR('',#5738,1.);
#5738 = DIRECTION('',(0.,0.,1.));
#5739 = PCURVE('',#5694,#5740);
#5740 = DEFINITIONAL_REPRESENTATION('',(#5741),#5745);
#5741 = LINE('',#5742,#5743);
#5742 = CARTESIAN_POINT('',(0.,0.));
#5743 = VECTOR('',#5744,1.);
#5744 = DIRECTION('',(1.,0.));
#5745 = ( GEOMETRIC_REPRESENTATION_CONTEXT(2) 
PARAMETRIC_REPRESENTATION_CONTEXT() REPRESENTATION_CONTEXT('2D SPACE',''
  ) );
#5746 = PCURVE('',#5613,#5747);
#5747 = DEFINITIONAL_REPRESENTATION('',(#5748),#5752);
#5748 = LINE('',#5749,#5750);
#5749 = CARTESIAN_POINT('',(0.,0.));
#5750 = VECTOR('',#5751,1.);
#5751 = DIRECTION('',(1.,0.));
#5752 = ( GEOMETRIC_REPRESENTATION_CONTEXT(2) 
PARAMETRIC_REPRESENTATION_CONTEXT() REPRESENTATION_CONTEXT('2D SPACE',''
  ) );
#5753 = ORIENTED_EDGE('',*,*,#5678,.T.);
#5754 = ORIENTED_EDGE('',*,*,#5755,.T.);
#5755 = EDGE_CURVE('',#5656,#5756,#5758,.T.);
#5756 = VERTEX_POINT('',#5757);
#5757 = CARTESIAN_POINT('',(25.6,6.1,-20.35));
#5758 = SURFACE_CURVE('',#5759,(#5763,#5770),.PCURVE_S1.);
#5759 = LINE('',#5760,#5761);
#5760 = CARTESIAN_POINT('',(25.6,6.1,-22.35));
#5761 = VECTOR('',#5762,1.);
#5762 = DIRECTION('',(0.,0.,1.));
#5763 = PCURVE('',#5694,#5764);
#5764 = DEFINITIONAL_REPRESENTATION('',(#5765),#5769);
#5765 = LINE('',#5766,#5767);
#5766 = CARTESIAN_POINT('',(0.,-1.1));
#5767 = VECTOR('',#5768,1.);
#5768 = DIRECTION('',(1.,0.));
#5769 = ( GEOMETRIC_REPRESENTATION_CONTEXT(2) 
PARAMETRIC_REPRESENTATION_CONTEXT() REPRESENTATION_CONTEXT('2D SPACE',''
  ) );
#5770 = PCURVE('',#5551,#5771);
#5771 = DEFINITIONAL_REPRESENTATION('',(#5772),#5776);
#5772 = LINE('',#5773,#5774);
#5773 = CARTESIAN_POINT('',(0.,0.));
#5774 = VECTOR('',#5775,1.);
#5775 = DIRECTION('',(1.,0.));
#5776 = ( GEOMETRIC_REPRESENTATION_CONTEXT(2) 
PARAMETRIC_REPRESENTATION_CONTEXT() REPRESENTATION_CONTEXT('2D SPACE',''
  ) );
#5777 = ORIENTED_EDGE('',*,*,#5778,.F.);
#5778 = EDGE_CURVE('',#5732,#5756,#5779,.T.);
#5779 = SURFACE_CURVE('',#5780,(#5784,#5791),.PCURVE_S1.);
#5780 = LINE('',#5781,#5782);
#5781 = CARTESIAN_POINT('',(25.6,5.,-20.35));
#5782 = VECTOR('',#5783,1.);
#5783 = DIRECTION('',(-0.,1.,0.));
#5784 = PCURVE('',#5694,#5785);
#5785 = DEFINITIONAL_REPRESENTATION('',(#5786),#5790);
#5786 = LINE('',#5787,#5788);
#5787 = CARTESIAN_POINT('',(2.,0.));
#5788 = VECTOR('',#5789,1.);
#5789 = DIRECTION('',(0.,-1.));
#5790 = ( GEOMETRIC_REPRESENTATION_CONTEXT(2) 
PARAMETRIC_REPRESENTATION_CONTEXT() REPRESENTATION_CONTEXT('2D SPACE',''
  ) );
#5791 = PCURVE('',#5580,#5792);
#5792 = DEFINITIONAL_REPRESENTATION('',(#5793),#5797);
#5793 = LINE('',#5794,#5795);
#5794 = CARTESIAN_POINT('',(0.,0.));
#5795 = VECTOR('',#5796,1.);
#5796 = DIRECTION('',(0.,1.));
#5797 = ( GEOMETRIC_REPRESENTATION_CONTEXT(2) 
PARAMETRIC_REPRESENTATION_CONTEXT() REPRESENTATION_CONTEXT('2D SPACE',''
  ) );
#5798 = ADVANCED_FACE('',(#5799),#5613,.F.);
#5799 = FACE_BOUND('',#5800,.F.);
#5800 = EDGE_LOOP('',(#5801,#5802,#5803,#5824));
#5801 = ORIENTED_EDGE('',*,*,#5706,.F.);
#5802 = ORIENTED_EDGE('',*,*,#5731,.T.);
#5803 = ORIENTED_EDGE('',*,*,#5804,.T.);
#5804 = EDGE_CURVE('',#5732,#5564,#5805,.T.);
#5805 = SURFACE_CURVE('',#5806,(#5810,#5817),.PCURVE_S1.);
#5806 = LINE('',#5807,#5808);
#5807 = CARTESIAN_POINT('',(25.6,5.,-20.35));
#5808 = VECTOR('',#5809,1.);
#5809 = DIRECTION('',(1.,0.,-0.));
#5810 = PCURVE('',#5613,#5811);
#5811 = DEFINITIONAL_REPRESENTATION('',(#5812),#5816);
#5812 = LINE('',#5813,#5814);
#5813 = CARTESIAN_POINT('',(2.,0.));
#5814 = VECTOR('',#5815,1.);
#5815 = DIRECTION('',(0.,1.));
#5816 = ( GEOMETRIC_REPRESENTATION_CONTEXT(2) 
PARAMETRIC_REPRESENTATION_CONTEXT() REPRESENTATION_CONTEXT('2D SPACE',''
  ) );
#5817 = PCURVE('',#5580,#5818);
#5818 = DEFINITIONAL_REPRESENTATION('',(#5819),#5823);
#5819 = LINE('',#5820,#5821);
#5820 = CARTESIAN_POINT('',(0.,0.));
#5821 = VECTOR('',#5822,1.);
#5822 = DIRECTION('',(1.,0.));
#5823 = ( GEOMETRIC_REPRESENTATION_CONTEXT(2) 
PARAMETRIC_REPRESENTATION_CONTEXT() REPRESENTATION_CONTEXT('2D SPACE',''
  ) );
#5824 = ORIENTED_EDGE('',*,*,#5592,.F.);
#5825 = ADVANCED_FACE('',(#5826),#5580,.T.);
#5826 = FACE_BOUND('',#5827,.T.);
#5827 = EDGE_LOOP('',(#5828,#5849,#5850,#5851));
#5828 = ORIENTED_EDGE('',*,*,#5829,.F.);
#5829 = EDGE_CURVE('',#5756,#5524,#5830,.T.);
#5830 = SURFACE_CURVE('',#5831,(#5835,#5842),.PCURVE_S1.);
#5831 = LINE('',#5832,#5833);
#5832 = CARTESIAN_POINT('',(25.6,6.1,-20.35));
#5833 = VECTOR('',#5834,1.);
#5834 = DIRECTION('',(1.,0.,-0.));
#5835 = PCURVE('',#5580,#5836);
#5836 = DEFINITIONAL_REPRESENTATION('',(#5837),#5841);
#5837 = LINE('',#5838,#5839);
#5838 = CARTESIAN_POINT('',(0.,1.1));
#5839 = VECTOR('',#5840,1.);
#5840 = DIRECTION('',(1.,0.));
#5841 = ( GEOMETRIC_REPRESENTATION_CONTEXT(2) 
PARAMETRIC_REPRESENTATION_CONTEXT() REPRESENTATION_CONTEXT('2D SPACE',''
  ) );
#5842 = PCURVE('',#5551,#5843);
#5843 = DEFINITIONAL_REPRESENTATION('',(#5844),#5848);
#5844 = LINE('',#5845,#5846);
#5845 = CARTESIAN_POINT('',(2.,0.));
#5846 = VECTOR('',#5847,1.);
#5847 = DIRECTION('',(0.,1.));
#5848 = ( GEOMETRIC_REPRESENTATION_CONTEXT(2) 
PARAMETRIC_REPRESENTATION_CONTEXT() REPRESENTATION_CONTEXT('2D SPACE',''
  ) );
#5849 = ORIENTED_EDGE('',*,*,#5778,.F.);
#5850 = ORIENTED_EDGE('',*,*,#5804,.T.);
#5851 = ORIENTED_EDGE('',*,*,#5563,.F.);
#5852 = ADVANCED_FACE('',(#5853),#5551,.T.);
#5853 = FACE_BOUND('',#5854,.T.);
#5854 = EDGE_LOOP('',(#5855,#5856,#5857,#5858));
#5855 = ORIENTED_EDGE('',*,*,#5655,.F.);
#5856 = ORIENTED_EDGE('',*,*,#5755,.T.);
#5857 = ORIENTED_EDGE('',*,*,#5829,.T.);
#5858 = ORIENTED_EDGE('',*,*,#5521,.F.);
#5859 = ADVANCED_FACE('',(#5860),#5450,.F.);
#5860 = FACE_BOUND('',#5861,.F.);
#5861 = EDGE_LOOP('',(#5862,#5892,#5920,#5947,#5974,#5995,#5996,#6018,
    #6046,#6072));
#5862 = ORIENTED_EDGE('',*,*,#5863,.F.);
#5863 = EDGE_CURVE('',#5864,#5866,#5868,.T.);
#5864 = VERTEX_POINT('',#5865);
#5865 = CARTESIAN_POINT('',(34.4,5.4,-22.35));
#5866 = VERTEX_POINT('',#5867);
#5867 = CARTESIAN_POINT('',(34.973382968186,5.4,-22.35));
#5868 = SURFACE_CURVE('',#5869,(#5873,#5880),.PCURVE_S1.);
#5869 = LINE('',#5870,#5871);
#5870 = CARTESIAN_POINT('',(30.,5.4,-22.35));
#5871 = VECTOR('',#5872,1.);
#5872 = DIRECTION('',(1.,0.,-0.));
#5873 = PCURVE('',#5450,#5874);
#5874 = DEFINITIONAL_REPRESENTATION('',(#5875),#5879);
#5875 = LINE('',#5876,#5877);
#5876 = CARTESIAN_POINT('',(0.,2.));
#5877 = VECTOR('',#5878,1.);
#5878 = DIRECTION('',(1.,0.));
#5879 = ( GEOMETRIC_REPRESENTATION_CONTEXT(2) 
PARAMETRIC_REPRESENTATION_CONTEXT() REPRESENTATION_CONTEXT('2D SPACE',''
  ) );
#5880 = PCURVE('',#5881,#5886);
#5881 = PLANE('',#5882);
#5882 = AXIS2_PLACEMENT_3D('',#5883,#5884,#5885);
#5883 = CARTESIAN_POINT('',(30.,5.4,-22.35));
#5884 = DIRECTION('',(-0.,1.,0.));
#5885 = DIRECTION('',(0.,0.,1.));
#5886 = DEFINITIONAL_REPRESENTATION('',(#5887),#5891);
#5887 = LINE('',#5888,#5889);
#5888 = CARTESIAN_POINT('',(0.,0.));
#5889 = VECTOR('',#5890,1.);
#5890 = DIRECTION('',(0.,1.));
#5891 = ( GEOMETRIC_REPRESENTATION_CONTEXT(2) 
PARAMETRIC_REPRESENTATION_CONTEXT() REPRESENTATION_CONTEXT('2D SPACE',''
  ) );
#5892 = ORIENTED_EDGE('',*,*,#5893,.T.);
#5893 = EDGE_CURVE('',#5864,#5894,#5896,.T.);
#5894 = VERTEX_POINT('',#5895);
#5895 = CARTESIAN_POINT('',(34.4,5.5,-22.35));
#5896 = SURFACE_CURVE('',#5897,(#5901,#5908),.PCURVE_S1.);
#5897 = LINE('',#5898,#5899);
#5898 = CARTESIAN_POINT('',(34.4,5.,-22.35));
#5899 = VECTOR('',#5900,1.);
#5900 = DIRECTION('',(-0.,1.,0.));
#5901 = PCURVE('',#5450,#5902);
#5902 = DEFINITIONAL_REPRESENTATION('',(#5903),#5907);
#5903 = LINE('',#5904,#5905);
#5904 = CARTESIAN_POINT('',(4.4,1.6));
#5905 = VECTOR('',#5906,1.);
#5906 = DIRECTION('',(0.,1.));
#5907 = ( GEOMETRIC_REPRESENTATION_CONTEXT(2) 
PARAMETRIC_REPRESENTATION_CONTEXT() REPRESENTATION_CONTEXT('2D SPACE',''
  ) );
#5908 = PCURVE('',#5909,#5914);
#5909 = PLANE('',#5910);
#5910 = AXIS2_PLACEMENT_3D('',#5911,#5912,#5913);
#5911 = CARTESIAN_POINT('',(34.4,5.,-22.35));
#5912 = DIRECTION('',(1.,0.,-0.));
#5913 = DIRECTION('',(0.,0.,1.));
#5914 = DEFINITIONAL_REPRESENTATION('',(#5915),#5919);
#5915 = LINE('',#5916,#5917);
#5916 = CARTESIAN_POINT('',(0.,0.));
#5917 = VECTOR('',#5918,1.);
#5918 = DIRECTION('',(0.,-1.));
#5919 = ( GEOMETRIC_REPRESENTATION_CONTEXT(2) 
PARAMETRIC_REPRESENTATION_CONTEXT() REPRESENTATION_CONTEXT('2D SPACE',''
  ) );
#5920 = ORIENTED_EDGE('',*,*,#5921,.F.);
#5921 = EDGE_CURVE('',#5922,#5894,#5924,.T.);
#5922 = VERTEX_POINT('',#5923);
#5923 = CARTESIAN_POINT('',(34.35,5.5,-22.35));
#5924 = SURFACE_CURVE('',#5925,(#5929,#5936),.PCURVE_S1.);
#5925 = LINE('',#5926,#5927);
#5926 = CARTESIAN_POINT('',(29.975,5.5,-22.35));
#5927 = VECTOR('',#5928,1.);
#5928 = DIRECTION('',(1.,0.,-0.));
#5929 = PCURVE('',#5450,#5930);
#5930 = DEFINITIONAL_REPRESENTATION('',(#5931),#5935);
#5931 = LINE('',#5932,#5933);
#5932 = CARTESIAN_POINT('',(-2.5E-02,2.1));
#5933 = VECTOR('',#5934,1.);
#5934 = DIRECTION('',(1.,0.));
#5935 = ( GEOMETRIC_REPRESENTATION_CONTEXT(2) 
PARAMETRIC_REPRESENTATION_CONTEXT() REPRESENTATION_CONTEXT('2D SPACE',''
  ) );
#5936 = PCURVE('',#5937,#5942);
#5937 = PLANE('',#5938);
#5938 = AXIS2_PLACEMENT_3D('',#5939,#5940,#5941);
#5939 = CARTESIAN_POINT('',(34.35,5.5,-24.35));
#5940 = DIRECTION('',(-0.,1.,0.));
#5941 = DIRECTION('',(0.,0.,1.));
#5942 = DEFINITIONAL_REPRESENTATION('',(#5943),#5946);
#5943 = B_SPLINE_CURVE_WITH_KNOTS('',1,(#5944,#5945),.UNSPECIFIED.,.F.,
  .F.,(2,2),(4.375,4.425),.PIECEWISE_BEZIER_KNOTS.);
#5944 = CARTESIAN_POINT('',(2.,0.));
#5945 = CARTESIAN_POINT('',(2.,5.E-02));
#5946 = ( GEOMETRIC_REPRESENTATION_CONTEXT(2) 
PARAMETRIC_REPRESENTATION_CONTEXT() REPRESENTATION_CONTEXT('2D SPACE',''
  ) );
#5947 = ORIENTED_EDGE('',*,*,#5948,.F.);
#5948 = EDGE_CURVE('',#5949,#5922,#5951,.T.);
#5949 = VERTEX_POINT('',#5950);
#5950 = CARTESIAN_POINT('',(34.35,6.1,-22.35));
#5951 = SURFACE_CURVE('',#5952,(#5956,#5963),.PCURVE_S1.);
#5952 = LINE('',#5953,#5954);
#5953 = CARTESIAN_POINT('',(34.35,5.25,-22.35));
#5954 = VECTOR('',#5955,1.);
#5955 = DIRECTION('',(0.,-1.,0.));
#5956 = PCURVE('',#5450,#5957);
#5957 = DEFINITIONAL_REPRESENTATION('',(#5958),#5962);
#5958 = LINE('',#5959,#5960);
#5959 = CARTESIAN_POINT('',(4.35,1.85));
#5960 = VECTOR('',#5961,1.);
#5961 = DIRECTION('',(0.,-1.));
#5962 = ( GEOMETRIC_REPRESENTATION_CONTEXT(2) 
PARAMETRIC_REPRESENTATION_CONTEXT() REPRESENTATION_CONTEXT('2D SPACE',''
  ) );
#5963 = PCURVE('',#5964,#5969);
#5964 = PLANE('',#5965);
#5965 = AXIS2_PLACEMENT_3D('',#5966,#5967,#5968);
#5966 = CARTESIAN_POINT('',(34.35,5.5,-24.35));
#5967 = DIRECTION('',(1.,0.,-0.));
#5968 = DIRECTION('',(0.,0.,1.));
#5969 = DEFINITIONAL_REPRESENTATION('',(#5970),#5973);
#5970 = B_SPLINE_CURVE_WITH_KNOTS('',1,(#5971,#5972),.UNSPECIFIED.,.F.,
  .F.,(2,2),(-0.85,-0.25),.PIECEWISE_BEZIER_KNOTS.);
#5971 = CARTESIAN_POINT('',(2.,-0.6));
#5972 = CARTESIAN_POINT('',(2.,0.));
#5973 = ( GEOMETRIC_REPRESENTATION_CONTEXT(2) 
PARAMETRIC_REPRESENTATION_CONTEXT() REPRESENTATION_CONTEXT('2D SPACE',''
  ) );
#5974 = ORIENTED_EDGE('',*,*,#5975,.F.);
#5975 = EDGE_CURVE('',#5394,#5949,#5976,.T.);
#5976 = SURFACE_CURVE('',#5977,(#5981,#5988),.PCURVE_S1.);
#5977 = LINE('',#5978,#5979);
#5978 = CARTESIAN_POINT('',(25.6,6.1,-22.35));
#5979 = VECTOR('',#5980,1.);
#5980 = DIRECTION('',(1.,0.,-0.));
#5981 = PCURVE('',#5450,#5982);
#5982 = DEFINITIONAL_REPRESENTATION('',(#5983),#5987);
#5983 = LINE('',#5984,#5985);
#5984 = CARTESIAN_POINT('',(-4.4,2.7));
#5985 = VECTOR('',#5986,1.);
#5986 = DIRECTION('',(1.,0.));
#5987 = ( GEOMETRIC_REPRESENTATION_CONTEXT(2) 
PARAMETRIC_REPRESENTATION_CONTEXT() REPRESENTATION_CONTEXT('2D SPACE',''
  ) );
#5988 = PCURVE('',#5421,#5989);
#5989 = DEFINITIONAL_REPRESENTATION('',(#5990),#5994);
#5990 = LINE('',#5991,#5992);
#5991 = CARTESIAN_POINT('',(0.,0.));
#5992 = VECTOR('',#5993,1.);
#5993 = DIRECTION('',(0.,1.));
#5994 = ( GEOMETRIC_REPRESENTATION_CONTEXT(2) 
PARAMETRIC_REPRESENTATION_CONTEXT() REPRESENTATION_CONTEXT('2D SPACE',''
  ) );
#5995 = ORIENTED_EDGE('',*,*,#5433,.T.);
#5996 = ORIENTED_EDGE('',*,*,#5997,.T.);
#5997 = EDGE_CURVE('',#5434,#5998,#6000,.T.);
#5998 = VERTEX_POINT('',#5999);
#5999 = CARTESIAN_POINT('',(38.,3.6,-22.35));
#6000 = SURFACE_CURVE('',#6001,(#6005,#6012),.PCURVE_S1.);
#6001 = LINE('',#6002,#6003);
#6002 = CARTESIAN_POINT('',(30.95,3.6,-22.35));
#6003 = VECTOR('',#6004,1.);
#6004 = DIRECTION('',(1.,0.,-0.));
#6005 = PCURVE('',#5450,#6006);
#6006 = DEFINITIONAL_REPRESENTATION('',(#6007),#6011);
#6007 = LINE('',#6008,#6009);
#6008 = CARTESIAN_POINT('',(0.95,0.2));
#6009 = VECTOR('',#6010,1.);
#6010 = DIRECTION('',(1.,0.));
#6011 = ( GEOMETRIC_REPRESENTATION_CONTEXT(2) 
PARAMETRIC_REPRESENTATION_CONTEXT() REPRESENTATION_CONTEXT('2D SPACE',''
  ) );
#6012 = PCURVE('',#118,#6013);
#6013 = DEFINITIONAL_REPRESENTATION('',(#6014),#6017);
#6014 = B_SPLINE_CURVE_WITH_KNOTS('',1,(#6015,#6016),.UNSPECIFIED.,.F.,
  .F.,(2,2),(0.95,7.05),.PIECEWISE_BEZIER_KNOTS.);
#6015 = CARTESIAN_POINT('',(3.2,0.));
#6016 = CARTESIAN_POINT('',(3.2,6.1));
#6017 = ( GEOMETRIC_REPRESENTATION_CONTEXT(2) 
PARAMETRIC_REPRESENTATION_CONTEXT() REPRESENTATION_CONTEXT('2D SPACE',''
  ) );
#6018 = ORIENTED_EDGE('',*,*,#6019,.T.);
#6019 = EDGE_CURVE('',#5998,#6020,#6022,.T.);
#6020 = VERTEX_POINT('',#6021);
#6021 = CARTESIAN_POINT('',(38.,4.6,-22.35));
#6022 = SURFACE_CURVE('',#6023,(#6027,#6034),.PCURVE_S1.);
#6023 = LINE('',#6024,#6025);
#6024 = CARTESIAN_POINT('',(38.,3.4,-22.35));
#6025 = VECTOR('',#6026,1.);
#6026 = DIRECTION('',(-0.,1.,0.));
#6027 = PCURVE('',#5450,#6028);
#6028 = DEFINITIONAL_REPRESENTATION('',(#6029),#6033);
#6029 = LINE('',#6030,#6031);
#6030 = CARTESIAN_POINT('',(8.,0.));
#6031 = VECTOR('',#6032,1.);
#6032 = DIRECTION('',(0.,1.));
#6033 = ( GEOMETRIC_REPRESENTATION_CONTEXT(2) 
PARAMETRIC_REPRESENTATION_CONTEXT() REPRESENTATION_CONTEXT('2D SPACE',''
  ) );
#6034 = PCURVE('',#6035,#6040);
#6035 = PLANE('',#6036);
#6036 = AXIS2_PLACEMENT_3D('',#6037,#6038,#6039);
#6037 = CARTESIAN_POINT('',(38.,3.4,-22.35));
#6038 = DIRECTION('',(1.,0.,-0.));
#6039 = DIRECTION('',(0.,0.,1.));
#6040 = DEFINITIONAL_REPRESENTATION('',(#6041),#6045);
#6041 = LINE('',#6042,#6043);
#6042 = CARTESIAN_POINT('',(0.,0.));
#6043 = VECTOR('',#6044,1.);
#6044 = DIRECTION('',(0.,-1.));
#6045 = ( GEOMETRIC_REPRESENTATION_CONTEXT(2) 
PARAMETRIC_REPRESENTATION_CONTEXT() REPRESENTATION_CONTEXT('2D SPACE',''
  ) );
#6046 = ORIENTED_EDGE('',*,*,#6047,.F.);
#6047 = EDGE_CURVE('',#6048,#6020,#6050,.T.);
#6048 = VERTEX_POINT('',#6049);
#6049 = CARTESIAN_POINT('',(34.973382968186,4.6,-22.35));
#6050 = SURFACE_CURVE('',#6051,(#6055,#6061),.PCURVE_S1.);
#6051 = LINE('',#6052,#6053);
#6052 = CARTESIAN_POINT('',(33.55,4.6,-22.35));
#6053 = VECTOR('',#6054,1.);
#6054 = DIRECTION('',(1.,0.,-0.));
#6055 = PCURVE('',#5450,#6056);
#6056 = DEFINITIONAL_REPRESENTATION('',(#6057),#6060);
#6057 = B_SPLINE_CURVE_WITH_KNOTS('',1,(#6058,#6059),.UNSPECIFIED.,.F.,
  .F.,(2,2),(1.2,4.45),.PIECEWISE_BEZIER_KNOTS.);
#6058 = CARTESIAN_POINT('',(4.75,1.2));
#6059 = CARTESIAN_POINT('',(8.,1.2));
#6060 = ( GEOMETRIC_REPRESENTATION_CONTEXT(2) 
PARAMETRIC_REPRESENTATION_CONTEXT() REPRESENTATION_CONTEXT('2D SPACE',''
  ) );
#6061 = PCURVE('',#6062,#6067);
#6062 = PLANE('',#6063);
#6063 = AXIS2_PLACEMENT_3D('',#6064,#6065,#6066);
#6064 = CARTESIAN_POINT('',(37.1,4.6,-21.35));
#6065 = DIRECTION('',(0.,-1.,0.));
#6066 = DIRECTION('',(1.,0.,0.));
#6067 = DEFINITIONAL_REPRESENTATION('',(#6068),#6071);
#6068 = B_SPLINE_CURVE_WITH_KNOTS('',1,(#6069,#6070),.UNSPECIFIED.,.F.,
  .F.,(2,2),(1.2,4.45),.PIECEWISE_BEZIER_KNOTS.);
#6069 = CARTESIAN_POINT('',(-2.35,-1.));
#6070 = CARTESIAN_POINT('',(0.9,-1.));
#6071 = ( GEOMETRIC_REPRESENTATION_CONTEXT(2) 
PARAMETRIC_REPRESENTATION_CONTEXT() REPRESENTATION_CONTEXT('2D SPACE',''
  ) );
#6072 = ORIENTED_EDGE('',*,*,#6073,.F.);
#6073 = EDGE_CURVE('',#5866,#6048,#6074,.T.);
#6074 = SURFACE_CURVE('',#6075,(#6079,#6085),.PCURVE_S1.);
#6075 = LINE('',#6076,#6077);
#6076 = CARTESIAN_POINT('',(34.973382968186,10.1,-22.35));
#6077 = VECTOR('',#6078,1.);
#6078 = DIRECTION('',(0.,-1.,0.));
#6079 = PCURVE('',#5450,#6080);
#6080 = DEFINITIONAL_REPRESENTATION('',(#6081),#6084);
#6081 = B_SPLINE_CURVE_WITH_KNOTS('',1,(#6082,#6083),.UNSPECIFIED.,.F.,
  .F.,(2,2),(3.75,5.5000006),.PIECEWISE_BEZIER_KNOTS.);
#6082 = CARTESIAN_POINT('',(4.973382968186,2.95));
#6083 = CARTESIAN_POINT('',(4.973382968186,1.1999994));
#6084 = ( GEOMETRIC_REPRESENTATION_CONTEXT(2) 
PARAMETRIC_REPRESENTATION_CONTEXT() REPRESENTATION_CONTEXT('2D SPACE',''
  ) );
#6085 = PCURVE('',#6086,#6091);
#6086 = CYLINDRICAL_SURFACE('',#6087,2.35);
#6087 = AXIS2_PLACEMENT_3D('',#6088,#6089,#6090);
#6088 = CARTESIAN_POINT('',(37.1,10.1,-21.35));
#6089 = DIRECTION('',(0.,-1.,0.));
#6090 = DIRECTION('',(1.,0.,0.));
#6091 = DEFINITIONAL_REPRESENTATION('',(#6092),#6095);
#6092 = B_SPLINE_CURVE_WITH_KNOTS('',1,(#6093,#6094),.UNSPECIFIED.,.F.,
  .F.,(2,2),(3.75,5.5000006),.PIECEWISE_BEZIER_KNOTS.);
#6093 = CARTESIAN_POINT('',(3.581142246038,3.75));
#6094 = CARTESIAN_POINT('',(3.581142246038,5.5000006));
#6095 = ( GEOMETRIC_REPRESENTATION_CONTEXT(2) 
PARAMETRIC_REPRESENTATION_CONTEXT() REPRESENTATION_CONTEXT('2D SPACE',''
  ) );
#6096 = ADVANCED_FACE('',(#6097),#5909,.T.);
#6097 = FACE_BOUND('',#6098,.T.);
#6098 = EDGE_LOOP('',(#6099,#6124,#6143,#6144));
#6099 = ORIENTED_EDGE('',*,*,#6100,.F.);
#6100 = EDGE_CURVE('',#6101,#6103,#6105,.T.);
#6101 = VERTEX_POINT('',#6102);
#6102 = CARTESIAN_POINT('',(34.4,5.4,-20.35));
#6103 = VERTEX_POINT('',#6104);
#6104 = CARTESIAN_POINT('',(34.4,5.5,-20.35));
#6105 = SURFACE_CURVE('',#6106,(#6110,#6117),.PCURVE_S1.);
#6106 = LINE('',#6107,#6108);
#6107 = CARTESIAN_POINT('',(34.4,5.,-20.35));
#6108 = VECTOR('',#6109,1.);
#6109 = DIRECTION('',(-0.,1.,0.));
#6110 = PCURVE('',#5909,#6111);
#6111 = DEFINITIONAL_REPRESENTATION('',(#6112),#6116);
#6112 = LINE('',#6113,#6114);
#6113 = CARTESIAN_POINT('',(2.,0.));
#6114 = VECTOR('',#6115,1.);
#6115 = DIRECTION('',(0.,-1.));
#6116 = ( GEOMETRIC_REPRESENTATION_CONTEXT(2) 
PARAMETRIC_REPRESENTATION_CONTEXT() REPRESENTATION_CONTEXT('2D SPACE',''
  ) );
#6117 = PCURVE('',#5381,#6118);
#6118 = DEFINITIONAL_REPRESENTATION('',(#6119),#6123);
#6119 = LINE('',#6120,#6121);
#6120 = CARTESIAN_POINT('',(8.8,0.));
#6121 = VECTOR('',#6122,1.);
#6122 = DIRECTION('',(0.,1.));
#6123 = ( GEOMETRIC_REPRESENTATION_CONTEXT(2) 
PARAMETRIC_REPRESENTATION_CONTEXT() REPRESENTATION_CONTEXT('2D SPACE',''
  ) );
#6124 = ORIENTED_EDGE('',*,*,#6125,.T.);
#6125 = EDGE_CURVE('',#6101,#5864,#6126,.T.);
#6126 = SURFACE_CURVE('',#6127,(#6131,#6137),.PCURVE_S1.);
#6127 = LINE('',#6128,#6129);
#6128 = CARTESIAN_POINT('',(34.4,5.4,-22.35));
#6129 = VECTOR('',#6130,1.);
#6130 = DIRECTION('',(-0.,0.,-1.));
#6131 = PCURVE('',#5909,#6132);
#6132 = DEFINITIONAL_REPRESENTATION('',(#6133),#6136);
#6133 = B_SPLINE_CURVE_WITH_KNOTS('',1,(#6134,#6135),.UNSPECIFIED.,.F.,
  .F.,(2,2),(-2.,-0.),.PIECEWISE_BEZIER_KNOTS.);
#6134 = CARTESIAN_POINT('',(2.,-0.4));
#6135 = CARTESIAN_POINT('',(0.,-0.4));
#6136 = ( GEOMETRIC_REPRESENTATION_CONTEXT(2) 
PARAMETRIC_REPRESENTATION_CONTEXT() REPRESENTATION_CONTEXT('2D SPACE',''
  ) );
#6137 = PCURVE('',#5881,#6138);
#6138 = DEFINITIONAL_REPRESENTATION('',(#6139),#6142);
#6139 = B_SPLINE_CURVE_WITH_KNOTS('',1,(#6140,#6141),.UNSPECIFIED.,.F.,
  .F.,(2,2),(-2.,-0.),.PIECEWISE_BEZIER_KNOTS.);
#6140 = CARTESIAN_POINT('',(2.,4.4));
#6141 = CARTESIAN_POINT('',(0.,4.4));
#6142 = ( GEOMETRIC_REPRESENTATION_CONTEXT(2) 
PARAMETRIC_REPRESENTATION_CONTEXT() REPRESENTATION_CONTEXT('2D SPACE',''
  ) );
#6143 = ORIENTED_EDGE('',*,*,#5893,.T.);
#6144 = ORIENTED_EDGE('',*,*,#6145,.F.);
#6145 = EDGE_CURVE('',#6103,#5894,#6146,.T.);
#6146 = SURFACE_CURVE('',#6147,(#6151,#6157),.PCURVE_S1.);
#6147 = LINE('',#6148,#6149);
#6148 = CARTESIAN_POINT('',(34.4,5.5,-23.35));
#6149 = VECTOR('',#6150,1.);
#6150 = DIRECTION('',(-0.,0.,-1.));
#6151 = PCURVE('',#5909,#6152);
#6152 = DEFINITIONAL_REPRESENTATION('',(#6153),#6156);
#6153 = B_SPLINE_CURVE_WITH_KNOTS('',1,(#6154,#6155),.UNSPECIFIED.,.F.,
  .F.,(2,2),(-3.,-1.),.PIECEWISE_BEZIER_KNOTS.);
#6154 = CARTESIAN_POINT('',(2.,-0.5));
#6155 = CARTESIAN_POINT('',(0.,-0.5));
#6156 = ( GEOMETRIC_REPRESENTATION_CONTEXT(2) 
PARAMETRIC_REPRESENTATION_CONTEXT() REPRESENTATION_CONTEXT('2D SPACE',''
  ) );
#6157 = PCURVE('',#5937,#6158);
#6158 = DEFINITIONAL_REPRESENTATION('',(#6159),#6162);
#6159 = B_SPLINE_CURVE_WITH_KNOTS('',1,(#6160,#6161),.UNSPECIFIED.,.F.,
  .F.,(2,2),(-3.,-1.),.PIECEWISE_BEZIER_KNOTS.);
#6160 = CARTESIAN_POINT('',(4.,5.E-02));
#6161 = CARTESIAN_POINT('',(2.,5.E-02));
#6162 = ( GEOMETRIC_REPRESENTATION_CONTEXT(2) 
PARAMETRIC_REPRESENTATION_CONTEXT() REPRESENTATION_CONTEXT('2D SPACE',''
  ) );
#6163 = ADVANCED_FACE('',(#6164,#6318),#5937,.F.);
#6164 = FACE_BOUND('',#6165,.F.);
#6165 = EDGE_LOOP('',(#6166,#6196,#6224,#6245,#6246,#6247,#6269,#6292));
#6166 = ORIENTED_EDGE('',*,*,#6167,.F.);
#6167 = EDGE_CURVE('',#6168,#6170,#6172,.T.);
#6168 = VERTEX_POINT('',#6169);
#6169 = CARTESIAN_POINT('',(39.85,5.5,-24.35));
#6170 = VERTEX_POINT('',#6171);
#6171 = CARTESIAN_POINT('',(39.85,5.5,-18.35));
#6172 = SURFACE_CURVE('',#6173,(#6177,#6184),.PCURVE_S1.);
#6173 = LINE('',#6174,#6175);
#6174 = CARTESIAN_POINT('',(39.85,5.5,-24.35));
#6175 = VECTOR('',#6176,1.);
#6176 = DIRECTION('',(0.,0.,1.));
#6177 = PCURVE('',#5937,#6178);
#6178 = DEFINITIONAL_REPRESENTATION('',(#6179),#6183);
#6179 = LINE('',#6180,#6181);
#6180 = CARTESIAN_POINT('',(0.,5.5));
#6181 = VECTOR('',#6182,1.);
#6182 = DIRECTION('',(1.,0.));
#6183 = ( GEOMETRIC_REPRESENTATION_CONTEXT(2) 
PARAMETRIC_REPRESENTATION_CONTEXT() REPRESENTATION_CONTEXT('2D SPACE',''
  ) );
#6184 = PCURVE('',#6185,#6190);
#6185 = PLANE('',#6186);
#6186 = AXIS2_PLACEMENT_3D('',#6187,#6188,#6189);
#6187 = CARTESIAN_POINT('',(39.85,5.5,-24.35));
#6188 = DIRECTION('',(1.,0.,-0.));
#6189 = DIRECTION('',(0.,0.,1.));
#6190 = DEFINITIONAL_REPRESENTATION('',(#6191),#6195);
#6191 = LINE('',#6192,#6193);
#6192 = CARTESIAN_POINT('',(0.,0.));
#6193 = VECTOR('',#6194,1.);
#6194 = DIRECTION('',(1.,0.));
#6195 = ( GEOMETRIC_REPRESENTATION_CONTEXT(2) 
PARAMETRIC_REPRESENTATION_CONTEXT() REPRESENTATION_CONTEXT('2D SPACE',''
  ) );
#6196 = ORIENTED_EDGE('',*,*,#6197,.F.);
#6197 = EDGE_CURVE('',#6198,#6168,#6200,.T.);
#6198 = VERTEX_POINT('',#6199);
#6199 = CARTESIAN_POINT('',(34.35,5.5,-24.35));
#6200 = SURFACE_CURVE('',#6201,(#6205,#6212),.PCURVE_S1.);
#6201 = LINE('',#6202,#6203);
#6202 = CARTESIAN_POINT('',(34.35,5.5,-24.35));
#6203 = VECTOR('',#6204,1.);
#6204 = DIRECTION('',(1.,0.,-0.));
#6205 = PCURVE('',#5937,#6206);
#6206 = DEFINITIONAL_REPRESENTATION('',(#6207),#6211);
#6207 = LINE('',#6208,#6209);
#6208 = CARTESIAN_POINT('',(0.,0.));
#6209 = VECTOR('',#6210,1.);
#6210 = DIRECTION('',(0.,1.));
#6211 = ( GEOMETRIC_REPRESENTATION_CONTEXT(2) 
PARAMETRIC_REPRESENTATION_CONTEXT() REPRESENTATION_CONTEXT('2D SPACE',''
  ) );
#6212 = PCURVE('',#6213,#6218);
#6213 = PLANE('',#6214);
#6214 = AXIS2_PLACEMENT_3D('',#6215,#6216,#6217);
#6215 = CARTESIAN_POINT('',(34.35,5.5,-24.35));
#6216 = DIRECTION('',(0.,0.,1.));
#6217 = DIRECTION('',(1.,0.,-0.));
#6218 = DEFINITIONAL_REPRESENTATION('',(#6219),#6223);
#6219 = LINE('',#6220,#6221);
#6220 = CARTESIAN_POINT('',(0.,0.));
#6221 = VECTOR('',#6222,1.);
#6222 = DIRECTION('',(1.,0.));
#6223 = ( GEOMETRIC_REPRESENTATION_CONTEXT(2) 
PARAMETRIC_REPRESENTATION_CONTEXT() REPRESENTATION_CONTEXT('2D SPACE',''
  ) );
#6224 = ORIENTED_EDGE('',*,*,#6225,.T.);
#6225 = EDGE_CURVE('',#6198,#5922,#6226,.T.);
#6226 = SURFACE_CURVE('',#6227,(#6231,#6238),.PCURVE_S1.);
#6227 = LINE('',#6228,#6229);
#6228 = CARTESIAN_POINT('',(34.35,5.5,-24.35));
#6229 = VECTOR('',#6230,1.);
#6230 = DIRECTION('',(0.,0.,1.));
#6231 = PCURVE('',#5937,#6232);
#6232 = DEFINITIONAL_REPRESENTATION('',(#6233),#6237);
#6233 = LINE('',#6234,#6235);
#6234 = CARTESIAN_POINT('',(0.,0.));
#6235 = VECTOR('',#6236,1.);
#6236 = DIRECTION('',(1.,0.));
#6237 = ( GEOMETRIC_REPRESENTATION_CONTEXT(2) 
PARAMETRIC_REPRESENTATION_CONTEXT() REPRESENTATION_CONTEXT('2D SPACE',''
  ) );
#6238 = PCURVE('',#5964,#6239);
#6239 = DEFINITIONAL_REPRESENTATION('',(#6240),#6244);
#6240 = LINE('',#6241,#6242);
#6241 = CARTESIAN_POINT('',(0.,0.));
#6242 = VECTOR('',#6243,1.);
#6243 = DIRECTION('',(1.,0.));
#6244 = ( GEOMETRIC_REPRESENTATION_CONTEXT(2) 
PARAMETRIC_REPRESENTATION_CONTEXT() REPRESENTATION_CONTEXT('2D SPACE',''
  ) );
#6245 = ORIENTED_EDGE('',*,*,#5921,.T.);
#6246 = ORIENTED_EDGE('',*,*,#6145,.F.);
#6247 = ORIENTED_EDGE('',*,*,#6248,.F.);
#6248 = EDGE_CURVE('',#6249,#6103,#6251,.T.);
#6249 = VERTEX_POINT('',#6250);
#6250 = CARTESIAN_POINT('',(34.35,5.5,-20.35));
#6251 = SURFACE_CURVE('',#6252,(#6256,#6262),.PCURVE_S1.);
#6252 = LINE('',#6253,#6254);
#6253 = CARTESIAN_POINT('',(29.975,5.5,-20.35));
#6254 = VECTOR('',#6255,1.);
#6255 = DIRECTION('',(1.,0.,-0.));
#6256 = PCURVE('',#5937,#6257);
#6257 = DEFINITIONAL_REPRESENTATION('',(#6258),#6261);
#6258 = B_SPLINE_CURVE_WITH_KNOTS('',1,(#6259,#6260),.UNSPECIFIED.,.F.,
  .F.,(2,2),(4.375,4.425),.PIECEWISE_BEZIER_KNOTS.);
#6259 = CARTESIAN_POINT('',(4.,0.));
#6260 = CARTESIAN_POINT('',(4.,5.E-02));
#6261 = ( GEOMETRIC_REPRESENTATION_CONTEXT(2) 
PARAMETRIC_REPRESENTATION_CONTEXT() REPRESENTATION_CONTEXT('2D SPACE',''
  ) );
#6262 = PCURVE('',#5381,#6263);
#6263 = DEFINITIONAL_REPRESENTATION('',(#6264),#6268);
#6264 = LINE('',#6265,#6266);
#6265 = CARTESIAN_POINT('',(4.375,0.5));
#6266 = VECTOR('',#6267,1.);
#6267 = DIRECTION('',(1.,0.));
#6268 = ( GEOMETRIC_REPRESENTATION_CONTEXT(2) 
PARAMETRIC_REPRESENTATION_CONTEXT() REPRESENTATION_CONTEXT('2D SPACE',''
  ) );
#6269 = ORIENTED_EDGE('',*,*,#6270,.T.);
#6270 = EDGE_CURVE('',#6249,#6271,#6273,.T.);
#6271 = VERTEX_POINT('',#6272);
#6272 = CARTESIAN_POINT('',(34.35,5.5,-18.35));
#6273 = SURFACE_CURVE('',#6274,(#6278,#6285),.PCURVE_S1.);
#6274 = LINE('',#6275,#6276);
#6275 = CARTESIAN_POINT('',(34.35,5.5,-24.35));
#6276 = VECTOR('',#6277,1.);
#6277 = DIRECTION('',(0.,0.,1.));
#6278 = PCURVE('',#5937,#6279);
#6279 = DEFINITIONAL_REPRESENTATION('',(#6280),#6284);
#6280 = LINE('',#6281,#6282);
#6281 = CARTESIAN_POINT('',(0.,0.));
#6282 = VECTOR('',#6283,1.);
#6283 = DIRECTION('',(1.,0.));
#6284 = ( GEOMETRIC_REPRESENTATION_CONTEXT(2) 
PARAMETRIC_REPRESENTATION_CONTEXT() REPRESENTATION_CONTEXT('2D SPACE',''
  ) );
#6285 = PCURVE('',#5964,#6286);
#6286 = DEFINITIONAL_REPRESENTATION('',(#6287),#6291);
#6287 = LINE('',#6288,#6289);
#6288 = CARTESIAN_POINT('',(0.,0.));
#6289 = VECTOR('',#6290,1.);
#6290 = DIRECTION('',(1.,0.));
#6291 = ( GEOMETRIC_REPRESENTATION_CONTEXT(2) 
PARAMETRIC_REPRESENTATION_CONTEXT() REPRESENTATION_CONTEXT('2D SPACE',''
  ) );
#6292 = ORIENTED_EDGE('',*,*,#6293,.T.);
#6293 = EDGE_CURVE('',#6271,#6170,#6294,.T.);
#6294 = SURFACE_CURVE('',#6295,(#6299,#6306),.PCURVE_S1.);
#6295 = LINE('',#6296,#6297);
#6296 = CARTESIAN_POINT('',(34.35,5.5,-18.35));
#6297 = VECTOR('',#6298,1.);
#6298 = DIRECTION('',(1.,0.,-0.));
#6299 = PCURVE('',#5937,#6300);
#6300 = DEFINITIONAL_REPRESENTATION('',(#6301),#6305);
#6301 = LINE('',#6302,#6303);
#6302 = CARTESIAN_POINT('',(6.,0.));
#6303 = VECTOR('',#6304,1.);
#6304 = DIRECTION('',(0.,1.));
#6305 = ( GEOMETRIC_REPRESENTATION_CONTEXT(2) 
PARAMETRIC_REPRESENTATION_CONTEXT() REPRESENTATION_CONTEXT('2D SPACE',''
  ) );
#6306 = PCURVE('',#6307,#6312);
#6307 = PLANE('',#6308);
#6308 = AXIS2_PLACEMENT_3D('',#6309,#6310,#6311);
#6309 = CARTESIAN_POINT('',(34.35,5.5,-18.35));
#6310 = DIRECTION('',(0.,0.,1.));
#6311 = DIRECTION('',(1.,0.,-0.));
#6312 = DEFINITIONAL_REPRESENTATION('',(#6313),#6317);
#6313 = LINE('',#6314,#6315);
#6314 = CARTESIAN_POINT('',(0.,0.));
#6315 = VECTOR('',#6316,1.);
#6316 = DIRECTION('',(1.,0.));
#6317 = ( GEOMETRIC_REPRESENTATION_CONTEXT(2) 
PARAMETRIC_REPRESENTATION_CONTEXT() REPRESENTATION_CONTEXT('2D SPACE',''
  ) );
#6318 = FACE_BOUND('',#6319,.F.);
#6319 = EDGE_LOOP('',(#6320));
#6320 = ORIENTED_EDGE('',*,*,#6321,.T.);
#6321 = EDGE_CURVE('',#6322,#6322,#6324,.T.);
#6322 = VERTEX_POINT('',#6323);
#6323 = CARTESIAN_POINT('',(39.45,5.5,-21.35));
#6324 = SURFACE_CURVE('',#6325,(#6330,#6341),.PCURVE_S1.);
#6325 = CIRCLE('',#6326,2.35);
#6326 = AXIS2_PLACEMENT_3D('',#6327,#6328,#6329);
#6327 = CARTESIAN_POINT('',(37.1,5.5,-21.35));
#6328 = DIRECTION('',(0.,-1.,0.));
#6329 = DIRECTION('',(1.,0.,0.));
#6330 = PCURVE('',#5937,#6331);
#6331 = DEFINITIONAL_REPRESENTATION('',(#6332),#6340);
#6332 = ( BOUNDED_CURVE() B_SPLINE_CURVE(2,(#6333,#6334,#6335,#6336,
#6337,#6338,#6339),.UNSPECIFIED.,.T.,.F.) B_SPLINE_CURVE_WITH_KNOTS((1,2
    ,2,2,2,1),(-2.094395102393,0.,2.094395102393,4.188790204786,
6.28318530718,8.377580409573),.UNSPECIFIED.) CURVE() 
GEOMETRIC_REPRESENTATION_ITEM() RATIONAL_B_SPLINE_CURVE((1.,0.5,1.,0.5,
1.,0.5,1.)) REPRESENTATION_ITEM('') );
#6333 = CARTESIAN_POINT('',(3.,5.1));
#6334 = CARTESIAN_POINT('',(7.070319397787,5.1));
#6335 = CARTESIAN_POINT('',(5.035159698893,1.575));
#6336 = CARTESIAN_POINT('',(3.,-1.95));
#6337 = CARTESIAN_POINT('',(0.964840301107,1.575));
#6338 = CARTESIAN_POINT('',(-1.070319397787,5.1));
#6339 = CARTESIAN_POINT('',(3.,5.1));
#6340 = ( GEOMETRIC_REPRESENTATION_CONTEXT(2) 
PARAMETRIC_REPRESENTATION_CONTEXT() REPRESENTATION_CONTEXT('2D SPACE',''
  ) );
#6341 = PCURVE('',#6342,#6347);
#6342 = CYLINDRICAL_SURFACE('',#6343,2.35);
#6343 = AXIS2_PLACEMENT_3D('',#6344,#6345,#6346);
#6344 = CARTESIAN_POINT('',(37.1,10.1,-21.35));
#6345 = DIRECTION('',(0.,-1.,0.));
#6346 = DIRECTION('',(1.,0.,0.));
#6347 = DEFINITIONAL_REPRESENTATION('',(#6348),#6352);
#6348 = LINE('',#6349,#6350);
#6349 = CARTESIAN_POINT('',(0.,4.6));
#6350 = VECTOR('',#6351,1.);
#6351 = DIRECTION('',(1.,0.));
#6352 = ( GEOMETRIC_REPRESENTATION_CONTEXT(2) 
PARAMETRIC_REPRESENTATION_CONTEXT() REPRESENTATION_CONTEXT('2D SPACE',''
  ) );
#6353 = ADVANCED_FACE('',(#6354),#6342,.F.);
#6354 = FACE_BOUND('',#6355,.F.);
#6355 = EDGE_LOOP('',(#6356,#6357,#6380,#6411));
#6356 = ORIENTED_EDGE('',*,*,#6321,.F.);
#6357 = ORIENTED_EDGE('',*,*,#6358,.F.);
#6358 = EDGE_CURVE('',#6359,#6322,#6361,.T.);
#6359 = VERTEX_POINT('',#6360);
#6360 = CARTESIAN_POINT('',(39.45,10.1,-21.35));
#6361 = SEAM_CURVE('',#6362,(#6366,#6373),.PCURVE_S1.);
#6362 = LINE('',#6363,#6364);
#6363 = CARTESIAN_POINT('',(39.45,10.1,-21.35));
#6364 = VECTOR('',#6365,1.);
#6365 = DIRECTION('',(0.,-1.,0.));
#6366 = PCURVE('',#6342,#6367);
#6367 = DEFINITIONAL_REPRESENTATION('',(#6368),#6372);
#6368 = LINE('',#6369,#6370);
#6369 = CARTESIAN_POINT('',(6.28318530718,-0.));
#6370 = VECTOR('',#6371,1.);
#6371 = DIRECTION('',(0.,1.));
#6372 = ( GEOMETRIC_REPRESENTATION_CONTEXT(2) 
PARAMETRIC_REPRESENTATION_CONTEXT() REPRESENTATION_CONTEXT('2D SPACE',''
  ) );
#6373 = PCURVE('',#6342,#6374);
#6374 = DEFINITIONAL_REPRESENTATION('',(#6375),#6379);
#6375 = LINE('',#6376,#6377);
#6376 = CARTESIAN_POINT('',(0.,-0.));
#6377 = VECTOR('',#6378,1.);
#6378 = DIRECTION('',(0.,1.));
#6379 = ( GEOMETRIC_REPRESENTATION_CONTEXT(2) 
PARAMETRIC_REPRESENTATION_CONTEXT() REPRESENTATION_CONTEXT('2D SPACE',''
  ) );
#6380 = ORIENTED_EDGE('',*,*,#6381,.T.);
#6381 = EDGE_CURVE('',#6359,#6359,#6382,.T.);
#6382 = SURFACE_CURVE('',#6383,(#6388,#6395),.PCURVE_S1.);
#6383 = CIRCLE('',#6384,2.35);
#6384 = AXIS2_PLACEMENT_3D('',#6385,#6386,#6387);
#6385 = CARTESIAN_POINT('',(37.1,10.1,-21.35));
#6386 = DIRECTION('',(0.,-1.,0.));
#6387 = DIRECTION('',(1.,0.,0.));
#6388 = PCURVE('',#6342,#6389);
#6389 = DEFINITIONAL_REPRESENTATION('',(#6390),#6394);
#6390 = LINE('',#6391,#6392);
#6391 = CARTESIAN_POINT('',(0.,0.));
#6392 = VECTOR('',#6393,1.);
#6393 = DIRECTION('',(1.,0.));
#6394 = ( GEOMETRIC_REPRESENTATION_CONTEXT(2) 
PARAMETRIC_REPRESENTATION_CONTEXT() REPRESENTATION_CONTEXT('2D SPACE',''
  ) );
#6395 = PCURVE('',#6396,#6401);
#6396 = PLANE('',#6397);
#6397 = AXIS2_PLACEMENT_3D('',#6398,#6399,#6400);
#6398 = CARTESIAN_POINT('',(34.35,10.1,-24.35));
#6399 = DIRECTION('',(-0.,1.,0.));
#6400 = DIRECTION('',(0.,0.,1.));
#6401 = DEFINITIONAL_REPRESENTATION('',(#6402),#6410);
#6402 = ( BOUNDED_CURVE() B_SPLINE_CURVE(2,(#6403,#6404,#6405,#6406,
#6407,#6408,#6409),.UNSPECIFIED.,.T.,.F.) B_SPLINE_CURVE_WITH_KNOTS((1,2
    ,2,2,2,1),(-2.094395102393,0.,2.094395102393,4.188790204786,
6.28318530718,8.377580409573),.UNSPECIFIED.) CURVE() 
GEOMETRIC_REPRESENTATION_ITEM() RATIONAL_B_SPLINE_CURVE((1.,0.5,1.,0.5,
1.,0.5,1.)) REPRESENTATION_ITEM('') );
#6403 = CARTESIAN_POINT('',(3.,5.1));
#6404 = CARTESIAN_POINT('',(7.070319397787,5.1));
#6405 = CARTESIAN_POINT('',(5.035159698893,1.575));
#6406 = CARTESIAN_POINT('',(3.,-1.95));
#6407 = CARTESIAN_POINT('',(0.964840301107,1.575));
#6408 = CARTESIAN_POINT('',(-1.070319397787,5.1));
#6409 = CARTESIAN_POINT('',(3.,5.1));
#6410 = ( GEOMETRIC_REPRESENTATION_CONTEXT(2) 
PARAMETRIC_REPRESENTATION_CONTEXT() REPRESENTATION_CONTEXT('2D SPACE',''
  ) );
#6411 = ORIENTED_EDGE('',*,*,#6358,.T.);
#6412 = ADVANCED_FACE('',(#6413,#6614),#6396,.T.);
#6413 = FACE_BOUND('',#6414,.T.);
#6414 = EDGE_LOOP('',(#6415,#6440,#6463,#6486,#6514,#6542,#6570,#6593));
#6415 = ORIENTED_EDGE('',*,*,#6416,.F.);
#6416 = EDGE_CURVE('',#6417,#6419,#6421,.T.);
#6417 = VERTEX_POINT('',#6418);
#6418 = CARTESIAN_POINT('',(39.85,10.1,-24.35));
#6419 = VERTEX_POINT('',#6420);
#6420 = CARTESIAN_POINT('',(39.85,10.1,-18.35));
#6421 = SURFACE_CURVE('',#6422,(#6426,#6433),.PCURVE_S1.);
#6422 = LINE('',#6423,#6424);
#6423 = CARTESIAN_POINT('',(39.85,10.1,-24.35));
#6424 = VECTOR('',#6425,1.);
#6425 = DIRECTION('',(0.,0.,1.));
#6426 = PCURVE('',#6396,#6427);
#6427 = DEFINITIONAL_REPRESENTATION('',(#6428),#6432);
#6428 = LINE('',#6429,#6430);
#6429 = CARTESIAN_POINT('',(0.,5.5));
#6430 = VECTOR('',#6431,1.);
#6431 = DIRECTION('',(1.,0.));
#6432 = ( GEOMETRIC_REPRESENTATION_CONTEXT(2) 
PARAMETRIC_REPRESENTATION_CONTEXT() REPRESENTATION_CONTEXT('2D SPACE',''
  ) );
#6433 = PCURVE('',#6185,#6434);
#6434 = DEFINITIONAL_REPRESENTATION('',(#6435),#6439);
#6435 = LINE('',#6436,#6437);
#6436 = CARTESIAN_POINT('',(0.,-4.6));
#6437 = VECTOR('',#6438,1.);
#6438 = DIRECTION('',(1.,0.));
#6439 = ( GEOMETRIC_REPRESENTATION_CONTEXT(2) 
PARAMETRIC_REPRESENTATION_CONTEXT() REPRESENTATION_CONTEXT('2D SPACE',''
  ) );
#6440 = ORIENTED_EDGE('',*,*,#6441,.F.);
#6441 = EDGE_CURVE('',#6442,#6417,#6444,.T.);
#6442 = VERTEX_POINT('',#6443);
#6443 = CARTESIAN_POINT('',(34.35,10.1,-24.35));
#6444 = SURFACE_CURVE('',#6445,(#6449,#6456),.PCURVE_S1.);
#6445 = LINE('',#6446,#6447);
#6446 = CARTESIAN_POINT('',(34.35,10.1,-24.35));
#6447 = VECTOR('',#6448,1.);
#6448 = DIRECTION('',(1.,0.,-0.));
#6449 = PCURVE('',#6396,#6450);
#6450 = DEFINITIONAL_REPRESENTATION('',(#6451),#6455);
#6451 = LINE('',#6452,#6453);
#6452 = CARTESIAN_POINT('',(0.,0.));
#6453 = VECTOR('',#6454,1.);
#6454 = DIRECTION('',(0.,1.));
#6455 = ( GEOMETRIC_REPRESENTATION_CONTEXT(2) 
PARAMETRIC_REPRESENTATION_CONTEXT() REPRESENTATION_CONTEXT('2D SPACE',''
  ) );
#6456 = PCURVE('',#6213,#6457);
#6457 = DEFINITIONAL_REPRESENTATION('',(#6458),#6462);
#6458 = LINE('',#6459,#6460);
#6459 = CARTESIAN_POINT('',(0.,4.6));
#6460 = VECTOR('',#6461,1.);
#6461 = DIRECTION('',(1.,0.));
#6462 = ( GEOMETRIC_REPRESENTATION_CONTEXT(2) 
PARAMETRIC_REPRESENTATION_CONTEXT() REPRESENTATION_CONTEXT('2D SPACE',''
  ) );
#6463 = ORIENTED_EDGE('',*,*,#6464,.T.);
#6464 = EDGE_CURVE('',#6442,#6465,#6467,.T.);
#6465 = VERTEX_POINT('',#6466);
#6466 = CARTESIAN_POINT('',(34.35,10.1,-24.15));
#6467 = SURFACE_CURVE('',#6468,(#6472,#6479),.PCURVE_S1.);
#6468 = LINE('',#6469,#6470);
#6469 = CARTESIAN_POINT('',(34.35,10.1,-24.35));
#6470 = VECTOR('',#6471,1.);
#6471 = DIRECTION('',(0.,0.,1.));
#6472 = PCURVE('',#6396,#6473);
#6473 = DEFINITIONAL_REPRESENTATION('',(#6474),#6478);
#6474 = LINE('',#6475,#6476);
#6475 = CARTESIAN_POINT('',(0.,0.));
#6476 = VECTOR('',#6477,1.);
#6477 = DIRECTION('',(1.,0.));
#6478 = ( GEOMETRIC_REPRESENTATION_CONTEXT(2) 
PARAMETRIC_REPRESENTATION_CONTEXT() REPRESENTATION_CONTEXT('2D SPACE',''
  ) );
#6479 = PCURVE('',#5964,#6480);
#6480 = DEFINITIONAL_REPRESENTATION('',(#6481),#6485);
#6481 = LINE('',#6482,#6483);
#6482 = CARTESIAN_POINT('',(0.,-4.6));
#6483 = VECTOR('',#6484,1.);
#6484 = DIRECTION('',(1.,0.));
#6485 = ( GEOMETRIC_REPRESENTATION_CONTEXT(2) 
PARAMETRIC_REPRESENTATION_CONTEXT() REPRESENTATION_CONTEXT('2D SPACE',''
  ) );
#6486 = ORIENTED_EDGE('',*,*,#6487,.T.);
#6487 = EDGE_CURVE('',#6465,#6488,#6490,.T.);
#6488 = VERTEX_POINT('',#6489);
#6489 = CARTESIAN_POINT('',(35.3,10.1,-24.15));
#6490 = SURFACE_CURVE('',#6491,(#6495,#6502),.PCURVE_S1.);
#6491 = LINE('',#6492,#6493);
#6492 = CARTESIAN_POINT('',(34.1,10.1,-24.15));
#6493 = VECTOR('',#6494,1.);
#6494 = DIRECTION('',(1.,0.,-0.));
#6495 = PCURVE('',#6396,#6496);
#6496 = DEFINITIONAL_REPRESENTATION('',(#6497),#6501);
#6497 = LINE('',#6498,#6499);
#6498 = CARTESIAN_POINT('',(0.2,-0.25));
#6499 = VECTOR('',#6500,1.);
#6500 = DIRECTION('',(0.,1.));
#6501 = ( GEOMETRIC_REPRESENTATION_CONTEXT(2) 
PARAMETRIC_REPRESENTATION_CONTEXT() REPRESENTATION_CONTEXT('2D SPACE',''
  ) );
#6502 = PCURVE('',#6503,#6508);
#6503 = PLANE('',#6504);
#6504 = AXIS2_PLACEMENT_3D('',#6505,#6506,#6507);
#6505 = CARTESIAN_POINT('',(34.1,10.1,-24.15));
#6506 = DIRECTION('',(0.,0.,1.));
#6507 = DIRECTION('',(1.,0.,-0.));
#6508 = DEFINITIONAL_REPRESENTATION('',(#6509),#6513);
#6509 = LINE('',#6510,#6511);
#6510 = CARTESIAN_POINT('',(0.,0.));
#6511 = VECTOR('',#6512,1.);
#6512 = DIRECTION('',(1.,0.));
#6513 = ( GEOMETRIC_REPRESENTATION_CONTEXT(2) 
PARAMETRIC_REPRESENTATION_CONTEXT() REPRESENTATION_CONTEXT('2D SPACE',''
  ) );
#6514 = ORIENTED_EDGE('',*,*,#6515,.T.);
#6515 = EDGE_CURVE('',#6488,#6516,#6518,.T.);
#6516 = VERTEX_POINT('',#6517);
#6517 = CARTESIAN_POINT('',(35.3,10.1,-22.95));
#6518 = SURFACE_CURVE('',#6519,(#6523,#6530),.PCURVE_S1.);
#6519 = LINE('',#6520,#6521);
#6520 = CARTESIAN_POINT('',(35.3,10.1,-24.15));
#6521 = VECTOR('',#6522,1.);
#6522 = DIRECTION('',(0.,0.,1.));
#6523 = PCURVE('',#6396,#6524);
#6524 = DEFINITIONAL_REPRESENTATION('',(#6525),#6529);
#6525 = LINE('',#6526,#6527);
#6526 = CARTESIAN_POINT('',(0.2,0.95));
#6527 = VECTOR('',#6528,1.);
#6528 = DIRECTION('',(1.,0.));
#6529 = ( GEOMETRIC_REPRESENTATION_CONTEXT(2) 
PARAMETRIC_REPRESENTATION_CONTEXT() REPRESENTATION_CONTEXT('2D SPACE',''
  ) );
#6530 = PCURVE('',#6531,#6536);
#6531 = PLANE('',#6532);
#6532 = AXIS2_PLACEMENT_3D('',#6533,#6534,#6535);
#6533 = CARTESIAN_POINT('',(35.3,10.1,-24.15));
#6534 = DIRECTION('',(1.,0.,-0.));
#6535 = DIRECTION('',(0.,0.,1.));
#6536 = DEFINITIONAL_REPRESENTATION('',(#6537),#6541);
#6537 = LINE('',#6538,#6539);
#6538 = CARTESIAN_POINT('',(0.,0.));
#6539 = VECTOR('',#6540,1.);
#6540 = DIRECTION('',(1.,0.));
#6541 = ( GEOMETRIC_REPRESENTATION_CONTEXT(2) 
PARAMETRIC_REPRESENTATION_CONTEXT() REPRESENTATION_CONTEXT('2D SPACE',''
  ) );
#6542 = ORIENTED_EDGE('',*,*,#6543,.F.);
#6543 = EDGE_CURVE('',#6544,#6516,#6546,.T.);
#6544 = VERTEX_POINT('',#6545);
#6545 = CARTESIAN_POINT('',(34.35,10.1,-22.95));
#6546 = SURFACE_CURVE('',#6547,(#6551,#6558),.PCURVE_S1.);
#6547 = LINE('',#6548,#6549);
#6548 = CARTESIAN_POINT('',(34.1,10.1,-22.95));
#6549 = VECTOR('',#6550,1.);
#6550 = DIRECTION('',(1.,0.,-0.));
#6551 = PCURVE('',#6396,#6552);
#6552 = DEFINITIONAL_REPRESENTATION('',(#6553),#6557);
#6553 = LINE('',#6554,#6555);
#6554 = CARTESIAN_POINT('',(1.4,-0.25));
#6555 = VECTOR('',#6556,1.);
#6556 = DIRECTION('',(0.,1.));
#6557 = ( GEOMETRIC_REPRESENTATION_CONTEXT(2) 
PARAMETRIC_REPRESENTATION_CONTEXT() REPRESENTATION_CONTEXT('2D SPACE',''
  ) );
#6558 = PCURVE('',#6559,#6564);
#6559 = PLANE('',#6560);
#6560 = AXIS2_PLACEMENT_3D('',#6561,#6562,#6563);
#6561 = CARTESIAN_POINT('',(34.1,10.1,-22.95));
#6562 = DIRECTION('',(0.,0.,1.));
#6563 = DIRECTION('',(1.,0.,-0.));
#6564 = DEFINITIONAL_REPRESENTATION('',(#6565),#6569);
#6565 = LINE('',#6566,#6567);
#6566 = CARTESIAN_POINT('',(0.,0.));
#6567 = VECTOR('',#6568,1.);
#6568 = DIRECTION('',(1.,0.));
#6569 = ( GEOMETRIC_REPRESENTATION_CONTEXT(2) 
PARAMETRIC_REPRESENTATION_CONTEXT() REPRESENTATION_CONTEXT('2D SPACE',''
  ) );
#6570 = ORIENTED_EDGE('',*,*,#6571,.T.);
#6571 = EDGE_CURVE('',#6544,#6572,#6574,.T.);
#6572 = VERTEX_POINT('',#6573);
#6573 = CARTESIAN_POINT('',(34.35,10.1,-18.35));
#6574 = SURFACE_CURVE('',#6575,(#6579,#6586),.PCURVE_S1.);
#6575 = LINE('',#6576,#6577);
#6576 = CARTESIAN_POINT('',(34.35,10.1,-24.35));
#6577 = VECTOR('',#6578,1.);
#6578 = DIRECTION('',(0.,0.,1.));
#6579 = PCURVE('',#6396,#6580);
#6580 = DEFINITIONAL_REPRESENTATION('',(#6581),#6585);
#6581 = LINE('',#6582,#6583);
#6582 = CARTESIAN_POINT('',(0.,0.));
#6583 = VECTOR('',#6584,1.);
#6584 = DIRECTION('',(1.,0.));
#6585 = ( GEOMETRIC_REPRESENTATION_CONTEXT(2) 
PARAMETRIC_REPRESENTATION_CONTEXT() REPRESENTATION_CONTEXT('2D SPACE',''
  ) );
#6586 = PCURVE('',#5964,#6587);
#6587 = DEFINITIONAL_REPRESENTATION('',(#6588),#6592);
#6588 = LINE('',#6589,#6590);
#6589 = CARTESIAN_POINT('',(0.,-4.6));
#6590 = VECTOR('',#6591,1.);
#6591 = DIRECTION('',(1.,0.));
#6592 = ( GEOMETRIC_REPRESENTATION_CONTEXT(2) 
PARAMETRIC_REPRESENTATION_CONTEXT() REPRESENTATION_CONTEXT('2D SPACE',''
  ) );
#6593 = ORIENTED_EDGE('',*,*,#6594,.T.);
#6594 = EDGE_CURVE('',#6572,#6419,#6595,.T.);
#6595 = SURFACE_CURVE('',#6596,(#6600,#6607),.PCURVE_S1.);
#6596 = LINE('',#6597,#6598);
#6597 = CARTESIAN_POINT('',(34.35,10.1,-18.35));
#6598 = VECTOR('',#6599,1.);
#6599 = DIRECTION('',(1.,0.,-0.));
#6600 = PCURVE('',#6396,#6601);
#6601 = DEFINITIONAL_REPRESENTATION('',(#6602),#6606);
#6602 = LINE('',#6603,#6604);
#6603 = CARTESIAN_POINT('',(6.,0.));
#6604 = VECTOR('',#6605,1.);
#6605 = DIRECTION('',(0.,1.));
#6606 = ( GEOMETRIC_REPRESENTATION_CONTEXT(2) 
PARAMETRIC_REPRESENTATION_CONTEXT() REPRESENTATION_CONTEXT('2D SPACE',''
  ) );
#6607 = PCURVE('',#6307,#6608);
#6608 = DEFINITIONAL_REPRESENTATION('',(#6609),#6613);
#6609 = LINE('',#6610,#6611);
#6610 = CARTESIAN_POINT('',(0.,4.6));
#6611 = VECTOR('',#6612,1.);
#6612 = DIRECTION('',(1.,0.));
#6613 = ( GEOMETRIC_REPRESENTATION_CONTEXT(2) 
PARAMETRIC_REPRESENTATION_CONTEXT() REPRESENTATION_CONTEXT('2D SPACE',''
  ) );
#6614 = FACE_BOUND('',#6615,.T.);
#6615 = EDGE_LOOP('',(#6616));
#6616 = ORIENTED_EDGE('',*,*,#6381,.T.);
#6617 = ADVANCED_FACE('',(#6618),#6531,.T.);
#6618 = FACE_BOUND('',#6619,.T.);
#6619 = EDGE_LOOP('',(#6620,#6621,#6644,#6672));
#6620 = ORIENTED_EDGE('',*,*,#6515,.F.);
#6621 = ORIENTED_EDGE('',*,*,#6622,.T.);
#6622 = EDGE_CURVE('',#6488,#6623,#6625,.T.);
#6623 = VERTEX_POINT('',#6624);
#6624 = CARTESIAN_POINT('',(35.3,10.9,-24.15));
#6625 = SURFACE_CURVE('',#6626,(#6630,#6637),.PCURVE_S1.);
#6626 = LINE('',#6627,#6628);
#6627 = CARTESIAN_POINT('',(35.3,10.1,-24.15));
#6628 = VECTOR('',#6629,1.);
#6629 = DIRECTION('',(-0.,1.,0.));
#6630 = PCURVE('',#6531,#6631);
#6631 = DEFINITIONAL_REPRESENTATION('',(#6632),#6636);
#6632 = LINE('',#6633,#6634);
#6633 = CARTESIAN_POINT('',(0.,0.));
#6634 = VECTOR('',#6635,1.);
#6635 = DIRECTION('',(0.,-1.));
#6636 = ( GEOMETRIC_REPRESENTATION_CONTEXT(2) 
PARAMETRIC_REPRESENTATION_CONTEXT() REPRESENTATION_CONTEXT('2D SPACE',''
  ) );
#6637 = PCURVE('',#6503,#6638);
#6638 = DEFINITIONAL_REPRESENTATION('',(#6639),#6643);
#6639 = LINE('',#6640,#6641);
#6640 = CARTESIAN_POINT('',(1.2,0.));
#6641 = VECTOR('',#6642,1.);
#6642 = DIRECTION('',(0.,1.));
#6643 = ( GEOMETRIC_REPRESENTATION_CONTEXT(2) 
PARAMETRIC_REPRESENTATION_CONTEXT() REPRESENTATION_CONTEXT('2D SPACE',''
  ) );
#6644 = ORIENTED_EDGE('',*,*,#6645,.T.);
#6645 = EDGE_CURVE('',#6623,#6646,#6648,.T.);
#6646 = VERTEX_POINT('',#6647);
#6647 = CARTESIAN_POINT('',(35.3,10.9,-22.95));
#6648 = SURFACE_CURVE('',#6649,(#6653,#6660),.PCURVE_S1.);
#6649 = LINE('',#6650,#6651);
#6650 = CARTESIAN_POINT('',(35.3,10.9,-24.15));
#6651 = VECTOR('',#6652,1.);
#6652 = DIRECTION('',(0.,0.,1.));
#6653 = PCURVE('',#6531,#6654);
#6654 = DEFINITIONAL_REPRESENTATION('',(#6655),#6659);
#6655 = LINE('',#6656,#6657);
#6656 = CARTESIAN_POINT('',(0.,-0.8));
#6657 = VECTOR('',#6658,1.);
#6658 = DIRECTION('',(1.,0.));
#6659 = ( GEOMETRIC_REPRESENTATION_CONTEXT(2) 
PARAMETRIC_REPRESENTATION_CONTEXT() REPRESENTATION_CONTEXT('2D SPACE',''
  ) );
#6660 = PCURVE('',#6661,#6666);
#6661 = PLANE('',#6662);
#6662 = AXIS2_PLACEMENT_3D('',#6663,#6664,#6665);
#6663 = CARTESIAN_POINT('',(34.1,10.9,-24.15));
#6664 = DIRECTION('',(-0.,1.,0.));
#6665 = DIRECTION('',(0.,0.,1.));
#6666 = DEFINITIONAL_REPRESENTATION('',(#6667),#6671);
#6667 = LINE('',#6668,#6669);
#6668 = CARTESIAN_POINT('',(0.,1.2));
#6669 = VECTOR('',#6670,1.);
#6670 = DIRECTION('',(1.,0.));
#6671 = ( GEOMETRIC_REPRESENTATION_CONTEXT(2) 
PARAMETRIC_REPRESENTATION_CONTEXT() REPRESENTATION_CONTEXT('2D SPACE',''
  ) );
#6672 = ORIENTED_EDGE('',*,*,#6673,.F.);
#6673 = EDGE_CURVE('',#6516,#6646,#6674,.T.);
#6674 = SURFACE_CURVE('',#6675,(#6679,#6686),.PCURVE_S1.);
#6675 = LINE('',#6676,#6677);
#6676 = CARTESIAN_POINT('',(35.3,10.1,-22.95));
#6677 = VECTOR('',#6678,1.);
#6678 = DIRECTION('',(-0.,1.,0.));
#6679 = PCURVE('',#6531,#6680);
#6680 = DEFINITIONAL_REPRESENTATION('',(#6681),#6685);
#6681 = LINE('',#6682,#6683);
#6682 = CARTESIAN_POINT('',(1.2,0.));
#6683 = VECTOR('',#6684,1.);
#6684 = DIRECTION('',(0.,-1.));
#6685 = ( GEOMETRIC_REPRESENTATION_CONTEXT(2) 
PARAMETRIC_REPRESENTATION_CONTEXT() REPRESENTATION_CONTEXT('2D SPACE',''
  ) );
#6686 = PCURVE('',#6559,#6687);
#6687 = DEFINITIONAL_REPRESENTATION('',(#6688),#6692);
#6688 = LINE('',#6689,#6690);
#6689 = CARTESIAN_POINT('',(1.2,0.));
#6690 = VECTOR('',#6691,1.);
#6691 = DIRECTION('',(0.,1.));
#6692 = ( GEOMETRIC_REPRESENTATION_CONTEXT(2) 
PARAMETRIC_REPRESENTATION_CONTEXT() REPRESENTATION_CONTEXT('2D SPACE',''
  ) );
#6693 = ADVANCED_FACE('',(#6694),#6661,.T.);
#6694 = FACE_BOUND('',#6695,.T.);
#6695 = EDGE_LOOP('',(#6696,#6719,#6747,#6768));
#6696 = ORIENTED_EDGE('',*,*,#6697,.F.);
#6697 = EDGE_CURVE('',#6698,#6623,#6700,.T.);
#6698 = VERTEX_POINT('',#6699);
#6699 = CARTESIAN_POINT('',(34.1,10.9,-24.15));
#6700 = SURFACE_CURVE('',#6701,(#6705,#6712),.PCURVE_S1.);
#6701 = LINE('',#6702,#6703);
#6702 = CARTESIAN_POINT('',(34.1,10.9,-24.15));
#6703 = VECTOR('',#6704,1.);
#6704 = DIRECTION('',(1.,0.,-0.));
#6705 = PCURVE('',#6661,#6706);
#6706 = DEFINITIONAL_REPRESENTATION('',(#6707),#6711);
#6707 = LINE('',#6708,#6709);
#6708 = CARTESIAN_POINT('',(0.,0.));
#6709 = VECTOR('',#6710,1.);
#6710 = DIRECTION('',(0.,1.));
#6711 = ( GEOMETRIC_REPRESENTATION_CONTEXT(2) 
PARAMETRIC_REPRESENTATION_CONTEXT() REPRESENTATION_CONTEXT('2D SPACE',''
  ) );
#6712 = PCURVE('',#6503,#6713);
#6713 = DEFINITIONAL_REPRESENTATION('',(#6714),#6718);
#6714 = LINE('',#6715,#6716);
#6715 = CARTESIAN_POINT('',(0.,0.8));
#6716 = VECTOR('',#6717,1.);
#6717 = DIRECTION('',(1.,0.));
#6718 = ( GEOMETRIC_REPRESENTATION_CONTEXT(2) 
PARAMETRIC_REPRESENTATION_CONTEXT() REPRESENTATION_CONTEXT('2D SPACE',''
  ) );
#6719 = ORIENTED_EDGE('',*,*,#6720,.T.);
#6720 = EDGE_CURVE('',#6698,#6721,#6723,.T.);
#6721 = VERTEX_POINT('',#6722);
#6722 = CARTESIAN_POINT('',(34.1,10.9,-22.95));
#6723 = SURFACE_CURVE('',#6724,(#6728,#6735),.PCURVE_S1.);
#6724 = LINE('',#6725,#6726);
#6725 = CARTESIAN_POINT('',(34.1,10.9,-24.15));
#6726 = VECTOR('',#6727,1.);
#6727 = DIRECTION('',(0.,0.,1.));
#6728 = PCURVE('',#6661,#6729);
#6729 = DEFINITIONAL_REPRESENTATION('',(#6730),#6734);
#6730 = LINE('',#6731,#6732);
#6731 = CARTESIAN_POINT('',(0.,0.));
#6732 = VECTOR('',#6733,1.);
#6733 = DIRECTION('',(1.,0.));
#6734 = ( GEOMETRIC_REPRESENTATION_CONTEXT(2) 
PARAMETRIC_REPRESENTATION_CONTEXT() REPRESENTATION_CONTEXT('2D SPACE',''
  ) );
#6735 = PCURVE('',#6736,#6741);
#6736 = PLANE('',#6737);
#6737 = AXIS2_PLACEMENT_3D('',#6738,#6739,#6740);
#6738 = CARTESIAN_POINT('',(34.1,10.1,-24.15));
#6739 = DIRECTION('',(1.,0.,-0.));
#6740 = DIRECTION('',(0.,0.,1.));
#6741 = DEFINITIONAL_REPRESENTATION('',(#6742),#6746);
#6742 = LINE('',#6743,#6744);
#6743 = CARTESIAN_POINT('',(0.,-0.8));
#6744 = VECTOR('',#6745,1.);
#6745 = DIRECTION('',(1.,0.));
#6746 = ( GEOMETRIC_REPRESENTATION_CONTEXT(2) 
PARAMETRIC_REPRESENTATION_CONTEXT() REPRESENTATION_CONTEXT('2D SPACE',''
  ) );
#6747 = ORIENTED_EDGE('',*,*,#6748,.T.);
#6748 = EDGE_CURVE('',#6721,#6646,#6749,.T.);
#6749 = SURFACE_CURVE('',#6750,(#6754,#6761),.PCURVE_S1.);
#6750 = LINE('',#6751,#6752);
#6751 = CARTESIAN_POINT('',(34.1,10.9,-22.95));
#6752 = VECTOR('',#6753,1.);
#6753 = DIRECTION('',(1.,0.,-0.));
#6754 = PCURVE('',#6661,#6755);
#6755 = DEFINITIONAL_REPRESENTATION('',(#6756),#6760);
#6756 = LINE('',#6757,#6758);
#6757 = CARTESIAN_POINT('',(1.2,0.));
#6758 = VECTOR('',#6759,1.);
#6759 = DIRECTION('',(0.,1.));
#6760 = ( GEOMETRIC_REPRESENTATION_CONTEXT(2) 
PARAMETRIC_REPRESENTATION_CONTEXT() REPRESENTATION_CONTEXT('2D SPACE',''
  ) );
#6761 = PCURVE('',#6559,#6762);
#6762 = DEFINITIONAL_REPRESENTATION('',(#6763),#6767);
#6763 = LINE('',#6764,#6765);
#6764 = CARTESIAN_POINT('',(0.,0.8));
#6765 = VECTOR('',#6766,1.);
#6766 = DIRECTION('',(1.,0.));
#6767 = ( GEOMETRIC_REPRESENTATION_CONTEXT(2) 
PARAMETRIC_REPRESENTATION_CONTEXT() REPRESENTATION_CONTEXT('2D SPACE',''
  ) );
#6768 = ORIENTED_EDGE('',*,*,#6645,.F.);
#6769 = ADVANCED_FACE('',(#6770),#6736,.F.);
#6770 = FACE_BOUND('',#6771,.F.);
#6771 = EDGE_LOOP('',(#6772,#6802,#6823,#6824));
#6772 = ORIENTED_EDGE('',*,*,#6773,.F.);
#6773 = EDGE_CURVE('',#6774,#6776,#6778,.T.);
#6774 = VERTEX_POINT('',#6775);
#6775 = CARTESIAN_POINT('',(34.1,10.1,-24.15));
#6776 = VERTEX_POINT('',#6777);
#6777 = CARTESIAN_POINT('',(34.1,10.1,-22.95));
#6778 = SURFACE_CURVE('',#6779,(#6783,#6790),.PCURVE_S1.);
#6779 = LINE('',#6780,#6781);
#6780 = CARTESIAN_POINT('',(34.1,10.1,-24.15));
#6781 = VECTOR('',#6782,1.);
#6782 = DIRECTION('',(0.,0.,1.));
#6783 = PCURVE('',#6736,#6784);
#6784 = DEFINITIONAL_REPRESENTATION('',(#6785),#6789);
#6785 = LINE('',#6786,#6787);
#6786 = CARTESIAN_POINT('',(0.,0.));
#6787 = VECTOR('',#6788,1.);
#6788 = DIRECTION('',(1.,0.));
#6789 = ( GEOMETRIC_REPRESENTATION_CONTEXT(2) 
PARAMETRIC_REPRESENTATION_CONTEXT() REPRESENTATION_CONTEXT('2D SPACE',''
  ) );
#6790 = PCURVE('',#6791,#6796);
#6791 = PLANE('',#6792);
#6792 = AXIS2_PLACEMENT_3D('',#6793,#6794,#6795);
#6793 = CARTESIAN_POINT('',(34.1,10.1,-24.15));
#6794 = DIRECTION('',(-0.,1.,0.));
#6795 = DIRECTION('',(0.,0.,1.));
#6796 = DEFINITIONAL_REPRESENTATION('',(#6797),#6801);
#6797 = LINE('',#6798,#6799);
#6798 = CARTESIAN_POINT('',(0.,0.));
#6799 = VECTOR('',#6800,1.);
#6800 = DIRECTION('',(1.,0.));
#6801 = ( GEOMETRIC_REPRESENTATION_CONTEXT(2) 
PARAMETRIC_REPRESENTATION_CONTEXT() REPRESENTATION_CONTEXT('2D SPACE',''
  ) );
#6802 = ORIENTED_EDGE('',*,*,#6803,.T.);
#6803 = EDGE_CURVE('',#6774,#6698,#6804,.T.);
#6804 = SURFACE_CURVE('',#6805,(#6809,#6816),.PCURVE_S1.);
#6805 = LINE('',#6806,#6807);
#6806 = CARTESIAN_POINT('',(34.1,10.1,-24.15));
#6807 = VECTOR('',#6808,1.);
#6808 = DIRECTION('',(-0.,1.,0.));
#6809 = PCURVE('',#6736,#6810);
#6810 = DEFINITIONAL_REPRESENTATION('',(#6811),#6815);
#6811 = LINE('',#6812,#6813);
#6812 = CARTESIAN_POINT('',(0.,0.));
#6813 = VECTOR('',#6814,1.);
#6814 = DIRECTION('',(0.,-1.));
#6815 = ( GEOMETRIC_REPRESENTATION_CONTEXT(2) 
PARAMETRIC_REPRESENTATION_CONTEXT() REPRESENTATION_CONTEXT('2D SPACE',''
  ) );
#6816 = PCURVE('',#6503,#6817);
#6817 = DEFINITIONAL_REPRESENTATION('',(#6818),#6822);
#6818 = LINE('',#6819,#6820);
#6819 = CARTESIAN_POINT('',(0.,0.));
#6820 = VECTOR('',#6821,1.);
#6821 = DIRECTION('',(0.,1.));
#6822 = ( GEOMETRIC_REPRESENTATION_CONTEXT(2) 
PARAMETRIC_REPRESENTATION_CONTEXT() REPRESENTATION_CONTEXT('2D SPACE',''
  ) );
#6823 = ORIENTED_EDGE('',*,*,#6720,.T.);
#6824 = ORIENTED_EDGE('',*,*,#6825,.F.);
#6825 = EDGE_CURVE('',#6776,#6721,#6826,.T.);
#6826 = SURFACE_CURVE('',#6827,(#6831,#6838),.PCURVE_S1.);
#6827 = LINE('',#6828,#6829);
#6828 = CARTESIAN_POINT('',(34.1,10.1,-22.95));
#6829 = VECTOR('',#6830,1.);
#6830 = DIRECTION('',(-0.,1.,0.));
#6831 = PCURVE('',#6736,#6832);
#6832 = DEFINITIONAL_REPRESENTATION('',(#6833),#6837);
#6833 = LINE('',#6834,#6835);
#6834 = CARTESIAN_POINT('',(1.2,0.));
#6835 = VECTOR('',#6836,1.);
#6836 = DIRECTION('',(0.,-1.));
#6837 = ( GEOMETRIC_REPRESENTATION_CONTEXT(2) 
PARAMETRIC_REPRESENTATION_CONTEXT() REPRESENTATION_CONTEXT('2D SPACE',''
  ) );
#6838 = PCURVE('',#6559,#6839);
#6839 = DEFINITIONAL_REPRESENTATION('',(#6840),#6844);
#6840 = LINE('',#6841,#6842);
#6841 = CARTESIAN_POINT('',(0.,0.));
#6842 = VECTOR('',#6843,1.);
#6843 = DIRECTION('',(0.,1.));
#6844 = ( GEOMETRIC_REPRESENTATION_CONTEXT(2) 
PARAMETRIC_REPRESENTATION_CONTEXT() REPRESENTATION_CONTEXT('2D SPACE',''
  ) );
#6845 = ADVANCED_FACE('',(#6846),#6791,.F.);
#6846 = FACE_BOUND('',#6847,.F.);
#6847 = EDGE_LOOP('',(#6848,#6869,#6870,#6891));
#6848 = ORIENTED_EDGE('',*,*,#6849,.F.);
#6849 = EDGE_CURVE('',#6774,#6465,#6850,.T.);
#6850 = SURFACE_CURVE('',#6851,(#6855,#6862),.PCURVE_S1.);
#6851 = LINE('',#6852,#6853);
#6852 = CARTESIAN_POINT('',(34.1,10.1,-24.15));
#6853 = VECTOR('',#6854,1.);
#6854 = DIRECTION('',(1.,0.,-0.));
#6855 = PCURVE('',#6791,#6856);
#6856 = DEFINITIONAL_REPRESENTATION('',(#6857),#6861);
#6857 = LINE('',#6858,#6859);
#6858 = CARTESIAN_POINT('',(0.,0.));
#6859 = VECTOR('',#6860,1.);
#6860 = DIRECTION('',(0.,1.));
#6861 = ( GEOMETRIC_REPRESENTATION_CONTEXT(2) 
PARAMETRIC_REPRESENTATION_CONTEXT() REPRESENTATION_CONTEXT('2D SPACE',''
  ) );
#6862 = PCURVE('',#6503,#6863);
#6863 = DEFINITIONAL_REPRESENTATION('',(#6864),#6868);
#6864 = LINE('',#6865,#6866);
#6865 = CARTESIAN_POINT('',(0.,0.));
#6866 = VECTOR('',#6867,1.);
#6867 = DIRECTION('',(1.,0.));
#6868 = ( GEOMETRIC_REPRESENTATION_CONTEXT(2) 
PARAMETRIC_REPRESENTATION_CONTEXT() REPRESENTATION_CONTEXT('2D SPACE',''
  ) );
#6869 = ORIENTED_EDGE('',*,*,#6773,.T.);
#6870 = ORIENTED_EDGE('',*,*,#6871,.T.);
#6871 = EDGE_CURVE('',#6776,#6544,#6872,.T.);
#6872 = SURFACE_CURVE('',#6873,(#6877,#6884),.PCURVE_S1.);
#6873 = LINE('',#6874,#6875);
#6874 = CARTESIAN_POINT('',(34.1,10.1,-22.95));
#6875 = VECTOR('',#6876,1.);
#6876 = DIRECTION('',(1.,0.,-0.));
#6877 = PCURVE('',#6791,#6878);
#6878 = DEFINITIONAL_REPRESENTATION('',(#6879),#6883);
#6879 = LINE('',#6880,#6881);
#6880 = CARTESIAN_POINT('',(1.2,0.));
#6881 = VECTOR('',#6882,1.);
#6882 = DIRECTION('',(0.,1.));
#6883 = ( GEOMETRIC_REPRESENTATION_CONTEXT(2) 
PARAMETRIC_REPRESENTATION_CONTEXT() REPRESENTATION_CONTEXT('2D SPACE',''
  ) );
#6884 = PCURVE('',#6559,#6885);
#6885 = DEFINITIONAL_REPRESENTATION('',(#6886),#6890);
#6886 = LINE('',#6887,#6888);
#6887 = CARTESIAN_POINT('',(0.,0.));
#6888 = VECTOR('',#6889,1.);
#6889 = DIRECTION('',(1.,0.));
#6890 = ( GEOMETRIC_REPRESENTATION_CONTEXT(2) 
PARAMETRIC_REPRESENTATION_CONTEXT() REPRESENTATION_CONTEXT('2D SPACE',''
  ) );
#6891 = ORIENTED_EDGE('',*,*,#6892,.F.);
#6892 = EDGE_CURVE('',#6465,#6544,#6893,.T.);
#6893 = SURFACE_CURVE('',#6894,(#6898,#6905),.PCURVE_S1.);
#6894 = LINE('',#6895,#6896);
#6895 = CARTESIAN_POINT('',(34.35,10.1,-24.35));
#6896 = VECTOR('',#6897,1.);
#6897 = DIRECTION('',(0.,0.,1.));
#6898 = PCURVE('',#6791,#6899);
#6899 = DEFINITIONAL_REPRESENTATION('',(#6900),#6904);
#6900 = LINE('',#6901,#6902);
#6901 = CARTESIAN_POINT('',(-0.2,0.25));
#6902 = VECTOR('',#6903,1.);
#6903 = DIRECTION('',(1.,0.));
#6904 = ( GEOMETRIC_REPRESENTATION_CONTEXT(2) 
PARAMETRIC_REPRESENTATION_CONTEXT() REPRESENTATION_CONTEXT('2D SPACE',''
  ) );
#6905 = PCURVE('',#5964,#6906);
#6906 = DEFINITIONAL_REPRESENTATION('',(#6907),#6911);
#6907 = LINE('',#6908,#6909);
#6908 = CARTESIAN_POINT('',(0.,-4.6));
#6909 = VECTOR('',#6910,1.);
#6910 = DIRECTION('',(1.,0.));
#6911 = ( GEOMETRIC_REPRESENTATION_CONTEXT(2) 
PARAMETRIC_REPRESENTATION_CONTEXT() REPRESENTATION_CONTEXT('2D SPACE',''
  ) );
#6912 = ADVANCED_FACE('',(#6913),#6503,.F.);
#6913 = FACE_BOUND('',#6914,.F.);
#6914 = EDGE_LOOP('',(#6915,#6916,#6917,#6918,#6919));
#6915 = ORIENTED_EDGE('',*,*,#6803,.F.);
#6916 = ORIENTED_EDGE('',*,*,#6849,.T.);
#6917 = ORIENTED_EDGE('',*,*,#6487,.T.);
#6918 = ORIENTED_EDGE('',*,*,#6622,.T.);
#6919 = ORIENTED_EDGE('',*,*,#6697,.F.);
#6920 = ADVANCED_FACE('',(#6921),#6559,.T.);
#6921 = FACE_BOUND('',#6922,.T.);
#6922 = EDGE_LOOP('',(#6923,#6924,#6925,#6926,#6927));
#6923 = ORIENTED_EDGE('',*,*,#6825,.F.);
#6924 = ORIENTED_EDGE('',*,*,#6871,.T.);
#6925 = ORIENTED_EDGE('',*,*,#6543,.T.);
#6926 = ORIENTED_EDGE('',*,*,#6673,.T.);
#6927 = ORIENTED_EDGE('',*,*,#6748,.F.);
#6928 = ADVANCED_FACE('',(#6929),#6213,.F.);
#6929 = FACE_BOUND('',#6930,.F.);
#6930 = EDGE_LOOP('',(#6931,#6952,#6953,#6974));
#6931 = ORIENTED_EDGE('',*,*,#6932,.F.);
#6932 = EDGE_CURVE('',#6198,#6442,#6933,.T.);
#6933 = SURFACE_CURVE('',#6934,(#6938,#6945),.PCURVE_S1.);
#6934 = LINE('',#6935,#6936);
#6935 = CARTESIAN_POINT('',(34.35,5.5,-24.35));
#6936 = VECTOR('',#6937,1.);
#6937 = DIRECTION('',(-0.,1.,0.));
#6938 = PCURVE('',#6213,#6939);
#6939 = DEFINITIONAL_REPRESENTATION('',(#6940),#6944);
#6940 = LINE('',#6941,#6942);
#6941 = CARTESIAN_POINT('',(0.,0.));
#6942 = VECTOR('',#6943,1.);
#6943 = DIRECTION('',(0.,1.));
#6944 = ( GEOMETRIC_REPRESENTATION_CONTEXT(2) 
PARAMETRIC_REPRESENTATION_CONTEXT() REPRESENTATION_CONTEXT('2D SPACE',''
  ) );
#6945 = PCURVE('',#5964,#6946);
#6946 = DEFINITIONAL_REPRESENTATION('',(#6947),#6951);
#6947 = LINE('',#6948,#6949);
#6948 = CARTESIAN_POINT('',(0.,0.));
#6949 = VECTOR('',#6950,1.);
#6950 = DIRECTION('',(0.,-1.));
#6951 = ( GEOMETRIC_REPRESENTATION_CONTEXT(2) 
PARAMETRIC_REPRESENTATION_CONTEXT() REPRESENTATION_CONTEXT('2D SPACE',''
  ) );
#6952 = ORIENTED_EDGE('',*,*,#6197,.T.);
#6953 = ORIENTED_EDGE('',*,*,#6954,.T.);
#6954 = EDGE_CURVE('',#6168,#6417,#6955,.T.);
#6955 = SURFACE_CURVE('',#6956,(#6960,#6967),.PCURVE_S1.);
#6956 = LINE('',#6957,#6958);
#6957 = CARTESIAN_POINT('',(39.85,5.5,-24.35));
#6958 = VECTOR('',#6959,1.);
#6959 = DIRECTION('',(-0.,1.,0.));
#6960 = PCURVE('',#6213,#6961);
#6961 = DEFINITIONAL_REPRESENTATION('',(#6962),#6966);
#6962 = LINE('',#6963,#6964);
#6963 = CARTESIAN_POINT('',(5.5,0.));
#6964 = VECTOR('',#6965,1.);
#6965 = DIRECTION('',(0.,1.));
#6966 = ( GEOMETRIC_REPRESENTATION_CONTEXT(2) 
PARAMETRIC_REPRESENTATION_CONTEXT() REPRESENTATION_CONTEXT('2D SPACE',''
  ) );
#6967 = PCURVE('',#6185,#6968);
#6968 = DEFINITIONAL_REPRESENTATION('',(#6969),#6973);
#6969 = LINE('',#6970,#6971);
#6970 = CARTESIAN_POINT('',(0.,0.));
#6971 = VECTOR('',#6972,1.);
#6972 = DIRECTION('',(0.,-1.));
#6973 = ( GEOMETRIC_REPRESENTATION_CONTEXT(2) 
PARAMETRIC_REPRESENTATION_CONTEXT() REPRESENTATION_CONTEXT('2D SPACE',''
  ) );
#6974 = ORIENTED_EDGE('',*,*,#6441,.F.);
#6975 = ADVANCED_FACE('',(#6976),#6307,.T.);
#6976 = FACE_BOUND('',#6977,.T.);
#6977 = EDGE_LOOP('',(#6978,#6999,#7000,#7021));
#6978 = ORIENTED_EDGE('',*,*,#6979,.F.);
#6979 = EDGE_CURVE('',#6271,#6572,#6980,.T.);
#6980 = SURFACE_CURVE('',#6981,(#6985,#6992),.PCURVE_S1.);
#6981 = LINE('',#6982,#6983);
#6982 = CARTESIAN_POINT('',(34.35,5.5,-18.35));
#6983 = VECTOR('',#6984,1.);
#6984 = DIRECTION('',(-0.,1.,0.));
#6985 = PCURVE('',#6307,#6986);
#6986 = DEFINITIONAL_REPRESENTATION('',(#6987),#6991);
#6987 = LINE('',#6988,#6989);
#6988 = CARTESIAN_POINT('',(0.,0.));
#6989 = VECTOR('',#6990,1.);
#6990 = DIRECTION('',(0.,1.));
#6991 = ( GEOMETRIC_REPRESENTATION_CONTEXT(2) 
PARAMETRIC_REPRESENTATION_CONTEXT() REPRESENTATION_CONTEXT('2D SPACE',''
  ) );
#6992 = PCURVE('',#5964,#6993);
#6993 = DEFINITIONAL_REPRESENTATION('',(#6994),#6998);
#6994 = LINE('',#6995,#6996);
#6995 = CARTESIAN_POINT('',(6.,0.));
#6996 = VECTOR('',#6997,1.);
#6997 = DIRECTION('',(0.,-1.));
#6998 = ( GEOMETRIC_REPRESENTATION_CONTEXT(2) 
PARAMETRIC_REPRESENTATION_CONTEXT() REPRESENTATION_CONTEXT('2D SPACE',''
  ) );
#6999 = ORIENTED_EDGE('',*,*,#6293,.T.);
#7000 = ORIENTED_EDGE('',*,*,#7001,.T.);
#7001 = EDGE_CURVE('',#6170,#6419,#7002,.T.);
#7002 = SURFACE_CURVE('',#7003,(#7007,#7014),.PCURVE_S1.);
#7003 = LINE('',#7004,#7005);
#7004 = CARTESIAN_POINT('',(39.85,5.5,-18.35));
#7005 = VECTOR('',#7006,1.);
#7006 = DIRECTION('',(-0.,1.,0.));
#7007 = PCURVE('',#6307,#7008);
#7008 = DEFINITIONAL_REPRESENTATION('',(#7009),#7013);
#7009 = LINE('',#7010,#7011);
#7010 = CARTESIAN_POINT('',(5.5,0.));
#7011 = VECTOR('',#7012,1.);
#7012 = DIRECTION('',(0.,1.));
#7013 = ( GEOMETRIC_REPRESENTATION_CONTEXT(2) 
PARAMETRIC_REPRESENTATION_CONTEXT() REPRESENTATION_CONTEXT('2D SPACE',''
  ) );
#7014 = PCURVE('',#6185,#7015);
#7015 = DEFINITIONAL_REPRESENTATION('',(#7016),#7020);
#7016 = LINE('',#7017,#7018);
#7017 = CARTESIAN_POINT('',(6.,0.));
#7018 = VECTOR('',#7019,1.);
#7019 = DIRECTION('',(0.,-1.));
#7020 = ( GEOMETRIC_REPRESENTATION_CONTEXT(2) 
PARAMETRIC_REPRESENTATION_CONTEXT() REPRESENTATION_CONTEXT('2D SPACE',''
  ) );
#7021 = ORIENTED_EDGE('',*,*,#6594,.F.);
#7022 = ADVANCED_FACE('',(#7023),#6185,.T.);
#7023 = FACE_BOUND('',#7024,.T.);
#7024 = EDGE_LOOP('',(#7025,#7026,#7027,#7028));
#7025 = ORIENTED_EDGE('',*,*,#6167,.F.);
#7026 = ORIENTED_EDGE('',*,*,#6954,.T.);
#7027 = ORIENTED_EDGE('',*,*,#6416,.T.);
#7028 = ORIENTED_EDGE('',*,*,#7001,.F.);
#7029 = ADVANCED_FACE('',(#7030),#5964,.F.);
#7030 = FACE_BOUND('',#7031,.F.);
#7031 = EDGE_LOOP('',(#7032,#7033,#7034,#7035,#7036,#7037,#7038,#7039,
    #7061,#7080));
#7032 = ORIENTED_EDGE('',*,*,#6225,.F.);
#7033 = ORIENTED_EDGE('',*,*,#6932,.T.);
#7034 = ORIENTED_EDGE('',*,*,#6464,.T.);
#7035 = ORIENTED_EDGE('',*,*,#6892,.T.);
#7036 = ORIENTED_EDGE('',*,*,#6571,.T.);
#7037 = ORIENTED_EDGE('',*,*,#6979,.F.);
#7038 = ORIENTED_EDGE('',*,*,#6270,.F.);
#7039 = ORIENTED_EDGE('',*,*,#7040,.F.);
#7040 = EDGE_CURVE('',#7041,#6249,#7043,.T.);
#7041 = VERTEX_POINT('',#7042);
#7042 = CARTESIAN_POINT('',(34.35,6.1,-20.35));
#7043 = SURFACE_CURVE('',#7044,(#7048,#7054),.PCURVE_S1.);
#7044 = LINE('',#7045,#7046);
#7045 = CARTESIAN_POINT('',(34.35,5.25,-20.35));
#7046 = VECTOR('',#7047,1.);
#7047 = DIRECTION('',(0.,-1.,0.));
#7048 = PCURVE('',#5964,#7049);
#7049 = DEFINITIONAL_REPRESENTATION('',(#7050),#7053);
#7050 = B_SPLINE_CURVE_WITH_KNOTS('',1,(#7051,#7052),.UNSPECIFIED.,.F.,
  .F.,(2,2),(-0.85,-0.25),.PIECEWISE_BEZIER_KNOTS.);
#7051 = CARTESIAN_POINT('',(4.,-0.6));
#7052 = CARTESIAN_POINT('',(4.,0.));
#7053 = ( GEOMETRIC_REPRESENTATION_CONTEXT(2) 
PARAMETRIC_REPRESENTATION_CONTEXT() REPRESENTATION_CONTEXT('2D SPACE',''
  ) );
#7054 = PCURVE('',#5381,#7055);
#7055 = DEFINITIONAL_REPRESENTATION('',(#7056),#7060);
#7056 = LINE('',#7057,#7058);
#7057 = CARTESIAN_POINT('',(8.75,0.25));
#7058 = VECTOR('',#7059,1.);
#7059 = DIRECTION('',(0.,-1.));
#7060 = ( GEOMETRIC_REPRESENTATION_CONTEXT(2) 
PARAMETRIC_REPRESENTATION_CONTEXT() REPRESENTATION_CONTEXT('2D SPACE',''
  ) );
#7061 = ORIENTED_EDGE('',*,*,#7062,.F.);
#7062 = EDGE_CURVE('',#5949,#7041,#7063,.T.);
#7063 = SURFACE_CURVE('',#7064,(#7068,#7074),.PCURVE_S1.);
#7064 = LINE('',#7065,#7066);
#7065 = CARTESIAN_POINT('',(34.35,6.1,-23.35));
#7066 = VECTOR('',#7067,1.);
#7067 = DIRECTION('',(0.,0.,1.));
#7068 = PCURVE('',#5964,#7069);
#7069 = DEFINITIONAL_REPRESENTATION('',(#7070),#7073);
#7070 = B_SPLINE_CURVE_WITH_KNOTS('',1,(#7071,#7072),.UNSPECIFIED.,.F.,
  .F.,(2,2),(1.,3.),.PIECEWISE_BEZIER_KNOTS.);
#7071 = CARTESIAN_POINT('',(2.,-0.6));
#7072 = CARTESIAN_POINT('',(4.,-0.6));
#7073 = ( GEOMETRIC_REPRESENTATION_CONTEXT(2) 
PARAMETRIC_REPRESENTATION_CONTEXT() REPRESENTATION_CONTEXT('2D SPACE',''
  ) );
#7074 = PCURVE('',#5421,#7075);
#7075 = DEFINITIONAL_REPRESENTATION('',(#7076),#7079);
#7076 = B_SPLINE_CURVE_WITH_KNOTS('',1,(#7077,#7078),.UNSPECIFIED.,.F.,
  .F.,(2,2),(1.,3.),.PIECEWISE_BEZIER_KNOTS.);
#7077 = CARTESIAN_POINT('',(0.,8.75));
#7078 = CARTESIAN_POINT('',(2.,8.75));
#7079 = ( GEOMETRIC_REPRESENTATION_CONTEXT(2) 
PARAMETRIC_REPRESENTATION_CONTEXT() REPRESENTATION_CONTEXT('2D SPACE',''
  ) );
#7080 = ORIENTED_EDGE('',*,*,#5948,.T.);
#7081 = ADVANCED_FACE('',(#7082),#6035,.T.);
#7082 = FACE_BOUND('',#7083,.T.);
#7083 = EDGE_LOOP('',(#7084,#7109,#7128,#7129));
#7084 = ORIENTED_EDGE('',*,*,#7085,.F.);
#7085 = EDGE_CURVE('',#7086,#7088,#7090,.T.);
#7086 = VERTEX_POINT('',#7087);
#7087 = CARTESIAN_POINT('',(38.,3.6,-20.35));
#7088 = VERTEX_POINT('',#7089);
#7089 = CARTESIAN_POINT('',(38.,4.6,-20.35));
#7090 = SURFACE_CURVE('',#7091,(#7095,#7102),.PCURVE_S1.);
#7091 = LINE('',#7092,#7093);
#7092 = CARTESIAN_POINT('',(38.,3.4,-20.35));
#7093 = VECTOR('',#7094,1.);
#7094 = DIRECTION('',(-0.,1.,0.));
#7095 = PCURVE('',#6035,#7096);
#7096 = DEFINITIONAL_REPRESENTATION('',(#7097),#7101);
#7097 = LINE('',#7098,#7099);
#7098 = CARTESIAN_POINT('',(2.,0.));
#7099 = VECTOR('',#7100,1.);
#7100 = DIRECTION('',(0.,-1.));
#7101 = ( GEOMETRIC_REPRESENTATION_CONTEXT(2) 
PARAMETRIC_REPRESENTATION_CONTEXT() REPRESENTATION_CONTEXT('2D SPACE',''
  ) );
#7102 = PCURVE('',#5381,#7103);
#7103 = DEFINITIONAL_REPRESENTATION('',(#7104),#7108);
#7104 = LINE('',#7105,#7106);
#7105 = CARTESIAN_POINT('',(12.4,-1.6));
#7106 = VECTOR('',#7107,1.);
#7107 = DIRECTION('',(0.,1.));
#7108 = ( GEOMETRIC_REPRESENTATION_CONTEXT(2) 
PARAMETRIC_REPRESENTATION_CONTEXT() REPRESENTATION_CONTEXT('2D SPACE',''
  ) );
#7109 = ORIENTED_EDGE('',*,*,#7110,.T.);
#7110 = EDGE_CURVE('',#7086,#5998,#7111,.T.);
#7111 = SURFACE_CURVE('',#7112,(#7116,#7122),.PCURVE_S1.);
#7112 = LINE('',#7113,#7114);
#7113 = CARTESIAN_POINT('',(38.,3.6,-23.95));
#7114 = VECTOR('',#7115,1.);
#7115 = DIRECTION('',(-0.,0.,-1.));
#7116 = PCURVE('',#6035,#7117);
#7117 = DEFINITIONAL_REPRESENTATION('',(#7118),#7121);
#7118 = B_SPLINE_CURVE_WITH_KNOTS('',1,(#7119,#7120),.UNSPECIFIED.,.F.,
  .F.,(2,2),(-3.6,-1.6),.PIECEWISE_BEZIER_KNOTS.);
#7119 = CARTESIAN_POINT('',(2.,-0.2));
#7120 = CARTESIAN_POINT('',(0.,-0.2));
#7121 = ( GEOMETRIC_REPRESENTATION_CONTEXT(2) 
PARAMETRIC_REPRESENTATION_CONTEXT() REPRESENTATION_CONTEXT('2D SPACE',''
  ) );
#7122 = PCURVE('',#118,#7123);
#7123 = DEFINITIONAL_REPRESENTATION('',(#7124),#7127);
#7124 = B_SPLINE_CURVE_WITH_KNOTS('',1,(#7125,#7126),.UNSPECIFIED.,.F.,
  .F.,(2,2),(-3.6,-1.6),.PIECEWISE_BEZIER_KNOTS.);
#7125 = CARTESIAN_POINT('',(5.2,6.1));
#7126 = CARTESIAN_POINT('',(3.2,6.1));
#7127 = ( GEOMETRIC_REPRESENTATION_CONTEXT(2) 
PARAMETRIC_REPRESENTATION_CONTEXT() REPRESENTATION_CONTEXT('2D SPACE',''
  ) );
#7128 = ORIENTED_EDGE('',*,*,#6019,.T.);
#7129 = ORIENTED_EDGE('',*,*,#7130,.F.);
#7130 = EDGE_CURVE('',#7088,#6020,#7131,.T.);
#7131 = SURFACE_CURVE('',#7132,(#7136,#7142),.PCURVE_S1.);
#7132 = LINE('',#7133,#7134);
#7133 = CARTESIAN_POINT('',(38.,4.6,-21.85));
#7134 = VECTOR('',#7135,1.);
#7135 = DIRECTION('',(0.,-0.,-1.));
#7136 = PCURVE('',#6035,#7137);
#7137 = DEFINITIONAL_REPRESENTATION('',(#7138),#7141);
#7138 = B_SPLINE_CURVE_WITH_KNOTS('',1,(#7139,#7140),.UNSPECIFIED.,.F.,
  .F.,(2,2),(-1.5,0.5),.PIECEWISE_BEZIER_KNOTS.);
#7139 = CARTESIAN_POINT('',(2.,-1.2));
#7140 = CARTESIAN_POINT('',(0.,-1.2));
#7141 = ( GEOMETRIC_REPRESENTATION_CONTEXT(2) 
PARAMETRIC_REPRESENTATION_CONTEXT() REPRESENTATION_CONTEXT('2D SPACE',''
  ) );
#7142 = PCURVE('',#6062,#7143);
#7143 = DEFINITIONAL_REPRESENTATION('',(#7144),#7147);
#7144 = B_SPLINE_CURVE_WITH_KNOTS('',1,(#7145,#7146),.UNSPECIFIED.,.F.,
  .F.,(2,2),(-1.5,0.5),.PIECEWISE_BEZIER_KNOTS.);
#7145 = CARTESIAN_POINT('',(0.9,1.));
#7146 = CARTESIAN_POINT('',(0.9,-1.));
#7147 = ( GEOMETRIC_REPRESENTATION_CONTEXT(2) 
PARAMETRIC_REPRESENTATION_CONTEXT() REPRESENTATION_CONTEXT('2D SPACE',''
  ) );
#7148 = ADVANCED_FACE('',(#7149),#6062,.F.);
#7149 = FACE_BOUND('',#7150,.F.);
#7150 = EDGE_LOOP('',(#7151,#7172,#7194,#7195));
#7151 = ORIENTED_EDGE('',*,*,#7152,.F.);
#7152 = EDGE_CURVE('',#7153,#7088,#7155,.T.);
#7153 = VERTEX_POINT('',#7154);
#7154 = CARTESIAN_POINT('',(34.973382968186,4.6,-20.35));
#7155 = SURFACE_CURVE('',#7156,(#7160,#7166),.PCURVE_S1.);
#7156 = LINE('',#7157,#7158);
#7157 = CARTESIAN_POINT('',(31.35,4.6,-20.35));
#7158 = VECTOR('',#7159,1.);
#7159 = DIRECTION('',(1.,0.,-0.));
#7160 = PCURVE('',#6062,#7161);
#7161 = DEFINITIONAL_REPRESENTATION('',(#7162),#7165);
#7162 = B_SPLINE_CURVE_WITH_KNOTS('',1,(#7163,#7164),.UNSPECIFIED.,.F.,
  .F.,(2,2),(3.4,6.65),.PIECEWISE_BEZIER_KNOTS.);
#7163 = CARTESIAN_POINT('',(-2.35,1.));
#7164 = CARTESIAN_POINT('',(0.9,1.));
#7165 = ( GEOMETRIC_REPRESENTATION_CONTEXT(2) 
PARAMETRIC_REPRESENTATION_CONTEXT() REPRESENTATION_CONTEXT('2D SPACE',''
  ) );
#7166 = PCURVE('',#5381,#7167);
#7167 = DEFINITIONAL_REPRESENTATION('',(#7168),#7171);
#7168 = B_SPLINE_CURVE_WITH_KNOTS('',1,(#7169,#7170),.UNSPECIFIED.,.F.,
  .F.,(2,2),(3.4,6.65),.PIECEWISE_BEZIER_KNOTS.);
#7169 = CARTESIAN_POINT('',(9.15,-0.4));
#7170 = CARTESIAN_POINT('',(12.4,-0.4));
#7171 = ( GEOMETRIC_REPRESENTATION_CONTEXT(2) 
PARAMETRIC_REPRESENTATION_CONTEXT() REPRESENTATION_CONTEXT('2D SPACE',''
  ) );
#7172 = ORIENTED_EDGE('',*,*,#7173,.T.);
#7173 = EDGE_CURVE('',#7153,#6048,#7174,.T.);
#7174 = SURFACE_CURVE('',#7175,(#7180,#7187),.PCURVE_S1.);
#7175 = CIRCLE('',#7176,2.35);
#7176 = AXIS2_PLACEMENT_3D('',#7177,#7178,#7179);
#7177 = CARTESIAN_POINT('',(37.1,4.6,-21.35));
#7178 = DIRECTION('',(0.,-1.,0.));
#7179 = DIRECTION('',(1.,0.,0.));
#7180 = PCURVE('',#6062,#7181);
#7181 = DEFINITIONAL_REPRESENTATION('',(#7182),#7186);
#7182 = CIRCLE('',#7183,2.35);
#7183 = AXIS2_PLACEMENT_2D('',#7184,#7185);
#7184 = CARTESIAN_POINT('',(0.,0.));
#7185 = DIRECTION('',(1.,0.));
#7186 = ( GEOMETRIC_REPRESENTATION_CONTEXT(2) 
PARAMETRIC_REPRESENTATION_CONTEXT() REPRESENTATION_CONTEXT('2D SPACE',''
  ) );
#7187 = PCURVE('',#6086,#7188);
#7188 = DEFINITIONAL_REPRESENTATION('',(#7189),#7193);
#7189 = LINE('',#7190,#7191);
#7190 = CARTESIAN_POINT('',(0.,5.5));
#7191 = VECTOR('',#7192,1.);
#7192 = DIRECTION('',(1.,0.));
#7193 = ( GEOMETRIC_REPRESENTATION_CONTEXT(2) 
PARAMETRIC_REPRESENTATION_CONTEXT() REPRESENTATION_CONTEXT('2D SPACE',''
  ) );
#7194 = ORIENTED_EDGE('',*,*,#6047,.T.);
#7195 = ORIENTED_EDGE('',*,*,#7130,.F.);
#7196 = ADVANCED_FACE('',(#7197),#6086,.F.);
#7197 = FACE_BOUND('',#7198,.F.);
#7198 = EDGE_LOOP('',(#7199,#7200,#7221,#7247));
#7199 = ORIENTED_EDGE('',*,*,#7173,.F.);
#7200 = ORIENTED_EDGE('',*,*,#7201,.F.);
#7201 = EDGE_CURVE('',#7202,#7153,#7204,.T.);
#7202 = VERTEX_POINT('',#7203);
#7203 = CARTESIAN_POINT('',(34.973382968186,5.4,-20.35));
#7204 = SURFACE_CURVE('',#7205,(#7209,#7215),.PCURVE_S1.);
#7205 = LINE('',#7206,#7207);
#7206 = CARTESIAN_POINT('',(34.973382968186,10.1,-20.35));
#7207 = VECTOR('',#7208,1.);
#7208 = DIRECTION('',(0.,-1.,0.));
#7209 = PCURVE('',#6086,#7210);
#7210 = DEFINITIONAL_REPRESENTATION('',(#7211),#7214);
#7211 = B_SPLINE_CURVE_WITH_KNOTS('',1,(#7212,#7213),.UNSPECIFIED.,.F.,
  .F.,(2,2),(3.75,5.5000006),.PIECEWISE_BEZIER_KNOTS.);
#7212 = CARTESIAN_POINT('',(2.702043061142,3.75));
#7213 = CARTESIAN_POINT('',(2.702043061142,5.5000006));
#7214 = ( GEOMETRIC_REPRESENTATION_CONTEXT(2) 
PARAMETRIC_REPRESENTATION_CONTEXT() REPRESENTATION_CONTEXT('2D SPACE',''
  ) );
#7215 = PCURVE('',#5381,#7216);
#7216 = DEFINITIONAL_REPRESENTATION('',(#7217),#7220);
#7217 = B_SPLINE_CURVE_WITH_KNOTS('',1,(#7218,#7219),.UNSPECIFIED.,.F.,
  .F.,(2,2),(3.75,5.5000006),.PIECEWISE_BEZIER_KNOTS.);
#7218 = CARTESIAN_POINT('',(9.373382968186,1.35));
#7219 = CARTESIAN_POINT('',(9.373382968186,-0.4000006));
#7220 = ( GEOMETRIC_REPRESENTATION_CONTEXT(2) 
PARAMETRIC_REPRESENTATION_CONTEXT() REPRESENTATION_CONTEXT('2D SPACE',''
  ) );
#7221 = ORIENTED_EDGE('',*,*,#7222,.T.);
#7222 = EDGE_CURVE('',#7202,#5866,#7223,.T.);
#7223 = SURFACE_CURVE('',#7224,(#7229,#7236),.PCURVE_S1.);
#7224 = CIRCLE('',#7225,2.35);
#7225 = AXIS2_PLACEMENT_3D('',#7226,#7227,#7228);
#7226 = CARTESIAN_POINT('',(37.1,5.4,-21.35));
#7227 = DIRECTION('',(0.,-1.,0.));
#7228 = DIRECTION('',(1.,0.,0.));
#7229 = PCURVE('',#6086,#7230);
#7230 = DEFINITIONAL_REPRESENTATION('',(#7231),#7235);
#7231 = LINE('',#7232,#7233);
#7232 = CARTESIAN_POINT('',(0.,4.7));
#7233 = VECTOR('',#7234,1.);
#7234 = DIRECTION('',(1.,0.));
#7235 = ( GEOMETRIC_REPRESENTATION_CONTEXT(2) 
PARAMETRIC_REPRESENTATION_CONTEXT() REPRESENTATION_CONTEXT('2D SPACE',''
  ) );
#7236 = PCURVE('',#5881,#7237);
#7237 = DEFINITIONAL_REPRESENTATION('',(#7238),#7246);
#7238 = ( BOUNDED_CURVE() B_SPLINE_CURVE(2,(#7239,#7240,#7241,#7242,
#7243,#7244,#7245),.UNSPECIFIED.,.T.,.F.) B_SPLINE_CURVE_WITH_KNOTS((1,2
    ,2,2,2,1),(-2.094395102393,0.,2.094395102393,4.188790204786,
6.28318530718,8.377580409573),.UNSPECIFIED.) CURVE() 
GEOMETRIC_REPRESENTATION_ITEM() RATIONAL_B_SPLINE_CURVE((1.,0.5,1.,0.5,
1.,0.5,1.)) REPRESENTATION_ITEM('') );
#7239 = CARTESIAN_POINT('',(1.,9.45));
#7240 = CARTESIAN_POINT('',(5.070319397787,9.45));
#7241 = CARTESIAN_POINT('',(3.035159698893,5.925));
#7242 = CARTESIAN_POINT('',(1.,2.4));
#7243 = CARTESIAN_POINT('',(-1.035159698893,5.925));
#7244 = CARTESIAN_POINT('',(-3.070319397787,9.45));
#7245 = CARTESIAN_POINT('',(1.,9.45));
#7246 = ( GEOMETRIC_REPRESENTATION_CONTEXT(2) 
PARAMETRIC_REPRESENTATION_CONTEXT() REPRESENTATION_CONTEXT('2D SPACE',''
  ) );
#7247 = ORIENTED_EDGE('',*,*,#6073,.T.);
#7248 = ADVANCED_FACE('',(#7249),#5881,.T.);
#7249 = FACE_BOUND('',#7250,.T.);
#7250 = EDGE_LOOP('',(#7251,#7252,#7253,#7274));
#7251 = ORIENTED_EDGE('',*,*,#5863,.F.);
#7252 = ORIENTED_EDGE('',*,*,#6125,.F.);
#7253 = ORIENTED_EDGE('',*,*,#7254,.T.);
#7254 = EDGE_CURVE('',#6101,#7202,#7255,.T.);
#7255 = SURFACE_CURVE('',#7256,(#7260,#7267),.PCURVE_S1.);
#7256 = LINE('',#7257,#7258);
#7257 = CARTESIAN_POINT('',(30.,5.4,-20.35));
#7258 = VECTOR('',#7259,1.);
#7259 = DIRECTION('',(1.,0.,-0.));
#7260 = PCURVE('',#5881,#7261);
#7261 = DEFINITIONAL_REPRESENTATION('',(#7262),#7266);
#7262 = LINE('',#7263,#7264);
#7263 = CARTESIAN_POINT('',(2.,0.));
#7264 = VECTOR('',#7265,1.);
#7265 = DIRECTION('',(0.,1.));
#7266 = ( GEOMETRIC_REPRESENTATION_CONTEXT(2) 
PARAMETRIC_REPRESENTATION_CONTEXT() REPRESENTATION_CONTEXT('2D SPACE',''
  ) );
#7267 = PCURVE('',#5381,#7268);
#7268 = DEFINITIONAL_REPRESENTATION('',(#7269),#7273);
#7269 = LINE('',#7270,#7271);
#7270 = CARTESIAN_POINT('',(4.4,0.4));
#7271 = VECTOR('',#7272,1.);
#7272 = DIRECTION('',(1.,0.));
#7273 = ( GEOMETRIC_REPRESENTATION_CONTEXT(2) 
PARAMETRIC_REPRESENTATION_CONTEXT() REPRESENTATION_CONTEXT('2D SPACE',''
  ) );
#7274 = ORIENTED_EDGE('',*,*,#7222,.T.);
#7275 = ADVANCED_FACE('',(#7276),#5421,.T.);
#7276 = FACE_BOUND('',#7277,.T.);
#7277 = EDGE_LOOP('',(#7278,#7279,#7280,#7301));
#7278 = ORIENTED_EDGE('',*,*,#5975,.F.);
#7279 = ORIENTED_EDGE('',*,*,#5393,.F.);
#7280 = ORIENTED_EDGE('',*,*,#7281,.T.);
#7281 = EDGE_CURVE('',#5365,#7041,#7282,.T.);
#7282 = SURFACE_CURVE('',#7283,(#7287,#7294),.PCURVE_S1.);
#7283 = LINE('',#7284,#7285);
#7284 = CARTESIAN_POINT('',(25.6,6.1,-20.35));
#7285 = VECTOR('',#7286,1.);
#7286 = DIRECTION('',(1.,0.,-0.));
#7287 = PCURVE('',#5421,#7288);
#7288 = DEFINITIONAL_REPRESENTATION('',(#7289),#7293);
#7289 = LINE('',#7290,#7291);
#7290 = CARTESIAN_POINT('',(2.,0.));
#7291 = VECTOR('',#7292,1.);
#7292 = DIRECTION('',(0.,1.));
#7293 = ( GEOMETRIC_REPRESENTATION_CONTEXT(2) 
PARAMETRIC_REPRESENTATION_CONTEXT() REPRESENTATION_CONTEXT('2D SPACE',''
  ) );
#7294 = PCURVE('',#5381,#7295);
#7295 = DEFINITIONAL_REPRESENTATION('',(#7296),#7300);
#7296 = LINE('',#7297,#7298);
#7297 = CARTESIAN_POINT('',(0.,1.1));
#7298 = VECTOR('',#7299,1.);
#7299 = DIRECTION('',(1.,0.));
#7300 = ( GEOMETRIC_REPRESENTATION_CONTEXT(2) 
PARAMETRIC_REPRESENTATION_CONTEXT() REPRESENTATION_CONTEXT('2D SPACE',''
  ) );
#7301 = ORIENTED_EDGE('',*,*,#7062,.F.);
#7302 = ADVANCED_FACE('',(#7303),#5381,.T.);
#7303 = FACE_BOUND('',#7304,.T.);
#7304 = EDGE_LOOP('',(#7305,#7306,#7307,#7327,#7328,#7329,#7330,#7331,
    #7332,#7333));
#7305 = ORIENTED_EDGE('',*,*,#7281,.F.);
#7306 = ORIENTED_EDGE('',*,*,#5364,.F.);
#7307 = ORIENTED_EDGE('',*,*,#7308,.T.);
#7308 = EDGE_CURVE('',#5314,#7086,#7309,.T.);
#7309 = SURFACE_CURVE('',#7310,(#7314,#7321),.PCURVE_S1.);
#7310 = LINE('',#7311,#7312);
#7311 = CARTESIAN_POINT('',(30.95,3.6,-20.35));
#7312 = VECTOR('',#7313,1.);
#7313 = DIRECTION('',(1.,0.,-0.));
#7314 = PCURVE('',#5381,#7315);
#7315 = DEFINITIONAL_REPRESENTATION('',(#7316),#7320);
#7316 = LINE('',#7317,#7318);
#7317 = CARTESIAN_POINT('',(5.35,-1.4));
#7318 = VECTOR('',#7319,1.);
#7319 = DIRECTION('',(1.,0.));
#7320 = ( GEOMETRIC_REPRESENTATION_CONTEXT(2) 
PARAMETRIC_REPRESENTATION_CONTEXT() REPRESENTATION_CONTEXT('2D SPACE',''
  ) );
#7321 = PCURVE('',#118,#7322);
#7322 = DEFINITIONAL_REPRESENTATION('',(#7323),#7326);
#7323 = B_SPLINE_CURVE_WITH_KNOTS('',1,(#7324,#7325),.UNSPECIFIED.,.F.,
  .F.,(2,2),(0.95,7.05),.PIECEWISE_BEZIER_KNOTS.);
#7324 = CARTESIAN_POINT('',(5.2,0.));
#7325 = CARTESIAN_POINT('',(5.2,6.1));
#7326 = ( GEOMETRIC_REPRESENTATION_CONTEXT(2) 
PARAMETRIC_REPRESENTATION_CONTEXT() REPRESENTATION_CONTEXT('2D SPACE',''
  ) );
#7327 = ORIENTED_EDGE('',*,*,#7085,.T.);
#7328 = ORIENTED_EDGE('',*,*,#7152,.F.);
#7329 = ORIENTED_EDGE('',*,*,#7201,.F.);
#7330 = ORIENTED_EDGE('',*,*,#7254,.F.);
#7331 = ORIENTED_EDGE('',*,*,#6100,.T.);
#7332 = ORIENTED_EDGE('',*,*,#6248,.F.);
#7333 = ORIENTED_EDGE('',*,*,#7040,.F.);
#7334 = ADVANCED_FACE('',(#7335),#118,.T.);
#7335 = FACE_BOUND('',#7336,.T.);
#7336 = EDGE_LOOP('',(#7337,#7338,#7359,#7360,#7361,#7362,#7363,#7364,
    #7365,#7366));
#7337 = ORIENTED_EDGE('',*,*,#5258,.F.);
#7338 = ORIENTED_EDGE('',*,*,#7339,.F.);
#7339 = EDGE_CURVE('',#75,#5236,#7340,.T.);
#7340 = SURFACE_CURVE('',#7341,(#7345,#7352),.PCURVE_S1.);
#7341 = LINE('',#7342,#7343);
#7342 = CARTESIAN_POINT('',(31.9,3.6,-25.55));
#7343 = VECTOR('',#7344,1.);
#7344 = DIRECTION('',(1.,0.,-0.));
#7345 = PCURVE('',#118,#7346);
#7346 = DEFINITIONAL_REPRESENTATION('',(#7347),#7351);
#7347 = LINE('',#7348,#7349);
#7348 = CARTESIAN_POINT('',(0.,0.));
#7349 = VECTOR('',#7350,1.);
#7350 = DIRECTION('',(0.,1.));
#7351 = ( GEOMETRIC_REPRESENTATION_CONTEXT(2) 
PARAMETRIC_REPRESENTATION_CONTEXT() REPRESENTATION_CONTEXT('2D SPACE',''
  ) );
#7352 = PCURVE('',#90,#7353);
#7353 = DEFINITIONAL_REPRESENTATION('',(#7354),#7358);
#7354 = LINE('',#7355,#7356);
#7355 = CARTESIAN_POINT('',(0.,7.2));
#7356 = VECTOR('',#7357,1.);
#7357 = DIRECTION('',(1.,0.));
#7358 = ( GEOMETRIC_REPRESENTATION_CONTEXT(2) 
PARAMETRIC_REPRESENTATION_CONTEXT() REPRESENTATION_CONTEXT('2D SPACE',''
  ) );
#7359 = ORIENTED_EDGE('',*,*,#102,.T.);
#7360 = ORIENTED_EDGE('',*,*,#5466,.F.);
#7361 = ORIENTED_EDGE('',*,*,#5997,.T.);
#7362 = ORIENTED_EDGE('',*,*,#7110,.F.);
#7363 = ORIENTED_EDGE('',*,*,#7308,.F.);
#7364 = ORIENTED_EDGE('',*,*,#5313,.F.);
#7365 = ORIENTED_EDGE('',*,*,#3850,.T.);
#7366 = ORIENTED_EDGE('',*,*,#3925,.T.);
#7367 = ADVANCED_FACE('',(#7368),#90,.F.);
#7368 = FACE_BOUND('',#7369,.F.);
#7369 = EDGE_LOOP('',(#7370,#7371,#7372,#7393,#7394,#7395,#7396,#7397));
#7370 = ORIENTED_EDGE('',*,*,#7339,.F.);
#7371 = ORIENTED_EDGE('',*,*,#74,.F.);
#7372 = ORIENTED_EDGE('',*,*,#7373,.T.);
#7373 = EDGE_CURVE('',#40,#4111,#7374,.T.);
#7374 = SURFACE_CURVE('',#7375,(#7379,#7386),.PCURVE_S1.);
#7375 = LINE('',#7376,#7377);
#7376 = CARTESIAN_POINT('',(31.9,-3.6,-25.55));
#7377 = VECTOR('',#7378,1.);
#7378 = DIRECTION('',(1.,0.,-0.));
#7379 = PCURVE('',#90,#7380);
#7380 = DEFINITIONAL_REPRESENTATION('',(#7381),#7385);
#7381 = LINE('',#7382,#7383);
#7382 = CARTESIAN_POINT('',(0.,0.));
#7383 = VECTOR('',#7384,1.);
#7384 = DIRECTION('',(1.,0.));
#7385 = ( GEOMETRIC_REPRESENTATION_CONTEXT(2) 
PARAMETRIC_REPRESENTATION_CONTEXT() REPRESENTATION_CONTEXT('2D SPACE',''
  ) );
#7386 = PCURVE('',#62,#7387);
#7387 = DEFINITIONAL_REPRESENTATION('',(#7388),#7392);
#7388 = LINE('',#7389,#7390);
#7389 = CARTESIAN_POINT('',(0.,0.));
#7390 = VECTOR('',#7391,1.);
#7391 = DIRECTION('',(0.,1.));
#7392 = ( GEOMETRIC_REPRESENTATION_CONTEXT(2) 
PARAMETRIC_REPRESENTATION_CONTEXT() REPRESENTATION_CONTEXT('2D SPACE',''
  ) );
#7393 = ORIENTED_EDGE('',*,*,#4133,.T.);
#7394 = ORIENTED_EDGE('',*,*,#4180,.T.);
#7395 = ORIENTED_EDGE('',*,*,#4392,.T.);
#7396 = ORIENTED_EDGE('',*,*,#5204,.F.);
#7397 = ORIENTED_EDGE('',*,*,#5235,.T.);
#7398 = ADVANCED_FACE('',(#7399),#62,.F.);
#7399 = FACE_BOUND('',#7400,.F.);
#7400 = EDGE_LOOP('',(#7401,#7402,#7403,#7404,#7405,#7406,#7407,#7408,
    #7409,#7410));
#7401 = ORIENTED_EDGE('',*,*,#4110,.F.);
#7402 = ORIENTED_EDGE('',*,*,#7373,.F.);
#7403 = ORIENTED_EDGE('',*,*,#39,.T.);
#7404 = ORIENTED_EDGE('',*,*,#885,.F.);
#7405 = ORIENTED_EDGE('',*,*,#2830,.T.);
#7406 = ORIENTED_EDGE('',*,*,#2781,.F.);
#7407 = ORIENTED_EDGE('',*,*,#1613,.F.);
#7408 = ORIENTED_EDGE('',*,*,#1022,.F.);
#7409 = ORIENTED_EDGE('',*,*,#3901,.T.);
#7410 = ORIENTED_EDGE('',*,*,#3949,.T.);
#7411 = ( GEOMETRIC_REPRESENTATION_CONTEXT(3) 
GLOBAL_UNCERTAINTY_ASSIGNED_CONTEXT((#7415)) 
GLOBAL_UNIT_ASSIGNED_CONTEXT((#7412,#7413,#7414)) REPRESENTATION_CONTEXT
('Context #1','3D Context with UNIT and UNCERTAINTY') );
#7412 = ( LENGTH_UNIT() NAMED_UNIT(*) SI_UNIT(.MILLI.,.METRE.) );
#7413 = ( NAMED_UNIT(*) PLANE_ANGLE_UNIT() SI_UNIT($,.RADIAN.) );
#7414 = ( NAMED_UNIT(*) SI_UNIT($,.STERADIAN.) SOLID_ANGLE_UNIT() );
#7415 = UNCERTAINTY_MEASURE_WITH_UNIT(LENGTH_MEASURE(1.E-07),#7412,
  'distance_accuracy_value','confusion accuracy');
#7416 = CONTEXT_DEPENDENT_SHAPE_REPRESENTATION(#7417,#7419);
#7417 = ( REPRESENTATION_RELATIONSHIP('','',#32,#10) 
REPRESENTATION_RELATIONSHIP_WITH_TRANSFORMATION(#7418) 
SHAPE_REPRESENTATION_RELATIONSHIP() );
#7418 = ITEM_DEFINED_TRANSFORMATION('','',#11,#15);
#7419 = PRODUCT_DEFINITION_SHAPE('Placement','Placement of an item',
  #7420);
#7420 = NEXT_ASSEMBLY_USAGE_OCCURRENCE('5',
  'active_sector_peek_guide_rear','',#5,#27,$);
#7421 = PRODUCT_RELATED_PRODUCT_CATEGORY('part',$,(#29));
ENDSEC;
END-ISO-10303-21;
