ISO-10303-21;
HEADER;
FILE_DESCRIPTION(('Open CASCADE Model'),'2;1');
FILE_NAME('active_sector_aluminum_yoke','2026-07-12T13:39:47',('Author')
  ,('Open CASCADE'),'Open CASCADE STEP processor 7.9','build123d',
  'Unknown');
FILE_SCHEMA(('AUTOMOTIVE_DESIGN { 1 0 10303 214 1 1 1 1 }'));
ENDSEC;
DATA;
#1 = APPLICATION_PROTOCOL_DEFINITION('international standard',
  'automotive_design',2000,#2);
#2 = APPLICATION_CONTEXT(
  'core data for automotive mechanical design processes');
#3 = SHAPE_DEFINITION_REPRESENTATION(#4,#10);
#4 = PRODUCT_DEFINITION_SHAPE('','',#5);
#5 = PRODUCT_DEFINITION('design','',#6,#9);
#6 = PRODUCT_DEFINITION_FORMATION('','',#7);
#7 = PRODUCT('active_sector_aluminum_yoke','active_sector_aluminum_yoke'
  ,'',(#8));
#8 = PRODUCT_CONTEXT('',#2,'mechanical');
#9 = PRODUCT_DEFINITION_CONTEXT('part definition',#2,'design');
#10 = SHAPE_REPRESENTATION('',(#11,#15),#19);
#11 = AXIS2_PLACEMENT_3D('',#12,#13,#14);
#12 = CARTESIAN_POINT('',(0.,0.,0.));
#13 = DIRECTION('',(0.,0.,1.));
#14 = DIRECTION('',(1.,0.,-0.));
#15 = AXIS2_PLACEMENT_3D('',#16,#17,#18);
#16 = CARTESIAN_POINT('',(-22.925,0.,45.225));
#17 = DIRECTION('',(0.,0.,1.));
#18 = DIRECTION('',(1.,0.,-0.));
#19 = ( GEOMETRIC_REPRESENTATION_CONTEXT(3) 
GLOBAL_UNCERTAINTY_ASSIGNED_CONTEXT((#23)) GLOBAL_UNIT_ASSIGNED_CONTEXT(
(#20,#21,#22)) REPRESENTATION_CONTEXT('Context #1',
  '3D Context with UNIT and UNCERTAINTY') );
#20 = ( LENGTH_UNIT() NAMED_UNIT(*) SI_UNIT(.MILLI.,.METRE.) );
#21 = ( NAMED_UNIT(*) PLANE_ANGLE_UNIT() SI_UNIT($,.RADIAN.) );
#22 = ( NAMED_UNIT(*) SI_UNIT($,.STERADIAN.) SOLID_ANGLE_UNIT() );
#23 = UNCERTAINTY_MEASURE_WITH_UNIT(LENGTH_MEASURE(1.E-07),#20,
  'distance_accuracy_value','confusion accuracy');
#24 = PRODUCT_RELATED_PRODUCT_CATEGORY('part',$,(#7));
#25 = SHAPE_DEFINITION_REPRESENTATION(#26,#32);
#26 = PRODUCT_DEFINITION_SHAPE('','',#27);
#27 = PRODUCT_DEFINITION('design','',#28,#31);
#28 = PRODUCT_DEFINITION_FORMATION('','',#29);
#29 = PRODUCT('active_sector_aluminum_yoke',
  'active_sector_aluminum_yoke','',(#30));
#30 = PRODUCT_CONTEXT('',#2,'mechanical');
#31 = PRODUCT_DEFINITION_CONTEXT('part definition',#2,'design');
#32 = ADVANCED_BREP_SHAPE_REPRESENTATION('',(#11,#33),#8919);
#33 = MANIFOLD_SOLID_BREP('',#34);
#34 = CLOSED_SHELL('',(#35,#267,#511,#558,#656,#757,#1016,#1131,#1327,
    #1405,#1433,#1537,#1607,#1633,#1767,#1815,#1912,#2103,#2236,#2263,
    #2314,#2394,#2866,#2941,#2947,#2996,#3023,#3030,#3108,#3135,#3244,
    #3457,#3484,#3511,#3538,#3690,#3783,#3790,#4217,#4332,#4482,#4577,
    #4805,#4877,#5072,#5079,#5104,#5131,#5158,#5183,#5190,#5217,#5224,
    #5251,#5327,#5376,#5425,#5452,#5528,#5577,#5626,#5653,#5708,#5784,
    #5833,#5882,#5909,#5985,#6034,#6083,#6110,#6137,#6162,#6169,#6220,
    #6269,#6316,#6438,#6572,#6578,#6585,#6632,#6639,#6646,#6650,#6657,
    #6664,#6880,#6952,#6979,#7154,#7232,#7337,#7407,#7433,#7567,#7616,
    #7713,#7790,#7816,#7929,#7978,#8173,#8349,#8376,#8383,#8410,#8417,
    #8444,#8520,#8569,#8618,#8645,#8721,#8770,#8819,#8846,#8901,#8908,
    #8915));
#35 = ADVANCED_FACE('',(#36),#50,.F.);
#36 = FACE_BOUND('',#37,.F.);
#37 = EDGE_LOOP('',(#38,#73,#101,#129,#157,#185,#213,#241));
#38 = ORIENTED_EDGE('',*,*,#39,.F.);
#39 = EDGE_CURVE('',#40,#42,#44,.T.);
#40 = VERTEX_POINT('',#41);
#41 = CARTESIAN_POINT('',(6.,-39.5,-90.));
#42 = VERTEX_POINT('',#43);
#43 = CARTESIAN_POINT('',(6.,-39.5,8.7));
#44 = SURFACE_CURVE('',#45,(#49,#61),.PCURVE_S1.);
#45 = LINE('',#46,#47);
#46 = CARTESIAN_POINT('',(6.,-39.5,-90.));
#47 = VECTOR('',#48,1.);
#48 = DIRECTION('',(0.,0.,1.));
#49 = PCURVE('',#50,#55);
#50 = PLANE('',#51);
#51 = AXIS2_PLACEMENT_3D('',#52,#53,#54);
#52 = CARTESIAN_POINT('',(6.,-39.5,-90.));
#53 = DIRECTION('',(1.,0.,-0.));
#54 = DIRECTION('',(0.,0.,1.));
#55 = DEFINITIONAL_REPRESENTATION('',(#56),#60);
#56 = LINE('',#57,#58);
#57 = CARTESIAN_POINT('',(0.,0.));
#58 = VECTOR('',#59,1.);
#59 = DIRECTION('',(1.,0.));
#60 = ( GEOMETRIC_REPRESENTATION_CONTEXT(2) 
PARAMETRIC_REPRESENTATION_CONTEXT() REPRESENTATION_CONTEXT('2D SPACE',''
  ) );
#61 = PCURVE('',#62,#67);
#62 = PLANE('',#63);
#63 = AXIS2_PLACEMENT_3D('',#64,#65,#66);
#64 = CARTESIAN_POINT('',(6.,-39.5,-90.));
#65 = DIRECTION('',(-0.,1.,0.));
#66 = DIRECTION('',(0.,0.,1.));
#67 = DEFINITIONAL_REPRESENTATION('',(#68),#72);
#68 = LINE('',#69,#70);
#69 = CARTESIAN_POINT('',(0.,0.));
#70 = VECTOR('',#71,1.);
#71 = DIRECTION('',(1.,0.));
#72 = ( GEOMETRIC_REPRESENTATION_CONTEXT(2) 
PARAMETRIC_REPRESENTATION_CONTEXT() REPRESENTATION_CONTEXT('2D SPACE',''
  ) );
#73 = ORIENTED_EDGE('',*,*,#74,.T.);
#74 = EDGE_CURVE('',#40,#75,#77,.T.);
#75 = VERTEX_POINT('',#76);
#76 = CARTESIAN_POINT('',(6.,-36.3,-90.));
#77 = SURFACE_CURVE('',#78,(#82,#89),.PCURVE_S1.);
#78 = LINE('',#79,#80);
#79 = CARTESIAN_POINT('',(6.,-39.5,-90.));
#80 = VECTOR('',#81,1.);
#81 = DIRECTION('',(-0.,1.,0.));
#82 = PCURVE('',#50,#83);
#83 = DEFINITIONAL_REPRESENTATION('',(#84),#88);
#84 = LINE('',#85,#86);
#85 = CARTESIAN_POINT('',(0.,0.));
#86 = VECTOR('',#87,1.);
#87 = DIRECTION('',(0.,-1.));
#88 = ( GEOMETRIC_REPRESENTATION_CONTEXT(2) 
PARAMETRIC_REPRESENTATION_CONTEXT() REPRESENTATION_CONTEXT('2D SPACE',''
  ) );
#89 = PCURVE('',#90,#95);
#90 = PLANE('',#91);
#91 = AXIS2_PLACEMENT_3D('',#92,#93,#94);
#92 = CARTESIAN_POINT('',(6.,-39.5,-90.));
#93 = DIRECTION('',(0.,0.,1.));
#94 = DIRECTION('',(1.,0.,-0.));
#95 = DEFINITIONAL_REPRESENTATION('',(#96),#100);
#96 = LINE('',#97,#98);
#97 = CARTESIAN_POINT('',(0.,0.));
#98 = VECTOR('',#99,1.);
#99 = DIRECTION('',(0.,1.));
#100 = ( GEOMETRIC_REPRESENTATION_CONTEXT(2) 
PARAMETRIC_REPRESENTATION_CONTEXT() REPRESENTATION_CONTEXT('2D SPACE',''
  ) );
#101 = ORIENTED_EDGE('',*,*,#102,.F.);
#102 = EDGE_CURVE('',#103,#75,#105,.T.);
#103 = VERTEX_POINT('',#104);
#104 = CARTESIAN_POINT('',(6.,-36.3,-95.));
#105 = SURFACE_CURVE('',#106,(#110,#117),.PCURVE_S1.);
#106 = LINE('',#107,#108);
#107 = CARTESIAN_POINT('',(6.,-36.3,-95.));
#108 = VECTOR('',#109,1.);
#109 = DIRECTION('',(0.,0.,1.));
#110 = PCURVE('',#50,#111);
#111 = DEFINITIONAL_REPRESENTATION('',(#112),#116);
#112 = LINE('',#113,#114);
#113 = CARTESIAN_POINT('',(-5.,-3.2));
#114 = VECTOR('',#115,1.);
#115 = DIRECTION('',(1.,0.));
#116 = ( GEOMETRIC_REPRESENTATION_CONTEXT(2) 
PARAMETRIC_REPRESENTATION_CONTEXT() REPRESENTATION_CONTEXT('2D SPACE',''
  ) );
#117 = PCURVE('',#118,#123);
#118 = PLANE('',#119);
#119 = AXIS2_PLACEMENT_3D('',#120,#121,#122);
#120 = CARTESIAN_POINT('',(6.,-36.3,-95.));
#121 = DIRECTION('',(-0.,1.,0.));
#122 = DIRECTION('',(0.,0.,1.));
#123 = DEFINITIONAL_REPRESENTATION('',(#124),#128);
#124 = LINE('',#125,#126);
#125 = CARTESIAN_POINT('',(0.,0.));
#126 = VECTOR('',#127,1.);
#127 = DIRECTION('',(1.,0.));
#128 = ( GEOMETRIC_REPRESENTATION_CONTEXT(2) 
PARAMETRIC_REPRESENTATION_CONTEXT() REPRESENTATION_CONTEXT('2D SPACE',''
  ) );
#129 = ORIENTED_EDGE('',*,*,#130,.T.);
#130 = EDGE_CURVE('',#103,#131,#133,.T.);
#131 = VERTEX_POINT('',#132);
#132 = CARTESIAN_POINT('',(6.,-19.5,-95.));
#133 = SURFACE_CURVE('',#134,(#138,#145),.PCURVE_S1.);
#134 = LINE('',#135,#136);
#135 = CARTESIAN_POINT('',(6.,-36.3,-95.));
#136 = VECTOR('',#137,1.);
#137 = DIRECTION('',(-0.,1.,0.));
#138 = PCURVE('',#50,#139);
#139 = DEFINITIONAL_REPRESENTATION('',(#140),#144);
#140 = LINE('',#141,#142);
#141 = CARTESIAN_POINT('',(-5.,-3.2));
#142 = VECTOR('',#143,1.);
#143 = DIRECTION('',(0.,-1.));
#144 = ( GEOMETRIC_REPRESENTATION_CONTEXT(2) 
PARAMETRIC_REPRESENTATION_CONTEXT() REPRESENTATION_CONTEXT('2D SPACE',''
  ) );
#145 = PCURVE('',#146,#151);
#146 = PLANE('',#147);
#147 = AXIS2_PLACEMENT_3D('',#148,#149,#150);
#148 = CARTESIAN_POINT('',(6.,-36.3,-95.));
#149 = DIRECTION('',(0.,0.,1.));
#150 = DIRECTION('',(1.,0.,-0.));
#151 = DEFINITIONAL_REPRESENTATION('',(#152),#156);
#152 = LINE('',#153,#154);
#153 = CARTESIAN_POINT('',(0.,0.));
#154 = VECTOR('',#155,1.);
#155 = DIRECTION('',(0.,1.));
#156 = ( GEOMETRIC_REPRESENTATION_CONTEXT(2) 
PARAMETRIC_REPRESENTATION_CONTEXT() REPRESENTATION_CONTEXT('2D SPACE',''
  ) );
#157 = ORIENTED_EDGE('',*,*,#158,.T.);
#158 = EDGE_CURVE('',#131,#159,#161,.T.);
#159 = VERTEX_POINT('',#160);
#160 = CARTESIAN_POINT('',(6.,-19.5,-89.));
#161 = SURFACE_CURVE('',#162,(#166,#173),.PCURVE_S1.);
#162 = LINE('',#163,#164);
#163 = CARTESIAN_POINT('',(6.,-19.5,-95.));
#164 = VECTOR('',#165,1.);
#165 = DIRECTION('',(0.,0.,1.));
#166 = PCURVE('',#50,#167);
#167 = DEFINITIONAL_REPRESENTATION('',(#168),#172);
#168 = LINE('',#169,#170);
#169 = CARTESIAN_POINT('',(-5.,-20.));
#170 = VECTOR('',#171,1.);
#171 = DIRECTION('',(1.,0.));
#172 = ( GEOMETRIC_REPRESENTATION_CONTEXT(2) 
PARAMETRIC_REPRESENTATION_CONTEXT() REPRESENTATION_CONTEXT('2D SPACE',''
  ) );
#173 = PCURVE('',#174,#179);
#174 = PLANE('',#175);
#175 = AXIS2_PLACEMENT_3D('',#176,#177,#178);
#176 = CARTESIAN_POINT('',(6.,-19.5,-95.));
#177 = DIRECTION('',(-0.,1.,0.));
#178 = DIRECTION('',(0.,0.,1.));
#179 = DEFINITIONAL_REPRESENTATION('',(#180),#184);
#180 = LINE('',#181,#182);
#181 = CARTESIAN_POINT('',(0.,0.));
#182 = VECTOR('',#183,1.);
#183 = DIRECTION('',(1.,0.));
#184 = ( GEOMETRIC_REPRESENTATION_CONTEXT(2) 
PARAMETRIC_REPRESENTATION_CONTEXT() REPRESENTATION_CONTEXT('2D SPACE',''
  ) );
#185 = ORIENTED_EDGE('',*,*,#186,.F.);
#186 = EDGE_CURVE('',#187,#159,#189,.T.);
#187 = VERTEX_POINT('',#188);
#188 = CARTESIAN_POINT('',(6.,-29.5,-89.));
#189 = SURFACE_CURVE('',#190,(#194,#201),.PCURVE_S1.);
#190 = LINE('',#191,#192);
#191 = CARTESIAN_POINT('',(6.,-36.3,-89.));
#192 = VECTOR('',#193,1.);
#193 = DIRECTION('',(-0.,1.,0.));
#194 = PCURVE('',#50,#195);
#195 = DEFINITIONAL_REPRESENTATION('',(#196),#200);
#196 = LINE('',#197,#198);
#197 = CARTESIAN_POINT('',(1.,-3.2));
#198 = VECTOR('',#199,1.);
#199 = DIRECTION('',(0.,-1.));
#200 = ( GEOMETRIC_REPRESENTATION_CONTEXT(2) 
PARAMETRIC_REPRESENTATION_CONTEXT() REPRESENTATION_CONTEXT('2D SPACE',''
  ) );
#201 = PCURVE('',#202,#207);
#202 = PLANE('',#203);
#203 = AXIS2_PLACEMENT_3D('',#204,#205,#206);
#204 = CARTESIAN_POINT('',(6.,-36.3,-89.));
#205 = DIRECTION('',(0.,0.,1.));
#206 = DIRECTION('',(1.,0.,-0.));
#207 = DEFINITIONAL_REPRESENTATION('',(#208),#212);
#208 = LINE('',#209,#210);
#209 = CARTESIAN_POINT('',(0.,0.));
#210 = VECTOR('',#211,1.);
#211 = DIRECTION('',(0.,1.));
#212 = ( GEOMETRIC_REPRESENTATION_CONTEXT(2) 
PARAMETRIC_REPRESENTATION_CONTEXT() REPRESENTATION_CONTEXT('2D SPACE',''
  ) );
#213 = ORIENTED_EDGE('',*,*,#214,.F.);
#214 = EDGE_CURVE('',#215,#187,#217,.T.);
#215 = VERTEX_POINT('',#216);
#216 = CARTESIAN_POINT('',(6.,-29.5,8.7));
#217 = SURFACE_CURVE('',#218,(#222,#229),.PCURVE_S1.);
#218 = LINE('',#219,#220);
#219 = CARTESIAN_POINT('',(6.,-29.5,8.7));
#220 = VECTOR('',#221,1.);
#221 = DIRECTION('',(0.,0.,-1.));
#222 = PCURVE('',#50,#223);
#223 = DEFINITIONAL_REPRESENTATION('',(#224),#228);
#224 = LINE('',#225,#226);
#225 = CARTESIAN_POINT('',(98.7,-10.));
#226 = VECTOR('',#227,1.);
#227 = DIRECTION('',(-1.,0.));
#228 = ( GEOMETRIC_REPRESENTATION_CONTEXT(2) 
PARAMETRIC_REPRESENTATION_CONTEXT() REPRESENTATION_CONTEXT('2D SPACE',''
  ) );
#229 = PCURVE('',#230,#235);
#230 = PLANE('',#231);
#231 = AXIS2_PLACEMENT_3D('',#232,#233,#234);
#232 = CARTESIAN_POINT('',(6.,-29.5,-90.));
#233 = DIRECTION('',(-0.,1.,0.));
#234 = DIRECTION('',(0.,0.,1.));
#235 = DEFINITIONAL_REPRESENTATION('',(#236),#240);
#236 = LINE('',#237,#238);
#237 = CARTESIAN_POINT('',(98.7,0.));
#238 = VECTOR('',#239,1.);
#239 = DIRECTION('',(-1.,0.));
#240 = ( GEOMETRIC_REPRESENTATION_CONTEXT(2) 
PARAMETRIC_REPRESENTATION_CONTEXT() REPRESENTATION_CONTEXT('2D SPACE',''
  ) );
#241 = ORIENTED_EDGE('',*,*,#242,.F.);
#242 = EDGE_CURVE('',#42,#215,#243,.T.);
#243 = SURFACE_CURVE('',#244,(#248,#255),.PCURVE_S1.);
#244 = LINE('',#245,#246);
#245 = CARTESIAN_POINT('',(6.,-39.5,8.7));
#246 = VECTOR('',#247,1.);
#247 = DIRECTION('',(-0.,1.,0.));
#248 = PCURVE('',#50,#249);
#249 = DEFINITIONAL_REPRESENTATION('',(#250),#254);
#250 = LINE('',#251,#252);
#251 = CARTESIAN_POINT('',(98.7,0.));
#252 = VECTOR('',#253,1.);
#253 = DIRECTION('',(0.,-1.));
#254 = ( GEOMETRIC_REPRESENTATION_CONTEXT(2) 
PARAMETRIC_REPRESENTATION_CONTEXT() REPRESENTATION_CONTEXT('2D SPACE',''
  ) );
#255 = PCURVE('',#256,#261);
#256 = PLANE('',#257);
#257 = AXIS2_PLACEMENT_3D('',#258,#259,#260);
#258 = CARTESIAN_POINT('',(6.,-39.5,8.7));
#259 = DIRECTION('',(0.,0.,1.));
#260 = DIRECTION('',(1.,0.,-0.));
#261 = DEFINITIONAL_REPRESENTATION('',(#262),#266);
#262 = LINE('',#263,#264);
#263 = CARTESIAN_POINT('',(0.,0.));
#264 = VECTOR('',#265,1.);
#265 = DIRECTION('',(0.,1.));
#266 = ( GEOMETRIC_REPRESENTATION_CONTEXT(2) 
PARAMETRIC_REPRESENTATION_CONTEXT() REPRESENTATION_CONTEXT('2D SPACE',''
  ) );
#267 = ADVANCED_FACE('',(#268),#62,.F.);
#268 = FACE_BOUND('',#269,.F.);
#269 = EDGE_LOOP('',(#270,#300,#321,#322,#345,#373,#401,#429,#457,#485)
  );
#270 = ORIENTED_EDGE('',*,*,#271,.F.);
#271 = EDGE_CURVE('',#272,#274,#276,.T.);
#272 = VERTEX_POINT('',#273);
#273 = CARTESIAN_POINT('',(20.,-39.5,-90.));
#274 = VERTEX_POINT('',#275);
#275 = CARTESIAN_POINT('',(20.,-39.5,-25.05));
#276 = SURFACE_CURVE('',#277,(#281,#288),.PCURVE_S1.);
#277 = LINE('',#278,#279);
#278 = CARTESIAN_POINT('',(20.,-39.5,-90.));
#279 = VECTOR('',#280,1.);
#280 = DIRECTION('',(0.,0.,1.));
#281 = PCURVE('',#62,#282);
#282 = DEFINITIONAL_REPRESENTATION('',(#283),#287);
#283 = LINE('',#284,#285);
#284 = CARTESIAN_POINT('',(0.,14.));
#285 = VECTOR('',#286,1.);
#286 = DIRECTION('',(1.,0.));
#287 = ( GEOMETRIC_REPRESENTATION_CONTEXT(2) 
PARAMETRIC_REPRESENTATION_CONTEXT() REPRESENTATION_CONTEXT('2D SPACE',''
  ) );
#288 = PCURVE('',#289,#294);
#289 = PLANE('',#290);
#290 = AXIS2_PLACEMENT_3D('',#291,#292,#293);
#291 = CARTESIAN_POINT('',(20.,-39.5,-90.));
#292 = DIRECTION('',(1.,0.,-0.));
#293 = DIRECTION('',(0.,0.,1.));
#294 = DEFINITIONAL_REPRESENTATION('',(#295),#299);
#295 = LINE('',#296,#297);
#296 = CARTESIAN_POINT('',(0.,0.));
#297 = VECTOR('',#298,1.);
#298 = DIRECTION('',(1.,0.));
#299 = ( GEOMETRIC_REPRESENTATION_CONTEXT(2) 
PARAMETRIC_REPRESENTATION_CONTEXT() REPRESENTATION_CONTEXT('2D SPACE',''
  ) );
#300 = ORIENTED_EDGE('',*,*,#301,.F.);
#301 = EDGE_CURVE('',#40,#272,#302,.T.);
#302 = SURFACE_CURVE('',#303,(#307,#314),.PCURVE_S1.);
#303 = LINE('',#304,#305);
#304 = CARTESIAN_POINT('',(6.,-39.5,-90.));
#305 = VECTOR('',#306,1.);
#306 = DIRECTION('',(1.,0.,-0.));
#307 = PCURVE('',#62,#308);
#308 = DEFINITIONAL_REPRESENTATION('',(#309),#313);
#309 = LINE('',#310,#311);
#310 = CARTESIAN_POINT('',(0.,0.));
#311 = VECTOR('',#312,1.);
#312 = DIRECTION('',(0.,1.));
#313 = ( GEOMETRIC_REPRESENTATION_CONTEXT(2) 
PARAMETRIC_REPRESENTATION_CONTEXT() REPRESENTATION_CONTEXT('2D SPACE',''
  ) );
#314 = PCURVE('',#90,#315);
#315 = DEFINITIONAL_REPRESENTATION('',(#316),#320);
#316 = LINE('',#317,#318);
#317 = CARTESIAN_POINT('',(0.,0.));
#318 = VECTOR('',#319,1.);
#319 = DIRECTION('',(1.,0.));
#320 = ( GEOMETRIC_REPRESENTATION_CONTEXT(2) 
PARAMETRIC_REPRESENTATION_CONTEXT() REPRESENTATION_CONTEXT('2D SPACE',''
  ) );
#321 = ORIENTED_EDGE('',*,*,#39,.T.);
#322 = ORIENTED_EDGE('',*,*,#323,.F.);
#323 = EDGE_CURVE('',#324,#42,#326,.T.);
#324 = VERTEX_POINT('',#325);
#325 = CARTESIAN_POINT('',(39.,-39.5,8.7));
#326 = SURFACE_CURVE('',#327,(#331,#338),.PCURVE_S1.);
#327 = LINE('',#328,#329);
#328 = CARTESIAN_POINT('',(39.,-39.5,8.7));
#329 = VECTOR('',#330,1.);
#330 = DIRECTION('',(-1.,0.,5.382899513334E-17));
#331 = PCURVE('',#62,#332);
#332 = DEFINITIONAL_REPRESENTATION('',(#333),#337);
#333 = LINE('',#334,#335);
#334 = CARTESIAN_POINT('',(98.7,33.));
#335 = VECTOR('',#336,1.);
#336 = DIRECTION('',(5.382899513334E-17,-1.));
#337 = ( GEOMETRIC_REPRESENTATION_CONTEXT(2) 
PARAMETRIC_REPRESENTATION_CONTEXT() REPRESENTATION_CONTEXT('2D SPACE',''
  ) );
#338 = PCURVE('',#256,#339);
#339 = DEFINITIONAL_REPRESENTATION('',(#340),#344);
#340 = LINE('',#341,#342);
#341 = CARTESIAN_POINT('',(33.,0.));
#342 = VECTOR('',#343,1.);
#343 = DIRECTION('',(-1.,0.));
#344 = ( GEOMETRIC_REPRESENTATION_CONTEXT(2) 
PARAMETRIC_REPRESENTATION_CONTEXT() REPRESENTATION_CONTEXT('2D SPACE',''
  ) );
#345 = ORIENTED_EDGE('',*,*,#346,.F.);
#346 = EDGE_CURVE('',#347,#324,#349,.T.);
#347 = VERTEX_POINT('',#348);
#348 = CARTESIAN_POINT('',(39.,-39.5,1.3));
#349 = SURFACE_CURVE('',#350,(#354,#361),.PCURVE_S1.);
#350 = LINE('',#351,#352);
#351 = CARTESIAN_POINT('',(39.,-39.5,1.3));
#352 = VECTOR('',#353,1.);
#353 = DIRECTION('',(0.,0.,1.));
#354 = PCURVE('',#62,#355);
#355 = DEFINITIONAL_REPRESENTATION('',(#356),#360);
#356 = LINE('',#357,#358);
#357 = CARTESIAN_POINT('',(91.3,33.));
#358 = VECTOR('',#359,1.);
#359 = DIRECTION('',(1.,0.));
#360 = ( GEOMETRIC_REPRESENTATION_CONTEXT(2) 
PARAMETRIC_REPRESENTATION_CONTEXT() REPRESENTATION_CONTEXT('2D SPACE',''
  ) );
#361 = PCURVE('',#362,#367);
#362 = PLANE('',#363);
#363 = AXIS2_PLACEMENT_3D('',#364,#365,#366);
#364 = CARTESIAN_POINT('',(39.,-39.5,1.3));
#365 = DIRECTION('',(1.,0.,-0.));
#366 = DIRECTION('',(0.,0.,1.));
#367 = DEFINITIONAL_REPRESENTATION('',(#368),#372);
#368 = LINE('',#369,#370);
#369 = CARTESIAN_POINT('',(0.,0.));
#370 = VECTOR('',#371,1.);
#371 = DIRECTION('',(1.,0.));
#372 = ( GEOMETRIC_REPRESENTATION_CONTEXT(2) 
PARAMETRIC_REPRESENTATION_CONTEXT() REPRESENTATION_CONTEXT('2D SPACE',''
  ) );
#373 = ORIENTED_EDGE('',*,*,#374,.F.);
#374 = EDGE_CURVE('',#375,#347,#377,.T.);
#375 = VERTEX_POINT('',#376);
#376 = CARTESIAN_POINT('',(20.,-39.5,1.3));
#377 = SURFACE_CURVE('',#378,(#382,#389),.PCURVE_S1.);
#378 = LINE('',#379,#380);
#379 = CARTESIAN_POINT('',(20.,-39.5,1.3));
#380 = VECTOR('',#381,1.);
#381 = DIRECTION('',(1.,0.,7.011934892369E-17));
#382 = PCURVE('',#62,#383);
#383 = DEFINITIONAL_REPRESENTATION('',(#384),#388);
#384 = LINE('',#385,#386);
#385 = CARTESIAN_POINT('',(91.3,14.));
#386 = VECTOR('',#387,1.);
#387 = DIRECTION('',(7.011934892369E-17,1.));
#388 = ( GEOMETRIC_REPRESENTATION_CONTEXT(2) 
PARAMETRIC_REPRESENTATION_CONTEXT() REPRESENTATION_CONTEXT('2D SPACE',''
  ) );
#389 = PCURVE('',#390,#395);
#390 = PLANE('',#391);
#391 = AXIS2_PLACEMENT_3D('',#392,#393,#394);
#392 = CARTESIAN_POINT('',(6.,-39.5,1.3));
#393 = DIRECTION('',(0.,0.,1.));
#394 = DIRECTION('',(1.,0.,-0.));
#395 = DEFINITIONAL_REPRESENTATION('',(#396),#400);
#396 = LINE('',#397,#398);
#397 = CARTESIAN_POINT('',(14.,0.));
#398 = VECTOR('',#399,1.);
#399 = DIRECTION('',(1.,0.));
#400 = ( GEOMETRIC_REPRESENTATION_CONTEXT(2) 
PARAMETRIC_REPRESENTATION_CONTEXT() REPRESENTATION_CONTEXT('2D SPACE',''
  ) );
#401 = ORIENTED_EDGE('',*,*,#402,.F.);
#402 = EDGE_CURVE('',#403,#375,#405,.T.);
#403 = VERTEX_POINT('',#404);
#404 = CARTESIAN_POINT('',(20.,-39.5,-17.65));
#405 = SURFACE_CURVE('',#406,(#410,#417),.PCURVE_S1.);
#406 = LINE('',#407,#408);
#407 = CARTESIAN_POINT('',(20.,-39.5,-90.));
#408 = VECTOR('',#409,1.);
#409 = DIRECTION('',(0.,0.,1.));
#410 = PCURVE('',#62,#411);
#411 = DEFINITIONAL_REPRESENTATION('',(#412),#416);
#412 = LINE('',#413,#414);
#413 = CARTESIAN_POINT('',(0.,14.));
#414 = VECTOR('',#415,1.);
#415 = DIRECTION('',(1.,0.));
#416 = ( GEOMETRIC_REPRESENTATION_CONTEXT(2) 
PARAMETRIC_REPRESENTATION_CONTEXT() REPRESENTATION_CONTEXT('2D SPACE',''
  ) );
#417 = PCURVE('',#418,#423);
#418 = PLANE('',#419);
#419 = AXIS2_PLACEMENT_3D('',#420,#421,#422);
#420 = CARTESIAN_POINT('',(20.,-39.5,-90.));
#421 = DIRECTION('',(1.,0.,-0.));
#422 = DIRECTION('',(0.,0.,1.));
#423 = DEFINITIONAL_REPRESENTATION('',(#424),#428);
#424 = LINE('',#425,#426);
#425 = CARTESIAN_POINT('',(0.,0.));
#426 = VECTOR('',#427,1.);
#427 = DIRECTION('',(1.,0.));
#428 = ( GEOMETRIC_REPRESENTATION_CONTEXT(2) 
PARAMETRIC_REPRESENTATION_CONTEXT() REPRESENTATION_CONTEXT('2D SPACE',''
  ) );
#429 = ORIENTED_EDGE('',*,*,#430,.F.);
#430 = EDGE_CURVE('',#431,#403,#433,.T.);
#431 = VERTEX_POINT('',#432);
#432 = CARTESIAN_POINT('',(39.,-39.5,-17.65));
#433 = SURFACE_CURVE('',#434,(#438,#445),.PCURVE_S1.);
#434 = LINE('',#435,#436);
#435 = CARTESIAN_POINT('',(39.,-39.5,-17.65));
#436 = VECTOR('',#437,1.);
#437 = DIRECTION('',(-1.,0.,-1.869849304632E-16));
#438 = PCURVE('',#62,#439);
#439 = DEFINITIONAL_REPRESENTATION('',(#440),#444);
#440 = LINE('',#441,#442);
#441 = CARTESIAN_POINT('',(72.35,33.));
#442 = VECTOR('',#443,1.);
#443 = DIRECTION('',(-1.869849304632E-16,-1.));
#444 = ( GEOMETRIC_REPRESENTATION_CONTEXT(2) 
PARAMETRIC_REPRESENTATION_CONTEXT() REPRESENTATION_CONTEXT('2D SPACE',''
  ) );
#445 = PCURVE('',#446,#451);
#446 = PLANE('',#447);
#447 = AXIS2_PLACEMENT_3D('',#448,#449,#450);
#448 = CARTESIAN_POINT('',(6.,-39.5,-17.65));
#449 = DIRECTION('',(0.,0.,1.));
#450 = DIRECTION('',(1.,0.,-0.));
#451 = DEFINITIONAL_REPRESENTATION('',(#452),#456);
#452 = LINE('',#453,#454);
#453 = CARTESIAN_POINT('',(33.,0.));
#454 = VECTOR('',#455,1.);
#455 = DIRECTION('',(-1.,0.));
#456 = ( GEOMETRIC_REPRESENTATION_CONTEXT(2) 
PARAMETRIC_REPRESENTATION_CONTEXT() REPRESENTATION_CONTEXT('2D SPACE',''
  ) );
#457 = ORIENTED_EDGE('',*,*,#458,.F.);
#458 = EDGE_CURVE('',#459,#431,#461,.T.);
#459 = VERTEX_POINT('',#460);
#460 = CARTESIAN_POINT('',(39.,-39.5,-25.05));
#461 = SURFACE_CURVE('',#462,(#466,#473),.PCURVE_S1.);
#462 = LINE('',#463,#464);
#463 = CARTESIAN_POINT('',(39.,-39.5,-25.05));
#464 = VECTOR('',#465,1.);
#465 = DIRECTION('',(0.,0.,1.));
#466 = PCURVE('',#62,#467);
#467 = DEFINITIONAL_REPRESENTATION('',(#468),#472);
#468 = LINE('',#469,#470);
#469 = CARTESIAN_POINT('',(64.95,33.));
#470 = VECTOR('',#471,1.);
#471 = DIRECTION('',(1.,0.));
#472 = ( GEOMETRIC_REPRESENTATION_CONTEXT(2) 
PARAMETRIC_REPRESENTATION_CONTEXT() REPRESENTATION_CONTEXT('2D SPACE',''
  ) );
#473 = PCURVE('',#474,#479);
#474 = PLANE('',#475);
#475 = AXIS2_PLACEMENT_3D('',#476,#477,#478);
#476 = CARTESIAN_POINT('',(39.,-39.5,-25.05));
#477 = DIRECTION('',(1.,0.,-0.));
#478 = DIRECTION('',(0.,0.,1.));
#479 = DEFINITIONAL_REPRESENTATION('',(#480),#484);
#480 = LINE('',#481,#482);
#481 = CARTESIAN_POINT('',(0.,0.));
#482 = VECTOR('',#483,1.);
#483 = DIRECTION('',(1.,0.));
#484 = ( GEOMETRIC_REPRESENTATION_CONTEXT(2) 
PARAMETRIC_REPRESENTATION_CONTEXT() REPRESENTATION_CONTEXT('2D SPACE',''
  ) );
#485 = ORIENTED_EDGE('',*,*,#486,.F.);
#486 = EDGE_CURVE('',#274,#459,#487,.T.);
#487 = SURFACE_CURVE('',#488,(#492,#499),.PCURVE_S1.);
#488 = LINE('',#489,#490);
#489 = CARTESIAN_POINT('',(20.,-39.5,-25.05));
#490 = VECTOR('',#491,1.);
#491 = DIRECTION('',(1.,0.,-1.869849304632E-16));
#492 = PCURVE('',#62,#493);
#493 = DEFINITIONAL_REPRESENTATION('',(#494),#498);
#494 = LINE('',#495,#496);
#495 = CARTESIAN_POINT('',(64.95,14.));
#496 = VECTOR('',#497,1.);
#497 = DIRECTION('',(-1.869849304632E-16,1.));
#498 = ( GEOMETRIC_REPRESENTATION_CONTEXT(2) 
PARAMETRIC_REPRESENTATION_CONTEXT() REPRESENTATION_CONTEXT('2D SPACE',''
  ) );
#499 = PCURVE('',#500,#505);
#500 = PLANE('',#501);
#501 = AXIS2_PLACEMENT_3D('',#502,#503,#504);
#502 = CARTESIAN_POINT('',(6.,-39.5,-25.05));
#503 = DIRECTION('',(0.,0.,1.));
#504 = DIRECTION('',(1.,0.,-0.));
#505 = DEFINITIONAL_REPRESENTATION('',(#506),#510);
#506 = LINE('',#507,#508);
#507 = CARTESIAN_POINT('',(14.,0.));
#508 = VECTOR('',#509,1.);
#509 = DIRECTION('',(1.,0.));
#510 = ( GEOMETRIC_REPRESENTATION_CONTEXT(2) 
PARAMETRIC_REPRESENTATION_CONTEXT() REPRESENTATION_CONTEXT('2D SPACE',''
  ) );
#511 = ADVANCED_FACE('',(#512),#90,.F.);
#512 = FACE_BOUND('',#513,.F.);
#513 = EDGE_LOOP('',(#514,#515,#516,#539));
#514 = ORIENTED_EDGE('',*,*,#74,.F.);
#515 = ORIENTED_EDGE('',*,*,#301,.T.);
#516 = ORIENTED_EDGE('',*,*,#517,.T.);
#517 = EDGE_CURVE('',#272,#518,#520,.T.);
#518 = VERTEX_POINT('',#519);
#519 = CARTESIAN_POINT('',(20.,-36.3,-90.));
#520 = SURFACE_CURVE('',#521,(#525,#532),.PCURVE_S1.);
#521 = LINE('',#522,#523);
#522 = CARTESIAN_POINT('',(20.,-39.5,-90.));
#523 = VECTOR('',#524,1.);
#524 = DIRECTION('',(-0.,1.,0.));
#525 = PCURVE('',#90,#526);
#526 = DEFINITIONAL_REPRESENTATION('',(#527),#531);
#527 = LINE('',#528,#529);
#528 = CARTESIAN_POINT('',(14.,0.));
#529 = VECTOR('',#530,1.);
#530 = DIRECTION('',(0.,1.));
#531 = ( GEOMETRIC_REPRESENTATION_CONTEXT(2) 
PARAMETRIC_REPRESENTATION_CONTEXT() REPRESENTATION_CONTEXT('2D SPACE',''
  ) );
#532 = PCURVE('',#289,#533);
#533 = DEFINITIONAL_REPRESENTATION('',(#534),#538);
#534 = LINE('',#535,#536);
#535 = CARTESIAN_POINT('',(0.,0.));
#536 = VECTOR('',#537,1.);
#537 = DIRECTION('',(0.,-1.));
#538 = ( GEOMETRIC_REPRESENTATION_CONTEXT(2) 
PARAMETRIC_REPRESENTATION_CONTEXT() REPRESENTATION_CONTEXT('2D SPACE',''
  ) );
#539 = ORIENTED_EDGE('',*,*,#540,.T.);
#540 = EDGE_CURVE('',#518,#75,#541,.T.);
#541 = SURFACE_CURVE('',#542,(#546,#552),.PCURVE_S1.);
#542 = LINE('',#543,#544);
#543 = CARTESIAN_POINT('',(6.,-36.3,-90.));
#544 = VECTOR('',#545,1.);
#545 = DIRECTION('',(-1.,-0.,0.));
#546 = PCURVE('',#90,#547);
#547 = DEFINITIONAL_REPRESENTATION('',(#548),#551);
#548 = B_SPLINE_CURVE_WITH_KNOTS('',1,(#549,#550),.UNSPECIFIED.,.F.,.F.,
  (2,2),(-14.,0.),.PIECEWISE_BEZIER_KNOTS.);
#549 = CARTESIAN_POINT('',(14.,3.2));
#550 = CARTESIAN_POINT('',(0.,3.2));
#551 = ( GEOMETRIC_REPRESENTATION_CONTEXT(2) 
PARAMETRIC_REPRESENTATION_CONTEXT() REPRESENTATION_CONTEXT('2D SPACE',''
  ) );
#552 = PCURVE('',#118,#553);
#553 = DEFINITIONAL_REPRESENTATION('',(#554),#557);
#554 = B_SPLINE_CURVE_WITH_KNOTS('',1,(#555,#556),.UNSPECIFIED.,.F.,.F.,
  (2,2),(-14.,0.),.PIECEWISE_BEZIER_KNOTS.);
#555 = CARTESIAN_POINT('',(5.,14.));
#556 = CARTESIAN_POINT('',(5.,0.));
#557 = ( GEOMETRIC_REPRESENTATION_CONTEXT(2) 
PARAMETRIC_REPRESENTATION_CONTEXT() REPRESENTATION_CONTEXT('2D SPACE',''
  ) );
#558 = ADVANCED_FACE('',(#559),#118,.F.);
#559 = FACE_BOUND('',#560,.F.);
#560 = EDGE_LOOP('',(#561,#591,#612,#613,#614,#635));
#561 = ORIENTED_EDGE('',*,*,#562,.F.);
#562 = EDGE_CURVE('',#563,#565,#567,.T.);
#563 = VERTEX_POINT('',#564);
#564 = CARTESIAN_POINT('',(35.,-36.3,-95.));
#565 = VERTEX_POINT('',#566);
#566 = CARTESIAN_POINT('',(35.,-36.3,-89.));
#567 = SURFACE_CURVE('',#568,(#572,#579),.PCURVE_S1.);
#568 = LINE('',#569,#570);
#569 = CARTESIAN_POINT('',(35.,-36.3,-95.));
#570 = VECTOR('',#571,1.);
#571 = DIRECTION('',(0.,0.,1.));
#572 = PCURVE('',#118,#573);
#573 = DEFINITIONAL_REPRESENTATION('',(#574),#578);
#574 = LINE('',#575,#576);
#575 = CARTESIAN_POINT('',(0.,29.));
#576 = VECTOR('',#577,1.);
#577 = DIRECTION('',(1.,0.));
#578 = ( GEOMETRIC_REPRESENTATION_CONTEXT(2) 
PARAMETRIC_REPRESENTATION_CONTEXT() REPRESENTATION_CONTEXT('2D SPACE',''
  ) );
#579 = PCURVE('',#580,#585);
#580 = PLANE('',#581);
#581 = AXIS2_PLACEMENT_3D('',#582,#583,#584);
#582 = CARTESIAN_POINT('',(35.,-36.3,-95.));
#583 = DIRECTION('',(1.,0.,-0.));
#584 = DIRECTION('',(0.,0.,1.));
#585 = DEFINITIONAL_REPRESENTATION('',(#586),#590);
#586 = LINE('',#587,#588);
#587 = CARTESIAN_POINT('',(0.,0.));
#588 = VECTOR('',#589,1.);
#589 = DIRECTION('',(1.,0.));
#590 = ( GEOMETRIC_REPRESENTATION_CONTEXT(2) 
PARAMETRIC_REPRESENTATION_CONTEXT() REPRESENTATION_CONTEXT('2D SPACE',''
  ) );
#591 = ORIENTED_EDGE('',*,*,#592,.F.);
#592 = EDGE_CURVE('',#103,#563,#593,.T.);
#593 = SURFACE_CURVE('',#594,(#598,#605),.PCURVE_S1.);
#594 = LINE('',#595,#596);
#595 = CARTESIAN_POINT('',(6.,-36.3,-95.));
#596 = VECTOR('',#597,1.);
#597 = DIRECTION('',(1.,0.,-0.));
#598 = PCURVE('',#118,#599);
#599 = DEFINITIONAL_REPRESENTATION('',(#600),#604);
#600 = LINE('',#601,#602);
#601 = CARTESIAN_POINT('',(0.,0.));
#602 = VECTOR('',#603,1.);
#603 = DIRECTION('',(0.,1.));
#604 = ( GEOMETRIC_REPRESENTATION_CONTEXT(2) 
PARAMETRIC_REPRESENTATION_CONTEXT() REPRESENTATION_CONTEXT('2D SPACE',''
  ) );
#605 = PCURVE('',#146,#606);
#606 = DEFINITIONAL_REPRESENTATION('',(#607),#611);
#607 = LINE('',#608,#609);
#608 = CARTESIAN_POINT('',(0.,0.));
#609 = VECTOR('',#610,1.);
#610 = DIRECTION('',(1.,0.));
#611 = ( GEOMETRIC_REPRESENTATION_CONTEXT(2) 
PARAMETRIC_REPRESENTATION_CONTEXT() REPRESENTATION_CONTEXT('2D SPACE',''
  ) );
#612 = ORIENTED_EDGE('',*,*,#102,.T.);
#613 = ORIENTED_EDGE('',*,*,#540,.F.);
#614 = ORIENTED_EDGE('',*,*,#615,.T.);
#615 = EDGE_CURVE('',#518,#616,#618,.T.);
#616 = VERTEX_POINT('',#617);
#617 = CARTESIAN_POINT('',(20.,-36.3,-89.));
#618 = SURFACE_CURVE('',#619,(#623,#629),.PCURVE_S1.);
#619 = LINE('',#620,#621);
#620 = CARTESIAN_POINT('',(20.,-36.3,-92.5));
#621 = VECTOR('',#622,1.);
#622 = DIRECTION('',(0.,0.,1.));
#623 = PCURVE('',#118,#624);
#624 = DEFINITIONAL_REPRESENTATION('',(#625),#628);
#625 = B_SPLINE_CURVE_WITH_KNOTS('',1,(#626,#627),.UNSPECIFIED.,.F.,.F.,
  (2,2),(2.5,3.5),.PIECEWISE_BEZIER_KNOTS.);
#626 = CARTESIAN_POINT('',(5.,14.));
#627 = CARTESIAN_POINT('',(6.,14.));
#628 = ( GEOMETRIC_REPRESENTATION_CONTEXT(2) 
PARAMETRIC_REPRESENTATION_CONTEXT() REPRESENTATION_CONTEXT('2D SPACE',''
  ) );
#629 = PCURVE('',#289,#630);
#630 = DEFINITIONAL_REPRESENTATION('',(#631),#634);
#631 = B_SPLINE_CURVE_WITH_KNOTS('',1,(#632,#633),.UNSPECIFIED.,.F.,.F.,
  (2,2),(2.5,3.5),.PIECEWISE_BEZIER_KNOTS.);
#632 = CARTESIAN_POINT('',(0.,-3.2));
#633 = CARTESIAN_POINT('',(1.,-3.2));
#634 = ( GEOMETRIC_REPRESENTATION_CONTEXT(2) 
PARAMETRIC_REPRESENTATION_CONTEXT() REPRESENTATION_CONTEXT('2D SPACE',''
  ) );
#635 = ORIENTED_EDGE('',*,*,#636,.T.);
#636 = EDGE_CURVE('',#616,#565,#637,.T.);
#637 = SURFACE_CURVE('',#638,(#642,#649),.PCURVE_S1.);
#638 = LINE('',#639,#640);
#639 = CARTESIAN_POINT('',(6.,-36.3,-89.));
#640 = VECTOR('',#641,1.);
#641 = DIRECTION('',(1.,0.,-0.));
#642 = PCURVE('',#118,#643);
#643 = DEFINITIONAL_REPRESENTATION('',(#644),#648);
#644 = LINE('',#645,#646);
#645 = CARTESIAN_POINT('',(6.,0.));
#646 = VECTOR('',#647,1.);
#647 = DIRECTION('',(0.,1.));
#648 = ( GEOMETRIC_REPRESENTATION_CONTEXT(2) 
PARAMETRIC_REPRESENTATION_CONTEXT() REPRESENTATION_CONTEXT('2D SPACE',''
  ) );
#649 = PCURVE('',#202,#650);
#650 = DEFINITIONAL_REPRESENTATION('',(#651),#655);
#651 = LINE('',#652,#653);
#652 = CARTESIAN_POINT('',(0.,0.));
#653 = VECTOR('',#654,1.);
#654 = DIRECTION('',(1.,0.));
#655 = ( GEOMETRIC_REPRESENTATION_CONTEXT(2) 
PARAMETRIC_REPRESENTATION_CONTEXT() REPRESENTATION_CONTEXT('2D SPACE',''
  ) );
#656 = ADVANCED_FACE('',(#657),#146,.F.);
#657 = FACE_BOUND('',#658,.F.);
#658 = EDGE_LOOP('',(#659,#682,#683,#684,#707,#733));
#659 = ORIENTED_EDGE('',*,*,#660,.F.);
#660 = EDGE_CURVE('',#131,#661,#663,.T.);
#661 = VERTEX_POINT('',#662);
#662 = CARTESIAN_POINT('',(29.,-19.5,-95.));
#663 = SURFACE_CURVE('',#664,(#668,#675),.PCURVE_S1.);
#664 = LINE('',#665,#666);
#665 = CARTESIAN_POINT('',(6.,-19.5,-95.));
#666 = VECTOR('',#667,1.);
#667 = DIRECTION('',(1.,0.,-0.));
#668 = PCURVE('',#146,#669);
#669 = DEFINITIONAL_REPRESENTATION('',(#670),#674);
#670 = LINE('',#671,#672);
#671 = CARTESIAN_POINT('',(0.,16.8));
#672 = VECTOR('',#673,1.);
#673 = DIRECTION('',(1.,0.));
#674 = ( GEOMETRIC_REPRESENTATION_CONTEXT(2) 
PARAMETRIC_REPRESENTATION_CONTEXT() REPRESENTATION_CONTEXT('2D SPACE',''
  ) );
#675 = PCURVE('',#174,#676);
#676 = DEFINITIONAL_REPRESENTATION('',(#677),#681);
#677 = LINE('',#678,#679);
#678 = CARTESIAN_POINT('',(0.,0.));
#679 = VECTOR('',#680,1.);
#680 = DIRECTION('',(0.,1.));
#681 = ( GEOMETRIC_REPRESENTATION_CONTEXT(2) 
PARAMETRIC_REPRESENTATION_CONTEXT() REPRESENTATION_CONTEXT('2D SPACE',''
  ) );
#682 = ORIENTED_EDGE('',*,*,#130,.F.);
#683 = ORIENTED_EDGE('',*,*,#592,.T.);
#684 = ORIENTED_EDGE('',*,*,#685,.T.);
#685 = EDGE_CURVE('',#563,#686,#688,.T.);
#686 = VERTEX_POINT('',#687);
#687 = CARTESIAN_POINT('',(35.,-29.5,-95.));
#688 = SURFACE_CURVE('',#689,(#693,#700),.PCURVE_S1.);
#689 = LINE('',#690,#691);
#690 = CARTESIAN_POINT('',(35.,-36.3,-95.));
#691 = VECTOR('',#692,1.);
#692 = DIRECTION('',(-0.,1.,0.));
#693 = PCURVE('',#146,#694);
#694 = DEFINITIONAL_REPRESENTATION('',(#695),#699);
#695 = LINE('',#696,#697);
#696 = CARTESIAN_POINT('',(29.,0.));
#697 = VECTOR('',#698,1.);
#698 = DIRECTION('',(0.,1.));
#699 = ( GEOMETRIC_REPRESENTATION_CONTEXT(2) 
PARAMETRIC_REPRESENTATION_CONTEXT() REPRESENTATION_CONTEXT('2D SPACE',''
  ) );
#700 = PCURVE('',#580,#701);
#701 = DEFINITIONAL_REPRESENTATION('',(#702),#706);
#702 = LINE('',#703,#704);
#703 = CARTESIAN_POINT('',(0.,0.));
#704 = VECTOR('',#705,1.);
#705 = DIRECTION('',(0.,-1.));
#706 = ( GEOMETRIC_REPRESENTATION_CONTEXT(2) 
PARAMETRIC_REPRESENTATION_CONTEXT() REPRESENTATION_CONTEXT('2D SPACE',''
  ) );
#707 = ORIENTED_EDGE('',*,*,#708,.F.);
#708 = EDGE_CURVE('',#709,#686,#711,.T.);
#709 = VERTEX_POINT('',#710);
#710 = CARTESIAN_POINT('',(29.,-29.5,-95.));
#711 = SURFACE_CURVE('',#712,(#716,#722),.PCURVE_S1.);
#712 = LINE('',#713,#714);
#713 = CARTESIAN_POINT('',(17.5,-29.5,-95.));
#714 = VECTOR('',#715,1.);
#715 = DIRECTION('',(1.,0.,-0.));
#716 = PCURVE('',#146,#717);
#717 = DEFINITIONAL_REPRESENTATION('',(#718),#721);
#718 = B_SPLINE_CURVE_WITH_KNOTS('',1,(#719,#720),.UNSPECIFIED.,.F.,.F.,
  (2,2),(11.5,17.5),.PIECEWISE_BEZIER_KNOTS.);
#719 = CARTESIAN_POINT('',(23.,6.8));
#720 = CARTESIAN_POINT('',(29.,6.8));
#721 = ( GEOMETRIC_REPRESENTATION_CONTEXT(2) 
PARAMETRIC_REPRESENTATION_CONTEXT() REPRESENTATION_CONTEXT('2D SPACE',''
  ) );
#722 = PCURVE('',#723,#728);
#723 = PLANE('',#724);
#724 = AXIS2_PLACEMENT_3D('',#725,#726,#727);
#725 = CARTESIAN_POINT('',(29.,-29.5,-112.));
#726 = DIRECTION('',(-0.,1.,0.));
#727 = DIRECTION('',(0.,0.,1.));
#728 = DEFINITIONAL_REPRESENTATION('',(#729),#732);
#729 = B_SPLINE_CURVE_WITH_KNOTS('',1,(#730,#731),.UNSPECIFIED.,.F.,.F.,
  (2,2),(11.5,17.5),.PIECEWISE_BEZIER_KNOTS.);
#730 = CARTESIAN_POINT('',(17.,0.));
#731 = CARTESIAN_POINT('',(17.,6.));
#732 = ( GEOMETRIC_REPRESENTATION_CONTEXT(2) 
PARAMETRIC_REPRESENTATION_CONTEXT() REPRESENTATION_CONTEXT('2D SPACE',''
  ) );
#733 = ORIENTED_EDGE('',*,*,#734,.F.);
#734 = EDGE_CURVE('',#661,#709,#735,.T.);
#735 = SURFACE_CURVE('',#736,(#740,#746),.PCURVE_S1.);
#736 = LINE('',#737,#738);
#737 = CARTESIAN_POINT('',(29.,-32.9,-95.));
#738 = VECTOR('',#739,1.);
#739 = DIRECTION('',(0.,-1.,0.));
#740 = PCURVE('',#146,#741);
#741 = DEFINITIONAL_REPRESENTATION('',(#742),#745);
#742 = B_SPLINE_CURVE_WITH_KNOTS('',1,(#743,#744),.UNSPECIFIED.,.F.,.F.,
  (2,2),(-13.4,-3.4),.PIECEWISE_BEZIER_KNOTS.);
#743 = CARTESIAN_POINT('',(23.,16.8));
#744 = CARTESIAN_POINT('',(23.,6.8));
#745 = ( GEOMETRIC_REPRESENTATION_CONTEXT(2) 
PARAMETRIC_REPRESENTATION_CONTEXT() REPRESENTATION_CONTEXT('2D SPACE',''
  ) );
#746 = PCURVE('',#747,#752);
#747 = PLANE('',#748);
#748 = AXIS2_PLACEMENT_3D('',#749,#750,#751);
#749 = CARTESIAN_POINT('',(29.,-29.5,-112.));
#750 = DIRECTION('',(1.,0.,-0.));
#751 = DIRECTION('',(0.,0.,1.));
#752 = DEFINITIONAL_REPRESENTATION('',(#753),#756);
#753 = B_SPLINE_CURVE_WITH_KNOTS('',1,(#754,#755),.UNSPECIFIED.,.F.,.F.,
  (2,2),(-13.4,-3.4),.PIECEWISE_BEZIER_KNOTS.);
#754 = CARTESIAN_POINT('',(17.,-10.));
#755 = CARTESIAN_POINT('',(17.,0.));
#756 = ( GEOMETRIC_REPRESENTATION_CONTEXT(2) 
PARAMETRIC_REPRESENTATION_CONTEXT() REPRESENTATION_CONTEXT('2D SPACE',''
  ) );
#757 = ADVANCED_FACE('',(#758),#174,.T.);
#758 = FACE_BOUND('',#759,.T.);
#759 = EDGE_LOOP('',(#760,#761,#762,#785,#813,#841,#864,#890,#916,#943,
    #969,#995));
#760 = ORIENTED_EDGE('',*,*,#660,.F.);
#761 = ORIENTED_EDGE('',*,*,#158,.T.);
#762 = ORIENTED_EDGE('',*,*,#763,.T.);
#763 = EDGE_CURVE('',#159,#764,#766,.T.);
#764 = VERTEX_POINT('',#765);
#765 = CARTESIAN_POINT('',(29.,-19.5,-89.));
#766 = SURFACE_CURVE('',#767,(#771,#778),.PCURVE_S1.);
#767 = LINE('',#768,#769);
#768 = CARTESIAN_POINT('',(6.,-19.5,-89.));
#769 = VECTOR('',#770,1.);
#770 = DIRECTION('',(1.,0.,-0.));
#771 = PCURVE('',#174,#772);
#772 = DEFINITIONAL_REPRESENTATION('',(#773),#777);
#773 = LINE('',#774,#775);
#774 = CARTESIAN_POINT('',(6.,0.));
#775 = VECTOR('',#776,1.);
#776 = DIRECTION('',(0.,1.));
#777 = ( GEOMETRIC_REPRESENTATION_CONTEXT(2) 
PARAMETRIC_REPRESENTATION_CONTEXT() REPRESENTATION_CONTEXT('2D SPACE',''
  ) );
#778 = PCURVE('',#202,#779);
#779 = DEFINITIONAL_REPRESENTATION('',(#780),#784);
#780 = LINE('',#781,#782);
#781 = CARTESIAN_POINT('',(0.,16.8));
#782 = VECTOR('',#783,1.);
#783 = DIRECTION('',(1.,0.));
#784 = ( GEOMETRIC_REPRESENTATION_CONTEXT(2) 
PARAMETRIC_REPRESENTATION_CONTEXT() REPRESENTATION_CONTEXT('2D SPACE',''
  ) );
#785 = ORIENTED_EDGE('',*,*,#786,.T.);
#786 = EDGE_CURVE('',#764,#787,#789,.T.);
#787 = VERTEX_POINT('',#788);
#788 = CARTESIAN_POINT('',(29.,-19.5,-88.));
#789 = SURFACE_CURVE('',#790,(#794,#801),.PCURVE_S1.);
#790 = LINE('',#791,#792);
#791 = CARTESIAN_POINT('',(29.,-19.5,-112.));
#792 = VECTOR('',#793,1.);
#793 = DIRECTION('',(0.,0.,1.));
#794 = PCURVE('',#174,#795);
#795 = DEFINITIONAL_REPRESENTATION('',(#796),#800);
#796 = LINE('',#797,#798);
#797 = CARTESIAN_POINT('',(-17.,23.));
#798 = VECTOR('',#799,1.);
#799 = DIRECTION('',(1.,0.));
#800 = ( GEOMETRIC_REPRESENTATION_CONTEXT(2) 
PARAMETRIC_REPRESENTATION_CONTEXT() REPRESENTATION_CONTEXT('2D SPACE',''
  ) );
#801 = PCURVE('',#802,#807);
#802 = PLANE('',#803);
#803 = AXIS2_PLACEMENT_3D('',#804,#805,#806);
#804 = CARTESIAN_POINT('',(29.,-29.5,-112.));
#805 = DIRECTION('',(1.,0.,-0.));
#806 = DIRECTION('',(0.,0.,1.));
#807 = DEFINITIONAL_REPRESENTATION('',(#808),#812);
#808 = LINE('',#809,#810);
#809 = CARTESIAN_POINT('',(0.,-10.));
#810 = VECTOR('',#811,1.);
#811 = DIRECTION('',(1.,0.));
#812 = ( GEOMETRIC_REPRESENTATION_CONTEXT(2) 
PARAMETRIC_REPRESENTATION_CONTEXT() REPRESENTATION_CONTEXT('2D SPACE',''
  ) );
#813 = ORIENTED_EDGE('',*,*,#814,.T.);
#814 = EDGE_CURVE('',#787,#815,#817,.T.);
#815 = VERTEX_POINT('',#816);
#816 = CARTESIAN_POINT('',(35.,-19.5,-88.));
#817 = SURFACE_CURVE('',#818,(#822,#829),.PCURVE_S1.);
#818 = LINE('',#819,#820);
#819 = CARTESIAN_POINT('',(29.,-19.5,-88.));
#820 = VECTOR('',#821,1.);
#821 = DIRECTION('',(1.,0.,-0.));
#822 = PCURVE('',#174,#823);
#823 = DEFINITIONAL_REPRESENTATION('',(#824),#828);
#824 = LINE('',#825,#826);
#825 = CARTESIAN_POINT('',(7.,23.));
#826 = VECTOR('',#827,1.);
#827 = DIRECTION('',(0.,1.));
#828 = ( GEOMETRIC_REPRESENTATION_CONTEXT(2) 
PARAMETRIC_REPRESENTATION_CONTEXT() REPRESENTATION_CONTEXT('2D SPACE',''
  ) );
#829 = PCURVE('',#830,#835);
#830 = PLANE('',#831);
#831 = AXIS2_PLACEMENT_3D('',#832,#833,#834);
#832 = CARTESIAN_POINT('',(29.,-29.5,-88.));
#833 = DIRECTION('',(0.,0.,1.));
#834 = DIRECTION('',(1.,0.,-0.));
#835 = DEFINITIONAL_REPRESENTATION('',(#836),#840);
#836 = LINE('',#837,#838);
#837 = CARTESIAN_POINT('',(0.,10.));
#838 = VECTOR('',#839,1.);
#839 = DIRECTION('',(1.,0.));
#840 = ( GEOMETRIC_REPRESENTATION_CONTEXT(2) 
PARAMETRIC_REPRESENTATION_CONTEXT() REPRESENTATION_CONTEXT('2D SPACE',''
  ) );
#841 = ORIENTED_EDGE('',*,*,#842,.T.);
#842 = EDGE_CURVE('',#815,#843,#845,.T.);
#843 = VERTEX_POINT('',#844);
#844 = CARTESIAN_POINT('',(35.,-19.5,-109.5));
#845 = SURFACE_CURVE('',#846,(#850,#857),.PCURVE_S1.);
#846 = LINE('',#847,#848);
#847 = CARTESIAN_POINT('',(35.,-19.5,-88.));
#848 = VECTOR('',#849,1.);
#849 = DIRECTION('',(0.,0.,-1.));
#850 = PCURVE('',#174,#851);
#851 = DEFINITIONAL_REPRESENTATION('',(#852),#856);
#852 = LINE('',#853,#854);
#853 = CARTESIAN_POINT('',(7.,29.));
#854 = VECTOR('',#855,1.);
#855 = DIRECTION('',(-1.,0.));
#856 = ( GEOMETRIC_REPRESENTATION_CONTEXT(2) 
PARAMETRIC_REPRESENTATION_CONTEXT() REPRESENTATION_CONTEXT('2D SPACE',''
  ) );
#857 = PCURVE('',#580,#858);
#858 = DEFINITIONAL_REPRESENTATION('',(#859),#863);
#859 = LINE('',#860,#861);
#860 = CARTESIAN_POINT('',(7.,-16.8));
#861 = VECTOR('',#862,1.);
#862 = DIRECTION('',(-1.,0.));
#863 = ( GEOMETRIC_REPRESENTATION_CONTEXT(2) 
PARAMETRIC_REPRESENTATION_CONTEXT() REPRESENTATION_CONTEXT('2D SPACE',''
  ) );
#864 = ORIENTED_EDGE('',*,*,#865,.F.);
#865 = EDGE_CURVE('',#866,#843,#868,.T.);
#866 = VERTEX_POINT('',#867);
#867 = CARTESIAN_POINT('',(33.322949016875,-19.5,-109.5));
#868 = SURFACE_CURVE('',#869,(#873,#879),.PCURVE_S1.);
#869 = LINE('',#870,#871);
#870 = CARTESIAN_POINT('',(20.5,-19.5,-109.5));
#871 = VECTOR('',#872,1.);
#872 = DIRECTION('',(1.,0.,-0.));
#873 = PCURVE('',#174,#874);
#874 = DEFINITIONAL_REPRESENTATION('',(#875),#878);
#875 = B_SPLINE_CURVE_WITH_KNOTS('',1,(#876,#877),.UNSPECIFIED.,.F.,.F.,
  (2,2),(12.25,14.5),.PIECEWISE_BEZIER_KNOTS.);
#876 = CARTESIAN_POINT('',(-14.5,26.75));
#877 = CARTESIAN_POINT('',(-14.5,29.));
#878 = ( GEOMETRIC_REPRESENTATION_CONTEXT(2) 
PARAMETRIC_REPRESENTATION_CONTEXT() REPRESENTATION_CONTEXT('2D SPACE',''
  ) );
#879 = PCURVE('',#880,#885);
#880 = PLANE('',#881);
#881 = AXIS2_PLACEMENT_3D('',#882,#883,#884);
#882 = CARTESIAN_POINT('',(35.,-21.,-109.5));
#883 = DIRECTION('',(0.,0.,1.));
#884 = DIRECTION('',(1.,0.,-0.));
#885 = DEFINITIONAL_REPRESENTATION('',(#886),#889);
#886 = B_SPLINE_CURVE_WITH_KNOTS('',1,(#887,#888),.UNSPECIFIED.,.F.,.F.,
  (2,2),(12.25,14.5),.PIECEWISE_BEZIER_KNOTS.);
#887 = CARTESIAN_POINT('',(-2.25,1.5));
#888 = CARTESIAN_POINT('',(0.,1.5));
#889 = ( GEOMETRIC_REPRESENTATION_CONTEXT(2) 
PARAMETRIC_REPRESENTATION_CONTEXT() REPRESENTATION_CONTEXT('2D SPACE',''
  ) );
#890 = ORIENTED_EDGE('',*,*,#891,.F.);
#891 = EDGE_CURVE('',#892,#866,#894,.T.);
#892 = VERTEX_POINT('',#893);
#893 = CARTESIAN_POINT('',(33.322949016875,-19.5,-110.));
#894 = SURFACE_CURVE('',#895,(#899,#905),.PCURVE_S1.);
#895 = LINE('',#896,#897);
#896 = CARTESIAN_POINT('',(33.322949016875,-19.5,-114.5));
#897 = VECTOR('',#898,1.);
#898 = DIRECTION('',(0.,0.,1.));
#899 = PCURVE('',#174,#900);
#900 = DEFINITIONAL_REPRESENTATION('',(#901),#904);
#901 = B_SPLINE_CURVE_WITH_KNOTS('',1,(#902,#903),.UNSPECIFIED.,.F.,.F.,
  (2,2),(2.3,5.0000006),.PIECEWISE_BEZIER_KNOTS.);
#902 = CARTESIAN_POINT('',(-17.2,27.322949016875));
#903 = CARTESIAN_POINT('',(-14.4999994,27.322949016875));
#904 = ( GEOMETRIC_REPRESENTATION_CONTEXT(2) 
PARAMETRIC_REPRESENTATION_CONTEXT() REPRESENTATION_CONTEXT('2D SPACE',''
  ) );
#905 = PCURVE('',#906,#911);
#906 = CYLINDRICAL_SURFACE('',#907,2.25);
#907 = AXIS2_PLACEMENT_3D('',#908,#909,#910);
#908 = CARTESIAN_POINT('',(35.,-21.,-114.5));
#909 = DIRECTION('',(0.,0.,1.));
#910 = DIRECTION('',(1.,0.,-0.));
#911 = DEFINITIONAL_REPRESENTATION('',(#912),#915);
#912 = B_SPLINE_CURVE_WITH_KNOTS('',1,(#913,#914),.UNSPECIFIED.,.F.,.F.,
  (2,2),(2.3,5.0000006),.PIECEWISE_BEZIER_KNOTS.);
#913 = CARTESIAN_POINT('',(2.411864997363,2.3));
#914 = CARTESIAN_POINT('',(2.411864997363,5.0000006));
#915 = ( GEOMETRIC_REPRESENTATION_CONTEXT(2) 
PARAMETRIC_REPRESENTATION_CONTEXT() REPRESENTATION_CONTEXT('2D SPACE',''
  ) );
#916 = ORIENTED_EDGE('',*,*,#917,.F.);
#917 = EDGE_CURVE('',#918,#892,#920,.T.);
#918 = VERTEX_POINT('',#919);
#919 = CARTESIAN_POINT('',(30.677050983125,-19.5,-110.));
#920 = SURFACE_CURVE('',#921,(#925,#932),.PCURVE_S1.);
#921 = LINE('',#922,#923);
#922 = CARTESIAN_POINT('',(27.5,-19.5,-110.));
#923 = VECTOR('',#924,1.);
#924 = DIRECTION('',(1.,0.,-0.));
#925 = PCURVE('',#174,#926);
#926 = DEFINITIONAL_REPRESENTATION('',(#927),#931);
#927 = LINE('',#928,#929);
#928 = CARTESIAN_POINT('',(-15.,21.5));
#929 = VECTOR('',#930,1.);
#930 = DIRECTION('',(0.,1.));
#931 = ( GEOMETRIC_REPRESENTATION_CONTEXT(2) 
PARAMETRIC_REPRESENTATION_CONTEXT() REPRESENTATION_CONTEXT('2D SPACE',''
  ) );
#932 = PCURVE('',#933,#938);
#933 = PLANE('',#934);
#934 = AXIS2_PLACEMENT_3D('',#935,#936,#937);
#935 = CARTESIAN_POINT('',(26.,-28.,-110.));
#936 = DIRECTION('',(0.,0.,1.));
#937 = DIRECTION('',(1.,0.,-0.));
#938 = DEFINITIONAL_REPRESENTATION('',(#939),#942);
#939 = B_SPLINE_CURVE_WITH_KNOTS('',1,(#940,#941),.UNSPECIFIED.,.F.,.F.,
  (2,2),(1.5,7.5),.PIECEWISE_BEZIER_KNOTS.);
#940 = CARTESIAN_POINT('',(3.,8.5));
#941 = CARTESIAN_POINT('',(9.,8.5));
#942 = ( GEOMETRIC_REPRESENTATION_CONTEXT(2) 
PARAMETRIC_REPRESENTATION_CONTEXT() REPRESENTATION_CONTEXT('2D SPACE',''
  ) );
#943 = ORIENTED_EDGE('',*,*,#944,.T.);
#944 = EDGE_CURVE('',#918,#945,#947,.T.);
#945 = VERTEX_POINT('',#946);
#946 = CARTESIAN_POINT('',(30.677050983125,-19.5,-109.5));
#947 = SURFACE_CURVE('',#948,(#952,#958),.PCURVE_S1.);
#948 = LINE('',#949,#950);
#949 = CARTESIAN_POINT('',(30.677050983125,-19.5,-114.5));
#950 = VECTOR('',#951,1.);
#951 = DIRECTION('',(0.,0.,1.));
#952 = PCURVE('',#174,#953);
#953 = DEFINITIONAL_REPRESENTATION('',(#954),#957);
#954 = B_SPLINE_CURVE_WITH_KNOTS('',1,(#955,#956),.UNSPECIFIED.,.F.,.F.,
  (2,2),(2.3,5.0000006),.PIECEWISE_BEZIER_KNOTS.);
#955 = CARTESIAN_POINT('',(-17.2,24.677050983125));
#956 = CARTESIAN_POINT('',(-14.4999994,24.677050983125));
#957 = ( GEOMETRIC_REPRESENTATION_CONTEXT(2) 
PARAMETRIC_REPRESENTATION_CONTEXT() REPRESENTATION_CONTEXT('2D SPACE',''
  ) );
#958 = PCURVE('',#959,#964);
#959 = CYLINDRICAL_SURFACE('',#960,2.25);
#960 = AXIS2_PLACEMENT_3D('',#961,#962,#963);
#961 = CARTESIAN_POINT('',(29.,-21.,-114.5));
#962 = DIRECTION('',(0.,0.,1.));
#963 = DIRECTION('',(1.,0.,-0.));
#964 = DEFINITIONAL_REPRESENTATION('',(#965),#968);
#965 = B_SPLINE_CURVE_WITH_KNOTS('',1,(#966,#967),.UNSPECIFIED.,.F.,.F.,
  (2,2),(2.3,5.0000006),.PIECEWISE_BEZIER_KNOTS.);
#966 = CARTESIAN_POINT('',(0.729727656227,2.3));
#967 = CARTESIAN_POINT('',(0.729727656227,5.0000006));
#968 = ( GEOMETRIC_REPRESENTATION_CONTEXT(2) 
PARAMETRIC_REPRESENTATION_CONTEXT() REPRESENTATION_CONTEXT('2D SPACE',''
  ) );
#969 = ORIENTED_EDGE('',*,*,#970,.F.);
#970 = EDGE_CURVE('',#971,#945,#973,.T.);
#971 = VERTEX_POINT('',#972);
#972 = CARTESIAN_POINT('',(29.,-19.5,-109.5));
#973 = SURFACE_CURVE('',#974,(#978,#984),.PCURVE_S1.);
#974 = LINE('',#975,#976);
#975 = CARTESIAN_POINT('',(17.5,-19.5,-109.5));
#976 = VECTOR('',#977,1.);
#977 = DIRECTION('',(1.,0.,-0.));
#978 = PCURVE('',#174,#979);
#979 = DEFINITIONAL_REPRESENTATION('',(#980),#983);
#980 = B_SPLINE_CURVE_WITH_KNOTS('',1,(#981,#982),.UNSPECIFIED.,.F.,.F.,
  (2,2),(9.25,13.75),.PIECEWISE_BEZIER_KNOTS.);
#981 = CARTESIAN_POINT('',(-14.5,20.75));
#982 = CARTESIAN_POINT('',(-14.5,25.25));
#983 = ( GEOMETRIC_REPRESENTATION_CONTEXT(2) 
PARAMETRIC_REPRESENTATION_CONTEXT() REPRESENTATION_CONTEXT('2D SPACE',''
  ) );
#984 = PCURVE('',#985,#990);
#985 = PLANE('',#986);
#986 = AXIS2_PLACEMENT_3D('',#987,#988,#989);
#987 = CARTESIAN_POINT('',(29.,-21.,-109.5));
#988 = DIRECTION('',(0.,0.,1.));
#989 = DIRECTION('',(1.,0.,-0.));
#990 = DEFINITIONAL_REPRESENTATION('',(#991),#994);
#991 = B_SPLINE_CURVE_WITH_KNOTS('',1,(#992,#993),.UNSPECIFIED.,.F.,.F.,
  (2,2),(9.25,13.75),.PIECEWISE_BEZIER_KNOTS.);
#992 = CARTESIAN_POINT('',(-2.25,1.5));
#993 = CARTESIAN_POINT('',(2.25,1.5));
#994 = ( GEOMETRIC_REPRESENTATION_CONTEXT(2) 
PARAMETRIC_REPRESENTATION_CONTEXT() REPRESENTATION_CONTEXT('2D SPACE',''
  ) );
#995 = ORIENTED_EDGE('',*,*,#996,.T.);
#996 = EDGE_CURVE('',#971,#661,#997,.T.);
#997 = SURFACE_CURVE('',#998,(#1002,#1009),.PCURVE_S1.);
#998 = LINE('',#999,#1000);
#999 = CARTESIAN_POINT('',(29.,-19.5,-112.));
#1000 = VECTOR('',#1001,1.);
#1001 = DIRECTION('',(0.,0.,1.));
#1002 = PCURVE('',#174,#1003);
#1003 = DEFINITIONAL_REPRESENTATION('',(#1004),#1008);
#1004 = LINE('',#1005,#1006);
#1005 = CARTESIAN_POINT('',(-17.,23.));
#1006 = VECTOR('',#1007,1.);
#1007 = DIRECTION('',(1.,0.));
#1008 = ( GEOMETRIC_REPRESENTATION_CONTEXT(2) 
PARAMETRIC_REPRESENTATION_CONTEXT() REPRESENTATION_CONTEXT('2D SPACE',''
  ) );
#1009 = PCURVE('',#747,#1010);
#1010 = DEFINITIONAL_REPRESENTATION('',(#1011),#1015);
#1011 = LINE('',#1012,#1013);
#1012 = CARTESIAN_POINT('',(0.,-10.));
#1013 = VECTOR('',#1014,1.);
#1014 = DIRECTION('',(1.,0.));
#1015 = ( GEOMETRIC_REPRESENTATION_CONTEXT(2) 
PARAMETRIC_REPRESENTATION_CONTEXT() REPRESENTATION_CONTEXT('2D SPACE',''
  ) );
#1016 = ADVANCED_FACE('',(#1017),#202,.T.);
#1017 = FACE_BOUND('',#1018,.T.);
#1018 = EDGE_LOOP('',(#1019,#1020,#1042,#1061,#1062,#1085,#1111,#1130));
#1019 = ORIENTED_EDGE('',*,*,#186,.F.);
#1020 = ORIENTED_EDGE('',*,*,#1021,.T.);
#1021 = EDGE_CURVE('',#187,#1022,#1024,.T.);
#1022 = VERTEX_POINT('',#1023);
#1023 = CARTESIAN_POINT('',(20.,-29.5,-89.));
#1024 = SURFACE_CURVE('',#1025,(#1029,#1035),.PCURVE_S1.);
#1025 = LINE('',#1026,#1027);
#1026 = CARTESIAN_POINT('',(6.,-29.5,-89.));
#1027 = VECTOR('',#1028,1.);
#1028 = DIRECTION('',(1.,0.,-0.));
#1029 = PCURVE('',#202,#1030);
#1030 = DEFINITIONAL_REPRESENTATION('',(#1031),#1034);
#1031 = B_SPLINE_CURVE_WITH_KNOTS('',1,(#1032,#1033),.UNSPECIFIED.,.F.,
  .F.,(2,2),(0.,14.),.PIECEWISE_BEZIER_KNOTS.);
#1032 = CARTESIAN_POINT('',(0.,6.8));
#1033 = CARTESIAN_POINT('',(14.,6.8));
#1034 = ( GEOMETRIC_REPRESENTATION_CONTEXT(2) 
PARAMETRIC_REPRESENTATION_CONTEXT() REPRESENTATION_CONTEXT('2D SPACE',''
  ) );
#1035 = PCURVE('',#230,#1036);
#1036 = DEFINITIONAL_REPRESENTATION('',(#1037),#1041);
#1037 = LINE('',#1038,#1039);
#1038 = CARTESIAN_POINT('',(1.,0.));
#1039 = VECTOR('',#1040,1.);
#1040 = DIRECTION('',(0.,1.));
#1041 = ( GEOMETRIC_REPRESENTATION_CONTEXT(2) 
PARAMETRIC_REPRESENTATION_CONTEXT() REPRESENTATION_CONTEXT('2D SPACE',''
  ) );
#1042 = ORIENTED_EDGE('',*,*,#1043,.T.);
#1043 = EDGE_CURVE('',#1022,#616,#1044,.T.);
#1044 = SURFACE_CURVE('',#1045,(#1049,#1055),.PCURVE_S1.);
#1045 = LINE('',#1046,#1047);
#1046 = CARTESIAN_POINT('',(20.,-37.9,-89.));
#1047 = VECTOR('',#1048,1.);
#1048 = DIRECTION('',(0.,-1.,0.));
#1049 = PCURVE('',#202,#1050);
#1050 = DEFINITIONAL_REPRESENTATION('',(#1051),#1054);
#1051 = B_SPLINE_CURVE_WITH_KNOTS('',1,(#1052,#1053),.UNSPECIFIED.,.F.,
  .F.,(2,2),(-8.4,-1.6),.PIECEWISE_BEZIER_KNOTS.);
#1052 = CARTESIAN_POINT('',(14.,6.8));
#1053 = CARTESIAN_POINT('',(14.,0.));
#1054 = ( GEOMETRIC_REPRESENTATION_CONTEXT(2) 
PARAMETRIC_REPRESENTATION_CONTEXT() REPRESENTATION_CONTEXT('2D SPACE',''
  ) );
#1055 = PCURVE('',#289,#1056);
#1056 = DEFINITIONAL_REPRESENTATION('',(#1057),#1060);
#1057 = B_SPLINE_CURVE_WITH_KNOTS('',1,(#1058,#1059),.UNSPECIFIED.,.F.,
  .F.,(2,2),(-8.4,-1.6),.PIECEWISE_BEZIER_KNOTS.);
#1058 = CARTESIAN_POINT('',(1.,-10.));
#1059 = CARTESIAN_POINT('',(1.,-3.2));
#1060 = ( GEOMETRIC_REPRESENTATION_CONTEXT(2) 
PARAMETRIC_REPRESENTATION_CONTEXT() REPRESENTATION_CONTEXT('2D SPACE',''
  ) );
#1061 = ORIENTED_EDGE('',*,*,#636,.T.);
#1062 = ORIENTED_EDGE('',*,*,#1063,.T.);
#1063 = EDGE_CURVE('',#565,#1064,#1066,.T.);
#1064 = VERTEX_POINT('',#1065);
#1065 = CARTESIAN_POINT('',(35.,-29.5,-89.));
#1066 = SURFACE_CURVE('',#1067,(#1071,#1078),.PCURVE_S1.);
#1067 = LINE('',#1068,#1069);
#1068 = CARTESIAN_POINT('',(35.,-36.3,-89.));
#1069 = VECTOR('',#1070,1.);
#1070 = DIRECTION('',(-0.,1.,0.));
#1071 = PCURVE('',#202,#1072);
#1072 = DEFINITIONAL_REPRESENTATION('',(#1073),#1077);
#1073 = LINE('',#1074,#1075);
#1074 = CARTESIAN_POINT('',(29.,0.));
#1075 = VECTOR('',#1076,1.);
#1076 = DIRECTION('',(0.,1.));
#1077 = ( GEOMETRIC_REPRESENTATION_CONTEXT(2) 
PARAMETRIC_REPRESENTATION_CONTEXT() REPRESENTATION_CONTEXT('2D SPACE',''
  ) );
#1078 = PCURVE('',#580,#1079);
#1079 = DEFINITIONAL_REPRESENTATION('',(#1080),#1084);
#1080 = LINE('',#1081,#1082);
#1081 = CARTESIAN_POINT('',(6.,0.));
#1082 = VECTOR('',#1083,1.);
#1083 = DIRECTION('',(0.,-1.));
#1084 = ( GEOMETRIC_REPRESENTATION_CONTEXT(2) 
PARAMETRIC_REPRESENTATION_CONTEXT() REPRESENTATION_CONTEXT('2D SPACE',''
  ) );
#1085 = ORIENTED_EDGE('',*,*,#1086,.F.);
#1086 = EDGE_CURVE('',#1087,#1064,#1089,.T.);
#1087 = VERTEX_POINT('',#1088);
#1088 = CARTESIAN_POINT('',(29.,-29.5,-89.));
#1089 = SURFACE_CURVE('',#1090,(#1094,#1100),.PCURVE_S1.);
#1090 = LINE('',#1091,#1092);
#1091 = CARTESIAN_POINT('',(17.5,-29.5,-89.));
#1092 = VECTOR('',#1093,1.);
#1093 = DIRECTION('',(1.,0.,-0.));
#1094 = PCURVE('',#202,#1095);
#1095 = DEFINITIONAL_REPRESENTATION('',(#1096),#1099);
#1096 = B_SPLINE_CURVE_WITH_KNOTS('',1,(#1097,#1098),.UNSPECIFIED.,.F.,
  .F.,(2,2),(11.5,17.5),.PIECEWISE_BEZIER_KNOTS.);
#1097 = CARTESIAN_POINT('',(23.,6.8));
#1098 = CARTESIAN_POINT('',(29.,6.8));
#1099 = ( GEOMETRIC_REPRESENTATION_CONTEXT(2) 
PARAMETRIC_REPRESENTATION_CONTEXT() REPRESENTATION_CONTEXT('2D SPACE',''
  ) );
#1100 = PCURVE('',#1101,#1106);
#1101 = PLANE('',#1102);
#1102 = AXIS2_PLACEMENT_3D('',#1103,#1104,#1105);
#1103 = CARTESIAN_POINT('',(29.,-29.5,-112.));
#1104 = DIRECTION('',(-0.,1.,0.));
#1105 = DIRECTION('',(0.,0.,1.));
#1106 = DEFINITIONAL_REPRESENTATION('',(#1107),#1110);
#1107 = B_SPLINE_CURVE_WITH_KNOTS('',1,(#1108,#1109),.UNSPECIFIED.,.F.,
  .F.,(2,2),(11.5,17.5),.PIECEWISE_BEZIER_KNOTS.);
#1108 = CARTESIAN_POINT('',(23.,0.));
#1109 = CARTESIAN_POINT('',(23.,6.));
#1110 = ( GEOMETRIC_REPRESENTATION_CONTEXT(2) 
PARAMETRIC_REPRESENTATION_CONTEXT() REPRESENTATION_CONTEXT('2D SPACE',''
  ) );
#1111 = ORIENTED_EDGE('',*,*,#1112,.F.);
#1112 = EDGE_CURVE('',#764,#1087,#1113,.T.);
#1113 = SURFACE_CURVE('',#1114,(#1118,#1124),.PCURVE_S1.);
#1114 = LINE('',#1115,#1116);
#1115 = CARTESIAN_POINT('',(29.,-32.9,-89.));
#1116 = VECTOR('',#1117,1.);
#1117 = DIRECTION('',(0.,-1.,0.));
#1118 = PCURVE('',#202,#1119);
#1119 = DEFINITIONAL_REPRESENTATION('',(#1120),#1123);
#1120 = B_SPLINE_CURVE_WITH_KNOTS('',1,(#1121,#1122),.UNSPECIFIED.,.F.,
  .F.,(2,2),(-13.4,-3.4),.PIECEWISE_BEZIER_KNOTS.);
#1121 = CARTESIAN_POINT('',(23.,16.8));
#1122 = CARTESIAN_POINT('',(23.,6.8));
#1123 = ( GEOMETRIC_REPRESENTATION_CONTEXT(2) 
PARAMETRIC_REPRESENTATION_CONTEXT() REPRESENTATION_CONTEXT('2D SPACE',''
  ) );
#1124 = PCURVE('',#802,#1125);
#1125 = DEFINITIONAL_REPRESENTATION('',(#1126),#1129);
#1126 = B_SPLINE_CURVE_WITH_KNOTS('',1,(#1127,#1128),.UNSPECIFIED.,.F.,
  .F.,(2,2),(-13.4,-3.4),.PIECEWISE_BEZIER_KNOTS.);
#1127 = CARTESIAN_POINT('',(23.,-10.));
#1128 = CARTESIAN_POINT('',(23.,0.));
#1129 = ( GEOMETRIC_REPRESENTATION_CONTEXT(2) 
PARAMETRIC_REPRESENTATION_CONTEXT() REPRESENTATION_CONTEXT('2D SPACE',''
  ) );
#1130 = ORIENTED_EDGE('',*,*,#763,.F.);
#1131 = ADVANCED_FACE('',(#1132),#230,.T.);
#1132 = FACE_BOUND('',#1133,.T.);
#1133 = EDGE_LOOP('',(#1134,#1157,#1158,#1159,#1182,#1210,#1233,#1256,
    #1279,#1306));
#1134 = ORIENTED_EDGE('',*,*,#1135,.F.);
#1135 = EDGE_CURVE('',#1022,#1136,#1138,.T.);
#1136 = VERTEX_POINT('',#1137);
#1137 = CARTESIAN_POINT('',(20.,-29.5,-25.05));
#1138 = SURFACE_CURVE('',#1139,(#1143,#1150),.PCURVE_S1.);
#1139 = LINE('',#1140,#1141);
#1140 = CARTESIAN_POINT('',(20.,-29.5,-90.));
#1141 = VECTOR('',#1142,1.);
#1142 = DIRECTION('',(0.,0.,1.));
#1143 = PCURVE('',#230,#1144);
#1144 = DEFINITIONAL_REPRESENTATION('',(#1145),#1149);
#1145 = LINE('',#1146,#1147);
#1146 = CARTESIAN_POINT('',(0.,14.));
#1147 = VECTOR('',#1148,1.);
#1148 = DIRECTION('',(1.,0.));
#1149 = ( GEOMETRIC_REPRESENTATION_CONTEXT(2) 
PARAMETRIC_REPRESENTATION_CONTEXT() REPRESENTATION_CONTEXT('2D SPACE',''
  ) );
#1150 = PCURVE('',#289,#1151);
#1151 = DEFINITIONAL_REPRESENTATION('',(#1152),#1156);
#1152 = LINE('',#1153,#1154);
#1153 = CARTESIAN_POINT('',(0.,-10.));
#1154 = VECTOR('',#1155,1.);
#1155 = DIRECTION('',(1.,0.));
#1156 = ( GEOMETRIC_REPRESENTATION_CONTEXT(2) 
PARAMETRIC_REPRESENTATION_CONTEXT() REPRESENTATION_CONTEXT('2D SPACE',''
  ) );
#1157 = ORIENTED_EDGE('',*,*,#1021,.F.);
#1158 = ORIENTED_EDGE('',*,*,#214,.F.);
#1159 = ORIENTED_EDGE('',*,*,#1160,.T.);
#1160 = EDGE_CURVE('',#215,#1161,#1163,.T.);
#1161 = VERTEX_POINT('',#1162);
#1162 = CARTESIAN_POINT('',(32.,-29.5,8.7));
#1163 = SURFACE_CURVE('',#1164,(#1168,#1175),.PCURVE_S1.);
#1164 = LINE('',#1165,#1166);
#1165 = CARTESIAN_POINT('',(6.,-29.5,8.7));
#1166 = VECTOR('',#1167,1.);
#1167 = DIRECTION('',(1.,0.,-6.832141690001E-17));
#1168 = PCURVE('',#230,#1169);
#1169 = DEFINITIONAL_REPRESENTATION('',(#1170),#1174);
#1170 = LINE('',#1171,#1172);
#1171 = CARTESIAN_POINT('',(98.7,0.));
#1172 = VECTOR('',#1173,1.);
#1173 = DIRECTION('',(-6.832141690001E-17,1.));
#1174 = ( GEOMETRIC_REPRESENTATION_CONTEXT(2) 
PARAMETRIC_REPRESENTATION_CONTEXT() REPRESENTATION_CONTEXT('2D SPACE',''
  ) );
#1175 = PCURVE('',#256,#1176);
#1176 = DEFINITIONAL_REPRESENTATION('',(#1177),#1181);
#1177 = LINE('',#1178,#1179);
#1178 = CARTESIAN_POINT('',(0.,10.));
#1179 = VECTOR('',#1180,1.);
#1180 = DIRECTION('',(1.,0.));
#1181 = ( GEOMETRIC_REPRESENTATION_CONTEXT(2) 
PARAMETRIC_REPRESENTATION_CONTEXT() REPRESENTATION_CONTEXT('2D SPACE',''
  ) );
#1182 = ORIENTED_EDGE('',*,*,#1183,.F.);
#1183 = EDGE_CURVE('',#1184,#1161,#1186,.T.);
#1184 = VERTEX_POINT('',#1185);
#1185 = CARTESIAN_POINT('',(32.,-29.5,1.3));
#1186 = SURFACE_CURVE('',#1187,(#1191,#1198),.PCURVE_S1.);
#1187 = LINE('',#1188,#1189);
#1188 = CARTESIAN_POINT('',(32.,-29.5,1.3));
#1189 = VECTOR('',#1190,1.);
#1190 = DIRECTION('',(0.,0.,1.));
#1191 = PCURVE('',#230,#1192);
#1192 = DEFINITIONAL_REPRESENTATION('',(#1193),#1197);
#1193 = LINE('',#1194,#1195);
#1194 = CARTESIAN_POINT('',(91.3,26.));
#1195 = VECTOR('',#1196,1.);
#1196 = DIRECTION('',(1.,0.));
#1197 = ( GEOMETRIC_REPRESENTATION_CONTEXT(2) 
PARAMETRIC_REPRESENTATION_CONTEXT() REPRESENTATION_CONTEXT('2D SPACE',''
  ) );
#1198 = PCURVE('',#1199,#1204);
#1199 = PLANE('',#1200);
#1200 = AXIS2_PLACEMENT_3D('',#1201,#1202,#1203);
#1201 = CARTESIAN_POINT('',(32.,-39.5,1.3));
#1202 = DIRECTION('',(1.,0.,-0.));
#1203 = DIRECTION('',(0.,0.,1.));
#1204 = DEFINITIONAL_REPRESENTATION('',(#1205),#1209);
#1205 = LINE('',#1206,#1207);
#1206 = CARTESIAN_POINT('',(0.,-10.));
#1207 = VECTOR('',#1208,1.);
#1208 = DIRECTION('',(1.,0.));
#1209 = ( GEOMETRIC_REPRESENTATION_CONTEXT(2) 
PARAMETRIC_REPRESENTATION_CONTEXT() REPRESENTATION_CONTEXT('2D SPACE',''
  ) );
#1210 = ORIENTED_EDGE('',*,*,#1211,.F.);
#1211 = EDGE_CURVE('',#1212,#1184,#1214,.T.);
#1212 = VERTEX_POINT('',#1213);
#1213 = CARTESIAN_POINT('',(20.,-29.5,1.3));
#1214 = SURFACE_CURVE('',#1215,(#1219,#1226),.PCURVE_S1.);
#1215 = LINE('',#1216,#1217);
#1216 = CARTESIAN_POINT('',(6.,-29.5,1.3));
#1217 = VECTOR('',#1218,1.);
#1218 = DIRECTION('',(1.,0.,-0.));
#1219 = PCURVE('',#230,#1220);
#1220 = DEFINITIONAL_REPRESENTATION('',(#1221),#1225);
#1221 = LINE('',#1222,#1223);
#1222 = CARTESIAN_POINT('',(91.3,0.));
#1223 = VECTOR('',#1224,1.);
#1224 = DIRECTION('',(0.,1.));
#1225 = ( GEOMETRIC_REPRESENTATION_CONTEXT(2) 
PARAMETRIC_REPRESENTATION_CONTEXT() REPRESENTATION_CONTEXT('2D SPACE',''
  ) );
#1226 = PCURVE('',#390,#1227);
#1227 = DEFINITIONAL_REPRESENTATION('',(#1228),#1232);
#1228 = LINE('',#1229,#1230);
#1229 = CARTESIAN_POINT('',(0.,10.));
#1230 = VECTOR('',#1231,1.);
#1231 = DIRECTION('',(1.,0.));
#1232 = ( GEOMETRIC_REPRESENTATION_CONTEXT(2) 
PARAMETRIC_REPRESENTATION_CONTEXT() REPRESENTATION_CONTEXT('2D SPACE',''
  ) );
#1233 = ORIENTED_EDGE('',*,*,#1234,.F.);
#1234 = EDGE_CURVE('',#1235,#1212,#1237,.T.);
#1235 = VERTEX_POINT('',#1236);
#1236 = CARTESIAN_POINT('',(20.,-29.5,-17.65));
#1237 = SURFACE_CURVE('',#1238,(#1242,#1249),.PCURVE_S1.);
#1238 = LINE('',#1239,#1240);
#1239 = CARTESIAN_POINT('',(20.,-29.5,-90.));
#1240 = VECTOR('',#1241,1.);
#1241 = DIRECTION('',(0.,0.,1.));
#1242 = PCURVE('',#230,#1243);
#1243 = DEFINITIONAL_REPRESENTATION('',(#1244),#1248);
#1244 = LINE('',#1245,#1246);
#1245 = CARTESIAN_POINT('',(0.,14.));
#1246 = VECTOR('',#1247,1.);
#1247 = DIRECTION('',(1.,0.));
#1248 = ( GEOMETRIC_REPRESENTATION_CONTEXT(2) 
PARAMETRIC_REPRESENTATION_CONTEXT() REPRESENTATION_CONTEXT('2D SPACE',''
  ) );
#1249 = PCURVE('',#418,#1250);
#1250 = DEFINITIONAL_REPRESENTATION('',(#1251),#1255);
#1251 = LINE('',#1252,#1253);
#1252 = CARTESIAN_POINT('',(0.,-10.));
#1253 = VECTOR('',#1254,1.);
#1254 = DIRECTION('',(1.,0.));
#1255 = ( GEOMETRIC_REPRESENTATION_CONTEXT(2) 
PARAMETRIC_REPRESENTATION_CONTEXT() REPRESENTATION_CONTEXT('2D SPACE',''
  ) );
#1256 = ORIENTED_EDGE('',*,*,#1257,.T.);
#1257 = EDGE_CURVE('',#1235,#1258,#1260,.T.);
#1258 = VERTEX_POINT('',#1259);
#1259 = CARTESIAN_POINT('',(32.,-29.5,-17.65));
#1260 = SURFACE_CURVE('',#1261,(#1265,#1272),.PCURVE_S1.);
#1261 = LINE('',#1262,#1263);
#1262 = CARTESIAN_POINT('',(6.,-29.5,-17.65));
#1263 = VECTOR('',#1264,1.);
#1264 = DIRECTION('',(1.,0.,-0.));
#1265 = PCURVE('',#230,#1266);
#1266 = DEFINITIONAL_REPRESENTATION('',(#1267),#1271);
#1267 = LINE('',#1268,#1269);
#1268 = CARTESIAN_POINT('',(72.35,0.));
#1269 = VECTOR('',#1270,1.);
#1270 = DIRECTION('',(0.,1.));
#1271 = ( GEOMETRIC_REPRESENTATION_CONTEXT(2) 
PARAMETRIC_REPRESENTATION_CONTEXT() REPRESENTATION_CONTEXT('2D SPACE',''
  ) );
#1272 = PCURVE('',#446,#1273);
#1273 = DEFINITIONAL_REPRESENTATION('',(#1274),#1278);
#1274 = LINE('',#1275,#1276);
#1275 = CARTESIAN_POINT('',(0.,10.));
#1276 = VECTOR('',#1277,1.);
#1277 = DIRECTION('',(1.,0.));
#1278 = ( GEOMETRIC_REPRESENTATION_CONTEXT(2) 
PARAMETRIC_REPRESENTATION_CONTEXT() REPRESENTATION_CONTEXT('2D SPACE',''
  ) );
#1279 = ORIENTED_EDGE('',*,*,#1280,.F.);
#1280 = EDGE_CURVE('',#1281,#1258,#1283,.T.);
#1281 = VERTEX_POINT('',#1282);
#1282 = CARTESIAN_POINT('',(32.,-29.5,-25.05));
#1283 = SURFACE_CURVE('',#1284,(#1288,#1295),.PCURVE_S1.);
#1284 = LINE('',#1285,#1286);
#1285 = CARTESIAN_POINT('',(32.,-29.5,-25.05));
#1286 = VECTOR('',#1287,1.);
#1287 = DIRECTION('',(0.,0.,1.));
#1288 = PCURVE('',#230,#1289);
#1289 = DEFINITIONAL_REPRESENTATION('',(#1290),#1294);
#1290 = LINE('',#1291,#1292);
#1291 = CARTESIAN_POINT('',(64.95,26.));
#1292 = VECTOR('',#1293,1.);
#1293 = DIRECTION('',(1.,0.));
#1294 = ( GEOMETRIC_REPRESENTATION_CONTEXT(2) 
PARAMETRIC_REPRESENTATION_CONTEXT() REPRESENTATION_CONTEXT('2D SPACE',''
  ) );
#1295 = PCURVE('',#1296,#1301);
#1296 = PLANE('',#1297);
#1297 = AXIS2_PLACEMENT_3D('',#1298,#1299,#1300);
#1298 = CARTESIAN_POINT('',(32.,-39.5,-25.05));
#1299 = DIRECTION('',(1.,0.,-0.));
#1300 = DIRECTION('',(0.,0.,1.));
#1301 = DEFINITIONAL_REPRESENTATION('',(#1302),#1305);
#1302 = B_SPLINE_CURVE_WITH_KNOTS('',1,(#1303,#1304),.UNSPECIFIED.,.F.,
  .F.,(2,2),(0.,7.4),.PIECEWISE_BEZIER_KNOTS.);
#1303 = CARTESIAN_POINT('',(0.,-10.));
#1304 = CARTESIAN_POINT('',(7.4,-10.));
#1305 = ( GEOMETRIC_REPRESENTATION_CONTEXT(2) 
PARAMETRIC_REPRESENTATION_CONTEXT() REPRESENTATION_CONTEXT('2D SPACE',''
  ) );
#1306 = ORIENTED_EDGE('',*,*,#1307,.F.);
#1307 = EDGE_CURVE('',#1136,#1281,#1308,.T.);
#1308 = SURFACE_CURVE('',#1309,(#1313,#1320),.PCURVE_S1.);
#1309 = LINE('',#1310,#1311);
#1310 = CARTESIAN_POINT('',(6.,-29.5,-25.05));
#1311 = VECTOR('',#1312,1.);
#1312 = DIRECTION('',(1.,0.,-0.));
#1313 = PCURVE('',#230,#1314);
#1314 = DEFINITIONAL_REPRESENTATION('',(#1315),#1319);
#1315 = LINE('',#1316,#1317);
#1316 = CARTESIAN_POINT('',(64.95,0.));
#1317 = VECTOR('',#1318,1.);
#1318 = DIRECTION('',(0.,1.));
#1319 = ( GEOMETRIC_REPRESENTATION_CONTEXT(2) 
PARAMETRIC_REPRESENTATION_CONTEXT() REPRESENTATION_CONTEXT('2D SPACE',''
  ) );
#1320 = PCURVE('',#500,#1321);
#1321 = DEFINITIONAL_REPRESENTATION('',(#1322),#1326);
#1322 = LINE('',#1323,#1324);
#1323 = CARTESIAN_POINT('',(0.,10.));
#1324 = VECTOR('',#1325,1.);
#1325 = DIRECTION('',(1.,0.));
#1326 = ( GEOMETRIC_REPRESENTATION_CONTEXT(2) 
PARAMETRIC_REPRESENTATION_CONTEXT() REPRESENTATION_CONTEXT('2D SPACE',''
  ) );
#1327 = ADVANCED_FACE('',(#1328),#256,.T.);
#1328 = FACE_BOUND('',#1329,.T.);
#1329 = EDGE_LOOP('',(#1330,#1331,#1332,#1355,#1383,#1404));
#1330 = ORIENTED_EDGE('',*,*,#242,.F.);
#1331 = ORIENTED_EDGE('',*,*,#323,.F.);
#1332 = ORIENTED_EDGE('',*,*,#1333,.T.);
#1333 = EDGE_CURVE('',#324,#1334,#1336,.T.);
#1334 = VERTEX_POINT('',#1335);
#1335 = CARTESIAN_POINT('',(39.,-20.1,8.7));
#1336 = SURFACE_CURVE('',#1337,(#1341,#1348),.PCURVE_S1.);
#1337 = LINE('',#1338,#1339);
#1338 = CARTESIAN_POINT('',(39.,-39.5,8.7));
#1339 = VECTOR('',#1340,1.);
#1340 = DIRECTION('',(0.,1.,0.));
#1341 = PCURVE('',#256,#1342);
#1342 = DEFINITIONAL_REPRESENTATION('',(#1343),#1347);
#1343 = LINE('',#1344,#1345);
#1344 = CARTESIAN_POINT('',(33.,0.));
#1345 = VECTOR('',#1346,1.);
#1346 = DIRECTION('',(0.,1.));
#1347 = ( GEOMETRIC_REPRESENTATION_CONTEXT(2) 
PARAMETRIC_REPRESENTATION_CONTEXT() REPRESENTATION_CONTEXT('2D SPACE',''
  ) );
#1348 = PCURVE('',#362,#1349);
#1349 = DEFINITIONAL_REPRESENTATION('',(#1350),#1354);
#1350 = LINE('',#1351,#1352);
#1351 = CARTESIAN_POINT('',(7.4,0.));
#1352 = VECTOR('',#1353,1.);
#1353 = DIRECTION('',(0.,-1.));
#1354 = ( GEOMETRIC_REPRESENTATION_CONTEXT(2) 
PARAMETRIC_REPRESENTATION_CONTEXT() REPRESENTATION_CONTEXT('2D SPACE',''
  ) );
#1355 = ORIENTED_EDGE('',*,*,#1356,.F.);
#1356 = EDGE_CURVE('',#1357,#1334,#1359,.T.);
#1357 = VERTEX_POINT('',#1358);
#1358 = CARTESIAN_POINT('',(32.,-20.1,8.7));
#1359 = SURFACE_CURVE('',#1360,(#1364,#1371),.PCURVE_S1.);
#1360 = LINE('',#1361,#1362);
#1361 = CARTESIAN_POINT('',(32.,-20.1,8.7));
#1362 = VECTOR('',#1363,1.);
#1363 = DIRECTION('',(1.,0.,-0.));
#1364 = PCURVE('',#256,#1365);
#1365 = DEFINITIONAL_REPRESENTATION('',(#1366),#1370);
#1366 = LINE('',#1367,#1368);
#1367 = CARTESIAN_POINT('',(26.,19.4));
#1368 = VECTOR('',#1369,1.);
#1369 = DIRECTION('',(1.,0.));
#1370 = ( GEOMETRIC_REPRESENTATION_CONTEXT(2) 
PARAMETRIC_REPRESENTATION_CONTEXT() REPRESENTATION_CONTEXT('2D SPACE',''
  ) );
#1371 = PCURVE('',#1372,#1377);
#1372 = PLANE('',#1373);
#1373 = AXIS2_PLACEMENT_3D('',#1374,#1375,#1376);
#1374 = CARTESIAN_POINT('',(32.,-20.1,1.3));
#1375 = DIRECTION('',(-0.,1.,0.));
#1376 = DIRECTION('',(0.,0.,1.));
#1377 = DEFINITIONAL_REPRESENTATION('',(#1378),#1382);
#1378 = LINE('',#1379,#1380);
#1379 = CARTESIAN_POINT('',(7.4,0.));
#1380 = VECTOR('',#1381,1.);
#1381 = DIRECTION('',(0.,1.));
#1382 = ( GEOMETRIC_REPRESENTATION_CONTEXT(2) 
PARAMETRIC_REPRESENTATION_CONTEXT() REPRESENTATION_CONTEXT('2D SPACE',''
  ) );
#1383 = ORIENTED_EDGE('',*,*,#1384,.F.);
#1384 = EDGE_CURVE('',#1161,#1357,#1385,.T.);
#1385 = SURFACE_CURVE('',#1386,(#1390,#1397),.PCURVE_S1.);
#1386 = LINE('',#1387,#1388);
#1387 = CARTESIAN_POINT('',(32.,-39.5,8.7));
#1388 = VECTOR('',#1389,1.);
#1389 = DIRECTION('',(-0.,1.,0.));
#1390 = PCURVE('',#256,#1391);
#1391 = DEFINITIONAL_REPRESENTATION('',(#1392),#1396);
#1392 = LINE('',#1393,#1394);
#1393 = CARTESIAN_POINT('',(26.,0.));
#1394 = VECTOR('',#1395,1.);
#1395 = DIRECTION('',(0.,1.));
#1396 = ( GEOMETRIC_REPRESENTATION_CONTEXT(2) 
PARAMETRIC_REPRESENTATION_CONTEXT() REPRESENTATION_CONTEXT('2D SPACE',''
  ) );
#1397 = PCURVE('',#1199,#1398);
#1398 = DEFINITIONAL_REPRESENTATION('',(#1399),#1403);
#1399 = LINE('',#1400,#1401);
#1400 = CARTESIAN_POINT('',(7.4,0.));
#1401 = VECTOR('',#1402,1.);
#1402 = DIRECTION('',(0.,-1.));
#1403 = ( GEOMETRIC_REPRESENTATION_CONTEXT(2) 
PARAMETRIC_REPRESENTATION_CONTEXT() REPRESENTATION_CONTEXT('2D SPACE',''
  ) );
#1404 = ORIENTED_EDGE('',*,*,#1160,.F.);
#1405 = ADVANCED_FACE('',(#1406),#289,.T.);
#1406 = FACE_BOUND('',#1407,.T.);
#1407 = EDGE_LOOP('',(#1408,#1409,#1410,#1411,#1412,#1413));
#1408 = ORIENTED_EDGE('',*,*,#271,.F.);
#1409 = ORIENTED_EDGE('',*,*,#517,.T.);
#1410 = ORIENTED_EDGE('',*,*,#615,.T.);
#1411 = ORIENTED_EDGE('',*,*,#1043,.F.);
#1412 = ORIENTED_EDGE('',*,*,#1135,.T.);
#1413 = ORIENTED_EDGE('',*,*,#1414,.T.);
#1414 = EDGE_CURVE('',#1136,#274,#1415,.T.);
#1415 = SURFACE_CURVE('',#1416,(#1420,#1426),.PCURVE_S1.);
#1416 = LINE('',#1417,#1418);
#1417 = CARTESIAN_POINT('',(20.,-39.5,-25.05));
#1418 = VECTOR('',#1419,1.);
#1419 = DIRECTION('',(0.,-1.,0.));
#1420 = PCURVE('',#289,#1421);
#1421 = DEFINITIONAL_REPRESENTATION('',(#1422),#1425);
#1422 = B_SPLINE_CURVE_WITH_KNOTS('',1,(#1423,#1424),.UNSPECIFIED.,.F.,
  .F.,(2,2),(-10.,0.),.PIECEWISE_BEZIER_KNOTS.);
#1423 = CARTESIAN_POINT('',(64.95,-10.));
#1424 = CARTESIAN_POINT('',(64.95,0.));
#1425 = ( GEOMETRIC_REPRESENTATION_CONTEXT(2) 
PARAMETRIC_REPRESENTATION_CONTEXT() REPRESENTATION_CONTEXT('2D SPACE',''
  ) );
#1426 = PCURVE('',#500,#1427);
#1427 = DEFINITIONAL_REPRESENTATION('',(#1428),#1432);
#1428 = LINE('',#1429,#1430);
#1429 = CARTESIAN_POINT('',(14.,0.));
#1430 = VECTOR('',#1431,1.);
#1431 = DIRECTION('',(0.,-1.));
#1432 = ( GEOMETRIC_REPRESENTATION_CONTEXT(2) 
PARAMETRIC_REPRESENTATION_CONTEXT() REPRESENTATION_CONTEXT('2D SPACE',''
  ) );
#1433 = ADVANCED_FACE('',(#1434),#362,.T.);
#1434 = FACE_BOUND('',#1435,.T.);
#1435 = EDGE_LOOP('',(#1436,#1437,#1460,#1488,#1515,#1536));
#1436 = ORIENTED_EDGE('',*,*,#346,.F.);
#1437 = ORIENTED_EDGE('',*,*,#1438,.F.);
#1438 = EDGE_CURVE('',#1439,#347,#1441,.T.);
#1439 = VERTEX_POINT('',#1440);
#1440 = CARTESIAN_POINT('',(39.,-10.1,1.3));
#1441 = SURFACE_CURVE('',#1442,(#1446,#1453),.PCURVE_S1.);
#1442 = LINE('',#1443,#1444);
#1443 = CARTESIAN_POINT('',(39.,-10.1,1.3));
#1444 = VECTOR('',#1445,1.);
#1445 = DIRECTION('',(0.,-1.,-1.510507516497E-17));
#1446 = PCURVE('',#362,#1447);
#1447 = DEFINITIONAL_REPRESENTATION('',(#1448),#1452);
#1448 = LINE('',#1449,#1450);
#1449 = CARTESIAN_POINT('',(4.440892098501E-16,-29.4));
#1450 = VECTOR('',#1451,1.);
#1451 = DIRECTION('',(-1.510507516497E-17,1.));
#1452 = ( GEOMETRIC_REPRESENTATION_CONTEXT(2) 
PARAMETRIC_REPRESENTATION_CONTEXT() REPRESENTATION_CONTEXT('2D SPACE',''
  ) );
#1453 = PCURVE('',#390,#1454);
#1454 = DEFINITIONAL_REPRESENTATION('',(#1455),#1459);
#1455 = LINE('',#1456,#1457);
#1456 = CARTESIAN_POINT('',(33.,29.4));
#1457 = VECTOR('',#1458,1.);
#1458 = DIRECTION('',(0.,-1.));
#1459 = ( GEOMETRIC_REPRESENTATION_CONTEXT(2) 
PARAMETRIC_REPRESENTATION_CONTEXT() REPRESENTATION_CONTEXT('2D SPACE',''
  ) );
#1460 = ORIENTED_EDGE('',*,*,#1461,.T.);
#1461 = EDGE_CURVE('',#1439,#1462,#1464,.T.);
#1462 = VERTEX_POINT('',#1463);
#1463 = CARTESIAN_POINT('',(39.,-10.1,17.65));
#1464 = SURFACE_CURVE('',#1465,(#1469,#1476),.PCURVE_S1.);
#1465 = LINE('',#1466,#1467);
#1466 = CARTESIAN_POINT('',(39.,-10.1,1.3));
#1467 = VECTOR('',#1468,1.);
#1468 = DIRECTION('',(0.,0.,1.));
#1469 = PCURVE('',#362,#1470);
#1470 = DEFINITIONAL_REPRESENTATION('',(#1471),#1475);
#1471 = LINE('',#1472,#1473);
#1472 = CARTESIAN_POINT('',(4.440892098501E-16,-29.4));
#1473 = VECTOR('',#1474,1.);
#1474 = DIRECTION('',(1.,0.));
#1475 = ( GEOMETRIC_REPRESENTATION_CONTEXT(2) 
PARAMETRIC_REPRESENTATION_CONTEXT() REPRESENTATION_CONTEXT('2D SPACE',''
  ) );
#1476 = PCURVE('',#1477,#1482);
#1477 = PLANE('',#1478);
#1478 = AXIS2_PLACEMENT_3D('',#1479,#1480,#1481);
#1479 = CARTESIAN_POINT('',(32.,-10.1,1.3));
#1480 = DIRECTION('',(-0.,1.,0.));
#1481 = DIRECTION('',(0.,0.,1.));
#1482 = DEFINITIONAL_REPRESENTATION('',(#1483),#1487);
#1483 = LINE('',#1484,#1485);
#1484 = CARTESIAN_POINT('',(-4.440892098501E-16,7.));
#1485 = VECTOR('',#1486,1.);
#1486 = DIRECTION('',(1.,0.));
#1487 = ( GEOMETRIC_REPRESENTATION_CONTEXT(2) 
PARAMETRIC_REPRESENTATION_CONTEXT() REPRESENTATION_CONTEXT('2D SPACE',''
  ) );
#1488 = ORIENTED_EDGE('',*,*,#1489,.F.);
#1489 = EDGE_CURVE('',#1490,#1462,#1492,.T.);
#1490 = VERTEX_POINT('',#1491);
#1491 = CARTESIAN_POINT('',(39.,-20.1,17.65));
#1492 = SURFACE_CURVE('',#1493,(#1497,#1504),.PCURVE_S1.);
#1493 = LINE('',#1494,#1495);
#1494 = CARTESIAN_POINT('',(39.,-20.1,17.65));
#1495 = VECTOR('',#1496,1.);
#1496 = DIRECTION('',(-0.,1.,0.));
#1497 = PCURVE('',#362,#1498);
#1498 = DEFINITIONAL_REPRESENTATION('',(#1499),#1503);
#1499 = LINE('',#1500,#1501);
#1500 = CARTESIAN_POINT('',(16.35,-19.4));
#1501 = VECTOR('',#1502,1.);
#1502 = DIRECTION('',(0.,-1.));
#1503 = ( GEOMETRIC_REPRESENTATION_CONTEXT(2) 
PARAMETRIC_REPRESENTATION_CONTEXT() REPRESENTATION_CONTEXT('2D SPACE',''
  ) );
#1504 = PCURVE('',#1505,#1510);
#1505 = PLANE('',#1506);
#1506 = AXIS2_PLACEMENT_3D('',#1507,#1508,#1509);
#1507 = CARTESIAN_POINT('',(33.4,-20.1,17.65));
#1508 = DIRECTION('',(0.,0.,1.));
#1509 = DIRECTION('',(1.,0.,-0.));
#1510 = DEFINITIONAL_REPRESENTATION('',(#1511),#1514);
#1511 = B_SPLINE_CURVE_WITH_KNOTS('',1,(#1512,#1513),.UNSPECIFIED.,.F.,
  .F.,(2,2),(0.,10.),.PIECEWISE_BEZIER_KNOTS.);
#1512 = CARTESIAN_POINT('',(5.6,0.));
#1513 = CARTESIAN_POINT('',(5.6,10.));
#1514 = ( GEOMETRIC_REPRESENTATION_CONTEXT(2) 
PARAMETRIC_REPRESENTATION_CONTEXT() REPRESENTATION_CONTEXT('2D SPACE',''
  ) );
#1515 = ORIENTED_EDGE('',*,*,#1516,.F.);
#1516 = EDGE_CURVE('',#1334,#1490,#1517,.T.);
#1517 = SURFACE_CURVE('',#1518,(#1522,#1529),.PCURVE_S1.);
#1518 = LINE('',#1519,#1520);
#1519 = CARTESIAN_POINT('',(39.,-20.1,1.3));
#1520 = VECTOR('',#1521,1.);
#1521 = DIRECTION('',(0.,0.,1.));
#1522 = PCURVE('',#362,#1523);
#1523 = DEFINITIONAL_REPRESENTATION('',(#1524),#1528);
#1524 = LINE('',#1525,#1526);
#1525 = CARTESIAN_POINT('',(8.881784197001E-16,-19.4));
#1526 = VECTOR('',#1527,1.);
#1527 = DIRECTION('',(1.,0.));
#1528 = ( GEOMETRIC_REPRESENTATION_CONTEXT(2) 
PARAMETRIC_REPRESENTATION_CONTEXT() REPRESENTATION_CONTEXT('2D SPACE',''
  ) );
#1529 = PCURVE('',#1372,#1530);
#1530 = DEFINITIONAL_REPRESENTATION('',(#1531),#1535);
#1531 = LINE('',#1532,#1533);
#1532 = CARTESIAN_POINT('',(0.,7.));
#1533 = VECTOR('',#1534,1.);
#1534 = DIRECTION('',(1.,0.));
#1535 = ( GEOMETRIC_REPRESENTATION_CONTEXT(2) 
PARAMETRIC_REPRESENTATION_CONTEXT() REPRESENTATION_CONTEXT('2D SPACE',''
  ) );
#1536 = ORIENTED_EDGE('',*,*,#1333,.F.);
#1537 = ADVANCED_FACE('',(#1538),#390,.F.);
#1538 = FACE_BOUND('',#1539,.F.);
#1539 = EDGE_LOOP('',(#1540,#1541,#1561,#1562,#1563,#1586));
#1540 = ORIENTED_EDGE('',*,*,#1211,.F.);
#1541 = ORIENTED_EDGE('',*,*,#1542,.T.);
#1542 = EDGE_CURVE('',#1212,#375,#1543,.T.);
#1543 = SURFACE_CURVE('',#1544,(#1548,#1555),.PCURVE_S1.);
#1544 = LINE('',#1545,#1546);
#1545 = CARTESIAN_POINT('',(20.,-39.5,1.3));
#1546 = VECTOR('',#1547,1.);
#1547 = DIRECTION('',(0.,-1.,0.));
#1548 = PCURVE('',#390,#1549);
#1549 = DEFINITIONAL_REPRESENTATION('',(#1550),#1554);
#1550 = LINE('',#1551,#1552);
#1551 = CARTESIAN_POINT('',(14.,0.));
#1552 = VECTOR('',#1553,1.);
#1553 = DIRECTION('',(0.,-1.));
#1554 = ( GEOMETRIC_REPRESENTATION_CONTEXT(2) 
PARAMETRIC_REPRESENTATION_CONTEXT() REPRESENTATION_CONTEXT('2D SPACE',''
  ) );
#1555 = PCURVE('',#418,#1556);
#1556 = DEFINITIONAL_REPRESENTATION('',(#1557),#1560);
#1557 = B_SPLINE_CURVE_WITH_KNOTS('',1,(#1558,#1559),.UNSPECIFIED.,.F.,
  .F.,(2,2),(-10.,0.),.PIECEWISE_BEZIER_KNOTS.);
#1558 = CARTESIAN_POINT('',(91.3,-10.));
#1559 = CARTESIAN_POINT('',(91.3,0.));
#1560 = ( GEOMETRIC_REPRESENTATION_CONTEXT(2) 
PARAMETRIC_REPRESENTATION_CONTEXT() REPRESENTATION_CONTEXT('2D SPACE',''
  ) );
#1561 = ORIENTED_EDGE('',*,*,#374,.T.);
#1562 = ORIENTED_EDGE('',*,*,#1438,.F.);
#1563 = ORIENTED_EDGE('',*,*,#1564,.F.);
#1564 = EDGE_CURVE('',#1565,#1439,#1567,.T.);
#1565 = VERTEX_POINT('',#1566);
#1566 = CARTESIAN_POINT('',(32.,-10.1,1.3));
#1567 = SURFACE_CURVE('',#1568,(#1572,#1579),.PCURVE_S1.);
#1568 = LINE('',#1569,#1570);
#1569 = CARTESIAN_POINT('',(32.,-10.1,1.3));
#1570 = VECTOR('',#1571,1.);
#1571 = DIRECTION('',(1.,0.,-0.));
#1572 = PCURVE('',#390,#1573);
#1573 = DEFINITIONAL_REPRESENTATION('',(#1574),#1578);
#1574 = LINE('',#1575,#1576);
#1575 = CARTESIAN_POINT('',(26.,29.4));
#1576 = VECTOR('',#1577,1.);
#1577 = DIRECTION('',(1.,0.));
#1578 = ( GEOMETRIC_REPRESENTATION_CONTEXT(2) 
PARAMETRIC_REPRESENTATION_CONTEXT() REPRESENTATION_CONTEXT('2D SPACE',''
  ) );
#1579 = PCURVE('',#1477,#1580);
#1580 = DEFINITIONAL_REPRESENTATION('',(#1581),#1585);
#1581 = LINE('',#1582,#1583);
#1582 = CARTESIAN_POINT('',(0.,0.));
#1583 = VECTOR('',#1584,1.);
#1584 = DIRECTION('',(0.,1.));
#1585 = ( GEOMETRIC_REPRESENTATION_CONTEXT(2) 
PARAMETRIC_REPRESENTATION_CONTEXT() REPRESENTATION_CONTEXT('2D SPACE',''
  ) );
#1586 = ORIENTED_EDGE('',*,*,#1587,.F.);
#1587 = EDGE_CURVE('',#1184,#1565,#1588,.T.);
#1588 = SURFACE_CURVE('',#1589,(#1593,#1600),.PCURVE_S1.);
#1589 = LINE('',#1590,#1591);
#1590 = CARTESIAN_POINT('',(32.,-29.5,1.3));
#1591 = VECTOR('',#1592,1.);
#1592 = DIRECTION('',(0.,1.,2.289119638402E-17));
#1593 = PCURVE('',#390,#1594);
#1594 = DEFINITIONAL_REPRESENTATION('',(#1595),#1599);
#1595 = LINE('',#1596,#1597);
#1596 = CARTESIAN_POINT('',(26.,10.));
#1597 = VECTOR('',#1598,1.);
#1598 = DIRECTION('',(0.,1.));
#1599 = ( GEOMETRIC_REPRESENTATION_CONTEXT(2) 
PARAMETRIC_REPRESENTATION_CONTEXT() REPRESENTATION_CONTEXT('2D SPACE',''
  ) );
#1600 = PCURVE('',#1199,#1601);
#1601 = DEFINITIONAL_REPRESENTATION('',(#1602),#1606);
#1602 = LINE('',#1603,#1604);
#1603 = CARTESIAN_POINT('',(0.,-10.));
#1604 = VECTOR('',#1605,1.);
#1605 = DIRECTION('',(2.289119638402E-17,-1.));
#1606 = ( GEOMETRIC_REPRESENTATION_CONTEXT(2) 
PARAMETRIC_REPRESENTATION_CONTEXT() REPRESENTATION_CONTEXT('2D SPACE',''
  ) );
#1607 = ADVANCED_FACE('',(#1608),#418,.T.);
#1608 = FACE_BOUND('',#1609,.T.);
#1609 = EDGE_LOOP('',(#1610,#1611,#1631,#1632));
#1610 = ORIENTED_EDGE('',*,*,#402,.F.);
#1611 = ORIENTED_EDGE('',*,*,#1612,.F.);
#1612 = EDGE_CURVE('',#1235,#403,#1613,.T.);
#1613 = SURFACE_CURVE('',#1614,(#1618,#1624),.PCURVE_S1.);
#1614 = LINE('',#1615,#1616);
#1615 = CARTESIAN_POINT('',(20.,-39.5,-17.65));
#1616 = VECTOR('',#1617,1.);
#1617 = DIRECTION('',(0.,-1.,0.));
#1618 = PCURVE('',#418,#1619);
#1619 = DEFINITIONAL_REPRESENTATION('',(#1620),#1623);
#1620 = B_SPLINE_CURVE_WITH_KNOTS('',1,(#1621,#1622),.UNSPECIFIED.,.F.,
  .F.,(2,2),(-10.,0.),.PIECEWISE_BEZIER_KNOTS.);
#1621 = CARTESIAN_POINT('',(72.35,-10.));
#1622 = CARTESIAN_POINT('',(72.35,0.));
#1623 = ( GEOMETRIC_REPRESENTATION_CONTEXT(2) 
PARAMETRIC_REPRESENTATION_CONTEXT() REPRESENTATION_CONTEXT('2D SPACE',''
  ) );
#1624 = PCURVE('',#446,#1625);
#1625 = DEFINITIONAL_REPRESENTATION('',(#1626),#1630);
#1626 = LINE('',#1627,#1628);
#1627 = CARTESIAN_POINT('',(14.,0.));
#1628 = VECTOR('',#1629,1.);
#1629 = DIRECTION('',(0.,-1.));
#1630 = ( GEOMETRIC_REPRESENTATION_CONTEXT(2) 
PARAMETRIC_REPRESENTATION_CONTEXT() REPRESENTATION_CONTEXT('2D SPACE',''
  ) );
#1631 = ORIENTED_EDGE('',*,*,#1234,.T.);
#1632 = ORIENTED_EDGE('',*,*,#1542,.T.);
#1633 = ADVANCED_FACE('',(#1634),#446,.T.);
#1634 = FACE_BOUND('',#1635,.T.);
#1635 = EDGE_LOOP('',(#1636,#1637,#1638,#1639,#1662,#1690,#1718,#1746));
#1636 = ORIENTED_EDGE('',*,*,#1257,.F.);
#1637 = ORIENTED_EDGE('',*,*,#1612,.T.);
#1638 = ORIENTED_EDGE('',*,*,#430,.F.);
#1639 = ORIENTED_EDGE('',*,*,#1640,.T.);
#1640 = EDGE_CURVE('',#431,#1641,#1643,.T.);
#1641 = VERTEX_POINT('',#1642);
#1642 = CARTESIAN_POINT('',(39.,-20.1,-17.65));
#1643 = SURFACE_CURVE('',#1644,(#1648,#1655),.PCURVE_S1.);
#1644 = LINE('',#1645,#1646);
#1645 = CARTESIAN_POINT('',(39.,-39.5,-17.65));
#1646 = VECTOR('',#1647,1.);
#1647 = DIRECTION('',(0.,1.,0.));
#1648 = PCURVE('',#446,#1649);
#1649 = DEFINITIONAL_REPRESENTATION('',(#1650),#1654);
#1650 = LINE('',#1651,#1652);
#1651 = CARTESIAN_POINT('',(33.,0.));
#1652 = VECTOR('',#1653,1.);
#1653 = DIRECTION('',(0.,1.));
#1654 = ( GEOMETRIC_REPRESENTATION_CONTEXT(2) 
PARAMETRIC_REPRESENTATION_CONTEXT() REPRESENTATION_CONTEXT('2D SPACE',''
  ) );
#1655 = PCURVE('',#474,#1656);
#1656 = DEFINITIONAL_REPRESENTATION('',(#1657),#1661);
#1657 = LINE('',#1658,#1659);
#1658 = CARTESIAN_POINT('',(7.4,0.));
#1659 = VECTOR('',#1660,1.);
#1660 = DIRECTION('',(0.,-1.));
#1661 = ( GEOMETRIC_REPRESENTATION_CONTEXT(2) 
PARAMETRIC_REPRESENTATION_CONTEXT() REPRESENTATION_CONTEXT('2D SPACE',''
  ) );
#1662 = ORIENTED_EDGE('',*,*,#1663,.T.);
#1663 = EDGE_CURVE('',#1641,#1664,#1666,.T.);
#1664 = VERTEX_POINT('',#1665);
#1665 = CARTESIAN_POINT('',(39.85,-20.1,-17.65));
#1666 = SURFACE_CURVE('',#1667,(#1671,#1678),.PCURVE_S1.);
#1667 = LINE('',#1668,#1669);
#1668 = CARTESIAN_POINT('',(33.4,-20.1,-17.65));
#1669 = VECTOR('',#1670,1.);
#1670 = DIRECTION('',(1.,0.,-0.));
#1671 = PCURVE('',#446,#1672);
#1672 = DEFINITIONAL_REPRESENTATION('',(#1673),#1677);
#1673 = LINE('',#1674,#1675);
#1674 = CARTESIAN_POINT('',(27.4,19.4));
#1675 = VECTOR('',#1676,1.);
#1676 = DIRECTION('',(1.,0.));
#1677 = ( GEOMETRIC_REPRESENTATION_CONTEXT(2) 
PARAMETRIC_REPRESENTATION_CONTEXT() REPRESENTATION_CONTEXT('2D SPACE',''
  ) );
#1678 = PCURVE('',#1679,#1684);
#1679 = PLANE('',#1680);
#1680 = AXIS2_PLACEMENT_3D('',#1681,#1682,#1683);
#1681 = CARTESIAN_POINT('',(33.4,-20.1,-25.05));
#1682 = DIRECTION('',(-0.,1.,0.));
#1683 = DIRECTION('',(0.,0.,1.));
#1684 = DEFINITIONAL_REPRESENTATION('',(#1685),#1689);
#1685 = LINE('',#1686,#1687);
#1686 = CARTESIAN_POINT('',(7.4,0.));
#1687 = VECTOR('',#1688,1.);
#1688 = DIRECTION('',(0.,1.));
#1689 = ( GEOMETRIC_REPRESENTATION_CONTEXT(2) 
PARAMETRIC_REPRESENTATION_CONTEXT() REPRESENTATION_CONTEXT('2D SPACE',''
  ) );
#1690 = ORIENTED_EDGE('',*,*,#1691,.T.);
#1691 = EDGE_CURVE('',#1664,#1692,#1694,.T.);
#1692 = VERTEX_POINT('',#1693);
#1693 = CARTESIAN_POINT('',(39.85,-10.1,-17.65));
#1694 = SURFACE_CURVE('',#1695,(#1699,#1706),.PCURVE_S1.);
#1695 = LINE('',#1696,#1697);
#1696 = CARTESIAN_POINT('',(39.85,-20.1,-17.65));
#1697 = VECTOR('',#1698,1.);
#1698 = DIRECTION('',(-0.,1.,0.));
#1699 = PCURVE('',#446,#1700);
#1700 = DEFINITIONAL_REPRESENTATION('',(#1701),#1705);
#1701 = LINE('',#1702,#1703);
#1702 = CARTESIAN_POINT('',(33.85,19.4));
#1703 = VECTOR('',#1704,1.);
#1704 = DIRECTION('',(0.,1.));
#1705 = ( GEOMETRIC_REPRESENTATION_CONTEXT(2) 
PARAMETRIC_REPRESENTATION_CONTEXT() REPRESENTATION_CONTEXT('2D SPACE',''
  ) );
#1706 = PCURVE('',#1707,#1712);
#1707 = PLANE('',#1708);
#1708 = AXIS2_PLACEMENT_3D('',#1709,#1710,#1711);
#1709 = CARTESIAN_POINT('',(39.85,-20.1,-25.05));
#1710 = DIRECTION('',(1.,0.,-0.));
#1711 = DIRECTION('',(0.,0.,1.));
#1712 = DEFINITIONAL_REPRESENTATION('',(#1713),#1717);
#1713 = LINE('',#1714,#1715);
#1714 = CARTESIAN_POINT('',(7.4,0.));
#1715 = VECTOR('',#1716,1.);
#1716 = DIRECTION('',(0.,-1.));
#1717 = ( GEOMETRIC_REPRESENTATION_CONTEXT(2) 
PARAMETRIC_REPRESENTATION_CONTEXT() REPRESENTATION_CONTEXT('2D SPACE',''
  ) );
#1718 = ORIENTED_EDGE('',*,*,#1719,.T.);
#1719 = EDGE_CURVE('',#1692,#1720,#1722,.T.);
#1720 = VERTEX_POINT('',#1721);
#1721 = CARTESIAN_POINT('',(32.,-10.1,-17.65));
#1722 = SURFACE_CURVE('',#1723,(#1727,#1734),.PCURVE_S1.);
#1723 = LINE('',#1724,#1725);
#1724 = CARTESIAN_POINT('',(39.85,-10.1,-17.65));
#1725 = VECTOR('',#1726,1.);
#1726 = DIRECTION('',(-1.,0.,0.));
#1727 = PCURVE('',#446,#1728);
#1728 = DEFINITIONAL_REPRESENTATION('',(#1729),#1733);
#1729 = LINE('',#1730,#1731);
#1730 = CARTESIAN_POINT('',(33.85,29.4));
#1731 = VECTOR('',#1732,1.);
#1732 = DIRECTION('',(-1.,0.));
#1733 = ( GEOMETRIC_REPRESENTATION_CONTEXT(2) 
PARAMETRIC_REPRESENTATION_CONTEXT() REPRESENTATION_CONTEXT('2D SPACE',''
  ) );
#1734 = PCURVE('',#1735,#1740);
#1735 = PLANE('',#1736);
#1736 = AXIS2_PLACEMENT_3D('',#1737,#1738,#1739);
#1737 = CARTESIAN_POINT('',(32.,-10.1,-25.05));
#1738 = DIRECTION('',(-0.,1.,0.));
#1739 = DIRECTION('',(0.,0.,1.));
#1740 = DEFINITIONAL_REPRESENTATION('',(#1741),#1745);
#1741 = LINE('',#1742,#1743);
#1742 = CARTESIAN_POINT('',(7.4,7.85));
#1743 = VECTOR('',#1744,1.);
#1744 = DIRECTION('',(0.,-1.));
#1745 = ( GEOMETRIC_REPRESENTATION_CONTEXT(2) 
PARAMETRIC_REPRESENTATION_CONTEXT() REPRESENTATION_CONTEXT('2D SPACE',''
  ) );
#1746 = ORIENTED_EDGE('',*,*,#1747,.F.);
#1747 = EDGE_CURVE('',#1258,#1720,#1748,.T.);
#1748 = SURFACE_CURVE('',#1749,(#1753,#1760),.PCURVE_S1.);
#1749 = LINE('',#1750,#1751);
#1750 = CARTESIAN_POINT('',(32.,-39.5,-17.65));
#1751 = VECTOR('',#1752,1.);
#1752 = DIRECTION('',(-0.,1.,0.));
#1753 = PCURVE('',#446,#1754);
#1754 = DEFINITIONAL_REPRESENTATION('',(#1755),#1759);
#1755 = LINE('',#1756,#1757);
#1756 = CARTESIAN_POINT('',(26.,0.));
#1757 = VECTOR('',#1758,1.);
#1758 = DIRECTION('',(0.,1.));
#1759 = ( GEOMETRIC_REPRESENTATION_CONTEXT(2) 
PARAMETRIC_REPRESENTATION_CONTEXT() REPRESENTATION_CONTEXT('2D SPACE',''
  ) );
#1760 = PCURVE('',#1296,#1761);
#1761 = DEFINITIONAL_REPRESENTATION('',(#1762),#1766);
#1762 = LINE('',#1763,#1764);
#1763 = CARTESIAN_POINT('',(7.4,0.));
#1764 = VECTOR('',#1765,1.);
#1765 = DIRECTION('',(0.,-1.));
#1766 = ( GEOMETRIC_REPRESENTATION_CONTEXT(2) 
PARAMETRIC_REPRESENTATION_CONTEXT() REPRESENTATION_CONTEXT('2D SPACE',''
  ) );
#1767 = ADVANCED_FACE('',(#1768),#474,.T.);
#1768 = FACE_BOUND('',#1769,.T.);
#1769 = EDGE_LOOP('',(#1770,#1771,#1794,#1814));
#1770 = ORIENTED_EDGE('',*,*,#458,.F.);
#1771 = ORIENTED_EDGE('',*,*,#1772,.F.);
#1772 = EDGE_CURVE('',#1773,#459,#1775,.T.);
#1773 = VERTEX_POINT('',#1774);
#1774 = CARTESIAN_POINT('',(39.,-20.1,-25.05));
#1775 = SURFACE_CURVE('',#1776,(#1780,#1787),.PCURVE_S1.);
#1776 = LINE('',#1777,#1778);
#1777 = CARTESIAN_POINT('',(39.,-20.1,-25.05));
#1778 = VECTOR('',#1779,1.);
#1779 = DIRECTION('',(0.,-1.,0.));
#1780 = PCURVE('',#474,#1781);
#1781 = DEFINITIONAL_REPRESENTATION('',(#1782),#1786);
#1782 = LINE('',#1783,#1784);
#1783 = CARTESIAN_POINT('',(0.,-19.4));
#1784 = VECTOR('',#1785,1.);
#1785 = DIRECTION('',(0.,1.));
#1786 = ( GEOMETRIC_REPRESENTATION_CONTEXT(2) 
PARAMETRIC_REPRESENTATION_CONTEXT() REPRESENTATION_CONTEXT('2D SPACE',''
  ) );
#1787 = PCURVE('',#500,#1788);
#1788 = DEFINITIONAL_REPRESENTATION('',(#1789),#1793);
#1789 = LINE('',#1790,#1791);
#1790 = CARTESIAN_POINT('',(33.,19.4));
#1791 = VECTOR('',#1792,1.);
#1792 = DIRECTION('',(0.,-1.));
#1793 = ( GEOMETRIC_REPRESENTATION_CONTEXT(2) 
PARAMETRIC_REPRESENTATION_CONTEXT() REPRESENTATION_CONTEXT('2D SPACE',''
  ) );
#1794 = ORIENTED_EDGE('',*,*,#1795,.F.);
#1795 = EDGE_CURVE('',#1641,#1773,#1796,.T.);
#1796 = SURFACE_CURVE('',#1797,(#1801,#1808),.PCURVE_S1.);
#1797 = LINE('',#1798,#1799);
#1798 = CARTESIAN_POINT('',(39.,-20.1,-25.05));
#1799 = VECTOR('',#1800,1.);
#1800 = DIRECTION('',(-0.,0.,-1.));
#1801 = PCURVE('',#474,#1802);
#1802 = DEFINITIONAL_REPRESENTATION('',(#1803),#1807);
#1803 = LINE('',#1804,#1805);
#1804 = CARTESIAN_POINT('',(0.,-19.4));
#1805 = VECTOR('',#1806,1.);
#1806 = DIRECTION('',(-1.,-0.));
#1807 = ( GEOMETRIC_REPRESENTATION_CONTEXT(2) 
PARAMETRIC_REPRESENTATION_CONTEXT() REPRESENTATION_CONTEXT('2D SPACE',''
  ) );
#1808 = PCURVE('',#1679,#1809);
#1809 = DEFINITIONAL_REPRESENTATION('',(#1810),#1813);
#1810 = B_SPLINE_CURVE_WITH_KNOTS('',1,(#1811,#1812),.UNSPECIFIED.,.F.,
  .F.,(2,2),(-7.4,-0.),.PIECEWISE_BEZIER_KNOTS.);
#1811 = CARTESIAN_POINT('',(7.4,5.6));
#1812 = CARTESIAN_POINT('',(0.,5.6));
#1813 = ( GEOMETRIC_REPRESENTATION_CONTEXT(2) 
PARAMETRIC_REPRESENTATION_CONTEXT() REPRESENTATION_CONTEXT('2D SPACE',''
  ) );
#1814 = ORIENTED_EDGE('',*,*,#1640,.F.);
#1815 = ADVANCED_FACE('',(#1816),#500,.F.);
#1816 = FACE_BOUND('',#1817,.F.);
#1817 = EDGE_LOOP('',(#1818,#1819,#1820,#1821,#1822,#1845,#1868,#1891));
#1818 = ORIENTED_EDGE('',*,*,#1307,.F.);
#1819 = ORIENTED_EDGE('',*,*,#1414,.T.);
#1820 = ORIENTED_EDGE('',*,*,#486,.T.);
#1821 = ORIENTED_EDGE('',*,*,#1772,.F.);
#1822 = ORIENTED_EDGE('',*,*,#1823,.T.);
#1823 = EDGE_CURVE('',#1773,#1824,#1826,.T.);
#1824 = VERTEX_POINT('',#1825);
#1825 = CARTESIAN_POINT('',(39.85,-20.1,-25.05));
#1826 = SURFACE_CURVE('',#1827,(#1831,#1838),.PCURVE_S1.);
#1827 = LINE('',#1828,#1829);
#1828 = CARTESIAN_POINT('',(33.4,-20.1,-25.05));
#1829 = VECTOR('',#1830,1.);
#1830 = DIRECTION('',(1.,0.,-0.));
#1831 = PCURVE('',#500,#1832);
#1832 = DEFINITIONAL_REPRESENTATION('',(#1833),#1837);
#1833 = LINE('',#1834,#1835);
#1834 = CARTESIAN_POINT('',(27.4,19.4));
#1835 = VECTOR('',#1836,1.);
#1836 = DIRECTION('',(1.,0.));
#1837 = ( GEOMETRIC_REPRESENTATION_CONTEXT(2) 
PARAMETRIC_REPRESENTATION_CONTEXT() REPRESENTATION_CONTEXT('2D SPACE',''
  ) );
#1838 = PCURVE('',#1679,#1839);
#1839 = DEFINITIONAL_REPRESENTATION('',(#1840),#1844);
#1840 = LINE('',#1841,#1842);
#1841 = CARTESIAN_POINT('',(0.,0.));
#1842 = VECTOR('',#1843,1.);
#1843 = DIRECTION('',(0.,1.));
#1844 = ( GEOMETRIC_REPRESENTATION_CONTEXT(2) 
PARAMETRIC_REPRESENTATION_CONTEXT() REPRESENTATION_CONTEXT('2D SPACE',''
  ) );
#1845 = ORIENTED_EDGE('',*,*,#1846,.T.);
#1846 = EDGE_CURVE('',#1824,#1847,#1849,.T.);
#1847 = VERTEX_POINT('',#1848);
#1848 = CARTESIAN_POINT('',(39.85,-10.1,-25.05));
#1849 = SURFACE_CURVE('',#1850,(#1854,#1861),.PCURVE_S1.);
#1850 = LINE('',#1851,#1852);
#1851 = CARTESIAN_POINT('',(39.85,-20.1,-25.05));
#1852 = VECTOR('',#1853,1.);
#1853 = DIRECTION('',(-0.,1.,0.));
#1854 = PCURVE('',#500,#1855);
#1855 = DEFINITIONAL_REPRESENTATION('',(#1856),#1860);
#1856 = LINE('',#1857,#1858);
#1857 = CARTESIAN_POINT('',(33.85,19.4));
#1858 = VECTOR('',#1859,1.);
#1859 = DIRECTION('',(0.,1.));
#1860 = ( GEOMETRIC_REPRESENTATION_CONTEXT(2) 
PARAMETRIC_REPRESENTATION_CONTEXT() REPRESENTATION_CONTEXT('2D SPACE',''
  ) );
#1861 = PCURVE('',#1707,#1862);
#1862 = DEFINITIONAL_REPRESENTATION('',(#1863),#1867);
#1863 = LINE('',#1864,#1865);
#1864 = CARTESIAN_POINT('',(0.,0.));
#1865 = VECTOR('',#1866,1.);
#1866 = DIRECTION('',(0.,-1.));
#1867 = ( GEOMETRIC_REPRESENTATION_CONTEXT(2) 
PARAMETRIC_REPRESENTATION_CONTEXT() REPRESENTATION_CONTEXT('2D SPACE',''
  ) );
#1868 = ORIENTED_EDGE('',*,*,#1869,.F.);
#1869 = EDGE_CURVE('',#1870,#1847,#1872,.T.);
#1870 = VERTEX_POINT('',#1871);
#1871 = CARTESIAN_POINT('',(32.,-10.1,-25.05));
#1872 = SURFACE_CURVE('',#1873,(#1877,#1884),.PCURVE_S1.);
#1873 = LINE('',#1874,#1875);
#1874 = CARTESIAN_POINT('',(32.,-10.1,-25.05));
#1875 = VECTOR('',#1876,1.);
#1876 = DIRECTION('',(1.,0.,0.));
#1877 = PCURVE('',#500,#1878);
#1878 = DEFINITIONAL_REPRESENTATION('',(#1879),#1883);
#1879 = LINE('',#1880,#1881);
#1880 = CARTESIAN_POINT('',(26.,29.4));
#1881 = VECTOR('',#1882,1.);
#1882 = DIRECTION('',(1.,0.));
#1883 = ( GEOMETRIC_REPRESENTATION_CONTEXT(2) 
PARAMETRIC_REPRESENTATION_CONTEXT() REPRESENTATION_CONTEXT('2D SPACE',''
  ) );
#1884 = PCURVE('',#1735,#1885);
#1885 = DEFINITIONAL_REPRESENTATION('',(#1886),#1890);
#1886 = LINE('',#1887,#1888);
#1887 = CARTESIAN_POINT('',(0.,0.));
#1888 = VECTOR('',#1889,1.);
#1889 = DIRECTION('',(0.,1.));
#1890 = ( GEOMETRIC_REPRESENTATION_CONTEXT(2) 
PARAMETRIC_REPRESENTATION_CONTEXT() REPRESENTATION_CONTEXT('2D SPACE',''
  ) );
#1891 = ORIENTED_EDGE('',*,*,#1892,.F.);
#1892 = EDGE_CURVE('',#1281,#1870,#1893,.T.);
#1893 = SURFACE_CURVE('',#1894,(#1898,#1905),.PCURVE_S1.);
#1894 = LINE('',#1895,#1896);
#1895 = CARTESIAN_POINT('',(32.,-39.5,-25.05));
#1896 = VECTOR('',#1897,1.);
#1897 = DIRECTION('',(-0.,1.,0.));
#1898 = PCURVE('',#500,#1899);
#1899 = DEFINITIONAL_REPRESENTATION('',(#1900),#1904);
#1900 = LINE('',#1901,#1902);
#1901 = CARTESIAN_POINT('',(26.,0.));
#1902 = VECTOR('',#1903,1.);
#1903 = DIRECTION('',(0.,1.));
#1904 = ( GEOMETRIC_REPRESENTATION_CONTEXT(2) 
PARAMETRIC_REPRESENTATION_CONTEXT() REPRESENTATION_CONTEXT('2D SPACE',''
  ) );
#1905 = PCURVE('',#1296,#1906);
#1906 = DEFINITIONAL_REPRESENTATION('',(#1907),#1911);
#1907 = LINE('',#1908,#1909);
#1908 = CARTESIAN_POINT('',(0.,0.));
#1909 = VECTOR('',#1910,1.);
#1910 = DIRECTION('',(0.,-1.));
#1911 = ( GEOMETRIC_REPRESENTATION_CONTEXT(2) 
PARAMETRIC_REPRESENTATION_CONTEXT() REPRESENTATION_CONTEXT('2D SPACE',''
  ) );
#1912 = ADVANCED_FACE('',(#1913),#580,.T.);
#1913 = FACE_BOUND('',#1914,.T.);
#1914 = EDGE_LOOP('',(#1915,#1916,#1917,#1918,#1941,#1969,#1996,#2018,
    #2039,#2058,#2059,#2082));
#1915 = ORIENTED_EDGE('',*,*,#1063,.F.);
#1916 = ORIENTED_EDGE('',*,*,#562,.F.);
#1917 = ORIENTED_EDGE('',*,*,#685,.T.);
#1918 = ORIENTED_EDGE('',*,*,#1919,.F.);
#1919 = EDGE_CURVE('',#1920,#686,#1922,.T.);
#1920 = VERTEX_POINT('',#1921);
#1921 = CARTESIAN_POINT('',(35.,-29.5,-112.));
#1922 = SURFACE_CURVE('',#1923,(#1927,#1934),.PCURVE_S1.);
#1923 = LINE('',#1924,#1925);
#1924 = CARTESIAN_POINT('',(35.,-29.5,-112.));
#1925 = VECTOR('',#1926,1.);
#1926 = DIRECTION('',(0.,0.,1.));
#1927 = PCURVE('',#580,#1928);
#1928 = DEFINITIONAL_REPRESENTATION('',(#1929),#1933);
#1929 = LINE('',#1930,#1931);
#1930 = CARTESIAN_POINT('',(-17.,-6.8));
#1931 = VECTOR('',#1932,1.);
#1932 = DIRECTION('',(1.,0.));
#1933 = ( GEOMETRIC_REPRESENTATION_CONTEXT(2) 
PARAMETRIC_REPRESENTATION_CONTEXT() REPRESENTATION_CONTEXT('2D SPACE',''
  ) );
#1934 = PCURVE('',#723,#1935);
#1935 = DEFINITIONAL_REPRESENTATION('',(#1936),#1940);
#1936 = LINE('',#1937,#1938);
#1937 = CARTESIAN_POINT('',(0.,6.));
#1938 = VECTOR('',#1939,1.);
#1939 = DIRECTION('',(1.,0.));
#1940 = ( GEOMETRIC_REPRESENTATION_CONTEXT(2) 
PARAMETRIC_REPRESENTATION_CONTEXT() REPRESENTATION_CONTEXT('2D SPACE',''
  ) );
#1941 = ORIENTED_EDGE('',*,*,#1942,.T.);
#1942 = EDGE_CURVE('',#1920,#1943,#1945,.T.);
#1943 = VERTEX_POINT('',#1944);
#1944 = CARTESIAN_POINT('',(35.,-28.,-112.));
#1945 = SURFACE_CURVE('',#1946,(#1950,#1957),.PCURVE_S1.);
#1946 = LINE('',#1947,#1948);
#1947 = CARTESIAN_POINT('',(35.,-29.5,-112.));
#1948 = VECTOR('',#1949,1.);
#1949 = DIRECTION('',(-0.,1.,0.));
#1950 = PCURVE('',#580,#1951);
#1951 = DEFINITIONAL_REPRESENTATION('',(#1952),#1956);
#1952 = LINE('',#1953,#1954);
#1953 = CARTESIAN_POINT('',(-17.,-6.8));
#1954 = VECTOR('',#1955,1.);
#1955 = DIRECTION('',(0.,-1.));
#1956 = ( GEOMETRIC_REPRESENTATION_CONTEXT(2) 
PARAMETRIC_REPRESENTATION_CONTEXT() REPRESENTATION_CONTEXT('2D SPACE',''
  ) );
#1957 = PCURVE('',#1958,#1963);
#1958 = PLANE('',#1959);
#1959 = AXIS2_PLACEMENT_3D('',#1960,#1961,#1962);
#1960 = CARTESIAN_POINT('',(29.,-29.5,-112.));
#1961 = DIRECTION('',(0.,0.,1.));
#1962 = DIRECTION('',(1.,0.,-0.));
#1963 = DEFINITIONAL_REPRESENTATION('',(#1964),#1968);
#1964 = LINE('',#1965,#1966);
#1965 = CARTESIAN_POINT('',(6.,0.));
#1966 = VECTOR('',#1967,1.);
#1967 = DIRECTION('',(0.,1.));
#1968 = ( GEOMETRIC_REPRESENTATION_CONTEXT(2) 
PARAMETRIC_REPRESENTATION_CONTEXT() REPRESENTATION_CONTEXT('2D SPACE',''
  ) );
#1969 = ORIENTED_EDGE('',*,*,#1970,.T.);
#1970 = EDGE_CURVE('',#1943,#1971,#1973,.T.);
#1971 = VERTEX_POINT('',#1972);
#1972 = CARTESIAN_POINT('',(35.,-28.,-110.));
#1973 = SURFACE_CURVE('',#1974,(#1978,#1985),.PCURVE_S1.);
#1974 = LINE('',#1975,#1976);
#1975 = CARTESIAN_POINT('',(35.,-28.,-113.));
#1976 = VECTOR('',#1977,1.);
#1977 = DIRECTION('',(0.,0.,1.));
#1978 = PCURVE('',#580,#1979);
#1979 = DEFINITIONAL_REPRESENTATION('',(#1980),#1984);
#1980 = LINE('',#1981,#1982);
#1981 = CARTESIAN_POINT('',(-18.,-8.3));
#1982 = VECTOR('',#1983,1.);
#1983 = DIRECTION('',(1.,0.));
#1984 = ( GEOMETRIC_REPRESENTATION_CONTEXT(2) 
PARAMETRIC_REPRESENTATION_CONTEXT() REPRESENTATION_CONTEXT('2D SPACE',''
  ) );
#1985 = PCURVE('',#1986,#1991);
#1986 = PLANE('',#1987);
#1987 = AXIS2_PLACEMENT_3D('',#1988,#1989,#1990);
#1988 = CARTESIAN_POINT('',(26.,-28.,-114.));
#1989 = DIRECTION('',(-0.,1.,0.));
#1990 = DIRECTION('',(0.,0.,1.));
#1991 = DEFINITIONAL_REPRESENTATION('',(#1992),#1995);
#1992 = B_SPLINE_CURVE_WITH_KNOTS('',1,(#1993,#1994),.UNSPECIFIED.,.F.,
  .F.,(2,2),(1.,3.),.PIECEWISE_BEZIER_KNOTS.);
#1993 = CARTESIAN_POINT('',(2.,9.));
#1994 = CARTESIAN_POINT('',(4.,9.));
#1995 = ( GEOMETRIC_REPRESENTATION_CONTEXT(2) 
PARAMETRIC_REPRESENTATION_CONTEXT() REPRESENTATION_CONTEXT('2D SPACE',''
  ) );
#1996 = ORIENTED_EDGE('',*,*,#1997,.F.);
#1997 = EDGE_CURVE('',#1998,#1971,#2000,.T.);
#1998 = VERTEX_POINT('',#1999);
#1999 = CARTESIAN_POINT('',(35.,-23.25,-110.));
#2000 = SURFACE_CURVE('',#2001,(#2005,#2012),.PCURVE_S1.);
#2001 = LINE('',#2002,#2003);
#2002 = CARTESIAN_POINT('',(35.,-28.75,-110.));
#2003 = VECTOR('',#2004,1.);
#2004 = DIRECTION('',(0.,-1.,0.));
#2005 = PCURVE('',#580,#2006);
#2006 = DEFINITIONAL_REPRESENTATION('',(#2007),#2011);
#2007 = LINE('',#2008,#2009);
#2008 = CARTESIAN_POINT('',(-15.,-7.55));
#2009 = VECTOR('',#2010,1.);
#2010 = DIRECTION('',(0.,1.));
#2011 = ( GEOMETRIC_REPRESENTATION_CONTEXT(2) 
PARAMETRIC_REPRESENTATION_CONTEXT() REPRESENTATION_CONTEXT('2D SPACE',''
  ) );
#2012 = PCURVE('',#933,#2013);
#2013 = DEFINITIONAL_REPRESENTATION('',(#2014),#2017);
#2014 = B_SPLINE_CURVE_WITH_KNOTS('',1,(#2015,#2016),.UNSPECIFIED.,.F.,
  .F.,(2,2),(-9.25,-0.75),.PIECEWISE_BEZIER_KNOTS.);
#2015 = CARTESIAN_POINT('',(9.,8.5));
#2016 = CARTESIAN_POINT('',(9.,0.));
#2017 = ( GEOMETRIC_REPRESENTATION_CONTEXT(2) 
PARAMETRIC_REPRESENTATION_CONTEXT() REPRESENTATION_CONTEXT('2D SPACE',''
  ) );
#2018 = ORIENTED_EDGE('',*,*,#2019,.T.);
#2019 = EDGE_CURVE('',#1998,#2020,#2022,.T.);
#2020 = VERTEX_POINT('',#2021);
#2021 = CARTESIAN_POINT('',(35.,-23.25,-109.5));
#2022 = SURFACE_CURVE('',#2023,(#2027,#2033),.PCURVE_S1.);
#2023 = LINE('',#2024,#2025);
#2024 = CARTESIAN_POINT('',(35.,-23.25,-114.5));
#2025 = VECTOR('',#2026,1.);
#2026 = DIRECTION('',(0.,0.,1.));
#2027 = PCURVE('',#580,#2028);
#2028 = DEFINITIONAL_REPRESENTATION('',(#2029),#2032);
#2029 = B_SPLINE_CURVE_WITH_KNOTS('',1,(#2030,#2031),.UNSPECIFIED.,.F.,
  .F.,(2,2),(9.999999999999E-02,5.0000006),.PIECEWISE_BEZIER_KNOTS.);
#2030 = CARTESIAN_POINT('',(-19.4,-13.05));
#2031 = CARTESIAN_POINT('',(-14.4999994,-13.05));
#2032 = ( GEOMETRIC_REPRESENTATION_CONTEXT(2) 
PARAMETRIC_REPRESENTATION_CONTEXT() REPRESENTATION_CONTEXT('2D SPACE',''
  ) );
#2033 = PCURVE('',#906,#2034);
#2034 = DEFINITIONAL_REPRESENTATION('',(#2035),#2038);
#2035 = B_SPLINE_CURVE_WITH_KNOTS('',1,(#2036,#2037),.UNSPECIFIED.,.F.,
  .F.,(2,2),(9.999999999999E-02,5.0000006),.PIECEWISE_BEZIER_KNOTS.);
#2036 = CARTESIAN_POINT('',(4.712388980385,9.999999999999E-02));
#2037 = CARTESIAN_POINT('',(4.712388980385,5.0000006));
#2038 = ( GEOMETRIC_REPRESENTATION_CONTEXT(2) 
PARAMETRIC_REPRESENTATION_CONTEXT() REPRESENTATION_CONTEXT('2D SPACE',''
  ) );
#2039 = ORIENTED_EDGE('',*,*,#2040,.F.);
#2040 = EDGE_CURVE('',#843,#2020,#2041,.T.);
#2041 = SURFACE_CURVE('',#2042,(#2046,#2052),.PCURVE_S1.);
#2042 = LINE('',#2043,#2044);
#2043 = CARTESIAN_POINT('',(35.,-28.65,-109.5));
#2044 = VECTOR('',#2045,1.);
#2045 = DIRECTION('',(0.,-1.,0.));
#2046 = PCURVE('',#580,#2047);
#2047 = DEFINITIONAL_REPRESENTATION('',(#2048),#2051);
#2048 = B_SPLINE_CURVE_WITH_KNOTS('',1,(#2049,#2050),.UNSPECIFIED.,.F.,
  .F.,(2,2),(-9.15,-5.4),.PIECEWISE_BEZIER_KNOTS.);
#2049 = CARTESIAN_POINT('',(-14.5,-16.8));
#2050 = CARTESIAN_POINT('',(-14.5,-13.05));
#2051 = ( GEOMETRIC_REPRESENTATION_CONTEXT(2) 
PARAMETRIC_REPRESENTATION_CONTEXT() REPRESENTATION_CONTEXT('2D SPACE',''
  ) );
#2052 = PCURVE('',#880,#2053);
#2053 = DEFINITIONAL_REPRESENTATION('',(#2054),#2057);
#2054 = B_SPLINE_CURVE_WITH_KNOTS('',1,(#2055,#2056),.UNSPECIFIED.,.F.,
  .F.,(2,2),(-9.15,-5.4),.PIECEWISE_BEZIER_KNOTS.);
#2055 = CARTESIAN_POINT('',(0.,1.5));
#2056 = CARTESIAN_POINT('',(0.,-2.25));
#2057 = ( GEOMETRIC_REPRESENTATION_CONTEXT(2) 
PARAMETRIC_REPRESENTATION_CONTEXT() REPRESENTATION_CONTEXT('2D SPACE',''
  ) );
#2058 = ORIENTED_EDGE('',*,*,#842,.F.);
#2059 = ORIENTED_EDGE('',*,*,#2060,.F.);
#2060 = EDGE_CURVE('',#2061,#815,#2063,.T.);
#2061 = VERTEX_POINT('',#2062);
#2062 = CARTESIAN_POINT('',(35.,-29.5,-88.));
#2063 = SURFACE_CURVE('',#2064,(#2068,#2075),.PCURVE_S1.);
#2064 = LINE('',#2065,#2066);
#2065 = CARTESIAN_POINT('',(35.,-29.5,-88.));
#2066 = VECTOR('',#2067,1.);
#2067 = DIRECTION('',(-0.,1.,0.));
#2068 = PCURVE('',#580,#2069);
#2069 = DEFINITIONAL_REPRESENTATION('',(#2070),#2074);
#2070 = LINE('',#2071,#2072);
#2071 = CARTESIAN_POINT('',(7.,-6.8));
#2072 = VECTOR('',#2073,1.);
#2073 = DIRECTION('',(0.,-1.));
#2074 = ( GEOMETRIC_REPRESENTATION_CONTEXT(2) 
PARAMETRIC_REPRESENTATION_CONTEXT() REPRESENTATION_CONTEXT('2D SPACE',''
  ) );
#2075 = PCURVE('',#830,#2076);
#2076 = DEFINITIONAL_REPRESENTATION('',(#2077),#2081);
#2077 = LINE('',#2078,#2079);
#2078 = CARTESIAN_POINT('',(6.,0.));
#2079 = VECTOR('',#2080,1.);
#2080 = DIRECTION('',(0.,1.));
#2081 = ( GEOMETRIC_REPRESENTATION_CONTEXT(2) 
PARAMETRIC_REPRESENTATION_CONTEXT() REPRESENTATION_CONTEXT('2D SPACE',''
  ) );
#2082 = ORIENTED_EDGE('',*,*,#2083,.F.);
#2083 = EDGE_CURVE('',#1064,#2061,#2084,.T.);
#2084 = SURFACE_CURVE('',#2085,(#2089,#2096),.PCURVE_S1.);
#2085 = LINE('',#2086,#2087);
#2086 = CARTESIAN_POINT('',(35.,-29.5,-112.));
#2087 = VECTOR('',#2088,1.);
#2088 = DIRECTION('',(0.,0.,1.));
#2089 = PCURVE('',#580,#2090);
#2090 = DEFINITIONAL_REPRESENTATION('',(#2091),#2095);
#2091 = LINE('',#2092,#2093);
#2092 = CARTESIAN_POINT('',(-17.,-6.8));
#2093 = VECTOR('',#2094,1.);
#2094 = DIRECTION('',(1.,0.));
#2095 = ( GEOMETRIC_REPRESENTATION_CONTEXT(2) 
PARAMETRIC_REPRESENTATION_CONTEXT() REPRESENTATION_CONTEXT('2D SPACE',''
  ) );
#2096 = PCURVE('',#1101,#2097);
#2097 = DEFINITIONAL_REPRESENTATION('',(#2098),#2102);
#2098 = LINE('',#2099,#2100);
#2099 = CARTESIAN_POINT('',(0.,6.));
#2100 = VECTOR('',#2101,1.);
#2101 = DIRECTION('',(1.,0.));
#2102 = ( GEOMETRIC_REPRESENTATION_CONTEXT(2) 
PARAMETRIC_REPRESENTATION_CONTEXT() REPRESENTATION_CONTEXT('2D SPACE',''
  ) );
#2103 = ADVANCED_FACE('',(#2104),#747,.F.);
#2104 = FACE_BOUND('',#2105,.F.);
#2105 = EDGE_LOOP('',(#2106,#2129,#2152,#2173,#2194,#2215,#2234,#2235));
#2106 = ORIENTED_EDGE('',*,*,#2107,.F.);
#2107 = EDGE_CURVE('',#2108,#709,#2110,.T.);
#2108 = VERTEX_POINT('',#2109);
#2109 = CARTESIAN_POINT('',(29.,-29.5,-112.));
#2110 = SURFACE_CURVE('',#2111,(#2115,#2122),.PCURVE_S1.);
#2111 = LINE('',#2112,#2113);
#2112 = CARTESIAN_POINT('',(29.,-29.5,-112.));
#2113 = VECTOR('',#2114,1.);
#2114 = DIRECTION('',(0.,0.,1.));
#2115 = PCURVE('',#747,#2116);
#2116 = DEFINITIONAL_REPRESENTATION('',(#2117),#2121);
#2117 = LINE('',#2118,#2119);
#2118 = CARTESIAN_POINT('',(0.,0.));
#2119 = VECTOR('',#2120,1.);
#2120 = DIRECTION('',(1.,0.));
#2121 = ( GEOMETRIC_REPRESENTATION_CONTEXT(2) 
PARAMETRIC_REPRESENTATION_CONTEXT() REPRESENTATION_CONTEXT('2D SPACE',''
  ) );
#2122 = PCURVE('',#723,#2123);
#2123 = DEFINITIONAL_REPRESENTATION('',(#2124),#2128);
#2124 = LINE('',#2125,#2126);
#2125 = CARTESIAN_POINT('',(0.,0.));
#2126 = VECTOR('',#2127,1.);
#2127 = DIRECTION('',(1.,0.));
#2128 = ( GEOMETRIC_REPRESENTATION_CONTEXT(2) 
PARAMETRIC_REPRESENTATION_CONTEXT() REPRESENTATION_CONTEXT('2D SPACE',''
  ) );
#2129 = ORIENTED_EDGE('',*,*,#2130,.T.);
#2130 = EDGE_CURVE('',#2108,#2131,#2133,.T.);
#2131 = VERTEX_POINT('',#2132);
#2132 = CARTESIAN_POINT('',(29.,-28.,-112.));
#2133 = SURFACE_CURVE('',#2134,(#2138,#2145),.PCURVE_S1.);
#2134 = LINE('',#2135,#2136);
#2135 = CARTESIAN_POINT('',(29.,-29.5,-112.));
#2136 = VECTOR('',#2137,1.);
#2137 = DIRECTION('',(-0.,1.,0.));
#2138 = PCURVE('',#747,#2139);
#2139 = DEFINITIONAL_REPRESENTATION('',(#2140),#2144);
#2140 = LINE('',#2141,#2142);
#2141 = CARTESIAN_POINT('',(0.,0.));
#2142 = VECTOR('',#2143,1.);
#2143 = DIRECTION('',(0.,-1.));
#2144 = ( GEOMETRIC_REPRESENTATION_CONTEXT(2) 
PARAMETRIC_REPRESENTATION_CONTEXT() REPRESENTATION_CONTEXT('2D SPACE',''
  ) );
#2145 = PCURVE('',#1958,#2146);
#2146 = DEFINITIONAL_REPRESENTATION('',(#2147),#2151);
#2147 = LINE('',#2148,#2149);
#2148 = CARTESIAN_POINT('',(0.,0.));
#2149 = VECTOR('',#2150,1.);
#2150 = DIRECTION('',(0.,1.));
#2151 = ( GEOMETRIC_REPRESENTATION_CONTEXT(2) 
PARAMETRIC_REPRESENTATION_CONTEXT() REPRESENTATION_CONTEXT('2D SPACE',''
  ) );
#2152 = ORIENTED_EDGE('',*,*,#2153,.T.);
#2153 = EDGE_CURVE('',#2131,#2154,#2156,.T.);
#2154 = VERTEX_POINT('',#2155);
#2155 = CARTESIAN_POINT('',(29.,-28.,-110.));
#2156 = SURFACE_CURVE('',#2157,(#2161,#2167),.PCURVE_S1.);
#2157 = LINE('',#2158,#2159);
#2158 = CARTESIAN_POINT('',(29.,-28.,-113.));
#2159 = VECTOR('',#2160,1.);
#2160 = DIRECTION('',(0.,0.,1.));
#2161 = PCURVE('',#747,#2162);
#2162 = DEFINITIONAL_REPRESENTATION('',(#2163),#2166);
#2163 = B_SPLINE_CURVE_WITH_KNOTS('',1,(#2164,#2165),.UNSPECIFIED.,.F.,
  .F.,(2,2),(1.,3.),.PIECEWISE_BEZIER_KNOTS.);
#2164 = CARTESIAN_POINT('',(0.,-1.5));
#2165 = CARTESIAN_POINT('',(2.,-1.5));
#2166 = ( GEOMETRIC_REPRESENTATION_CONTEXT(2) 
PARAMETRIC_REPRESENTATION_CONTEXT() REPRESENTATION_CONTEXT('2D SPACE',''
  ) );
#2167 = PCURVE('',#1986,#2168);
#2168 = DEFINITIONAL_REPRESENTATION('',(#2169),#2172);
#2169 = B_SPLINE_CURVE_WITH_KNOTS('',1,(#2170,#2171),.UNSPECIFIED.,.F.,
  .F.,(2,2),(1.,3.),.PIECEWISE_BEZIER_KNOTS.);
#2170 = CARTESIAN_POINT('',(2.,3.));
#2171 = CARTESIAN_POINT('',(4.,3.));
#2172 = ( GEOMETRIC_REPRESENTATION_CONTEXT(2) 
PARAMETRIC_REPRESENTATION_CONTEXT() REPRESENTATION_CONTEXT('2D SPACE',''
  ) );
#2173 = ORIENTED_EDGE('',*,*,#2174,.F.);
#2174 = EDGE_CURVE('',#2175,#2154,#2177,.T.);
#2175 = VERTEX_POINT('',#2176);
#2176 = CARTESIAN_POINT('',(29.,-23.25,-110.));
#2177 = SURFACE_CURVE('',#2178,(#2182,#2188),.PCURVE_S1.);
#2178 = LINE('',#2179,#2180);
#2179 = CARTESIAN_POINT('',(29.,-28.75,-110.));
#2180 = VECTOR('',#2181,1.);
#2181 = DIRECTION('',(0.,-1.,0.));
#2182 = PCURVE('',#747,#2183);
#2183 = DEFINITIONAL_REPRESENTATION('',(#2184),#2187);
#2184 = B_SPLINE_CURVE_WITH_KNOTS('',1,(#2185,#2186),.UNSPECIFIED.,.F.,
  .F.,(2,2),(-9.25,-0.75),.PIECEWISE_BEZIER_KNOTS.);
#2185 = CARTESIAN_POINT('',(2.,-10.));
#2186 = CARTESIAN_POINT('',(2.,-1.5));
#2187 = ( GEOMETRIC_REPRESENTATION_CONTEXT(2) 
PARAMETRIC_REPRESENTATION_CONTEXT() REPRESENTATION_CONTEXT('2D SPACE',''
  ) );
#2188 = PCURVE('',#933,#2189);
#2189 = DEFINITIONAL_REPRESENTATION('',(#2190),#2193);
#2190 = B_SPLINE_CURVE_WITH_KNOTS('',1,(#2191,#2192),.UNSPECIFIED.,.F.,
  .F.,(2,2),(-9.25,-0.75),.PIECEWISE_BEZIER_KNOTS.);
#2191 = CARTESIAN_POINT('',(3.,8.5));
#2192 = CARTESIAN_POINT('',(3.,0.));
#2193 = ( GEOMETRIC_REPRESENTATION_CONTEXT(2) 
PARAMETRIC_REPRESENTATION_CONTEXT() REPRESENTATION_CONTEXT('2D SPACE',''
  ) );
#2194 = ORIENTED_EDGE('',*,*,#2195,.T.);
#2195 = EDGE_CURVE('',#2175,#2196,#2198,.T.);
#2196 = VERTEX_POINT('',#2197);
#2197 = CARTESIAN_POINT('',(29.,-23.25,-109.5));
#2198 = SURFACE_CURVE('',#2199,(#2203,#2209),.PCURVE_S1.);
#2199 = LINE('',#2200,#2201);
#2200 = CARTESIAN_POINT('',(29.,-23.25,-114.5));
#2201 = VECTOR('',#2202,1.);
#2202 = DIRECTION('',(0.,0.,1.));
#2203 = PCURVE('',#747,#2204);
#2204 = DEFINITIONAL_REPRESENTATION('',(#2205),#2208);
#2205 = B_SPLINE_CURVE_WITH_KNOTS('',1,(#2206,#2207),.UNSPECIFIED.,.F.,
  .F.,(2,2),(0.8,5.0000006),.PIECEWISE_BEZIER_KNOTS.);
#2206 = CARTESIAN_POINT('',(-1.7,-6.25));
#2207 = CARTESIAN_POINT('',(2.5000006,-6.25));
#2208 = ( GEOMETRIC_REPRESENTATION_CONTEXT(2) 
PARAMETRIC_REPRESENTATION_CONTEXT() REPRESENTATION_CONTEXT('2D SPACE',''
  ) );
#2209 = PCURVE('',#959,#2210);
#2210 = DEFINITIONAL_REPRESENTATION('',(#2211),#2214);
#2211 = B_SPLINE_CURVE_WITH_KNOTS('',1,(#2212,#2213),.UNSPECIFIED.,.F.,
  .F.,(2,2),(0.8,5.0000006),.PIECEWISE_BEZIER_KNOTS.);
#2212 = CARTESIAN_POINT('',(4.712388980385,0.8));
#2213 = CARTESIAN_POINT('',(4.712388980385,5.0000006));
#2214 = ( GEOMETRIC_REPRESENTATION_CONTEXT(2) 
PARAMETRIC_REPRESENTATION_CONTEXT() REPRESENTATION_CONTEXT('2D SPACE',''
  ) );
#2215 = ORIENTED_EDGE('',*,*,#2216,.F.);
#2216 = EDGE_CURVE('',#971,#2196,#2217,.T.);
#2217 = SURFACE_CURVE('',#2218,(#2222,#2228),.PCURVE_S1.);
#2218 = LINE('',#2219,#2220);
#2219 = CARTESIAN_POINT('',(29.,-25.25,-109.5));
#2220 = VECTOR('',#2221,1.);
#2221 = DIRECTION('',(0.,-1.,0.));
#2222 = PCURVE('',#747,#2223);
#2223 = DEFINITIONAL_REPRESENTATION('',(#2224),#2227);
#2224 = B_SPLINE_CURVE_WITH_KNOTS('',1,(#2225,#2226),.UNSPECIFIED.,.F.,
  .F.,(2,2),(-5.75,-2.),.PIECEWISE_BEZIER_KNOTS.);
#2225 = CARTESIAN_POINT('',(2.5,-10.));
#2226 = CARTESIAN_POINT('',(2.5,-6.25));
#2227 = ( GEOMETRIC_REPRESENTATION_CONTEXT(2) 
PARAMETRIC_REPRESENTATION_CONTEXT() REPRESENTATION_CONTEXT('2D SPACE',''
  ) );
#2228 = PCURVE('',#985,#2229);
#2229 = DEFINITIONAL_REPRESENTATION('',(#2230),#2233);
#2230 = B_SPLINE_CURVE_WITH_KNOTS('',1,(#2231,#2232),.UNSPECIFIED.,.F.,
  .F.,(2,2),(-5.75,-2.),.PIECEWISE_BEZIER_KNOTS.);
#2231 = CARTESIAN_POINT('',(0.,1.5));
#2232 = CARTESIAN_POINT('',(0.,-2.25));
#2233 = ( GEOMETRIC_REPRESENTATION_CONTEXT(2) 
PARAMETRIC_REPRESENTATION_CONTEXT() REPRESENTATION_CONTEXT('2D SPACE',''
  ) );
#2234 = ORIENTED_EDGE('',*,*,#996,.T.);
#2235 = ORIENTED_EDGE('',*,*,#734,.T.);
#2236 = ADVANCED_FACE('',(#2237),#723,.F.);
#2237 = FACE_BOUND('',#2238,.F.);
#2238 = EDGE_LOOP('',(#2239,#2240,#2261,#2262));
#2239 = ORIENTED_EDGE('',*,*,#1919,.F.);
#2240 = ORIENTED_EDGE('',*,*,#2241,.F.);
#2241 = EDGE_CURVE('',#2108,#1920,#2242,.T.);
#2242 = SURFACE_CURVE('',#2243,(#2247,#2254),.PCURVE_S1.);
#2243 = LINE('',#2244,#2245);
#2244 = CARTESIAN_POINT('',(29.,-29.5,-112.));
#2245 = VECTOR('',#2246,1.);
#2246 = DIRECTION('',(1.,0.,-0.));
#2247 = PCURVE('',#723,#2248);
#2248 = DEFINITIONAL_REPRESENTATION('',(#2249),#2253);
#2249 = LINE('',#2250,#2251);
#2250 = CARTESIAN_POINT('',(0.,0.));
#2251 = VECTOR('',#2252,1.);
#2252 = DIRECTION('',(0.,1.));
#2253 = ( GEOMETRIC_REPRESENTATION_CONTEXT(2) 
PARAMETRIC_REPRESENTATION_CONTEXT() REPRESENTATION_CONTEXT('2D SPACE',''
  ) );
#2254 = PCURVE('',#1958,#2255);
#2255 = DEFINITIONAL_REPRESENTATION('',(#2256),#2260);
#2256 = LINE('',#2257,#2258);
#2257 = CARTESIAN_POINT('',(0.,0.));
#2258 = VECTOR('',#2259,1.);
#2259 = DIRECTION('',(1.,0.));
#2260 = ( GEOMETRIC_REPRESENTATION_CONTEXT(2) 
PARAMETRIC_REPRESENTATION_CONTEXT() REPRESENTATION_CONTEXT('2D SPACE',''
  ) );
#2261 = ORIENTED_EDGE('',*,*,#2107,.T.);
#2262 = ORIENTED_EDGE('',*,*,#708,.T.);
#2263 = ADVANCED_FACE('',(#2264),#985,.F.);
#2264 = FACE_BOUND('',#2265,.F.);
#2265 = EDGE_LOOP('',(#2266,#2290,#2312,#2313));
#2266 = ORIENTED_EDGE('',*,*,#2267,.T.);
#2267 = EDGE_CURVE('',#2196,#2268,#2270,.T.);
#2268 = VERTEX_POINT('',#2269);
#2269 = CARTESIAN_POINT('',(31.25,-21.,-109.5));
#2270 = SURFACE_CURVE('',#2271,(#2276,#2283),.PCURVE_S1.);
#2271 = CIRCLE('',#2272,2.25);
#2272 = AXIS2_PLACEMENT_3D('',#2273,#2274,#2275);
#2273 = CARTESIAN_POINT('',(29.,-21.,-109.5));
#2274 = DIRECTION('',(0.,0.,1.));
#2275 = DIRECTION('',(1.,0.,-0.));
#2276 = PCURVE('',#985,#2277);
#2277 = DEFINITIONAL_REPRESENTATION('',(#2278),#2282);
#2278 = CIRCLE('',#2279,2.25);
#2279 = AXIS2_PLACEMENT_2D('',#2280,#2281);
#2280 = CARTESIAN_POINT('',(0.,0.));
#2281 = DIRECTION('',(1.,0.));
#2282 = ( GEOMETRIC_REPRESENTATION_CONTEXT(2) 
PARAMETRIC_REPRESENTATION_CONTEXT() REPRESENTATION_CONTEXT('2D SPACE',''
  ) );
#2283 = PCURVE('',#959,#2284);
#2284 = DEFINITIONAL_REPRESENTATION('',(#2285),#2289);
#2285 = LINE('',#2286,#2287);
#2286 = CARTESIAN_POINT('',(0.,5.));
#2287 = VECTOR('',#2288,1.);
#2288 = DIRECTION('',(1.,0.));
#2289 = ( GEOMETRIC_REPRESENTATION_CONTEXT(2) 
PARAMETRIC_REPRESENTATION_CONTEXT() REPRESENTATION_CONTEXT('2D SPACE',''
  ) );
#2290 = ORIENTED_EDGE('',*,*,#2291,.T.);
#2291 = EDGE_CURVE('',#2268,#945,#2292,.T.);
#2292 = SURFACE_CURVE('',#2293,(#2298,#2305),.PCURVE_S1.);
#2293 = CIRCLE('',#2294,2.25);
#2294 = AXIS2_PLACEMENT_3D('',#2295,#2296,#2297);
#2295 = CARTESIAN_POINT('',(29.,-21.,-109.5));
#2296 = DIRECTION('',(0.,0.,1.));
#2297 = DIRECTION('',(1.,0.,-0.));
#2298 = PCURVE('',#985,#2299);
#2299 = DEFINITIONAL_REPRESENTATION('',(#2300),#2304);
#2300 = CIRCLE('',#2301,2.25);
#2301 = AXIS2_PLACEMENT_2D('',#2302,#2303);
#2302 = CARTESIAN_POINT('',(0.,0.));
#2303 = DIRECTION('',(1.,0.));
#2304 = ( GEOMETRIC_REPRESENTATION_CONTEXT(2) 
PARAMETRIC_REPRESENTATION_CONTEXT() REPRESENTATION_CONTEXT('2D SPACE',''
  ) );
#2305 = PCURVE('',#959,#2306);
#2306 = DEFINITIONAL_REPRESENTATION('',(#2307),#2311);
#2307 = LINE('',#2308,#2309);
#2308 = CARTESIAN_POINT('',(0.,5.));
#2309 = VECTOR('',#2310,1.);
#2310 = DIRECTION('',(1.,0.));
#2311 = ( GEOMETRIC_REPRESENTATION_CONTEXT(2) 
PARAMETRIC_REPRESENTATION_CONTEXT() REPRESENTATION_CONTEXT('2D SPACE',''
  ) );
#2312 = ORIENTED_EDGE('',*,*,#970,.F.);
#2313 = ORIENTED_EDGE('',*,*,#2216,.T.);
#2314 = ADVANCED_FACE('',(#2315),#959,.F.);
#2315 = FACE_BOUND('',#2316,.F.);
#2316 = EDGE_LOOP('',(#2317,#2340,#2341,#2342,#2364,#2365,#2366,#2367));
#2317 = ORIENTED_EDGE('',*,*,#2318,.T.);
#2318 = EDGE_CURVE('',#2319,#2268,#2321,.T.);
#2319 = VERTEX_POINT('',#2320);
#2320 = CARTESIAN_POINT('',(31.25,-21.,-114.));
#2321 = SEAM_CURVE('',#2322,(#2326,#2333),.PCURVE_S1.);
#2322 = LINE('',#2323,#2324);
#2323 = CARTESIAN_POINT('',(31.25,-21.,-114.5));
#2324 = VECTOR('',#2325,1.);
#2325 = DIRECTION('',(0.,0.,1.));
#2326 = PCURVE('',#959,#2327);
#2327 = DEFINITIONAL_REPRESENTATION('',(#2328),#2332);
#2328 = LINE('',#2329,#2330);
#2329 = CARTESIAN_POINT('',(6.28318530718,-0.));
#2330 = VECTOR('',#2331,1.);
#2331 = DIRECTION('',(0.,1.));
#2332 = ( GEOMETRIC_REPRESENTATION_CONTEXT(2) 
PARAMETRIC_REPRESENTATION_CONTEXT() REPRESENTATION_CONTEXT('2D SPACE',''
  ) );
#2333 = PCURVE('',#959,#2334);
#2334 = DEFINITIONAL_REPRESENTATION('',(#2335),#2339);
#2335 = LINE('',#2336,#2337);
#2336 = CARTESIAN_POINT('',(0.,-0.));
#2337 = VECTOR('',#2338,1.);
#2338 = DIRECTION('',(0.,1.));
#2339 = ( GEOMETRIC_REPRESENTATION_CONTEXT(2) 
PARAMETRIC_REPRESENTATION_CONTEXT() REPRESENTATION_CONTEXT('2D SPACE',''
  ) );
#2340 = ORIENTED_EDGE('',*,*,#2267,.F.);
#2341 = ORIENTED_EDGE('',*,*,#2195,.F.);
#2342 = ORIENTED_EDGE('',*,*,#2343,.F.);
#2343 = EDGE_CURVE('',#918,#2175,#2344,.T.);
#2344 = SURFACE_CURVE('',#2345,(#2350,#2357),.PCURVE_S1.);
#2345 = CIRCLE('',#2346,2.25);
#2346 = AXIS2_PLACEMENT_3D('',#2347,#2348,#2349);
#2347 = CARTESIAN_POINT('',(29.,-21.,-110.));
#2348 = DIRECTION('',(0.,0.,1.));
#2349 = DIRECTION('',(1.,0.,-0.));
#2350 = PCURVE('',#959,#2351);
#2351 = DEFINITIONAL_REPRESENTATION('',(#2352),#2356);
#2352 = LINE('',#2353,#2354);
#2353 = CARTESIAN_POINT('',(0.,4.5));
#2354 = VECTOR('',#2355,1.);
#2355 = DIRECTION('',(1.,0.));
#2356 = ( GEOMETRIC_REPRESENTATION_CONTEXT(2) 
PARAMETRIC_REPRESENTATION_CONTEXT() REPRESENTATION_CONTEXT('2D SPACE',''
  ) );
#2357 = PCURVE('',#933,#2358);
#2358 = DEFINITIONAL_REPRESENTATION('',(#2359),#2363);
#2359 = CIRCLE('',#2360,2.25);
#2360 = AXIS2_PLACEMENT_2D('',#2361,#2362);
#2361 = CARTESIAN_POINT('',(3.,7.));
#2362 = DIRECTION('',(1.,0.));
#2363 = ( GEOMETRIC_REPRESENTATION_CONTEXT(2) 
PARAMETRIC_REPRESENTATION_CONTEXT() REPRESENTATION_CONTEXT('2D SPACE',''
  ) );
#2364 = ORIENTED_EDGE('',*,*,#944,.T.);
#2365 = ORIENTED_EDGE('',*,*,#2291,.F.);
#2366 = ORIENTED_EDGE('',*,*,#2318,.F.);
#2367 = ORIENTED_EDGE('',*,*,#2368,.T.);
#2368 = EDGE_CURVE('',#2319,#2319,#2369,.T.);
#2369 = SURFACE_CURVE('',#2370,(#2375,#2382),.PCURVE_S1.);
#2370 = CIRCLE('',#2371,2.25);
#2371 = AXIS2_PLACEMENT_3D('',#2372,#2373,#2374);
#2372 = CARTESIAN_POINT('',(29.,-21.,-114.));
#2373 = DIRECTION('',(0.,0.,1.));
#2374 = DIRECTION('',(1.,0.,-0.));
#2375 = PCURVE('',#959,#2376);
#2376 = DEFINITIONAL_REPRESENTATION('',(#2377),#2381);
#2377 = LINE('',#2378,#2379);
#2378 = CARTESIAN_POINT('',(0.,0.5));
#2379 = VECTOR('',#2380,1.);
#2380 = DIRECTION('',(1.,0.));
#2381 = ( GEOMETRIC_REPRESENTATION_CONTEXT(2) 
PARAMETRIC_REPRESENTATION_CONTEXT() REPRESENTATION_CONTEXT('2D SPACE',''
  ) );
#2382 = PCURVE('',#2383,#2388);
#2383 = PLANE('',#2384);
#2384 = AXIS2_PLACEMENT_3D('',#2385,#2386,#2387);
#2385 = CARTESIAN_POINT('',(26.,-28.,-114.));
#2386 = DIRECTION('',(0.,0.,1.));
#2387 = DIRECTION('',(1.,0.,-0.));
#2388 = DEFINITIONAL_REPRESENTATION('',(#2389),#2393);
#2389 = CIRCLE('',#2390,2.25);
#2390 = AXIS2_PLACEMENT_2D('',#2391,#2392);
#2391 = CARTESIAN_POINT('',(3.,7.));
#2392 = DIRECTION('',(1.,0.));
#2393 = ( GEOMETRIC_REPRESENTATION_CONTEXT(2) 
PARAMETRIC_REPRESENTATION_CONTEXT() REPRESENTATION_CONTEXT('2D SPACE',''
  ) );
#2394 = ADVANCED_FACE('',(#2395),#933,.T.);
#2395 = FACE_BOUND('',#2396,.T.);
#2396 = EDGE_LOOP('',(#2397,#2427,#2455,#2481,#2507,#2533,#2561,#2582,
    #2583,#2584,#2585,#2609,#2631,#2632,#2655,#2683,#2706,#2733,#2762,
    #2786,#2813,#2842));
#2397 = ORIENTED_EDGE('',*,*,#2398,.F.);
#2398 = EDGE_CURVE('',#2399,#2401,#2403,.T.);
#2399 = VERTEX_POINT('',#2400);
#2400 = CARTESIAN_POINT('',(26.,28.,-110.));
#2401 = VERTEX_POINT('',#2402);
#2402 = CARTESIAN_POINT('',(29.,28.,-110.));
#2403 = SURFACE_CURVE('',#2404,(#2408,#2415),.PCURVE_S1.);
#2404 = LINE('',#2405,#2406);
#2405 = CARTESIAN_POINT('',(26.,28.,-110.));
#2406 = VECTOR('',#2407,1.);
#2407 = DIRECTION('',(1.,0.,-0.));
#2408 = PCURVE('',#933,#2409);
#2409 = DEFINITIONAL_REPRESENTATION('',(#2410),#2414);
#2410 = LINE('',#2411,#2412);
#2411 = CARTESIAN_POINT('',(0.,56.));
#2412 = VECTOR('',#2413,1.);
#2413 = DIRECTION('',(1.,0.));
#2414 = ( GEOMETRIC_REPRESENTATION_CONTEXT(2) 
PARAMETRIC_REPRESENTATION_CONTEXT() REPRESENTATION_CONTEXT('2D SPACE',''
  ) );
#2415 = PCURVE('',#2416,#2421);
#2416 = PLANE('',#2417);
#2417 = AXIS2_PLACEMENT_3D('',#2418,#2419,#2420);
#2418 = CARTESIAN_POINT('',(26.,28.,-114.));
#2419 = DIRECTION('',(-0.,1.,0.));
#2420 = DIRECTION('',(0.,0.,1.));
#2421 = DEFINITIONAL_REPRESENTATION('',(#2422),#2426);
#2422 = LINE('',#2423,#2424);
#2423 = CARTESIAN_POINT('',(4.,0.));
#2424 = VECTOR('',#2425,1.);
#2425 = DIRECTION('',(0.,1.));
#2426 = ( GEOMETRIC_REPRESENTATION_CONTEXT(2) 
PARAMETRIC_REPRESENTATION_CONTEXT() REPRESENTATION_CONTEXT('2D SPACE',''
  ) );
#2427 = ORIENTED_EDGE('',*,*,#2428,.F.);
#2428 = EDGE_CURVE('',#2429,#2399,#2431,.T.);
#2429 = VERTEX_POINT('',#2430);
#2430 = CARTESIAN_POINT('',(26.,17.5,-110.));
#2431 = SURFACE_CURVE('',#2432,(#2436,#2443),.PCURVE_S1.);
#2432 = LINE('',#2433,#2434);
#2433 = CARTESIAN_POINT('',(26.,-28.,-110.));
#2434 = VECTOR('',#2435,1.);
#2435 = DIRECTION('',(-0.,1.,0.));
#2436 = PCURVE('',#933,#2437);
#2437 = DEFINITIONAL_REPRESENTATION('',(#2438),#2442);
#2438 = LINE('',#2439,#2440);
#2439 = CARTESIAN_POINT('',(0.,0.));
#2440 = VECTOR('',#2441,1.);
#2441 = DIRECTION('',(0.,1.));
#2442 = ( GEOMETRIC_REPRESENTATION_CONTEXT(2) 
PARAMETRIC_REPRESENTATION_CONTEXT() REPRESENTATION_CONTEXT('2D SPACE',''
  ) );
#2443 = PCURVE('',#2444,#2449);
#2444 = PLANE('',#2445);
#2445 = AXIS2_PLACEMENT_3D('',#2446,#2447,#2448);
#2446 = CARTESIAN_POINT('',(26.,-28.,-114.));
#2447 = DIRECTION('',(1.,0.,-0.));
#2448 = DIRECTION('',(0.,0.,1.));
#2449 = DEFINITIONAL_REPRESENTATION('',(#2450),#2454);
#2450 = LINE('',#2451,#2452);
#2451 = CARTESIAN_POINT('',(4.,0.));
#2452 = VECTOR('',#2453,1.);
#2453 = DIRECTION('',(0.,-1.));
#2454 = ( GEOMETRIC_REPRESENTATION_CONTEXT(2) 
PARAMETRIC_REPRESENTATION_CONTEXT() REPRESENTATION_CONTEXT('2D SPACE',''
  ) );
#2455 = ORIENTED_EDGE('',*,*,#2456,.F.);
#2456 = EDGE_CURVE('',#2457,#2429,#2459,.T.);
#2457 = VERTEX_POINT('',#2458);
#2458 = CARTESIAN_POINT('',(30.5,17.5,-110.));
#2459 = SURFACE_CURVE('',#2460,(#2464,#2470),.PCURVE_S1.);
#2460 = LINE('',#2461,#2462);
#2461 = CARTESIAN_POINT('',(25.5,17.5,-110.));
#2462 = VECTOR('',#2463,1.);
#2463 = DIRECTION('',(-1.,-0.,0.));
#2464 = PCURVE('',#933,#2465);
#2465 = DEFINITIONAL_REPRESENTATION('',(#2466),#2469);
#2466 = B_SPLINE_CURVE_WITH_KNOTS('',1,(#2467,#2468),.UNSPECIFIED.,.F.,
  .F.,(2,2),(-5.,-0.5),.PIECEWISE_BEZIER_KNOTS.);
#2467 = CARTESIAN_POINT('',(4.5,45.5));
#2468 = CARTESIAN_POINT('',(0.,45.5));
#2469 = ( GEOMETRIC_REPRESENTATION_CONTEXT(2) 
PARAMETRIC_REPRESENTATION_CONTEXT() REPRESENTATION_CONTEXT('2D SPACE',''
  ) );
#2470 = PCURVE('',#2471,#2476);
#2471 = PLANE('',#2472);
#2472 = AXIS2_PLACEMENT_3D('',#2473,#2474,#2475);
#2473 = CARTESIAN_POINT('',(25.,17.5,-114.5));
#2474 = DIRECTION('',(-0.,1.,0.));
#2475 = DIRECTION('',(0.,0.,1.));
#2476 = DEFINITIONAL_REPRESENTATION('',(#2477),#2480);
#2477 = B_SPLINE_CURVE_WITH_KNOTS('',1,(#2478,#2479),.UNSPECIFIED.,.F.,
  .F.,(2,2),(-5.,-0.5),.PIECEWISE_BEZIER_KNOTS.);
#2478 = CARTESIAN_POINT('',(4.5,5.5));
#2479 = CARTESIAN_POINT('',(4.5,1.));
#2480 = ( GEOMETRIC_REPRESENTATION_CONTEXT(2) 
PARAMETRIC_REPRESENTATION_CONTEXT() REPRESENTATION_CONTEXT('2D SPACE',''
  ) );
#2481 = ORIENTED_EDGE('',*,*,#2482,.F.);
#2482 = EDGE_CURVE('',#2483,#2457,#2485,.T.);
#2483 = VERTEX_POINT('',#2484);
#2484 = CARTESIAN_POINT('',(30.5,-17.5,-110.));
#2485 = SURFACE_CURVE('',#2486,(#2490,#2496),.PCURVE_S1.);
#2486 = LINE('',#2487,#2488);
#2487 = CARTESIAN_POINT('',(30.5,-22.75,-110.));
#2488 = VECTOR('',#2489,1.);
#2489 = DIRECTION('',(-0.,1.,0.));
#2490 = PCURVE('',#933,#2491);
#2491 = DEFINITIONAL_REPRESENTATION('',(#2492),#2495);
#2492 = B_SPLINE_CURVE_WITH_KNOTS('',1,(#2493,#2494),.UNSPECIFIED.,.F.,
  .F.,(2,2),(5.25,40.25),.PIECEWISE_BEZIER_KNOTS.);
#2493 = CARTESIAN_POINT('',(4.5,10.5));
#2494 = CARTESIAN_POINT('',(4.5,45.5));
#2495 = ( GEOMETRIC_REPRESENTATION_CONTEXT(2) 
PARAMETRIC_REPRESENTATION_CONTEXT() REPRESENTATION_CONTEXT('2D SPACE',''
  ) );
#2496 = PCURVE('',#2497,#2502);
#2497 = PLANE('',#2498);
#2498 = AXIS2_PLACEMENT_3D('',#2499,#2500,#2501);
#2499 = CARTESIAN_POINT('',(30.5,-17.5,-114.5));
#2500 = DIRECTION('',(1.,0.,-0.));
#2501 = DIRECTION('',(0.,0.,1.));
#2502 = DEFINITIONAL_REPRESENTATION('',(#2503),#2506);
#2503 = B_SPLINE_CURVE_WITH_KNOTS('',1,(#2504,#2505),.UNSPECIFIED.,.F.,
  .F.,(2,2),(5.25,40.25),.PIECEWISE_BEZIER_KNOTS.);
#2504 = CARTESIAN_POINT('',(4.5,0.));
#2505 = CARTESIAN_POINT('',(4.5,-35.));
#2506 = ( GEOMETRIC_REPRESENTATION_CONTEXT(2) 
PARAMETRIC_REPRESENTATION_CONTEXT() REPRESENTATION_CONTEXT('2D SPACE',''
  ) );
#2507 = ORIENTED_EDGE('',*,*,#2508,.T.);
#2508 = EDGE_CURVE('',#2483,#2509,#2511,.T.);
#2509 = VERTEX_POINT('',#2510);
#2510 = CARTESIAN_POINT('',(26.,-17.5,-110.));
#2511 = SURFACE_CURVE('',#2512,(#2516,#2522),.PCURVE_S1.);
#2512 = LINE('',#2513,#2514);
#2513 = CARTESIAN_POINT('',(25.5,-17.5,-110.));
#2514 = VECTOR('',#2515,1.);
#2515 = DIRECTION('',(-1.,-0.,0.));
#2516 = PCURVE('',#933,#2517);
#2517 = DEFINITIONAL_REPRESENTATION('',(#2518),#2521);
#2518 = B_SPLINE_CURVE_WITH_KNOTS('',1,(#2519,#2520),.UNSPECIFIED.,.F.,
  .F.,(2,2),(-5.,-0.5),.PIECEWISE_BEZIER_KNOTS.);
#2519 = CARTESIAN_POINT('',(4.5,10.5));
#2520 = CARTESIAN_POINT('',(0.,10.5));
#2521 = ( GEOMETRIC_REPRESENTATION_CONTEXT(2) 
PARAMETRIC_REPRESENTATION_CONTEXT() REPRESENTATION_CONTEXT('2D SPACE',''
  ) );
#2522 = PCURVE('',#2523,#2528);
#2523 = PLANE('',#2524);
#2524 = AXIS2_PLACEMENT_3D('',#2525,#2526,#2527);
#2525 = CARTESIAN_POINT('',(25.,-17.5,-114.5));
#2526 = DIRECTION('',(-0.,1.,0.));
#2527 = DIRECTION('',(0.,0.,1.));
#2528 = DEFINITIONAL_REPRESENTATION('',(#2529),#2532);
#2529 = B_SPLINE_CURVE_WITH_KNOTS('',1,(#2530,#2531),.UNSPECIFIED.,.F.,
  .F.,(2,2),(-5.,-0.5),.PIECEWISE_BEZIER_KNOTS.);
#2530 = CARTESIAN_POINT('',(4.5,5.5));
#2531 = CARTESIAN_POINT('',(4.5,1.));
#2532 = ( GEOMETRIC_REPRESENTATION_CONTEXT(2) 
PARAMETRIC_REPRESENTATION_CONTEXT() REPRESENTATION_CONTEXT('2D SPACE',''
  ) );
#2533 = ORIENTED_EDGE('',*,*,#2534,.F.);
#2534 = EDGE_CURVE('',#2535,#2509,#2537,.T.);
#2535 = VERTEX_POINT('',#2536);
#2536 = CARTESIAN_POINT('',(26.,-28.,-110.));
#2537 = SURFACE_CURVE('',#2538,(#2542,#2549),.PCURVE_S1.);
#2538 = LINE('',#2539,#2540);
#2539 = CARTESIAN_POINT('',(26.,-28.,-110.));
#2540 = VECTOR('',#2541,1.);
#2541 = DIRECTION('',(-0.,1.,0.));
#2542 = PCURVE('',#933,#2543);
#2543 = DEFINITIONAL_REPRESENTATION('',(#2544),#2548);
#2544 = LINE('',#2545,#2546);
#2545 = CARTESIAN_POINT('',(0.,0.));
#2546 = VECTOR('',#2547,1.);
#2547 = DIRECTION('',(0.,1.));
#2548 = ( GEOMETRIC_REPRESENTATION_CONTEXT(2) 
PARAMETRIC_REPRESENTATION_CONTEXT() REPRESENTATION_CONTEXT('2D SPACE',''
  ) );
#2549 = PCURVE('',#2550,#2555);
#2550 = PLANE('',#2551);
#2551 = AXIS2_PLACEMENT_3D('',#2552,#2553,#2554);
#2552 = CARTESIAN_POINT('',(26.,-28.,-114.));
#2553 = DIRECTION('',(1.,0.,-0.));
#2554 = DIRECTION('',(0.,0.,1.));
#2555 = DEFINITIONAL_REPRESENTATION('',(#2556),#2560);
#2556 = LINE('',#2557,#2558);
#2557 = CARTESIAN_POINT('',(4.,0.));
#2558 = VECTOR('',#2559,1.);
#2559 = DIRECTION('',(0.,-1.));
#2560 = ( GEOMETRIC_REPRESENTATION_CONTEXT(2) 
PARAMETRIC_REPRESENTATION_CONTEXT() REPRESENTATION_CONTEXT('2D SPACE',''
  ) );
#2561 = ORIENTED_EDGE('',*,*,#2562,.T.);
#2562 = EDGE_CURVE('',#2535,#2154,#2563,.T.);
#2563 = SURFACE_CURVE('',#2564,(#2568,#2575),.PCURVE_S1.);
#2564 = LINE('',#2565,#2566);
#2565 = CARTESIAN_POINT('',(26.,-28.,-110.));
#2566 = VECTOR('',#2567,1.);
#2567 = DIRECTION('',(1.,0.,-0.));
#2568 = PCURVE('',#933,#2569);
#2569 = DEFINITIONAL_REPRESENTATION('',(#2570),#2574);
#2570 = LINE('',#2571,#2572);
#2571 = CARTESIAN_POINT('',(0.,0.));
#2572 = VECTOR('',#2573,1.);
#2573 = DIRECTION('',(1.,0.));
#2574 = ( GEOMETRIC_REPRESENTATION_CONTEXT(2) 
PARAMETRIC_REPRESENTATION_CONTEXT() REPRESENTATION_CONTEXT('2D SPACE',''
  ) );
#2575 = PCURVE('',#1986,#2576);
#2576 = DEFINITIONAL_REPRESENTATION('',(#2577),#2581);
#2577 = LINE('',#2578,#2579);
#2578 = CARTESIAN_POINT('',(4.,0.));
#2579 = VECTOR('',#2580,1.);
#2580 = DIRECTION('',(0.,1.));
#2581 = ( GEOMETRIC_REPRESENTATION_CONTEXT(2) 
PARAMETRIC_REPRESENTATION_CONTEXT() REPRESENTATION_CONTEXT('2D SPACE',''
  ) );
#2582 = ORIENTED_EDGE('',*,*,#2174,.F.);
#2583 = ORIENTED_EDGE('',*,*,#2343,.F.);
#2584 = ORIENTED_EDGE('',*,*,#917,.T.);
#2585 = ORIENTED_EDGE('',*,*,#2586,.F.);
#2586 = EDGE_CURVE('',#2587,#892,#2589,.T.);
#2587 = VERTEX_POINT('',#2588);
#2588 = CARTESIAN_POINT('',(37.25,-21.,-110.));
#2589 = SURFACE_CURVE('',#2590,(#2595,#2602),.PCURVE_S1.);
#2590 = CIRCLE('',#2591,2.25);
#2591 = AXIS2_PLACEMENT_3D('',#2592,#2593,#2594);
#2592 = CARTESIAN_POINT('',(35.,-21.,-110.));
#2593 = DIRECTION('',(0.,0.,1.));
#2594 = DIRECTION('',(1.,0.,-0.));
#2595 = PCURVE('',#933,#2596);
#2596 = DEFINITIONAL_REPRESENTATION('',(#2597),#2601);
#2597 = CIRCLE('',#2598,2.25);
#2598 = AXIS2_PLACEMENT_2D('',#2599,#2600);
#2599 = CARTESIAN_POINT('',(9.,7.));
#2600 = DIRECTION('',(1.,0.));
#2601 = ( GEOMETRIC_REPRESENTATION_CONTEXT(2) 
PARAMETRIC_REPRESENTATION_CONTEXT() REPRESENTATION_CONTEXT('2D SPACE',''
  ) );
#2602 = PCURVE('',#906,#2603);
#2603 = DEFINITIONAL_REPRESENTATION('',(#2604),#2608);
#2604 = LINE('',#2605,#2606);
#2605 = CARTESIAN_POINT('',(0.,4.5));
#2606 = VECTOR('',#2607,1.);
#2607 = DIRECTION('',(1.,0.));
#2608 = ( GEOMETRIC_REPRESENTATION_CONTEXT(2) 
PARAMETRIC_REPRESENTATION_CONTEXT() REPRESENTATION_CONTEXT('2D SPACE',''
  ) );
#2609 = ORIENTED_EDGE('',*,*,#2610,.F.);
#2610 = EDGE_CURVE('',#1998,#2587,#2611,.T.);
#2611 = SURFACE_CURVE('',#2612,(#2617,#2624),.PCURVE_S1.);
#2612 = CIRCLE('',#2613,2.25);
#2613 = AXIS2_PLACEMENT_3D('',#2614,#2615,#2616);
#2614 = CARTESIAN_POINT('',(35.,-21.,-110.));
#2615 = DIRECTION('',(0.,0.,1.));
#2616 = DIRECTION('',(1.,0.,-0.));
#2617 = PCURVE('',#933,#2618);
#2618 = DEFINITIONAL_REPRESENTATION('',(#2619),#2623);
#2619 = CIRCLE('',#2620,2.25);
#2620 = AXIS2_PLACEMENT_2D('',#2621,#2622);
#2621 = CARTESIAN_POINT('',(9.,7.));
#2622 = DIRECTION('',(1.,0.));
#2623 = ( GEOMETRIC_REPRESENTATION_CONTEXT(2) 
PARAMETRIC_REPRESENTATION_CONTEXT() REPRESENTATION_CONTEXT('2D SPACE',''
  ) );
#2624 = PCURVE('',#906,#2625);
#2625 = DEFINITIONAL_REPRESENTATION('',(#2626),#2630);
#2626 = LINE('',#2627,#2628);
#2627 = CARTESIAN_POINT('',(0.,4.5));
#2628 = VECTOR('',#2629,1.);
#2629 = DIRECTION('',(1.,0.));
#2630 = ( GEOMETRIC_REPRESENTATION_CONTEXT(2) 
PARAMETRIC_REPRESENTATION_CONTEXT() REPRESENTATION_CONTEXT('2D SPACE',''
  ) );
#2631 = ORIENTED_EDGE('',*,*,#1997,.T.);
#2632 = ORIENTED_EDGE('',*,*,#2633,.T.);
#2633 = EDGE_CURVE('',#1971,#2634,#2636,.T.);
#2634 = VERTEX_POINT('',#2635);
#2635 = CARTESIAN_POINT('',(38.,-28.,-110.));
#2636 = SURFACE_CURVE('',#2637,(#2641,#2648),.PCURVE_S1.);
#2637 = LINE('',#2638,#2639);
#2638 = CARTESIAN_POINT('',(26.,-28.,-110.));
#2639 = VECTOR('',#2640,1.);
#2640 = DIRECTION('',(1.,0.,-0.));
#2641 = PCURVE('',#933,#2642);
#2642 = DEFINITIONAL_REPRESENTATION('',(#2643),#2647);
#2643 = LINE('',#2644,#2645);
#2644 = CARTESIAN_POINT('',(0.,0.));
#2645 = VECTOR('',#2646,1.);
#2646 = DIRECTION('',(1.,0.));
#2647 = ( GEOMETRIC_REPRESENTATION_CONTEXT(2) 
PARAMETRIC_REPRESENTATION_CONTEXT() REPRESENTATION_CONTEXT('2D SPACE',''
  ) );
#2648 = PCURVE('',#1986,#2649);
#2649 = DEFINITIONAL_REPRESENTATION('',(#2650),#2654);
#2650 = LINE('',#2651,#2652);
#2651 = CARTESIAN_POINT('',(4.,0.));
#2652 = VECTOR('',#2653,1.);
#2653 = DIRECTION('',(0.,1.));
#2654 = ( GEOMETRIC_REPRESENTATION_CONTEXT(2) 
PARAMETRIC_REPRESENTATION_CONTEXT() REPRESENTATION_CONTEXT('2D SPACE',''
  ) );
#2655 = ORIENTED_EDGE('',*,*,#2656,.T.);
#2656 = EDGE_CURVE('',#2634,#2657,#2659,.T.);
#2657 = VERTEX_POINT('',#2658);
#2658 = CARTESIAN_POINT('',(38.,28.,-110.));
#2659 = SURFACE_CURVE('',#2660,(#2664,#2671),.PCURVE_S1.);
#2660 = LINE('',#2661,#2662);
#2661 = CARTESIAN_POINT('',(38.,-28.,-110.));
#2662 = VECTOR('',#2663,1.);
#2663 = DIRECTION('',(-0.,1.,0.));
#2664 = PCURVE('',#933,#2665);
#2665 = DEFINITIONAL_REPRESENTATION('',(#2666),#2670);
#2666 = LINE('',#2667,#2668);
#2667 = CARTESIAN_POINT('',(12.,0.));
#2668 = VECTOR('',#2669,1.);
#2669 = DIRECTION('',(0.,1.));
#2670 = ( GEOMETRIC_REPRESENTATION_CONTEXT(2) 
PARAMETRIC_REPRESENTATION_CONTEXT() REPRESENTATION_CONTEXT('2D SPACE',''
  ) );
#2671 = PCURVE('',#2672,#2677);
#2672 = PLANE('',#2673);
#2673 = AXIS2_PLACEMENT_3D('',#2674,#2675,#2676);
#2674 = CARTESIAN_POINT('',(38.,-28.,-114.));
#2675 = DIRECTION('',(1.,0.,-0.));
#2676 = DIRECTION('',(0.,0.,1.));
#2677 = DEFINITIONAL_REPRESENTATION('',(#2678),#2682);
#2678 = LINE('',#2679,#2680);
#2679 = CARTESIAN_POINT('',(4.,0.));
#2680 = VECTOR('',#2681,1.);
#2681 = DIRECTION('',(0.,-1.));
#2682 = ( GEOMETRIC_REPRESENTATION_CONTEXT(2) 
PARAMETRIC_REPRESENTATION_CONTEXT() REPRESENTATION_CONTEXT('2D SPACE',''
  ) );
#2683 = ORIENTED_EDGE('',*,*,#2684,.F.);
#2684 = EDGE_CURVE('',#2685,#2657,#2687,.T.);
#2685 = VERTEX_POINT('',#2686);
#2686 = CARTESIAN_POINT('',(35.,28.,-110.));
#2687 = SURFACE_CURVE('',#2688,(#2692,#2699),.PCURVE_S1.);
#2688 = LINE('',#2689,#2690);
#2689 = CARTESIAN_POINT('',(26.,28.,-110.));
#2690 = VECTOR('',#2691,1.);
#2691 = DIRECTION('',(1.,0.,-0.));
#2692 = PCURVE('',#933,#2693);
#2693 = DEFINITIONAL_REPRESENTATION('',(#2694),#2698);
#2694 = LINE('',#2695,#2696);
#2695 = CARTESIAN_POINT('',(0.,56.));
#2696 = VECTOR('',#2697,1.);
#2697 = DIRECTION('',(1.,0.));
#2698 = ( GEOMETRIC_REPRESENTATION_CONTEXT(2) 
PARAMETRIC_REPRESENTATION_CONTEXT() REPRESENTATION_CONTEXT('2D SPACE',''
  ) );
#2699 = PCURVE('',#2416,#2700);
#2700 = DEFINITIONAL_REPRESENTATION('',(#2701),#2705);
#2701 = LINE('',#2702,#2703);
#2702 = CARTESIAN_POINT('',(4.,0.));
#2703 = VECTOR('',#2704,1.);
#2704 = DIRECTION('',(0.,1.));
#2705 = ( GEOMETRIC_REPRESENTATION_CONTEXT(2) 
PARAMETRIC_REPRESENTATION_CONTEXT() REPRESENTATION_CONTEXT('2D SPACE',''
  ) );
#2706 = ORIENTED_EDGE('',*,*,#2707,.T.);
#2707 = EDGE_CURVE('',#2685,#2708,#2710,.T.);
#2708 = VERTEX_POINT('',#2709);
#2709 = CARTESIAN_POINT('',(35.,23.25,-110.));
#2710 = SURFACE_CURVE('',#2711,(#2715,#2721),.PCURVE_S1.);
#2711 = LINE('',#2712,#2713);
#2712 = CARTESIAN_POINT('',(35.,-4.25,-110.));
#2713 = VECTOR('',#2714,1.);
#2714 = DIRECTION('',(0.,-1.,0.));
#2715 = PCURVE('',#933,#2716);
#2716 = DEFINITIONAL_REPRESENTATION('',(#2717),#2720);
#2717 = B_SPLINE_CURVE_WITH_KNOTS('',1,(#2718,#2719),.UNSPECIFIED.,.F.,
  .F.,(2,2),(-32.25,-23.75),.PIECEWISE_BEZIER_KNOTS.);
#2718 = CARTESIAN_POINT('',(9.,56.));
#2719 = CARTESIAN_POINT('',(9.,47.5));
#2720 = ( GEOMETRIC_REPRESENTATION_CONTEXT(2) 
PARAMETRIC_REPRESENTATION_CONTEXT() REPRESENTATION_CONTEXT('2D SPACE',''
  ) );
#2721 = PCURVE('',#2722,#2727);
#2722 = PLANE('',#2723);
#2723 = AXIS2_PLACEMENT_3D('',#2724,#2725,#2726);
#2724 = CARTESIAN_POINT('',(35.,19.5,-112.));
#2725 = DIRECTION('',(1.,0.,-0.));
#2726 = DIRECTION('',(0.,0.,1.));
#2727 = DEFINITIONAL_REPRESENTATION('',(#2728),#2732);
#2728 = LINE('',#2729,#2730);
#2729 = CARTESIAN_POINT('',(2.,23.75));
#2730 = VECTOR('',#2731,1.);
#2731 = DIRECTION('',(0.,1.));
#2732 = ( GEOMETRIC_REPRESENTATION_CONTEXT(2) 
PARAMETRIC_REPRESENTATION_CONTEXT() REPRESENTATION_CONTEXT('2D SPACE',''
  ) );
#2733 = ORIENTED_EDGE('',*,*,#2734,.F.);
#2734 = EDGE_CURVE('',#2735,#2708,#2737,.T.);
#2735 = VERTEX_POINT('',#2736);
#2736 = CARTESIAN_POINT('',(37.25,21.,-110.));
#2737 = SURFACE_CURVE('',#2738,(#2743,#2750),.PCURVE_S1.);
#2738 = CIRCLE('',#2739,2.25);
#2739 = AXIS2_PLACEMENT_3D('',#2740,#2741,#2742);
#2740 = CARTESIAN_POINT('',(35.,21.,-110.));
#2741 = DIRECTION('',(0.,0.,1.));
#2742 = DIRECTION('',(1.,0.,-0.));
#2743 = PCURVE('',#933,#2744);
#2744 = DEFINITIONAL_REPRESENTATION('',(#2745),#2749);
#2745 = CIRCLE('',#2746,2.25);
#2746 = AXIS2_PLACEMENT_2D('',#2747,#2748);
#2747 = CARTESIAN_POINT('',(9.,49.));
#2748 = DIRECTION('',(1.,0.));
#2749 = ( GEOMETRIC_REPRESENTATION_CONTEXT(2) 
PARAMETRIC_REPRESENTATION_CONTEXT() REPRESENTATION_CONTEXT('2D SPACE',''
  ) );
#2750 = PCURVE('',#2751,#2756);
#2751 = CYLINDRICAL_SURFACE('',#2752,2.25);
#2752 = AXIS2_PLACEMENT_3D('',#2753,#2754,#2755);
#2753 = CARTESIAN_POINT('',(35.,21.,-114.5));
#2754 = DIRECTION('',(0.,0.,1.));
#2755 = DIRECTION('',(1.,0.,-0.));
#2756 = DEFINITIONAL_REPRESENTATION('',(#2757),#2761);
#2757 = LINE('',#2758,#2759);
#2758 = CARTESIAN_POINT('',(0.,4.5));
#2759 = VECTOR('',#2760,1.);
#2760 = DIRECTION('',(1.,0.));
#2761 = ( GEOMETRIC_REPRESENTATION_CONTEXT(2) 
PARAMETRIC_REPRESENTATION_CONTEXT() REPRESENTATION_CONTEXT('2D SPACE',''
  ) );
#2762 = ORIENTED_EDGE('',*,*,#2763,.F.);
#2763 = EDGE_CURVE('',#2764,#2735,#2766,.T.);
#2764 = VERTEX_POINT('',#2765);
#2765 = CARTESIAN_POINT('',(33.322949016875,19.5,-110.));
#2766 = SURFACE_CURVE('',#2767,(#2772,#2779),.PCURVE_S1.);
#2767 = CIRCLE('',#2768,2.25);
#2768 = AXIS2_PLACEMENT_3D('',#2769,#2770,#2771);
#2769 = CARTESIAN_POINT('',(35.,21.,-110.));
#2770 = DIRECTION('',(0.,0.,1.));
#2771 = DIRECTION('',(1.,0.,-0.));
#2772 = PCURVE('',#933,#2773);
#2773 = DEFINITIONAL_REPRESENTATION('',(#2774),#2778);
#2774 = CIRCLE('',#2775,2.25);
#2775 = AXIS2_PLACEMENT_2D('',#2776,#2777);
#2776 = CARTESIAN_POINT('',(9.,49.));
#2777 = DIRECTION('',(1.,0.));
#2778 = ( GEOMETRIC_REPRESENTATION_CONTEXT(2) 
PARAMETRIC_REPRESENTATION_CONTEXT() REPRESENTATION_CONTEXT('2D SPACE',''
  ) );
#2779 = PCURVE('',#2751,#2780);
#2780 = DEFINITIONAL_REPRESENTATION('',(#2781),#2785);
#2781 = LINE('',#2782,#2783);
#2782 = CARTESIAN_POINT('',(0.,4.5));
#2783 = VECTOR('',#2784,1.);
#2784 = DIRECTION('',(1.,0.));
#2785 = ( GEOMETRIC_REPRESENTATION_CONTEXT(2) 
PARAMETRIC_REPRESENTATION_CONTEXT() REPRESENTATION_CONTEXT('2D SPACE',''
  ) );
#2786 = ORIENTED_EDGE('',*,*,#2787,.F.);
#2787 = EDGE_CURVE('',#2788,#2764,#2790,.T.);
#2788 = VERTEX_POINT('',#2789);
#2789 = CARTESIAN_POINT('',(30.677050983125,19.5,-110.));
#2790 = SURFACE_CURVE('',#2791,(#2795,#2801),.PCURVE_S1.);
#2791 = LINE('',#2792,#2793);
#2792 = CARTESIAN_POINT('',(27.5,19.5,-110.));
#2793 = VECTOR('',#2794,1.);
#2794 = DIRECTION('',(1.,0.,-0.));
#2795 = PCURVE('',#933,#2796);
#2796 = DEFINITIONAL_REPRESENTATION('',(#2797),#2800);
#2797 = B_SPLINE_CURVE_WITH_KNOTS('',1,(#2798,#2799),.UNSPECIFIED.,.F.,
  .F.,(2,2),(1.5,7.5),.PIECEWISE_BEZIER_KNOTS.);
#2798 = CARTESIAN_POINT('',(3.,47.5));
#2799 = CARTESIAN_POINT('',(9.,47.5));
#2800 = ( GEOMETRIC_REPRESENTATION_CONTEXT(2) 
PARAMETRIC_REPRESENTATION_CONTEXT() REPRESENTATION_CONTEXT('2D SPACE',''
  ) );
#2801 = PCURVE('',#2802,#2807);
#2802 = PLANE('',#2803);
#2803 = AXIS2_PLACEMENT_3D('',#2804,#2805,#2806);
#2804 = CARTESIAN_POINT('',(29.,19.5,-112.));
#2805 = DIRECTION('',(-0.,1.,0.));
#2806 = DIRECTION('',(0.,0.,1.));
#2807 = DEFINITIONAL_REPRESENTATION('',(#2808),#2812);
#2808 = LINE('',#2809,#2810);
#2809 = CARTESIAN_POINT('',(2.,-1.5));
#2810 = VECTOR('',#2811,1.);
#2811 = DIRECTION('',(0.,1.));
#2812 = ( GEOMETRIC_REPRESENTATION_CONTEXT(2) 
PARAMETRIC_REPRESENTATION_CONTEXT() REPRESENTATION_CONTEXT('2D SPACE',''
  ) );
#2813 = ORIENTED_EDGE('',*,*,#2814,.F.);
#2814 = EDGE_CURVE('',#2815,#2788,#2817,.T.);
#2815 = VERTEX_POINT('',#2816);
#2816 = CARTESIAN_POINT('',(29.,23.25,-110.));
#2817 = SURFACE_CURVE('',#2818,(#2823,#2830),.PCURVE_S1.);
#2818 = CIRCLE('',#2819,2.25);
#2819 = AXIS2_PLACEMENT_3D('',#2820,#2821,#2822);
#2820 = CARTESIAN_POINT('',(29.,21.,-110.));
#2821 = DIRECTION('',(0.,0.,1.));
#2822 = DIRECTION('',(1.,0.,-0.));
#2823 = PCURVE('',#933,#2824);
#2824 = DEFINITIONAL_REPRESENTATION('',(#2825),#2829);
#2825 = CIRCLE('',#2826,2.25);
#2826 = AXIS2_PLACEMENT_2D('',#2827,#2828);
#2827 = CARTESIAN_POINT('',(3.,49.));
#2828 = DIRECTION('',(1.,0.));
#2829 = ( GEOMETRIC_REPRESENTATION_CONTEXT(2) 
PARAMETRIC_REPRESENTATION_CONTEXT() REPRESENTATION_CONTEXT('2D SPACE',''
  ) );
#2830 = PCURVE('',#2831,#2836);
#2831 = CYLINDRICAL_SURFACE('',#2832,2.25);
#2832 = AXIS2_PLACEMENT_3D('',#2833,#2834,#2835);
#2833 = CARTESIAN_POINT('',(29.,21.,-114.5));
#2834 = DIRECTION('',(0.,0.,1.));
#2835 = DIRECTION('',(1.,0.,-0.));
#2836 = DEFINITIONAL_REPRESENTATION('',(#2837),#2841);
#2837 = LINE('',#2838,#2839);
#2838 = CARTESIAN_POINT('',(0.,4.5));
#2839 = VECTOR('',#2840,1.);
#2840 = DIRECTION('',(1.,0.));
#2841 = ( GEOMETRIC_REPRESENTATION_CONTEXT(2) 
PARAMETRIC_REPRESENTATION_CONTEXT() REPRESENTATION_CONTEXT('2D SPACE',''
  ) );
#2842 = ORIENTED_EDGE('',*,*,#2843,.F.);
#2843 = EDGE_CURVE('',#2401,#2815,#2844,.T.);
#2844 = SURFACE_CURVE('',#2845,(#2849,#2855),.PCURVE_S1.);
#2845 = LINE('',#2846,#2847);
#2846 = CARTESIAN_POINT('',(29.,-4.25,-110.));
#2847 = VECTOR('',#2848,1.);
#2848 = DIRECTION('',(0.,-1.,0.));
#2849 = PCURVE('',#933,#2850);
#2850 = DEFINITIONAL_REPRESENTATION('',(#2851),#2854);
#2851 = B_SPLINE_CURVE_WITH_KNOTS('',1,(#2852,#2853),.UNSPECIFIED.,.F.,
  .F.,(2,2),(-32.25,-23.75),.PIECEWISE_BEZIER_KNOTS.);
#2852 = CARTESIAN_POINT('',(3.,56.));
#2853 = CARTESIAN_POINT('',(3.,47.5));
#2854 = ( GEOMETRIC_REPRESENTATION_CONTEXT(2) 
PARAMETRIC_REPRESENTATION_CONTEXT() REPRESENTATION_CONTEXT('2D SPACE',''
  ) );
#2855 = PCURVE('',#2856,#2861);
#2856 = PLANE('',#2857);
#2857 = AXIS2_PLACEMENT_3D('',#2858,#2859,#2860);
#2858 = CARTESIAN_POINT('',(29.,19.5,-112.));
#2859 = DIRECTION('',(1.,0.,-0.));
#2860 = DIRECTION('',(0.,0.,1.));
#2861 = DEFINITIONAL_REPRESENTATION('',(#2862),#2865);
#2862 = B_SPLINE_CURVE_WITH_KNOTS('',1,(#2863,#2864),.UNSPECIFIED.,.F.,
  .F.,(2,2),(-32.25,-23.75),.PIECEWISE_BEZIER_KNOTS.);
#2863 = CARTESIAN_POINT('',(2.,-8.5));
#2864 = CARTESIAN_POINT('',(2.,0.));
#2865 = ( GEOMETRIC_REPRESENTATION_CONTEXT(2) 
PARAMETRIC_REPRESENTATION_CONTEXT() REPRESENTATION_CONTEXT('2D SPACE',''
  ) );
#2866 = ADVANCED_FACE('',(#2867),#906,.F.);
#2867 = FACE_BOUND('',#2868,.F.);
#2868 = EDGE_LOOP('',(#2869,#2891,#2892,#2893,#2916,#2938,#2939,#2940));
#2869 = ORIENTED_EDGE('',*,*,#2870,.F.);
#2870 = EDGE_CURVE('',#866,#2020,#2871,.T.);
#2871 = SURFACE_CURVE('',#2872,(#2877,#2884),.PCURVE_S1.);
#2872 = CIRCLE('',#2873,2.25);
#2873 = AXIS2_PLACEMENT_3D('',#2874,#2875,#2876);
#2874 = CARTESIAN_POINT('',(35.,-21.,-109.5));
#2875 = DIRECTION('',(0.,0.,1.));
#2876 = DIRECTION('',(1.,0.,-0.));
#2877 = PCURVE('',#906,#2878);
#2878 = DEFINITIONAL_REPRESENTATION('',(#2879),#2883);
#2879 = LINE('',#2880,#2881);
#2880 = CARTESIAN_POINT('',(0.,5.));
#2881 = VECTOR('',#2882,1.);
#2882 = DIRECTION('',(1.,0.));
#2883 = ( GEOMETRIC_REPRESENTATION_CONTEXT(2) 
PARAMETRIC_REPRESENTATION_CONTEXT() REPRESENTATION_CONTEXT('2D SPACE',''
  ) );
#2884 = PCURVE('',#880,#2885);
#2885 = DEFINITIONAL_REPRESENTATION('',(#2886),#2890);
#2886 = CIRCLE('',#2887,2.25);
#2887 = AXIS2_PLACEMENT_2D('',#2888,#2889);
#2888 = CARTESIAN_POINT('',(0.,0.));
#2889 = DIRECTION('',(1.,0.));
#2890 = ( GEOMETRIC_REPRESENTATION_CONTEXT(2) 
PARAMETRIC_REPRESENTATION_CONTEXT() REPRESENTATION_CONTEXT('2D SPACE',''
  ) );
#2891 = ORIENTED_EDGE('',*,*,#891,.F.);
#2892 = ORIENTED_EDGE('',*,*,#2586,.F.);
#2893 = ORIENTED_EDGE('',*,*,#2894,.F.);
#2894 = EDGE_CURVE('',#2895,#2587,#2897,.T.);
#2895 = VERTEX_POINT('',#2896);
#2896 = CARTESIAN_POINT('',(37.25,-21.,-114.));
#2897 = SEAM_CURVE('',#2898,(#2902,#2909),.PCURVE_S1.);
#2898 = LINE('',#2899,#2900);
#2899 = CARTESIAN_POINT('',(37.25,-21.,-114.5));
#2900 = VECTOR('',#2901,1.);
#2901 = DIRECTION('',(0.,0.,1.));
#2902 = PCURVE('',#906,#2903);
#2903 = DEFINITIONAL_REPRESENTATION('',(#2904),#2908);
#2904 = LINE('',#2905,#2906);
#2905 = CARTESIAN_POINT('',(6.28318530718,-0.));
#2906 = VECTOR('',#2907,1.);
#2907 = DIRECTION('',(0.,1.));
#2908 = ( GEOMETRIC_REPRESENTATION_CONTEXT(2) 
PARAMETRIC_REPRESENTATION_CONTEXT() REPRESENTATION_CONTEXT('2D SPACE',''
  ) );
#2909 = PCURVE('',#906,#2910);
#2910 = DEFINITIONAL_REPRESENTATION('',(#2911),#2915);
#2911 = LINE('',#2912,#2913);
#2912 = CARTESIAN_POINT('',(0.,-0.));
#2913 = VECTOR('',#2914,1.);
#2914 = DIRECTION('',(0.,1.));
#2915 = ( GEOMETRIC_REPRESENTATION_CONTEXT(2) 
PARAMETRIC_REPRESENTATION_CONTEXT() REPRESENTATION_CONTEXT('2D SPACE',''
  ) );
#2916 = ORIENTED_EDGE('',*,*,#2917,.T.);
#2917 = EDGE_CURVE('',#2895,#2895,#2918,.T.);
#2918 = SURFACE_CURVE('',#2919,(#2924,#2931),.PCURVE_S1.);
#2919 = CIRCLE('',#2920,2.25);
#2920 = AXIS2_PLACEMENT_3D('',#2921,#2922,#2923);
#2921 = CARTESIAN_POINT('',(35.,-21.,-114.));
#2922 = DIRECTION('',(0.,0.,1.));
#2923 = DIRECTION('',(1.,0.,-0.));
#2924 = PCURVE('',#906,#2925);
#2925 = DEFINITIONAL_REPRESENTATION('',(#2926),#2930);
#2926 = LINE('',#2927,#2928);
#2927 = CARTESIAN_POINT('',(0.,0.5));
#2928 = VECTOR('',#2929,1.);
#2929 = DIRECTION('',(1.,0.));
#2930 = ( GEOMETRIC_REPRESENTATION_CONTEXT(2) 
PARAMETRIC_REPRESENTATION_CONTEXT() REPRESENTATION_CONTEXT('2D SPACE',''
  ) );
#2931 = PCURVE('',#2383,#2932);
#2932 = DEFINITIONAL_REPRESENTATION('',(#2933),#2937);
#2933 = CIRCLE('',#2934,2.25);
#2934 = AXIS2_PLACEMENT_2D('',#2935,#2936);
#2935 = CARTESIAN_POINT('',(9.,7.));
#2936 = DIRECTION('',(1.,0.));
#2937 = ( GEOMETRIC_REPRESENTATION_CONTEXT(2) 
PARAMETRIC_REPRESENTATION_CONTEXT() REPRESENTATION_CONTEXT('2D SPACE',''
  ) );
#2938 = ORIENTED_EDGE('',*,*,#2894,.T.);
#2939 = ORIENTED_EDGE('',*,*,#2610,.F.);
#2940 = ORIENTED_EDGE('',*,*,#2019,.T.);
#2941 = ADVANCED_FACE('',(#2942),#880,.F.);
#2942 = FACE_BOUND('',#2943,.F.);
#2943 = EDGE_LOOP('',(#2944,#2945,#2946));
#2944 = ORIENTED_EDGE('',*,*,#865,.F.);
#2945 = ORIENTED_EDGE('',*,*,#2870,.T.);
#2946 = ORIENTED_EDGE('',*,*,#2040,.F.);
#2947 = ADVANCED_FACE('',(#2948),#830,.T.);
#2948 = FACE_BOUND('',#2949,.T.);
#2949 = EDGE_LOOP('',(#2950,#2973,#2994,#2995));
#2950 = ORIENTED_EDGE('',*,*,#2951,.F.);
#2951 = EDGE_CURVE('',#2952,#787,#2954,.T.);
#2952 = VERTEX_POINT('',#2953);
#2953 = CARTESIAN_POINT('',(29.,-29.5,-88.));
#2954 = SURFACE_CURVE('',#2955,(#2959,#2966),.PCURVE_S1.);
#2955 = LINE('',#2956,#2957);
#2956 = CARTESIAN_POINT('',(29.,-29.5,-88.));
#2957 = VECTOR('',#2958,1.);
#2958 = DIRECTION('',(-0.,1.,0.));
#2959 = PCURVE('',#830,#2960);
#2960 = DEFINITIONAL_REPRESENTATION('',(#2961),#2965);
#2961 = LINE('',#2962,#2963);
#2962 = CARTESIAN_POINT('',(0.,0.));
#2963 = VECTOR('',#2964,1.);
#2964 = DIRECTION('',(0.,1.));
#2965 = ( GEOMETRIC_REPRESENTATION_CONTEXT(2) 
PARAMETRIC_REPRESENTATION_CONTEXT() REPRESENTATION_CONTEXT('2D SPACE',''
  ) );
#2966 = PCURVE('',#802,#2967);
#2967 = DEFINITIONAL_REPRESENTATION('',(#2968),#2972);
#2968 = LINE('',#2969,#2970);
#2969 = CARTESIAN_POINT('',(24.,0.));
#2970 = VECTOR('',#2971,1.);
#2971 = DIRECTION('',(0.,-1.));
#2972 = ( GEOMETRIC_REPRESENTATION_CONTEXT(2) 
PARAMETRIC_REPRESENTATION_CONTEXT() REPRESENTATION_CONTEXT('2D SPACE',''
  ) );
#2973 = ORIENTED_EDGE('',*,*,#2974,.T.);
#2974 = EDGE_CURVE('',#2952,#2061,#2975,.T.);
#2975 = SURFACE_CURVE('',#2976,(#2980,#2987),.PCURVE_S1.);
#2976 = LINE('',#2977,#2978);
#2977 = CARTESIAN_POINT('',(29.,-29.5,-88.));
#2978 = VECTOR('',#2979,1.);
#2979 = DIRECTION('',(1.,0.,-0.));
#2980 = PCURVE('',#830,#2981);
#2981 = DEFINITIONAL_REPRESENTATION('',(#2982),#2986);
#2982 = LINE('',#2983,#2984);
#2983 = CARTESIAN_POINT('',(0.,0.));
#2984 = VECTOR('',#2985,1.);
#2985 = DIRECTION('',(1.,0.));
#2986 = ( GEOMETRIC_REPRESENTATION_CONTEXT(2) 
PARAMETRIC_REPRESENTATION_CONTEXT() REPRESENTATION_CONTEXT('2D SPACE',''
  ) );
#2987 = PCURVE('',#1101,#2988);
#2988 = DEFINITIONAL_REPRESENTATION('',(#2989),#2993);
#2989 = LINE('',#2990,#2991);
#2990 = CARTESIAN_POINT('',(24.,0.));
#2991 = VECTOR('',#2992,1.);
#2992 = DIRECTION('',(0.,1.));
#2993 = ( GEOMETRIC_REPRESENTATION_CONTEXT(2) 
PARAMETRIC_REPRESENTATION_CONTEXT() REPRESENTATION_CONTEXT('2D SPACE',''
  ) );
#2994 = ORIENTED_EDGE('',*,*,#2060,.T.);
#2995 = ORIENTED_EDGE('',*,*,#814,.F.);
#2996 = ADVANCED_FACE('',(#2997),#802,.F.);
#2997 = FACE_BOUND('',#2998,.F.);
#2998 = EDGE_LOOP('',(#2999,#3020,#3021,#3022));
#2999 = ORIENTED_EDGE('',*,*,#3000,.F.);
#3000 = EDGE_CURVE('',#1087,#2952,#3001,.T.);
#3001 = SURFACE_CURVE('',#3002,(#3006,#3013),.PCURVE_S1.);
#3002 = LINE('',#3003,#3004);
#3003 = CARTESIAN_POINT('',(29.,-29.5,-112.));
#3004 = VECTOR('',#3005,1.);
#3005 = DIRECTION('',(0.,0.,1.));
#3006 = PCURVE('',#802,#3007);
#3007 = DEFINITIONAL_REPRESENTATION('',(#3008),#3012);
#3008 = LINE('',#3009,#3010);
#3009 = CARTESIAN_POINT('',(0.,0.));
#3010 = VECTOR('',#3011,1.);
#3011 = DIRECTION('',(1.,0.));
#3012 = ( GEOMETRIC_REPRESENTATION_CONTEXT(2) 
PARAMETRIC_REPRESENTATION_CONTEXT() REPRESENTATION_CONTEXT('2D SPACE',''
  ) );
#3013 = PCURVE('',#1101,#3014);
#3014 = DEFINITIONAL_REPRESENTATION('',(#3015),#3019);
#3015 = LINE('',#3016,#3017);
#3016 = CARTESIAN_POINT('',(0.,0.));
#3017 = VECTOR('',#3018,1.);
#3018 = DIRECTION('',(1.,0.));
#3019 = ( GEOMETRIC_REPRESENTATION_CONTEXT(2) 
PARAMETRIC_REPRESENTATION_CONTEXT() REPRESENTATION_CONTEXT('2D SPACE',''
  ) );
#3020 = ORIENTED_EDGE('',*,*,#1112,.F.);
#3021 = ORIENTED_EDGE('',*,*,#786,.T.);
#3022 = ORIENTED_EDGE('',*,*,#2951,.F.);
#3023 = ADVANCED_FACE('',(#3024),#1101,.F.);
#3024 = FACE_BOUND('',#3025,.F.);
#3025 = EDGE_LOOP('',(#3026,#3027,#3028,#3029));
#3026 = ORIENTED_EDGE('',*,*,#2083,.F.);
#3027 = ORIENTED_EDGE('',*,*,#1086,.F.);
#3028 = ORIENTED_EDGE('',*,*,#3000,.T.);
#3029 = ORIENTED_EDGE('',*,*,#2974,.T.);
#3030 = ADVANCED_FACE('',(#3031),#1199,.F.);
#3031 = FACE_BOUND('',#3032,.F.);
#3032 = EDGE_LOOP('',(#3033,#3034,#3035,#3036,#3059,#3087));
#3033 = ORIENTED_EDGE('',*,*,#1384,.F.);
#3034 = ORIENTED_EDGE('',*,*,#1183,.F.);
#3035 = ORIENTED_EDGE('',*,*,#1587,.T.);
#3036 = ORIENTED_EDGE('',*,*,#3037,.F.);
#3037 = EDGE_CURVE('',#3038,#1565,#3040,.T.);
#3038 = VERTEX_POINT('',#3039);
#3039 = CARTESIAN_POINT('',(32.,-10.1,25.05));
#3040 = SURFACE_CURVE('',#3041,(#3045,#3052),.PCURVE_S1.);
#3041 = LINE('',#3042,#3043);
#3042 = CARTESIAN_POINT('',(32.,-10.1,25.05));
#3043 = VECTOR('',#3044,1.);
#3044 = DIRECTION('',(0.,0.,-1.));
#3045 = PCURVE('',#1199,#3046);
#3046 = DEFINITIONAL_REPRESENTATION('',(#3047),#3051);
#3047 = LINE('',#3048,#3049);
#3048 = CARTESIAN_POINT('',(23.75,-29.4));
#3049 = VECTOR('',#3050,1.);
#3050 = DIRECTION('',(-1.,0.));
#3051 = ( GEOMETRIC_REPRESENTATION_CONTEXT(2) 
PARAMETRIC_REPRESENTATION_CONTEXT() REPRESENTATION_CONTEXT('2D SPACE',''
  ) );
#3052 = PCURVE('',#1477,#3053);
#3053 = DEFINITIONAL_REPRESENTATION('',(#3054),#3058);
#3054 = LINE('',#3055,#3056);
#3055 = CARTESIAN_POINT('',(23.75,0.));
#3056 = VECTOR('',#3057,1.);
#3057 = DIRECTION('',(-1.,0.));
#3058 = ( GEOMETRIC_REPRESENTATION_CONTEXT(2) 
PARAMETRIC_REPRESENTATION_CONTEXT() REPRESENTATION_CONTEXT('2D SPACE',''
  ) );
#3059 = ORIENTED_EDGE('',*,*,#3060,.F.);
#3060 = EDGE_CURVE('',#3061,#3038,#3063,.T.);
#3061 = VERTEX_POINT('',#3062);
#3062 = CARTESIAN_POINT('',(32.,-20.1,25.05));
#3063 = SURFACE_CURVE('',#3064,(#3068,#3075),.PCURVE_S1.);
#3064 = LINE('',#3065,#3066);
#3065 = CARTESIAN_POINT('',(32.,-20.1,25.05));
#3066 = VECTOR('',#3067,1.);
#3067 = DIRECTION('',(-0.,1.,0.));
#3068 = PCURVE('',#1199,#3069);
#3069 = DEFINITIONAL_REPRESENTATION('',(#3070),#3074);
#3070 = LINE('',#3071,#3072);
#3071 = CARTESIAN_POINT('',(23.75,-19.4));
#3072 = VECTOR('',#3073,1.);
#3073 = DIRECTION('',(0.,-1.));
#3074 = ( GEOMETRIC_REPRESENTATION_CONTEXT(2) 
PARAMETRIC_REPRESENTATION_CONTEXT() REPRESENTATION_CONTEXT('2D SPACE',''
  ) );
#3075 = PCURVE('',#3076,#3081);
#3076 = PLANE('',#3077);
#3077 = AXIS2_PLACEMENT_3D('',#3078,#3079,#3080);
#3078 = CARTESIAN_POINT('',(32.,-20.1,25.05));
#3079 = DIRECTION('',(0.,0.,1.));
#3080 = DIRECTION('',(1.,0.,-0.));
#3081 = DEFINITIONAL_REPRESENTATION('',(#3082),#3086);
#3082 = LINE('',#3083,#3084);
#3083 = CARTESIAN_POINT('',(0.,0.));
#3084 = VECTOR('',#3085,1.);
#3085 = DIRECTION('',(0.,1.));
#3086 = ( GEOMETRIC_REPRESENTATION_CONTEXT(2) 
PARAMETRIC_REPRESENTATION_CONTEXT() REPRESENTATION_CONTEXT('2D SPACE',''
  ) );
#3087 = ORIENTED_EDGE('',*,*,#3088,.F.);
#3088 = EDGE_CURVE('',#1357,#3061,#3089,.T.);
#3089 = SURFACE_CURVE('',#3090,(#3094,#3101),.PCURVE_S1.);
#3090 = LINE('',#3091,#3092);
#3091 = CARTESIAN_POINT('',(32.,-20.1,1.3));
#3092 = VECTOR('',#3093,1.);
#3093 = DIRECTION('',(0.,0.,1.));
#3094 = PCURVE('',#1199,#3095);
#3095 = DEFINITIONAL_REPRESENTATION('',(#3096),#3100);
#3096 = LINE('',#3097,#3098);
#3097 = CARTESIAN_POINT('',(8.881784197001E-16,-19.4));
#3098 = VECTOR('',#3099,1.);
#3099 = DIRECTION('',(1.,0.));
#3100 = ( GEOMETRIC_REPRESENTATION_CONTEXT(2) 
PARAMETRIC_REPRESENTATION_CONTEXT() REPRESENTATION_CONTEXT('2D SPACE',''
  ) );
#3101 = PCURVE('',#1372,#3102);
#3102 = DEFINITIONAL_REPRESENTATION('',(#3103),#3107);
#3103 = LINE('',#3104,#3105);
#3104 = CARTESIAN_POINT('',(0.,0.));
#3105 = VECTOR('',#3106,1.);
#3106 = DIRECTION('',(1.,0.));
#3107 = ( GEOMETRIC_REPRESENTATION_CONTEXT(2) 
PARAMETRIC_REPRESENTATION_CONTEXT() REPRESENTATION_CONTEXT('2D SPACE',''
  ) );
#3108 = ADVANCED_FACE('',(#3109),#1296,.F.);
#3109 = FACE_BOUND('',#3110,.F.);
#3110 = EDGE_LOOP('',(#3111,#3112,#3113,#3114));
#3111 = ORIENTED_EDGE('',*,*,#1747,.F.);
#3112 = ORIENTED_EDGE('',*,*,#1280,.F.);
#3113 = ORIENTED_EDGE('',*,*,#1892,.T.);
#3114 = ORIENTED_EDGE('',*,*,#3115,.T.);
#3115 = EDGE_CURVE('',#1870,#1720,#3116,.T.);
#3116 = SURFACE_CURVE('',#3117,(#3121,#3128),.PCURVE_S1.);
#3117 = LINE('',#3118,#3119);
#3118 = CARTESIAN_POINT('',(32.,-10.1,-25.05));
#3119 = VECTOR('',#3120,1.);
#3120 = DIRECTION('',(0.,0.,1.));
#3121 = PCURVE('',#1296,#3122);
#3122 = DEFINITIONAL_REPRESENTATION('',(#3123),#3127);
#3123 = LINE('',#3124,#3125);
#3124 = CARTESIAN_POINT('',(0.,-29.4));
#3125 = VECTOR('',#3126,1.);
#3126 = DIRECTION('',(1.,0.));
#3127 = ( GEOMETRIC_REPRESENTATION_CONTEXT(2) 
PARAMETRIC_REPRESENTATION_CONTEXT() REPRESENTATION_CONTEXT('2D SPACE',''
  ) );
#3128 = PCURVE('',#1735,#3129);
#3129 = DEFINITIONAL_REPRESENTATION('',(#3130),#3134);
#3130 = LINE('',#3131,#3132);
#3131 = CARTESIAN_POINT('',(0.,0.));
#3132 = VECTOR('',#3133,1.);
#3133 = DIRECTION('',(1.,0.));
#3134 = ( GEOMETRIC_REPRESENTATION_CONTEXT(2) 
PARAMETRIC_REPRESENTATION_CONTEXT() REPRESENTATION_CONTEXT('2D SPACE',''
  ) );
#3135 = ADVANCED_FACE('',(#3136,#3213),#1372,.F.);
#3136 = FACE_BOUND('',#3137,.F.);
#3137 = EDGE_LOOP('',(#3138,#3139,#3140,#3141,#3164,#3192));
#3138 = ORIENTED_EDGE('',*,*,#1516,.F.);
#3139 = ORIENTED_EDGE('',*,*,#1356,.F.);
#3140 = ORIENTED_EDGE('',*,*,#3088,.T.);
#3141 = ORIENTED_EDGE('',*,*,#3142,.F.);
#3142 = EDGE_CURVE('',#3143,#3061,#3145,.T.);
#3143 = VERTEX_POINT('',#3144);
#3144 = CARTESIAN_POINT('',(39.85,-20.1,25.05));
#3145 = SURFACE_CURVE('',#3146,(#3150,#3157),.PCURVE_S1.);
#3146 = LINE('',#3147,#3148);
#3147 = CARTESIAN_POINT('',(39.85,-20.1,25.05));
#3148 = VECTOR('',#3149,1.);
#3149 = DIRECTION('',(-1.,0.,-4.5257499093E-16));
#3150 = PCURVE('',#1372,#3151);
#3151 = DEFINITIONAL_REPRESENTATION('',(#3152),#3156);
#3152 = LINE('',#3153,#3154);
#3153 = CARTESIAN_POINT('',(23.75,7.85));
#3154 = VECTOR('',#3155,1.);
#3155 = DIRECTION('',(-4.5257499093E-16,-1.));
#3156 = ( GEOMETRIC_REPRESENTATION_CONTEXT(2) 
PARAMETRIC_REPRESENTATION_CONTEXT() REPRESENTATION_CONTEXT('2D SPACE',''
  ) );
#3157 = PCURVE('',#3076,#3158);
#3158 = DEFINITIONAL_REPRESENTATION('',(#3159),#3163);
#3159 = LINE('',#3160,#3161);
#3160 = CARTESIAN_POINT('',(7.85,0.));
#3161 = VECTOR('',#3162,1.);
#3162 = DIRECTION('',(-1.,0.));
#3163 = ( GEOMETRIC_REPRESENTATION_CONTEXT(2) 
PARAMETRIC_REPRESENTATION_CONTEXT() REPRESENTATION_CONTEXT('2D SPACE',''
  ) );
#3164 = ORIENTED_EDGE('',*,*,#3165,.F.);
#3165 = EDGE_CURVE('',#3166,#3143,#3168,.T.);
#3166 = VERTEX_POINT('',#3167);
#3167 = CARTESIAN_POINT('',(39.85,-20.1,17.65));
#3168 = SURFACE_CURVE('',#3169,(#3173,#3180),.PCURVE_S1.);
#3169 = LINE('',#3170,#3171);
#3170 = CARTESIAN_POINT('',(39.85,-20.1,17.65));
#3171 = VECTOR('',#3172,1.);
#3172 = DIRECTION('',(0.,0.,1.));
#3173 = PCURVE('',#1372,#3174);
#3174 = DEFINITIONAL_REPRESENTATION('',(#3175),#3179);
#3175 = LINE('',#3176,#3177);
#3176 = CARTESIAN_POINT('',(16.35,7.85));
#3177 = VECTOR('',#3178,1.);
#3178 = DIRECTION('',(1.,0.));
#3179 = ( GEOMETRIC_REPRESENTATION_CONTEXT(2) 
PARAMETRIC_REPRESENTATION_CONTEXT() REPRESENTATION_CONTEXT('2D SPACE',''
  ) );
#3180 = PCURVE('',#3181,#3186);
#3181 = PLANE('',#3182);
#3182 = AXIS2_PLACEMENT_3D('',#3183,#3184,#3185);
#3183 = CARTESIAN_POINT('',(39.85,-20.1,17.65));
#3184 = DIRECTION('',(1.,0.,-0.));
#3185 = DIRECTION('',(0.,0.,1.));
#3186 = DEFINITIONAL_REPRESENTATION('',(#3187),#3191);
#3187 = LINE('',#3188,#3189);
#3188 = CARTESIAN_POINT('',(0.,0.));
#3189 = VECTOR('',#3190,1.);
#3190 = DIRECTION('',(1.,0.));
#3191 = ( GEOMETRIC_REPRESENTATION_CONTEXT(2) 
PARAMETRIC_REPRESENTATION_CONTEXT() REPRESENTATION_CONTEXT('2D SPACE',''
  ) );
#3192 = ORIENTED_EDGE('',*,*,#3193,.F.);
#3193 = EDGE_CURVE('',#1490,#3166,#3194,.T.);
#3194 = SURFACE_CURVE('',#3195,(#3199,#3206),.PCURVE_S1.);
#3195 = LINE('',#3196,#3197);
#3196 = CARTESIAN_POINT('',(33.4,-20.1,17.65));
#3197 = VECTOR('',#3198,1.);
#3198 = DIRECTION('',(1.,0.,-0.));
#3199 = PCURVE('',#1372,#3200);
#3200 = DEFINITIONAL_REPRESENTATION('',(#3201),#3205);
#3201 = LINE('',#3202,#3203);
#3202 = CARTESIAN_POINT('',(16.35,1.4));
#3203 = VECTOR('',#3204,1.);
#3204 = DIRECTION('',(0.,1.));
#3205 = ( GEOMETRIC_REPRESENTATION_CONTEXT(2) 
PARAMETRIC_REPRESENTATION_CONTEXT() REPRESENTATION_CONTEXT('2D SPACE',''
  ) );
#3206 = PCURVE('',#1505,#3207);
#3207 = DEFINITIONAL_REPRESENTATION('',(#3208),#3212);
#3208 = LINE('',#3209,#3210);
#3209 = CARTESIAN_POINT('',(0.,0.));
#3210 = VECTOR('',#3211,1.);
#3211 = DIRECTION('',(1.,0.));
#3212 = ( GEOMETRIC_REPRESENTATION_CONTEXT(2) 
PARAMETRIC_REPRESENTATION_CONTEXT() REPRESENTATION_CONTEXT('2D SPACE',''
  ) );
#3213 = FACE_BOUND('',#3214,.F.);
#3214 = EDGE_LOOP('',(#3215));
#3215 = ORIENTED_EDGE('',*,*,#3216,.F.);
#3216 = EDGE_CURVE('',#3217,#3217,#3219,.T.);
#3217 = VERTEX_POINT('',#3218);
#3218 = CARTESIAN_POINT('',(38.8,-20.1,21.35));
#3219 = SURFACE_CURVE('',#3220,(#3225,#3232),.PCURVE_S1.);
#3220 = CIRCLE('',#3221,1.7);
#3221 = AXIS2_PLACEMENT_3D('',#3222,#3223,#3224);
#3222 = CARTESIAN_POINT('',(37.1,-20.1,21.35));
#3223 = DIRECTION('',(-0.,1.,0.));
#3224 = DIRECTION('',(1.,0.,0.));
#3225 = PCURVE('',#1372,#3226);
#3226 = DEFINITIONAL_REPRESENTATION('',(#3227),#3231);
#3227 = CIRCLE('',#3228,1.7);
#3228 = AXIS2_PLACEMENT_2D('',#3229,#3230);
#3229 = CARTESIAN_POINT('',(20.05,5.1));
#3230 = DIRECTION('',(0.,1.));
#3231 = ( GEOMETRIC_REPRESENTATION_CONTEXT(2) 
PARAMETRIC_REPRESENTATION_CONTEXT() REPRESENTATION_CONTEXT('2D SPACE',''
  ) );
#3232 = PCURVE('',#3233,#3238);
#3233 = CYLINDRICAL_SURFACE('',#3234,1.7);
#3234 = AXIS2_PLACEMENT_3D('',#3235,#3236,#3237);
#3235 = CARTESIAN_POINT('',(37.1,-20.6,21.35));
#3236 = DIRECTION('',(0.,1.,0.));
#3237 = DIRECTION('',(1.,0.,0.));
#3238 = DEFINITIONAL_REPRESENTATION('',(#3239),#3243);
#3239 = LINE('',#3240,#3241);
#3240 = CARTESIAN_POINT('',(0.,0.5));
#3241 = VECTOR('',#3242,1.);
#3242 = DIRECTION('',(1.,0.));
#3243 = ( GEOMETRIC_REPRESENTATION_CONTEXT(2) 
PARAMETRIC_REPRESENTATION_CONTEXT() REPRESENTATION_CONTEXT('2D SPACE',''
  ) );
#3244 = ADVANCED_FACE('',(#3245,#3317,#3431),#1477,.T.);
#3245 = FACE_BOUND('',#3246,.T.);
#3246 = EDGE_LOOP('',(#3247,#3248,#3249,#3272,#3295,#3316));
#3247 = ORIENTED_EDGE('',*,*,#1564,.F.);
#3248 = ORIENTED_EDGE('',*,*,#3037,.F.);
#3249 = ORIENTED_EDGE('',*,*,#3250,.T.);
#3250 = EDGE_CURVE('',#3038,#3251,#3253,.T.);
#3251 = VERTEX_POINT('',#3252);
#3252 = CARTESIAN_POINT('',(39.85,-10.1,25.05));
#3253 = SURFACE_CURVE('',#3254,(#3258,#3265),.PCURVE_S1.);
#3254 = LINE('',#3255,#3256);
#3255 = CARTESIAN_POINT('',(32.,-10.1,25.05));
#3256 = VECTOR('',#3257,1.);
#3257 = DIRECTION('',(1.,0.,4.5257499093E-16));
#3258 = PCURVE('',#1477,#3259);
#3259 = DEFINITIONAL_REPRESENTATION('',(#3260),#3264);
#3260 = LINE('',#3261,#3262);
#3261 = CARTESIAN_POINT('',(23.75,0.));
#3262 = VECTOR('',#3263,1.);
#3263 = DIRECTION('',(4.5257499093E-16,1.));
#3264 = ( GEOMETRIC_REPRESENTATION_CONTEXT(2) 
PARAMETRIC_REPRESENTATION_CONTEXT() REPRESENTATION_CONTEXT('2D SPACE',''
  ) );
#3265 = PCURVE('',#3076,#3266);
#3266 = DEFINITIONAL_REPRESENTATION('',(#3267),#3271);
#3267 = LINE('',#3268,#3269);
#3268 = CARTESIAN_POINT('',(0.,10.));
#3269 = VECTOR('',#3270,1.);
#3270 = DIRECTION('',(1.,0.));
#3271 = ( GEOMETRIC_REPRESENTATION_CONTEXT(2) 
PARAMETRIC_REPRESENTATION_CONTEXT() REPRESENTATION_CONTEXT('2D SPACE',''
  ) );
#3272 = ORIENTED_EDGE('',*,*,#3273,.F.);
#3273 = EDGE_CURVE('',#3274,#3251,#3276,.T.);
#3274 = VERTEX_POINT('',#3275);
#3275 = CARTESIAN_POINT('',(39.85,-10.1,17.65));
#3276 = SURFACE_CURVE('',#3277,(#3281,#3288),.PCURVE_S1.);
#3277 = LINE('',#3278,#3279);
#3278 = CARTESIAN_POINT('',(39.85,-10.1,17.65));
#3279 = VECTOR('',#3280,1.);
#3280 = DIRECTION('',(0.,0.,1.));
#3281 = PCURVE('',#1477,#3282);
#3282 = DEFINITIONAL_REPRESENTATION('',(#3283),#3287);
#3283 = LINE('',#3284,#3285);
#3284 = CARTESIAN_POINT('',(16.35,7.85));
#3285 = VECTOR('',#3286,1.);
#3286 = DIRECTION('',(1.,0.));
#3287 = ( GEOMETRIC_REPRESENTATION_CONTEXT(2) 
PARAMETRIC_REPRESENTATION_CONTEXT() REPRESENTATION_CONTEXT('2D SPACE',''
  ) );
#3288 = PCURVE('',#3181,#3289);
#3289 = DEFINITIONAL_REPRESENTATION('',(#3290),#3294);
#3290 = LINE('',#3291,#3292);
#3291 = CARTESIAN_POINT('',(0.,-10.));
#3292 = VECTOR('',#3293,1.);
#3293 = DIRECTION('',(1.,0.));
#3294 = ( GEOMETRIC_REPRESENTATION_CONTEXT(2) 
PARAMETRIC_REPRESENTATION_CONTEXT() REPRESENTATION_CONTEXT('2D SPACE',''
  ) );
#3295 = ORIENTED_EDGE('',*,*,#3296,.F.);
#3296 = EDGE_CURVE('',#1462,#3274,#3297,.T.);
#3297 = SURFACE_CURVE('',#3298,(#3302,#3309),.PCURVE_S1.);
#3298 = LINE('',#3299,#3300);
#3299 = CARTESIAN_POINT('',(33.4,-10.1,17.65));
#3300 = VECTOR('',#3301,1.);
#3301 = DIRECTION('',(1.,0.,-0.));
#3302 = PCURVE('',#1477,#3303);
#3303 = DEFINITIONAL_REPRESENTATION('',(#3304),#3308);
#3304 = LINE('',#3305,#3306);
#3305 = CARTESIAN_POINT('',(16.35,1.4));
#3306 = VECTOR('',#3307,1.);
#3307 = DIRECTION('',(0.,1.));
#3308 = ( GEOMETRIC_REPRESENTATION_CONTEXT(2) 
PARAMETRIC_REPRESENTATION_CONTEXT() REPRESENTATION_CONTEXT('2D SPACE',''
  ) );
#3309 = PCURVE('',#1505,#3310);
#3310 = DEFINITIONAL_REPRESENTATION('',(#3311),#3315);
#3311 = LINE('',#3312,#3313);
#3312 = CARTESIAN_POINT('',(0.,10.));
#3313 = VECTOR('',#3314,1.);
#3314 = DIRECTION('',(1.,0.));
#3315 = ( GEOMETRIC_REPRESENTATION_CONTEXT(2) 
PARAMETRIC_REPRESENTATION_CONTEXT() REPRESENTATION_CONTEXT('2D SPACE',''
  ) );
#3316 = ORIENTED_EDGE('',*,*,#1461,.F.);
#3317 = FACE_BOUND('',#3318,.T.);
#3318 = EDGE_LOOP('',(#3319,#3349,#3377,#3405));
#3319 = ORIENTED_EDGE('',*,*,#3320,.F.);
#3320 = EDGE_CURVE('',#3321,#3323,#3325,.T.);
#3321 = VERTEX_POINT('',#3322);
#3322 = CARTESIAN_POINT('',(34.05,-10.1,24.2));
#3323 = VERTEX_POINT('',#3324);
#3324 = CARTESIAN_POINT('',(35.35,-10.1,24.2));
#3325 = SURFACE_CURVE('',#3326,(#3330,#3337),.PCURVE_S1.);
#3326 = LINE('',#3327,#3328);
#3327 = CARTESIAN_POINT('',(34.05,-10.1,24.2));
#3328 = VECTOR('',#3329,1.);
#3329 = DIRECTION('',(1.,0.,-0.));
#3330 = PCURVE('',#1477,#3331);
#3331 = DEFINITIONAL_REPRESENTATION('',(#3332),#3336);
#3332 = LINE('',#3333,#3334);
#3333 = CARTESIAN_POINT('',(22.9,2.05));
#3334 = VECTOR('',#3335,1.);
#3335 = DIRECTION('',(0.,1.));
#3336 = ( GEOMETRIC_REPRESENTATION_CONTEXT(2) 
PARAMETRIC_REPRESENTATION_CONTEXT() REPRESENTATION_CONTEXT('2D SPACE',''
  ) );
#3337 = PCURVE('',#3338,#3343);
#3338 = PLANE('',#3339);
#3339 = AXIS2_PLACEMENT_3D('',#3340,#3341,#3342);
#3340 = CARTESIAN_POINT('',(34.05,-10.95,24.2));
#3341 = DIRECTION('',(0.,0.,1.));
#3342 = DIRECTION('',(1.,0.,-0.));
#3343 = DEFINITIONAL_REPRESENTATION('',(#3344),#3348);
#3344 = LINE('',#3345,#3346);
#3345 = CARTESIAN_POINT('',(0.,0.85));
#3346 = VECTOR('',#3347,1.);
#3347 = DIRECTION('',(1.,0.));
#3348 = ( GEOMETRIC_REPRESENTATION_CONTEXT(2) 
PARAMETRIC_REPRESENTATION_CONTEXT() REPRESENTATION_CONTEXT('2D SPACE',''
  ) );
#3349 = ORIENTED_EDGE('',*,*,#3350,.F.);
#3350 = EDGE_CURVE('',#3351,#3321,#3353,.T.);
#3351 = VERTEX_POINT('',#3352);
#3352 = CARTESIAN_POINT('',(34.05,-10.1,22.9));
#3353 = SURFACE_CURVE('',#3354,(#3358,#3365),.PCURVE_S1.);
#3354 = LINE('',#3355,#3356);
#3355 = CARTESIAN_POINT('',(34.05,-10.1,22.9));
#3356 = VECTOR('',#3357,1.);
#3357 = DIRECTION('',(0.,0.,1.));
#3358 = PCURVE('',#1477,#3359);
#3359 = DEFINITIONAL_REPRESENTATION('',(#3360),#3364);
#3360 = LINE('',#3361,#3362);
#3361 = CARTESIAN_POINT('',(21.6,2.05));
#3362 = VECTOR('',#3363,1.);
#3363 = DIRECTION('',(1.,0.));
#3364 = ( GEOMETRIC_REPRESENTATION_CONTEXT(2) 
PARAMETRIC_REPRESENTATION_CONTEXT() REPRESENTATION_CONTEXT('2D SPACE',''
  ) );
#3365 = PCURVE('',#3366,#3371);
#3366 = PLANE('',#3367);
#3367 = AXIS2_PLACEMENT_3D('',#3368,#3369,#3370);
#3368 = CARTESIAN_POINT('',(34.05,-10.95,22.9));
#3369 = DIRECTION('',(1.,0.,-0.));
#3370 = DIRECTION('',(0.,0.,1.));
#3371 = DEFINITIONAL_REPRESENTATION('',(#3372),#3376);
#3372 = LINE('',#3373,#3374);
#3373 = CARTESIAN_POINT('',(0.,-0.85));
#3374 = VECTOR('',#3375,1.);
#3375 = DIRECTION('',(1.,0.));
#3376 = ( GEOMETRIC_REPRESENTATION_CONTEXT(2) 
PARAMETRIC_REPRESENTATION_CONTEXT() REPRESENTATION_CONTEXT('2D SPACE',''
  ) );
#3377 = ORIENTED_EDGE('',*,*,#3378,.T.);
#3378 = EDGE_CURVE('',#3351,#3379,#3381,.T.);
#3379 = VERTEX_POINT('',#3380);
#3380 = CARTESIAN_POINT('',(35.35,-10.1,22.9));
#3381 = SURFACE_CURVE('',#3382,(#3386,#3393),.PCURVE_S1.);
#3382 = LINE('',#3383,#3384);
#3383 = CARTESIAN_POINT('',(34.05,-10.1,22.9));
#3384 = VECTOR('',#3385,1.);
#3385 = DIRECTION('',(1.,0.,-0.));
#3386 = PCURVE('',#1477,#3387);
#3387 = DEFINITIONAL_REPRESENTATION('',(#3388),#3392);
#3388 = LINE('',#3389,#3390);
#3389 = CARTESIAN_POINT('',(21.6,2.05));
#3390 = VECTOR('',#3391,1.);
#3391 = DIRECTION('',(0.,1.));
#3392 = ( GEOMETRIC_REPRESENTATION_CONTEXT(2) 
PARAMETRIC_REPRESENTATION_CONTEXT() REPRESENTATION_CONTEXT('2D SPACE',''
  ) );
#3393 = PCURVE('',#3394,#3399);
#3394 = PLANE('',#3395);
#3395 = AXIS2_PLACEMENT_3D('',#3396,#3397,#3398);
#3396 = CARTESIAN_POINT('',(34.05,-10.95,22.9));
#3397 = DIRECTION('',(0.,0.,1.));
#3398 = DIRECTION('',(1.,0.,-0.));
#3399 = DEFINITIONAL_REPRESENTATION('',(#3400),#3404);
#3400 = LINE('',#3401,#3402);
#3401 = CARTESIAN_POINT('',(0.,0.85));
#3402 = VECTOR('',#3403,1.);
#3403 = DIRECTION('',(1.,0.));
#3404 = ( GEOMETRIC_REPRESENTATION_CONTEXT(2) 
PARAMETRIC_REPRESENTATION_CONTEXT() REPRESENTATION_CONTEXT('2D SPACE',''
  ) );
#3405 = ORIENTED_EDGE('',*,*,#3406,.T.);
#3406 = EDGE_CURVE('',#3379,#3323,#3407,.T.);
#3407 = SURFACE_CURVE('',#3408,(#3412,#3419),.PCURVE_S1.);
#3408 = LINE('',#3409,#3410);
#3409 = CARTESIAN_POINT('',(35.35,-10.1,22.9));
#3410 = VECTOR('',#3411,1.);
#3411 = DIRECTION('',(0.,0.,1.));
#3412 = PCURVE('',#1477,#3413);
#3413 = DEFINITIONAL_REPRESENTATION('',(#3414),#3418);
#3414 = LINE('',#3415,#3416);
#3415 = CARTESIAN_POINT('',(21.6,3.35));
#3416 = VECTOR('',#3417,1.);
#3417 = DIRECTION('',(1.,0.));
#3418 = ( GEOMETRIC_REPRESENTATION_CONTEXT(2) 
PARAMETRIC_REPRESENTATION_CONTEXT() REPRESENTATION_CONTEXT('2D SPACE',''
  ) );
#3419 = PCURVE('',#3420,#3425);
#3420 = PLANE('',#3421);
#3421 = AXIS2_PLACEMENT_3D('',#3422,#3423,#3424);
#3422 = CARTESIAN_POINT('',(35.35,-10.95,22.9));
#3423 = DIRECTION('',(1.,0.,-0.));
#3424 = DIRECTION('',(0.,0.,1.));
#3425 = DEFINITIONAL_REPRESENTATION('',(#3426),#3430);
#3426 = LINE('',#3427,#3428);
#3427 = CARTESIAN_POINT('',(0.,-0.85));
#3428 = VECTOR('',#3429,1.);
#3429 = DIRECTION('',(1.,0.));
#3430 = ( GEOMETRIC_REPRESENTATION_CONTEXT(2) 
PARAMETRIC_REPRESENTATION_CONTEXT() REPRESENTATION_CONTEXT('2D SPACE',''
  ) );
#3431 = FACE_BOUND('',#3432,.T.);
#3432 = EDGE_LOOP('',(#3433));
#3433 = ORIENTED_EDGE('',*,*,#3434,.F.);
#3434 = EDGE_CURVE('',#3435,#3435,#3437,.T.);
#3435 = VERTEX_POINT('',#3436);
#3436 = CARTESIAN_POINT('',(38.8,-10.1,21.35));
#3437 = SURFACE_CURVE('',#3438,(#3443,#3450),.PCURVE_S1.);
#3438 = CIRCLE('',#3439,1.7);
#3439 = AXIS2_PLACEMENT_3D('',#3440,#3441,#3442);
#3440 = CARTESIAN_POINT('',(37.1,-10.1,21.35));
#3441 = DIRECTION('',(-0.,1.,0.));
#3442 = DIRECTION('',(1.,0.,0.));
#3443 = PCURVE('',#1477,#3444);
#3444 = DEFINITIONAL_REPRESENTATION('',(#3445),#3449);
#3445 = CIRCLE('',#3446,1.7);
#3446 = AXIS2_PLACEMENT_2D('',#3447,#3448);
#3447 = CARTESIAN_POINT('',(20.05,5.1));
#3448 = DIRECTION('',(0.,1.));
#3449 = ( GEOMETRIC_REPRESENTATION_CONTEXT(2) 
PARAMETRIC_REPRESENTATION_CONTEXT() REPRESENTATION_CONTEXT('2D SPACE',''
  ) );
#3450 = PCURVE('',#3233,#3451);
#3451 = DEFINITIONAL_REPRESENTATION('',(#3452),#3456);
#3452 = LINE('',#3453,#3454);
#3453 = CARTESIAN_POINT('',(0.,10.5));
#3454 = VECTOR('',#3455,1.);
#3455 = DIRECTION('',(1.,0.));
#3456 = ( GEOMETRIC_REPRESENTATION_CONTEXT(2) 
PARAMETRIC_REPRESENTATION_CONTEXT() REPRESENTATION_CONTEXT('2D SPACE',''
  ) );
#3457 = ADVANCED_FACE('',(#3458),#1505,.F.);
#3458 = FACE_BOUND('',#3459,.F.);
#3459 = EDGE_LOOP('',(#3460,#3461,#3462,#3463));
#3460 = ORIENTED_EDGE('',*,*,#3296,.F.);
#3461 = ORIENTED_EDGE('',*,*,#1489,.F.);
#3462 = ORIENTED_EDGE('',*,*,#3193,.T.);
#3463 = ORIENTED_EDGE('',*,*,#3464,.T.);
#3464 = EDGE_CURVE('',#3166,#3274,#3465,.T.);
#3465 = SURFACE_CURVE('',#3466,(#3470,#3477),.PCURVE_S1.);
#3466 = LINE('',#3467,#3468);
#3467 = CARTESIAN_POINT('',(39.85,-20.1,17.65));
#3468 = VECTOR('',#3469,1.);
#3469 = DIRECTION('',(-0.,1.,0.));
#3470 = PCURVE('',#1505,#3471);
#3471 = DEFINITIONAL_REPRESENTATION('',(#3472),#3476);
#3472 = LINE('',#3473,#3474);
#3473 = CARTESIAN_POINT('',(6.45,0.));
#3474 = VECTOR('',#3475,1.);
#3475 = DIRECTION('',(0.,1.));
#3476 = ( GEOMETRIC_REPRESENTATION_CONTEXT(2) 
PARAMETRIC_REPRESENTATION_CONTEXT() REPRESENTATION_CONTEXT('2D SPACE',''
  ) );
#3477 = PCURVE('',#3181,#3478);
#3478 = DEFINITIONAL_REPRESENTATION('',(#3479),#3483);
#3479 = LINE('',#3480,#3481);
#3480 = CARTESIAN_POINT('',(0.,0.));
#3481 = VECTOR('',#3482,1.);
#3482 = DIRECTION('',(0.,-1.));
#3483 = ( GEOMETRIC_REPRESENTATION_CONTEXT(2) 
PARAMETRIC_REPRESENTATION_CONTEXT() REPRESENTATION_CONTEXT('2D SPACE',''
  ) );
#3484 = ADVANCED_FACE('',(#3485),#1679,.F.);
#3485 = FACE_BOUND('',#3486,.F.);
#3486 = EDGE_LOOP('',(#3487,#3488,#3489,#3490));
#3487 = ORIENTED_EDGE('',*,*,#1823,.F.);
#3488 = ORIENTED_EDGE('',*,*,#1795,.F.);
#3489 = ORIENTED_EDGE('',*,*,#1663,.T.);
#3490 = ORIENTED_EDGE('',*,*,#3491,.F.);
#3491 = EDGE_CURVE('',#1824,#1664,#3492,.T.);
#3492 = SURFACE_CURVE('',#3493,(#3497,#3504),.PCURVE_S1.);
#3493 = LINE('',#3494,#3495);
#3494 = CARTESIAN_POINT('',(39.85,-20.1,-25.05));
#3495 = VECTOR('',#3496,1.);
#3496 = DIRECTION('',(0.,0.,1.));
#3497 = PCURVE('',#1679,#3498);
#3498 = DEFINITIONAL_REPRESENTATION('',(#3499),#3503);
#3499 = LINE('',#3500,#3501);
#3500 = CARTESIAN_POINT('',(0.,6.45));
#3501 = VECTOR('',#3502,1.);
#3502 = DIRECTION('',(1.,0.));
#3503 = ( GEOMETRIC_REPRESENTATION_CONTEXT(2) 
PARAMETRIC_REPRESENTATION_CONTEXT() REPRESENTATION_CONTEXT('2D SPACE',''
  ) );
#3504 = PCURVE('',#1707,#3505);
#3505 = DEFINITIONAL_REPRESENTATION('',(#3506),#3510);
#3506 = LINE('',#3507,#3508);
#3507 = CARTESIAN_POINT('',(0.,0.));
#3508 = VECTOR('',#3509,1.);
#3509 = DIRECTION('',(1.,0.));
#3510 = ( GEOMETRIC_REPRESENTATION_CONTEXT(2) 
PARAMETRIC_REPRESENTATION_CONTEXT() REPRESENTATION_CONTEXT('2D SPACE',''
  ) );
#3511 = ADVANCED_FACE('',(#3512),#1707,.T.);
#3512 = FACE_BOUND('',#3513,.T.);
#3513 = EDGE_LOOP('',(#3514,#3515,#3516,#3537));
#3514 = ORIENTED_EDGE('',*,*,#3491,.F.);
#3515 = ORIENTED_EDGE('',*,*,#1846,.T.);
#3516 = ORIENTED_EDGE('',*,*,#3517,.T.);
#3517 = EDGE_CURVE('',#1847,#1692,#3518,.T.);
#3518 = SURFACE_CURVE('',#3519,(#3523,#3530),.PCURVE_S1.);
#3519 = LINE('',#3520,#3521);
#3520 = CARTESIAN_POINT('',(39.85,-10.1,-25.05));
#3521 = VECTOR('',#3522,1.);
#3522 = DIRECTION('',(0.,0.,1.));
#3523 = PCURVE('',#1707,#3524);
#3524 = DEFINITIONAL_REPRESENTATION('',(#3525),#3529);
#3525 = LINE('',#3526,#3527);
#3526 = CARTESIAN_POINT('',(0.,-10.));
#3527 = VECTOR('',#3528,1.);
#3528 = DIRECTION('',(1.,0.));
#3529 = ( GEOMETRIC_REPRESENTATION_CONTEXT(2) 
PARAMETRIC_REPRESENTATION_CONTEXT() REPRESENTATION_CONTEXT('2D SPACE',''
  ) );
#3530 = PCURVE('',#1735,#3531);
#3531 = DEFINITIONAL_REPRESENTATION('',(#3532),#3536);
#3532 = LINE('',#3533,#3534);
#3533 = CARTESIAN_POINT('',(0.,7.85));
#3534 = VECTOR('',#3535,1.);
#3535 = DIRECTION('',(1.,0.));
#3536 = ( GEOMETRIC_REPRESENTATION_CONTEXT(2) 
PARAMETRIC_REPRESENTATION_CONTEXT() REPRESENTATION_CONTEXT('2D SPACE',''
  ) );
#3537 = ORIENTED_EDGE('',*,*,#1691,.F.);
#3538 = ADVANCED_FACE('',(#3539,#3545,#3659),#1735,.T.);
#3539 = FACE_BOUND('',#3540,.T.);
#3540 = EDGE_LOOP('',(#3541,#3542,#3543,#3544));
#3541 = ORIENTED_EDGE('',*,*,#1869,.F.);
#3542 = ORIENTED_EDGE('',*,*,#3115,.T.);
#3543 = ORIENTED_EDGE('',*,*,#1719,.F.);
#3544 = ORIENTED_EDGE('',*,*,#3517,.F.);
#3545 = FACE_BOUND('',#3546,.T.);
#3546 = EDGE_LOOP('',(#3547,#3577,#3605,#3633));
#3547 = ORIENTED_EDGE('',*,*,#3548,.F.);
#3548 = EDGE_CURVE('',#3549,#3551,#3553,.T.);
#3549 = VERTEX_POINT('',#3550);
#3550 = CARTESIAN_POINT('',(34.05,-10.1,-22.9));
#3551 = VERTEX_POINT('',#3552);
#3552 = CARTESIAN_POINT('',(35.35,-10.1,-22.9));
#3553 = SURFACE_CURVE('',#3554,(#3558,#3565),.PCURVE_S1.);
#3554 = LINE('',#3555,#3556);
#3555 = CARTESIAN_POINT('',(34.05,-10.1,-22.9));
#3556 = VECTOR('',#3557,1.);
#3557 = DIRECTION('',(1.,0.,-0.));
#3558 = PCURVE('',#1735,#3559);
#3559 = DEFINITIONAL_REPRESENTATION('',(#3560),#3564);
#3560 = LINE('',#3561,#3562);
#3561 = CARTESIAN_POINT('',(2.15,2.05));
#3562 = VECTOR('',#3563,1.);
#3563 = DIRECTION('',(0.,1.));
#3564 = ( GEOMETRIC_REPRESENTATION_CONTEXT(2) 
PARAMETRIC_REPRESENTATION_CONTEXT() REPRESENTATION_CONTEXT('2D SPACE',''
  ) );
#3565 = PCURVE('',#3566,#3571);
#3566 = PLANE('',#3567);
#3567 = AXIS2_PLACEMENT_3D('',#3568,#3569,#3570);
#3568 = CARTESIAN_POINT('',(34.05,-10.95,-22.9));
#3569 = DIRECTION('',(0.,0.,1.));
#3570 = DIRECTION('',(1.,0.,-0.));
#3571 = DEFINITIONAL_REPRESENTATION('',(#3572),#3576);
#3572 = LINE('',#3573,#3574);
#3573 = CARTESIAN_POINT('',(0.,0.85));
#3574 = VECTOR('',#3575,1.);
#3575 = DIRECTION('',(1.,0.));
#3576 = ( GEOMETRIC_REPRESENTATION_CONTEXT(2) 
PARAMETRIC_REPRESENTATION_CONTEXT() REPRESENTATION_CONTEXT('2D SPACE',''
  ) );
#3577 = ORIENTED_EDGE('',*,*,#3578,.F.);
#3578 = EDGE_CURVE('',#3579,#3549,#3581,.T.);
#3579 = VERTEX_POINT('',#3580);
#3580 = CARTESIAN_POINT('',(34.05,-10.1,-24.2));
#3581 = SURFACE_CURVE('',#3582,(#3586,#3593),.PCURVE_S1.);
#3582 = LINE('',#3583,#3584);
#3583 = CARTESIAN_POINT('',(34.05,-10.1,-24.2));
#3584 = VECTOR('',#3585,1.);
#3585 = DIRECTION('',(0.,0.,1.));
#3586 = PCURVE('',#1735,#3587);
#3587 = DEFINITIONAL_REPRESENTATION('',(#3588),#3592);
#3588 = LINE('',#3589,#3590);
#3589 = CARTESIAN_POINT('',(0.85,2.05));
#3590 = VECTOR('',#3591,1.);
#3591 = DIRECTION('',(1.,0.));
#3592 = ( GEOMETRIC_REPRESENTATION_CONTEXT(2) 
PARAMETRIC_REPRESENTATION_CONTEXT() REPRESENTATION_CONTEXT('2D SPACE',''
  ) );
#3593 = PCURVE('',#3594,#3599);
#3594 = PLANE('',#3595);
#3595 = AXIS2_PLACEMENT_3D('',#3596,#3597,#3598);
#3596 = CARTESIAN_POINT('',(34.05,-10.95,-24.2));
#3597 = DIRECTION('',(1.,0.,-0.));
#3598 = DIRECTION('',(0.,0.,1.));
#3599 = DEFINITIONAL_REPRESENTATION('',(#3600),#3604);
#3600 = LINE('',#3601,#3602);
#3601 = CARTESIAN_POINT('',(0.,-0.85));
#3602 = VECTOR('',#3603,1.);
#3603 = DIRECTION('',(1.,0.));
#3604 = ( GEOMETRIC_REPRESENTATION_CONTEXT(2) 
PARAMETRIC_REPRESENTATION_CONTEXT() REPRESENTATION_CONTEXT('2D SPACE',''
  ) );
#3605 = ORIENTED_EDGE('',*,*,#3606,.T.);
#3606 = EDGE_CURVE('',#3579,#3607,#3609,.T.);
#3607 = VERTEX_POINT('',#3608);
#3608 = CARTESIAN_POINT('',(35.35,-10.1,-24.2));
#3609 = SURFACE_CURVE('',#3610,(#3614,#3621),.PCURVE_S1.);
#3610 = LINE('',#3611,#3612);
#3611 = CARTESIAN_POINT('',(34.05,-10.1,-24.2));
#3612 = VECTOR('',#3613,1.);
#3613 = DIRECTION('',(1.,0.,-0.));
#3614 = PCURVE('',#1735,#3615);
#3615 = DEFINITIONAL_REPRESENTATION('',(#3616),#3620);
#3616 = LINE('',#3617,#3618);
#3617 = CARTESIAN_POINT('',(0.85,2.05));
#3618 = VECTOR('',#3619,1.);
#3619 = DIRECTION('',(0.,1.));
#3620 = ( GEOMETRIC_REPRESENTATION_CONTEXT(2) 
PARAMETRIC_REPRESENTATION_CONTEXT() REPRESENTATION_CONTEXT('2D SPACE',''
  ) );
#3621 = PCURVE('',#3622,#3627);
#3622 = PLANE('',#3623);
#3623 = AXIS2_PLACEMENT_3D('',#3624,#3625,#3626);
#3624 = CARTESIAN_POINT('',(34.05,-10.95,-24.2));
#3625 = DIRECTION('',(0.,0.,1.));
#3626 = DIRECTION('',(1.,0.,-0.));
#3627 = DEFINITIONAL_REPRESENTATION('',(#3628),#3632);
#3628 = LINE('',#3629,#3630);
#3629 = CARTESIAN_POINT('',(0.,0.85));
#3630 = VECTOR('',#3631,1.);
#3631 = DIRECTION('',(1.,0.));
#3632 = ( GEOMETRIC_REPRESENTATION_CONTEXT(2) 
PARAMETRIC_REPRESENTATION_CONTEXT() REPRESENTATION_CONTEXT('2D SPACE',''
  ) );
#3633 = ORIENTED_EDGE('',*,*,#3634,.T.);
#3634 = EDGE_CURVE('',#3607,#3551,#3635,.T.);
#3635 = SURFACE_CURVE('',#3636,(#3640,#3647),.PCURVE_S1.);
#3636 = LINE('',#3637,#3638);
#3637 = CARTESIAN_POINT('',(35.35,-10.1,-24.2));
#3638 = VECTOR('',#3639,1.);
#3639 = DIRECTION('',(0.,0.,1.));
#3640 = PCURVE('',#1735,#3641);
#3641 = DEFINITIONAL_REPRESENTATION('',(#3642),#3646);
#3642 = LINE('',#3643,#3644);
#3643 = CARTESIAN_POINT('',(0.85,3.35));
#3644 = VECTOR('',#3645,1.);
#3645 = DIRECTION('',(1.,0.));
#3646 = ( GEOMETRIC_REPRESENTATION_CONTEXT(2) 
PARAMETRIC_REPRESENTATION_CONTEXT() REPRESENTATION_CONTEXT('2D SPACE',''
  ) );
#3647 = PCURVE('',#3648,#3653);
#3648 = PLANE('',#3649);
#3649 = AXIS2_PLACEMENT_3D('',#3650,#3651,#3652);
#3650 = CARTESIAN_POINT('',(35.35,-10.95,-24.2));
#3651 = DIRECTION('',(1.,0.,-0.));
#3652 = DIRECTION('',(0.,0.,1.));
#3653 = DEFINITIONAL_REPRESENTATION('',(#3654),#3658);
#3654 = LINE('',#3655,#3656);
#3655 = CARTESIAN_POINT('',(0.,-0.85));
#3656 = VECTOR('',#3657,1.);
#3657 = DIRECTION('',(1.,0.));
#3658 = ( GEOMETRIC_REPRESENTATION_CONTEXT(2) 
PARAMETRIC_REPRESENTATION_CONTEXT() REPRESENTATION_CONTEXT('2D SPACE',''
  ) );
#3659 = FACE_BOUND('',#3660,.T.);
#3660 = EDGE_LOOP('',(#3661));
#3661 = ORIENTED_EDGE('',*,*,#3662,.F.);
#3662 = EDGE_CURVE('',#3663,#3663,#3665,.T.);
#3663 = VERTEX_POINT('',#3664);
#3664 = CARTESIAN_POINT('',(38.8,-10.1,-21.35));
#3665 = SURFACE_CURVE('',#3666,(#3671,#3678),.PCURVE_S1.);
#3666 = CIRCLE('',#3667,1.7);
#3667 = AXIS2_PLACEMENT_3D('',#3668,#3669,#3670);
#3668 = CARTESIAN_POINT('',(37.1,-10.1,-21.35));
#3669 = DIRECTION('',(-0.,1.,0.));
#3670 = DIRECTION('',(1.,0.,0.));
#3671 = PCURVE('',#1735,#3672);
#3672 = DEFINITIONAL_REPRESENTATION('',(#3673),#3677);
#3673 = CIRCLE('',#3674,1.7);
#3674 = AXIS2_PLACEMENT_2D('',#3675,#3676);
#3675 = CARTESIAN_POINT('',(3.7,5.1));
#3676 = DIRECTION('',(0.,1.));
#3677 = ( GEOMETRIC_REPRESENTATION_CONTEXT(2) 
PARAMETRIC_REPRESENTATION_CONTEXT() REPRESENTATION_CONTEXT('2D SPACE',''
  ) );
#3678 = PCURVE('',#3679,#3684);
#3679 = CYLINDRICAL_SURFACE('',#3680,1.7);
#3680 = AXIS2_PLACEMENT_3D('',#3681,#3682,#3683);
#3681 = CARTESIAN_POINT('',(37.1,-20.6,-21.35));
#3682 = DIRECTION('',(0.,1.,0.));
#3683 = DIRECTION('',(1.,0.,0.));
#3684 = DEFINITIONAL_REPRESENTATION('',(#3685),#3689);
#3685 = LINE('',#3686,#3687);
#3686 = CARTESIAN_POINT('',(0.,10.5));
#3687 = VECTOR('',#3688,1.);
#3688 = DIRECTION('',(1.,0.));
#3689 = ( GEOMETRIC_REPRESENTATION_CONTEXT(2) 
PARAMETRIC_REPRESENTATION_CONTEXT() REPRESENTATION_CONTEXT('2D SPACE',''
  ) );
#3690 = ADVANCED_FACE('',(#3691),#1986,.F.);
#3691 = FACE_BOUND('',#3692,.F.);
#3692 = EDGE_LOOP('',(#3693,#3716,#3739,#3760,#3761,#3762,#3781,#3782));
#3693 = ORIENTED_EDGE('',*,*,#3694,.F.);
#3694 = EDGE_CURVE('',#3695,#2634,#3697,.T.);
#3695 = VERTEX_POINT('',#3696);
#3696 = CARTESIAN_POINT('',(38.,-28.,-114.));
#3697 = SURFACE_CURVE('',#3698,(#3702,#3709),.PCURVE_S1.);
#3698 = LINE('',#3699,#3700);
#3699 = CARTESIAN_POINT('',(38.,-28.,-114.));
#3700 = VECTOR('',#3701,1.);
#3701 = DIRECTION('',(0.,0.,1.));
#3702 = PCURVE('',#1986,#3703);
#3703 = DEFINITIONAL_REPRESENTATION('',(#3704),#3708);
#3704 = LINE('',#3705,#3706);
#3705 = CARTESIAN_POINT('',(0.,12.));
#3706 = VECTOR('',#3707,1.);
#3707 = DIRECTION('',(1.,0.));
#3708 = ( GEOMETRIC_REPRESENTATION_CONTEXT(2) 
PARAMETRIC_REPRESENTATION_CONTEXT() REPRESENTATION_CONTEXT('2D SPACE',''
  ) );
#3709 = PCURVE('',#2672,#3710);
#3710 = DEFINITIONAL_REPRESENTATION('',(#3711),#3715);
#3711 = LINE('',#3712,#3713);
#3712 = CARTESIAN_POINT('',(0.,0.));
#3713 = VECTOR('',#3714,1.);
#3714 = DIRECTION('',(1.,0.));
#3715 = ( GEOMETRIC_REPRESENTATION_CONTEXT(2) 
PARAMETRIC_REPRESENTATION_CONTEXT() REPRESENTATION_CONTEXT('2D SPACE',''
  ) );
#3716 = ORIENTED_EDGE('',*,*,#3717,.F.);
#3717 = EDGE_CURVE('',#3718,#3695,#3720,.T.);
#3718 = VERTEX_POINT('',#3719);
#3719 = CARTESIAN_POINT('',(26.,-28.,-114.));
#3720 = SURFACE_CURVE('',#3721,(#3725,#3732),.PCURVE_S1.);
#3721 = LINE('',#3722,#3723);
#3722 = CARTESIAN_POINT('',(26.,-28.,-114.));
#3723 = VECTOR('',#3724,1.);
#3724 = DIRECTION('',(1.,0.,-0.));
#3725 = PCURVE('',#1986,#3726);
#3726 = DEFINITIONAL_REPRESENTATION('',(#3727),#3731);
#3727 = LINE('',#3728,#3729);
#3728 = CARTESIAN_POINT('',(0.,0.));
#3729 = VECTOR('',#3730,1.);
#3730 = DIRECTION('',(0.,1.));
#3731 = ( GEOMETRIC_REPRESENTATION_CONTEXT(2) 
PARAMETRIC_REPRESENTATION_CONTEXT() REPRESENTATION_CONTEXT('2D SPACE',''
  ) );
#3732 = PCURVE('',#2383,#3733);
#3733 = DEFINITIONAL_REPRESENTATION('',(#3734),#3738);
#3734 = LINE('',#3735,#3736);
#3735 = CARTESIAN_POINT('',(0.,0.));
#3736 = VECTOR('',#3737,1.);
#3737 = DIRECTION('',(1.,0.));
#3738 = ( GEOMETRIC_REPRESENTATION_CONTEXT(2) 
PARAMETRIC_REPRESENTATION_CONTEXT() REPRESENTATION_CONTEXT('2D SPACE',''
  ) );
#3739 = ORIENTED_EDGE('',*,*,#3740,.T.);
#3740 = EDGE_CURVE('',#3718,#2535,#3741,.T.);
#3741 = SURFACE_CURVE('',#3742,(#3746,#3753),.PCURVE_S1.);
#3742 = LINE('',#3743,#3744);
#3743 = CARTESIAN_POINT('',(26.,-28.,-114.));
#3744 = VECTOR('',#3745,1.);
#3745 = DIRECTION('',(0.,0.,1.));
#3746 = PCURVE('',#1986,#3747);
#3747 = DEFINITIONAL_REPRESENTATION('',(#3748),#3752);
#3748 = LINE('',#3749,#3750);
#3749 = CARTESIAN_POINT('',(0.,0.));
#3750 = VECTOR('',#3751,1.);
#3751 = DIRECTION('',(1.,0.));
#3752 = ( GEOMETRIC_REPRESENTATION_CONTEXT(2) 
PARAMETRIC_REPRESENTATION_CONTEXT() REPRESENTATION_CONTEXT('2D SPACE',''
  ) );
#3753 = PCURVE('',#2550,#3754);
#3754 = DEFINITIONAL_REPRESENTATION('',(#3755),#3759);
#3755 = LINE('',#3756,#3757);
#3756 = CARTESIAN_POINT('',(0.,0.));
#3757 = VECTOR('',#3758,1.);
#3758 = DIRECTION('',(1.,0.));
#3759 = ( GEOMETRIC_REPRESENTATION_CONTEXT(2) 
PARAMETRIC_REPRESENTATION_CONTEXT() REPRESENTATION_CONTEXT('2D SPACE',''
  ) );
#3760 = ORIENTED_EDGE('',*,*,#2562,.T.);
#3761 = ORIENTED_EDGE('',*,*,#2153,.F.);
#3762 = ORIENTED_EDGE('',*,*,#3763,.F.);
#3763 = EDGE_CURVE('',#1943,#2131,#3764,.T.);
#3764 = SURFACE_CURVE('',#3765,(#3769,#3775),.PCURVE_S1.);
#3765 = LINE('',#3766,#3767);
#3766 = CARTESIAN_POINT('',(27.5,-28.,-112.));
#3767 = VECTOR('',#3768,1.);
#3768 = DIRECTION('',(-1.,-0.,0.));
#3769 = PCURVE('',#1986,#3770);
#3770 = DEFINITIONAL_REPRESENTATION('',(#3771),#3774);
#3771 = B_SPLINE_CURVE_WITH_KNOTS('',1,(#3772,#3773),.UNSPECIFIED.,.F.,
  .F.,(2,2),(-7.5,-1.5),.PIECEWISE_BEZIER_KNOTS.);
#3772 = CARTESIAN_POINT('',(2.,9.));
#3773 = CARTESIAN_POINT('',(2.,3.));
#3774 = ( GEOMETRIC_REPRESENTATION_CONTEXT(2) 
PARAMETRIC_REPRESENTATION_CONTEXT() REPRESENTATION_CONTEXT('2D SPACE',''
  ) );
#3775 = PCURVE('',#1958,#3776);
#3776 = DEFINITIONAL_REPRESENTATION('',(#3777),#3780);
#3777 = B_SPLINE_CURVE_WITH_KNOTS('',1,(#3778,#3779),.UNSPECIFIED.,.F.,
  .F.,(2,2),(-7.5,-1.5),.PIECEWISE_BEZIER_KNOTS.);
#3778 = CARTESIAN_POINT('',(6.,1.5));
#3779 = CARTESIAN_POINT('',(0.,1.5));
#3780 = ( GEOMETRIC_REPRESENTATION_CONTEXT(2) 
PARAMETRIC_REPRESENTATION_CONTEXT() REPRESENTATION_CONTEXT('2D SPACE',''
  ) );
#3781 = ORIENTED_EDGE('',*,*,#1970,.T.);
#3782 = ORIENTED_EDGE('',*,*,#2633,.T.);
#3783 = ADVANCED_FACE('',(#3784),#1958,.F.);
#3784 = FACE_BOUND('',#3785,.F.);
#3785 = EDGE_LOOP('',(#3786,#3787,#3788,#3789));
#3786 = ORIENTED_EDGE('',*,*,#2130,.F.);
#3787 = ORIENTED_EDGE('',*,*,#2241,.T.);
#3788 = ORIENTED_EDGE('',*,*,#1942,.T.);
#3789 = ORIENTED_EDGE('',*,*,#3763,.T.);
#3790 = ADVANCED_FACE('',(#3791,#3947,#3950,#3953,#4059,#4085,#4191),
  #2383,.F.);
#3791 = FACE_BOUND('',#3792,.F.);
#3792 = EDGE_LOOP('',(#3793,#3816,#3817,#3840,#3863,#3886,#3907,#3928));
#3793 = ORIENTED_EDGE('',*,*,#3794,.F.);
#3794 = EDGE_CURVE('',#3718,#3795,#3797,.T.);
#3795 = VERTEX_POINT('',#3796);
#3796 = CARTESIAN_POINT('',(26.,-17.5,-114.));
#3797 = SURFACE_CURVE('',#3798,(#3802,#3809),.PCURVE_S1.);
#3798 = LINE('',#3799,#3800);
#3799 = CARTESIAN_POINT('',(26.,-28.,-114.));
#3800 = VECTOR('',#3801,1.);
#3801 = DIRECTION('',(-0.,1.,0.));
#3802 = PCURVE('',#2383,#3803);
#3803 = DEFINITIONAL_REPRESENTATION('',(#3804),#3808);
#3804 = LINE('',#3805,#3806);
#3805 = CARTESIAN_POINT('',(0.,0.));
#3806 = VECTOR('',#3807,1.);
#3807 = DIRECTION('',(0.,1.));
#3808 = ( GEOMETRIC_REPRESENTATION_CONTEXT(2) 
PARAMETRIC_REPRESENTATION_CONTEXT() REPRESENTATION_CONTEXT('2D SPACE',''
  ) );
#3809 = PCURVE('',#2550,#3810);
#3810 = DEFINITIONAL_REPRESENTATION('',(#3811),#3815);
#3811 = LINE('',#3812,#3813);
#3812 = CARTESIAN_POINT('',(0.,0.));
#3813 = VECTOR('',#3814,1.);
#3814 = DIRECTION('',(0.,-1.));
#3815 = ( GEOMETRIC_REPRESENTATION_CONTEXT(2) 
PARAMETRIC_REPRESENTATION_CONTEXT() REPRESENTATION_CONTEXT('2D SPACE',''
  ) );
#3816 = ORIENTED_EDGE('',*,*,#3717,.T.);
#3817 = ORIENTED_EDGE('',*,*,#3818,.T.);
#3818 = EDGE_CURVE('',#3695,#3819,#3821,.T.);
#3819 = VERTEX_POINT('',#3820);
#3820 = CARTESIAN_POINT('',(38.,28.,-114.));
#3821 = SURFACE_CURVE('',#3822,(#3826,#3833),.PCURVE_S1.);
#3822 = LINE('',#3823,#3824);
#3823 = CARTESIAN_POINT('',(38.,-28.,-114.));
#3824 = VECTOR('',#3825,1.);
#3825 = DIRECTION('',(-0.,1.,0.));
#3826 = PCURVE('',#2383,#3827);
#3827 = DEFINITIONAL_REPRESENTATION('',(#3828),#3832);
#3828 = LINE('',#3829,#3830);
#3829 = CARTESIAN_POINT('',(12.,0.));
#3830 = VECTOR('',#3831,1.);
#3831 = DIRECTION('',(0.,1.));
#3832 = ( GEOMETRIC_REPRESENTATION_CONTEXT(2) 
PARAMETRIC_REPRESENTATION_CONTEXT() REPRESENTATION_CONTEXT('2D SPACE',''
  ) );
#3833 = PCURVE('',#2672,#3834);
#3834 = DEFINITIONAL_REPRESENTATION('',(#3835),#3839);
#3835 = LINE('',#3836,#3837);
#3836 = CARTESIAN_POINT('',(0.,0.));
#3837 = VECTOR('',#3838,1.);
#3838 = DIRECTION('',(0.,-1.));
#3839 = ( GEOMETRIC_REPRESENTATION_CONTEXT(2) 
PARAMETRIC_REPRESENTATION_CONTEXT() REPRESENTATION_CONTEXT('2D SPACE',''
  ) );
#3840 = ORIENTED_EDGE('',*,*,#3841,.F.);
#3841 = EDGE_CURVE('',#3842,#3819,#3844,.T.);
#3842 = VERTEX_POINT('',#3843);
#3843 = CARTESIAN_POINT('',(26.,28.,-114.));
#3844 = SURFACE_CURVE('',#3845,(#3849,#3856),.PCURVE_S1.);
#3845 = LINE('',#3846,#3847);
#3846 = CARTESIAN_POINT('',(26.,28.,-114.));
#3847 = VECTOR('',#3848,1.);
#3848 = DIRECTION('',(1.,0.,-0.));
#3849 = PCURVE('',#2383,#3850);
#3850 = DEFINITIONAL_REPRESENTATION('',(#3851),#3855);
#3851 = LINE('',#3852,#3853);
#3852 = CARTESIAN_POINT('',(0.,56.));
#3853 = VECTOR('',#3854,1.);
#3854 = DIRECTION('',(1.,0.));
#3855 = ( GEOMETRIC_REPRESENTATION_CONTEXT(2) 
PARAMETRIC_REPRESENTATION_CONTEXT() REPRESENTATION_CONTEXT('2D SPACE',''
  ) );
#3856 = PCURVE('',#2416,#3857);
#3857 = DEFINITIONAL_REPRESENTATION('',(#3858),#3862);
#3858 = LINE('',#3859,#3860);
#3859 = CARTESIAN_POINT('',(0.,0.));
#3860 = VECTOR('',#3861,1.);
#3861 = DIRECTION('',(0.,1.));
#3862 = ( GEOMETRIC_REPRESENTATION_CONTEXT(2) 
PARAMETRIC_REPRESENTATION_CONTEXT() REPRESENTATION_CONTEXT('2D SPACE',''
  ) );
#3863 = ORIENTED_EDGE('',*,*,#3864,.F.);
#3864 = EDGE_CURVE('',#3865,#3842,#3867,.T.);
#3865 = VERTEX_POINT('',#3866);
#3866 = CARTESIAN_POINT('',(26.,17.5,-114.));
#3867 = SURFACE_CURVE('',#3868,(#3872,#3879),.PCURVE_S1.);
#3868 = LINE('',#3869,#3870);
#3869 = CARTESIAN_POINT('',(26.,-28.,-114.));
#3870 = VECTOR('',#3871,1.);
#3871 = DIRECTION('',(-0.,1.,0.));
#3872 = PCURVE('',#2383,#3873);
#3873 = DEFINITIONAL_REPRESENTATION('',(#3874),#3878);
#3874 = LINE('',#3875,#3876);
#3875 = CARTESIAN_POINT('',(0.,0.));
#3876 = VECTOR('',#3877,1.);
#3877 = DIRECTION('',(0.,1.));
#3878 = ( GEOMETRIC_REPRESENTATION_CONTEXT(2) 
PARAMETRIC_REPRESENTATION_CONTEXT() REPRESENTATION_CONTEXT('2D SPACE',''
  ) );
#3879 = PCURVE('',#2444,#3880);
#3880 = DEFINITIONAL_REPRESENTATION('',(#3881),#3885);
#3881 = LINE('',#3882,#3883);
#3882 = CARTESIAN_POINT('',(0.,0.));
#3883 = VECTOR('',#3884,1.);
#3884 = DIRECTION('',(0.,-1.));
#3885 = ( GEOMETRIC_REPRESENTATION_CONTEXT(2) 
PARAMETRIC_REPRESENTATION_CONTEXT() REPRESENTATION_CONTEXT('2D SPACE',''
  ) );
#3886 = ORIENTED_EDGE('',*,*,#3887,.F.);
#3887 = EDGE_CURVE('',#3888,#3865,#3890,.T.);
#3888 = VERTEX_POINT('',#3889);
#3889 = CARTESIAN_POINT('',(30.5,17.5,-114.));
#3890 = SURFACE_CURVE('',#3891,(#3895,#3901),.PCURVE_S1.);
#3891 = LINE('',#3892,#3893);
#3892 = CARTESIAN_POINT('',(25.5,17.5,-114.));
#3893 = VECTOR('',#3894,1.);
#3894 = DIRECTION('',(-1.,-0.,0.));
#3895 = PCURVE('',#2383,#3896);
#3896 = DEFINITIONAL_REPRESENTATION('',(#3897),#3900);
#3897 = B_SPLINE_CURVE_WITH_KNOTS('',1,(#3898,#3899),.UNSPECIFIED.,.F.,
  .F.,(2,2),(-5.,-0.5),.PIECEWISE_BEZIER_KNOTS.);
#3898 = CARTESIAN_POINT('',(4.5,45.5));
#3899 = CARTESIAN_POINT('',(0.,45.5));
#3900 = ( GEOMETRIC_REPRESENTATION_CONTEXT(2) 
PARAMETRIC_REPRESENTATION_CONTEXT() REPRESENTATION_CONTEXT('2D SPACE',''
  ) );
#3901 = PCURVE('',#2471,#3902);
#3902 = DEFINITIONAL_REPRESENTATION('',(#3903),#3906);
#3903 = B_SPLINE_CURVE_WITH_KNOTS('',1,(#3904,#3905),.UNSPECIFIED.,.F.,
  .F.,(2,2),(-5.,-0.5),.PIECEWISE_BEZIER_KNOTS.);
#3904 = CARTESIAN_POINT('',(0.5,5.5));
#3905 = CARTESIAN_POINT('',(0.5,1.));
#3906 = ( GEOMETRIC_REPRESENTATION_CONTEXT(2) 
PARAMETRIC_REPRESENTATION_CONTEXT() REPRESENTATION_CONTEXT('2D SPACE',''
  ) );
#3907 = ORIENTED_EDGE('',*,*,#3908,.F.);
#3908 = EDGE_CURVE('',#3909,#3888,#3911,.T.);
#3909 = VERTEX_POINT('',#3910);
#3910 = CARTESIAN_POINT('',(30.5,-17.5,-114.));
#3911 = SURFACE_CURVE('',#3912,(#3916,#3922),.PCURVE_S1.);
#3912 = LINE('',#3913,#3914);
#3913 = CARTESIAN_POINT('',(30.5,-22.75,-114.));
#3914 = VECTOR('',#3915,1.);
#3915 = DIRECTION('',(-0.,1.,0.));
#3916 = PCURVE('',#2383,#3917);
#3917 = DEFINITIONAL_REPRESENTATION('',(#3918),#3921);
#3918 = B_SPLINE_CURVE_WITH_KNOTS('',1,(#3919,#3920),.UNSPECIFIED.,.F.,
  .F.,(2,2),(5.25,40.25),.PIECEWISE_BEZIER_KNOTS.);
#3919 = CARTESIAN_POINT('',(4.5,10.5));
#3920 = CARTESIAN_POINT('',(4.5,45.5));
#3921 = ( GEOMETRIC_REPRESENTATION_CONTEXT(2) 
PARAMETRIC_REPRESENTATION_CONTEXT() REPRESENTATION_CONTEXT('2D SPACE',''
  ) );
#3922 = PCURVE('',#2497,#3923);
#3923 = DEFINITIONAL_REPRESENTATION('',(#3924),#3927);
#3924 = B_SPLINE_CURVE_WITH_KNOTS('',1,(#3925,#3926),.UNSPECIFIED.,.F.,
  .F.,(2,2),(5.25,40.25),.PIECEWISE_BEZIER_KNOTS.);
#3925 = CARTESIAN_POINT('',(0.5,0.));
#3926 = CARTESIAN_POINT('',(0.5,-35.));
#3927 = ( GEOMETRIC_REPRESENTATION_CONTEXT(2) 
PARAMETRIC_REPRESENTATION_CONTEXT() REPRESENTATION_CONTEXT('2D SPACE',''
  ) );
#3928 = ORIENTED_EDGE('',*,*,#3929,.T.);
#3929 = EDGE_CURVE('',#3909,#3795,#3930,.T.);
#3930 = SURFACE_CURVE('',#3931,(#3935,#3941),.PCURVE_S1.);
#3931 = LINE('',#3932,#3933);
#3932 = CARTESIAN_POINT('',(25.5,-17.5,-114.));
#3933 = VECTOR('',#3934,1.);
#3934 = DIRECTION('',(-1.,-0.,0.));
#3935 = PCURVE('',#2383,#3936);
#3936 = DEFINITIONAL_REPRESENTATION('',(#3937),#3940);
#3937 = B_SPLINE_CURVE_WITH_KNOTS('',1,(#3938,#3939),.UNSPECIFIED.,.F.,
  .F.,(2,2),(-5.,-0.5),.PIECEWISE_BEZIER_KNOTS.);
#3938 = CARTESIAN_POINT('',(4.5,10.5));
#3939 = CARTESIAN_POINT('',(0.,10.5));
#3940 = ( GEOMETRIC_REPRESENTATION_CONTEXT(2) 
PARAMETRIC_REPRESENTATION_CONTEXT() REPRESENTATION_CONTEXT('2D SPACE',''
  ) );
#3941 = PCURVE('',#2523,#3942);
#3942 = DEFINITIONAL_REPRESENTATION('',(#3943),#3946);
#3943 = B_SPLINE_CURVE_WITH_KNOTS('',1,(#3944,#3945),.UNSPECIFIED.,.F.,
  .F.,(2,2),(-5.,-0.5),.PIECEWISE_BEZIER_KNOTS.);
#3944 = CARTESIAN_POINT('',(0.5,5.5));
#3945 = CARTESIAN_POINT('',(0.5,1.));
#3946 = ( GEOMETRIC_REPRESENTATION_CONTEXT(2) 
PARAMETRIC_REPRESENTATION_CONTEXT() REPRESENTATION_CONTEXT('2D SPACE',''
  ) );
#3947 = FACE_BOUND('',#3948,.F.);
#3948 = EDGE_LOOP('',(#3949));
#3949 = ORIENTED_EDGE('',*,*,#2368,.F.);
#3950 = FACE_BOUND('',#3951,.F.);
#3951 = EDGE_LOOP('',(#3952));
#3952 = ORIENTED_EDGE('',*,*,#2917,.F.);
#3953 = FACE_BOUND('',#3954,.F.);
#3954 = EDGE_LOOP('',(#3955,#3983,#4009,#4035));
#3955 = ORIENTED_EDGE('',*,*,#3956,.T.);
#3956 = EDGE_CURVE('',#3957,#3959,#3961,.T.);
#3957 = VERTEX_POINT('',#3958);
#3958 = CARTESIAN_POINT('',(35.,-11.5,-114.));
#3959 = VERTEX_POINT('',#3960);
#3960 = CARTESIAN_POINT('',(33.,-11.5,-114.));
#3961 = SURFACE_CURVE('',#3962,(#3966,#3972),.PCURVE_S1.);
#3962 = LINE('',#3963,#3964);
#3963 = CARTESIAN_POINT('',(29.5,-11.5,-114.));
#3964 = VECTOR('',#3965,1.);
#3965 = DIRECTION('',(-1.,-0.,0.));
#3966 = PCURVE('',#2383,#3967);
#3967 = DEFINITIONAL_REPRESENTATION('',(#3968),#3971);
#3968 = B_SPLINE_CURVE_WITH_KNOTS('',1,(#3969,#3970),.UNSPECIFIED.,.F.,
  .F.,(2,2),(-5.5,-3.5),.PIECEWISE_BEZIER_KNOTS.);
#3969 = CARTESIAN_POINT('',(9.,16.5));
#3970 = CARTESIAN_POINT('',(7.,16.5));
#3971 = ( GEOMETRIC_REPRESENTATION_CONTEXT(2) 
PARAMETRIC_REPRESENTATION_CONTEXT() REPRESENTATION_CONTEXT('2D SPACE',''
  ) );
#3972 = PCURVE('',#3973,#3978);
#3973 = PLANE('',#3974);
#3974 = AXIS2_PLACEMENT_3D('',#3975,#3976,#3977);
#3975 = CARTESIAN_POINT('',(33.,-11.5,-115.5));
#3976 = DIRECTION('',(-0.,1.,0.));
#3977 = DIRECTION('',(0.,0.,1.));
#3978 = DEFINITIONAL_REPRESENTATION('',(#3979),#3982);
#3979 = B_SPLINE_CURVE_WITH_KNOTS('',1,(#3980,#3981),.UNSPECIFIED.,.F.,
  .F.,(2,2),(-5.5,-3.5),.PIECEWISE_BEZIER_KNOTS.);
#3980 = CARTESIAN_POINT('',(1.5,2.));
#3981 = CARTESIAN_POINT('',(1.5,0.));
#3982 = ( GEOMETRIC_REPRESENTATION_CONTEXT(2) 
PARAMETRIC_REPRESENTATION_CONTEXT() REPRESENTATION_CONTEXT('2D SPACE',''
  ) );
#3983 = ORIENTED_EDGE('',*,*,#3984,.T.);
#3984 = EDGE_CURVE('',#3959,#3985,#3987,.T.);
#3985 = VERTEX_POINT('',#3986);
#3986 = CARTESIAN_POINT('',(33.,-8.5,-114.));
#3987 = SURFACE_CURVE('',#3988,(#3992,#3998),.PCURVE_S1.);
#3988 = LINE('',#3989,#3990);
#3989 = CARTESIAN_POINT('',(33.,-19.75,-114.));
#3990 = VECTOR('',#3991,1.);
#3991 = DIRECTION('',(-0.,1.,0.));
#3992 = PCURVE('',#2383,#3993);
#3993 = DEFINITIONAL_REPRESENTATION('',(#3994),#3997);
#3994 = B_SPLINE_CURVE_WITH_KNOTS('',1,(#3995,#3996),.UNSPECIFIED.,.F.,
  .F.,(2,2),(8.25,11.25),.PIECEWISE_BEZIER_KNOTS.);
#3995 = CARTESIAN_POINT('',(7.,16.5));
#3996 = CARTESIAN_POINT('',(7.,19.5));
#3997 = ( GEOMETRIC_REPRESENTATION_CONTEXT(2) 
PARAMETRIC_REPRESENTATION_CONTEXT() REPRESENTATION_CONTEXT('2D SPACE',''
  ) );
#3998 = PCURVE('',#3999,#4004);
#3999 = PLANE('',#4000);
#4000 = AXIS2_PLACEMENT_3D('',#4001,#4002,#4003);
#4001 = CARTESIAN_POINT('',(33.,-11.5,-115.5));
#4002 = DIRECTION('',(1.,0.,-0.));
#4003 = DIRECTION('',(0.,0.,1.));
#4004 = DEFINITIONAL_REPRESENTATION('',(#4005),#4008);
#4005 = B_SPLINE_CURVE_WITH_KNOTS('',1,(#4006,#4007),.UNSPECIFIED.,.F.,
  .F.,(2,2),(8.25,11.25),.PIECEWISE_BEZIER_KNOTS.);
#4006 = CARTESIAN_POINT('',(1.5,0.));
#4007 = CARTESIAN_POINT('',(1.5,-3.));
#4008 = ( GEOMETRIC_REPRESENTATION_CONTEXT(2) 
PARAMETRIC_REPRESENTATION_CONTEXT() REPRESENTATION_CONTEXT('2D SPACE',''
  ) );
#4009 = ORIENTED_EDGE('',*,*,#4010,.F.);
#4010 = EDGE_CURVE('',#4011,#3985,#4013,.T.);
#4011 = VERTEX_POINT('',#4012);
#4012 = CARTESIAN_POINT('',(35.,-8.5,-114.));
#4013 = SURFACE_CURVE('',#4014,(#4018,#4024),.PCURVE_S1.);
#4014 = LINE('',#4015,#4016);
#4015 = CARTESIAN_POINT('',(29.5,-8.5,-114.));
#4016 = VECTOR('',#4017,1.);
#4017 = DIRECTION('',(-1.,-0.,0.));
#4018 = PCURVE('',#2383,#4019);
#4019 = DEFINITIONAL_REPRESENTATION('',(#4020),#4023);
#4020 = B_SPLINE_CURVE_WITH_KNOTS('',1,(#4021,#4022),.UNSPECIFIED.,.F.,
  .F.,(2,2),(-5.5,-3.5),.PIECEWISE_BEZIER_KNOTS.);
#4021 = CARTESIAN_POINT('',(9.,19.5));
#4022 = CARTESIAN_POINT('',(7.,19.5));
#4023 = ( GEOMETRIC_REPRESENTATION_CONTEXT(2) 
PARAMETRIC_REPRESENTATION_CONTEXT() REPRESENTATION_CONTEXT('2D SPACE',''
  ) );
#4024 = PCURVE('',#4025,#4030);
#4025 = PLANE('',#4026);
#4026 = AXIS2_PLACEMENT_3D('',#4027,#4028,#4029);
#4027 = CARTESIAN_POINT('',(33.,-8.5,-115.5));
#4028 = DIRECTION('',(-0.,1.,0.));
#4029 = DIRECTION('',(0.,0.,1.));
#4030 = DEFINITIONAL_REPRESENTATION('',(#4031),#4034);
#4031 = B_SPLINE_CURVE_WITH_KNOTS('',1,(#4032,#4033),.UNSPECIFIED.,.F.,
  .F.,(2,2),(-5.5,-3.5),.PIECEWISE_BEZIER_KNOTS.);
#4032 = CARTESIAN_POINT('',(1.5,2.));
#4033 = CARTESIAN_POINT('',(1.5,0.));
#4034 = ( GEOMETRIC_REPRESENTATION_CONTEXT(2) 
PARAMETRIC_REPRESENTATION_CONTEXT() REPRESENTATION_CONTEXT('2D SPACE',''
  ) );
#4035 = ORIENTED_EDGE('',*,*,#4036,.F.);
#4036 = EDGE_CURVE('',#3957,#4011,#4037,.T.);
#4037 = SURFACE_CURVE('',#4038,(#4042,#4048),.PCURVE_S1.);
#4038 = LINE('',#4039,#4040);
#4039 = CARTESIAN_POINT('',(35.,-19.75,-114.));
#4040 = VECTOR('',#4041,1.);
#4041 = DIRECTION('',(-0.,1.,0.));
#4042 = PCURVE('',#2383,#4043);
#4043 = DEFINITIONAL_REPRESENTATION('',(#4044),#4047);
#4044 = B_SPLINE_CURVE_WITH_KNOTS('',1,(#4045,#4046),.UNSPECIFIED.,.F.,
  .F.,(2,2),(8.25,11.25),.PIECEWISE_BEZIER_KNOTS.);
#4045 = CARTESIAN_POINT('',(9.,16.5));
#4046 = CARTESIAN_POINT('',(9.,19.5));
#4047 = ( GEOMETRIC_REPRESENTATION_CONTEXT(2) 
PARAMETRIC_REPRESENTATION_CONTEXT() REPRESENTATION_CONTEXT('2D SPACE',''
  ) );
#4048 = PCURVE('',#4049,#4054);
#4049 = PLANE('',#4050);
#4050 = AXIS2_PLACEMENT_3D('',#4051,#4052,#4053);
#4051 = CARTESIAN_POINT('',(35.,-11.5,-115.5));
#4052 = DIRECTION('',(1.,0.,-0.));
#4053 = DIRECTION('',(0.,0.,1.));
#4054 = DEFINITIONAL_REPRESENTATION('',(#4055),#4058);
#4055 = B_SPLINE_CURVE_WITH_KNOTS('',1,(#4056,#4057),.UNSPECIFIED.,.F.,
  .F.,(2,2),(8.25,11.25),.PIECEWISE_BEZIER_KNOTS.);
#4056 = CARTESIAN_POINT('',(1.5,0.));
#4057 = CARTESIAN_POINT('',(1.5,-3.));
#4058 = ( GEOMETRIC_REPRESENTATION_CONTEXT(2) 
PARAMETRIC_REPRESENTATION_CONTEXT() REPRESENTATION_CONTEXT('2D SPACE',''
  ) );
#4059 = FACE_BOUND('',#4060,.F.);
#4060 = EDGE_LOOP('',(#4061));
#4061 = ORIENTED_EDGE('',*,*,#4062,.F.);
#4062 = EDGE_CURVE('',#4063,#4063,#4065,.T.);
#4063 = VERTEX_POINT('',#4064);
#4064 = CARTESIAN_POINT('',(31.25,21.,-114.));
#4065 = SURFACE_CURVE('',#4066,(#4071,#4078),.PCURVE_S1.);
#4066 = CIRCLE('',#4067,2.25);
#4067 = AXIS2_PLACEMENT_3D('',#4068,#4069,#4070);
#4068 = CARTESIAN_POINT('',(29.,21.,-114.));
#4069 = DIRECTION('',(0.,0.,1.));
#4070 = DIRECTION('',(1.,0.,-0.));
#4071 = PCURVE('',#2383,#4072);
#4072 = DEFINITIONAL_REPRESENTATION('',(#4073),#4077);
#4073 = CIRCLE('',#4074,2.25);
#4074 = AXIS2_PLACEMENT_2D('',#4075,#4076);
#4075 = CARTESIAN_POINT('',(3.,49.));
#4076 = DIRECTION('',(1.,0.));
#4077 = ( GEOMETRIC_REPRESENTATION_CONTEXT(2) 
PARAMETRIC_REPRESENTATION_CONTEXT() REPRESENTATION_CONTEXT('2D SPACE',''
  ) );
#4078 = PCURVE('',#2831,#4079);
#4079 = DEFINITIONAL_REPRESENTATION('',(#4080),#4084);
#4080 = LINE('',#4081,#4082);
#4081 = CARTESIAN_POINT('',(0.,0.5));
#4082 = VECTOR('',#4083,1.);
#4083 = DIRECTION('',(1.,0.));
#4084 = ( GEOMETRIC_REPRESENTATION_CONTEXT(2) 
PARAMETRIC_REPRESENTATION_CONTEXT() REPRESENTATION_CONTEXT('2D SPACE',''
  ) );
#4085 = FACE_BOUND('',#4086,.F.);
#4086 = EDGE_LOOP('',(#4087,#4115,#4141,#4167));
#4087 = ORIENTED_EDGE('',*,*,#4088,.T.);
#4088 = EDGE_CURVE('',#4089,#4091,#4093,.T.);
#4089 = VERTEX_POINT('',#4090);
#4090 = CARTESIAN_POINT('',(35.,8.5,-114.));
#4091 = VERTEX_POINT('',#4092);
#4092 = CARTESIAN_POINT('',(33.,8.5,-114.));
#4093 = SURFACE_CURVE('',#4094,(#4098,#4104),.PCURVE_S1.);
#4094 = LINE('',#4095,#4096);
#4095 = CARTESIAN_POINT('',(29.5,8.5,-114.));
#4096 = VECTOR('',#4097,1.);
#4097 = DIRECTION('',(-1.,-0.,0.));
#4098 = PCURVE('',#2383,#4099);
#4099 = DEFINITIONAL_REPRESENTATION('',(#4100),#4103);
#4100 = B_SPLINE_CURVE_WITH_KNOTS('',1,(#4101,#4102),.UNSPECIFIED.,.F.,
  .F.,(2,2),(-5.5,-3.5),.PIECEWISE_BEZIER_KNOTS.);
#4101 = CARTESIAN_POINT('',(9.,36.5));
#4102 = CARTESIAN_POINT('',(7.,36.5));
#4103 = ( GEOMETRIC_REPRESENTATION_CONTEXT(2) 
PARAMETRIC_REPRESENTATION_CONTEXT() REPRESENTATION_CONTEXT('2D SPACE',''
  ) );
#4104 = PCURVE('',#4105,#4110);
#4105 = PLANE('',#4106);
#4106 = AXIS2_PLACEMENT_3D('',#4107,#4108,#4109);
#4107 = CARTESIAN_POINT('',(33.,8.5,-115.5));
#4108 = DIRECTION('',(-0.,1.,0.));
#4109 = DIRECTION('',(0.,0.,1.));
#4110 = DEFINITIONAL_REPRESENTATION('',(#4111),#4114);
#4111 = B_SPLINE_CURVE_WITH_KNOTS('',1,(#4112,#4113),.UNSPECIFIED.,.F.,
  .F.,(2,2),(-5.5,-3.5),.PIECEWISE_BEZIER_KNOTS.);
#4112 = CARTESIAN_POINT('',(1.5,2.));
#4113 = CARTESIAN_POINT('',(1.5,0.));
#4114 = ( GEOMETRIC_REPRESENTATION_CONTEXT(2) 
PARAMETRIC_REPRESENTATION_CONTEXT() REPRESENTATION_CONTEXT('2D SPACE',''
  ) );
#4115 = ORIENTED_EDGE('',*,*,#4116,.T.);
#4116 = EDGE_CURVE('',#4091,#4117,#4119,.T.);
#4117 = VERTEX_POINT('',#4118);
#4118 = CARTESIAN_POINT('',(33.,11.5,-114.));
#4119 = SURFACE_CURVE('',#4120,(#4124,#4130),.PCURVE_S1.);
#4120 = LINE('',#4121,#4122);
#4121 = CARTESIAN_POINT('',(33.,-9.75,-114.));
#4122 = VECTOR('',#4123,1.);
#4123 = DIRECTION('',(-0.,1.,0.));
#4124 = PCURVE('',#2383,#4125);
#4125 = DEFINITIONAL_REPRESENTATION('',(#4126),#4129);
#4126 = B_SPLINE_CURVE_WITH_KNOTS('',1,(#4127,#4128),.UNSPECIFIED.,.F.,
  .F.,(2,2),(18.25,21.25),.PIECEWISE_BEZIER_KNOTS.);
#4127 = CARTESIAN_POINT('',(7.,36.5));
#4128 = CARTESIAN_POINT('',(7.,39.5));
#4129 = ( GEOMETRIC_REPRESENTATION_CONTEXT(2) 
PARAMETRIC_REPRESENTATION_CONTEXT() REPRESENTATION_CONTEXT('2D SPACE',''
  ) );
#4130 = PCURVE('',#4131,#4136);
#4131 = PLANE('',#4132);
#4132 = AXIS2_PLACEMENT_3D('',#4133,#4134,#4135);
#4133 = CARTESIAN_POINT('',(33.,8.5,-115.5));
#4134 = DIRECTION('',(1.,0.,-0.));
#4135 = DIRECTION('',(0.,0.,1.));
#4136 = DEFINITIONAL_REPRESENTATION('',(#4137),#4140);
#4137 = B_SPLINE_CURVE_WITH_KNOTS('',1,(#4138,#4139),.UNSPECIFIED.,.F.,
  .F.,(2,2),(18.25,21.25),.PIECEWISE_BEZIER_KNOTS.);
#4138 = CARTESIAN_POINT('',(1.5,0.));
#4139 = CARTESIAN_POINT('',(1.5,-3.));
#4140 = ( GEOMETRIC_REPRESENTATION_CONTEXT(2) 
PARAMETRIC_REPRESENTATION_CONTEXT() REPRESENTATION_CONTEXT('2D SPACE',''
  ) );
#4141 = ORIENTED_EDGE('',*,*,#4142,.F.);
#4142 = EDGE_CURVE('',#4143,#4117,#4145,.T.);
#4143 = VERTEX_POINT('',#4144);
#4144 = CARTESIAN_POINT('',(35.,11.5,-114.));
#4145 = SURFACE_CURVE('',#4146,(#4150,#4156),.PCURVE_S1.);
#4146 = LINE('',#4147,#4148);
#4147 = CARTESIAN_POINT('',(29.5,11.5,-114.));
#4148 = VECTOR('',#4149,1.);
#4149 = DIRECTION('',(-1.,-0.,0.));
#4150 = PCURVE('',#2383,#4151);
#4151 = DEFINITIONAL_REPRESENTATION('',(#4152),#4155);
#4152 = B_SPLINE_CURVE_WITH_KNOTS('',1,(#4153,#4154),.UNSPECIFIED.,.F.,
  .F.,(2,2),(-5.5,-3.5),.PIECEWISE_BEZIER_KNOTS.);
#4153 = CARTESIAN_POINT('',(9.,39.5));
#4154 = CARTESIAN_POINT('',(7.,39.5));
#4155 = ( GEOMETRIC_REPRESENTATION_CONTEXT(2) 
PARAMETRIC_REPRESENTATION_CONTEXT() REPRESENTATION_CONTEXT('2D SPACE',''
  ) );
#4156 = PCURVE('',#4157,#4162);
#4157 = PLANE('',#4158);
#4158 = AXIS2_PLACEMENT_3D('',#4159,#4160,#4161);
#4159 = CARTESIAN_POINT('',(33.,11.5,-115.5));
#4160 = DIRECTION('',(-0.,1.,0.));
#4161 = DIRECTION('',(0.,0.,1.));
#4162 = DEFINITIONAL_REPRESENTATION('',(#4163),#4166);
#4163 = B_SPLINE_CURVE_WITH_KNOTS('',1,(#4164,#4165),.UNSPECIFIED.,.F.,
  .F.,(2,2),(-5.5,-3.5),.PIECEWISE_BEZIER_KNOTS.);
#4164 = CARTESIAN_POINT('',(1.5,2.));
#4165 = CARTESIAN_POINT('',(1.5,0.));
#4166 = ( GEOMETRIC_REPRESENTATION_CONTEXT(2) 
PARAMETRIC_REPRESENTATION_CONTEXT() REPRESENTATION_CONTEXT('2D SPACE',''
  ) );
#4167 = ORIENTED_EDGE('',*,*,#4168,.F.);
#4168 = EDGE_CURVE('',#4089,#4143,#4169,.T.);
#4169 = SURFACE_CURVE('',#4170,(#4174,#4180),.PCURVE_S1.);
#4170 = LINE('',#4171,#4172);
#4171 = CARTESIAN_POINT('',(35.,-9.75,-114.));
#4172 = VECTOR('',#4173,1.);
#4173 = DIRECTION('',(-0.,1.,0.));
#4174 = PCURVE('',#2383,#4175);
#4175 = DEFINITIONAL_REPRESENTATION('',(#4176),#4179);
#4176 = B_SPLINE_CURVE_WITH_KNOTS('',1,(#4177,#4178),.UNSPECIFIED.,.F.,
  .F.,(2,2),(18.25,21.25),.PIECEWISE_BEZIER_KNOTS.);
#4177 = CARTESIAN_POINT('',(9.,36.5));
#4178 = CARTESIAN_POINT('',(9.,39.5));
#4179 = ( GEOMETRIC_REPRESENTATION_CONTEXT(2) 
PARAMETRIC_REPRESENTATION_CONTEXT() REPRESENTATION_CONTEXT('2D SPACE',''
  ) );
#4180 = PCURVE('',#4181,#4186);
#4181 = PLANE('',#4182);
#4182 = AXIS2_PLACEMENT_3D('',#4183,#4184,#4185);
#4183 = CARTESIAN_POINT('',(35.,8.5,-115.5));
#4184 = DIRECTION('',(1.,0.,-0.));
#4185 = DIRECTION('',(0.,0.,1.));
#4186 = DEFINITIONAL_REPRESENTATION('',(#4187),#4190);
#4187 = B_SPLINE_CURVE_WITH_KNOTS('',1,(#4188,#4189),.UNSPECIFIED.,.F.,
  .F.,(2,2),(18.25,21.25),.PIECEWISE_BEZIER_KNOTS.);
#4188 = CARTESIAN_POINT('',(1.5,0.));
#4189 = CARTESIAN_POINT('',(1.5,-3.));
#4190 = ( GEOMETRIC_REPRESENTATION_CONTEXT(2) 
PARAMETRIC_REPRESENTATION_CONTEXT() REPRESENTATION_CONTEXT('2D SPACE',''
  ) );
#4191 = FACE_BOUND('',#4192,.F.);
#4192 = EDGE_LOOP('',(#4193));
#4193 = ORIENTED_EDGE('',*,*,#4194,.F.);
#4194 = EDGE_CURVE('',#4195,#4195,#4197,.T.);
#4195 = VERTEX_POINT('',#4196);
#4196 = CARTESIAN_POINT('',(37.25,21.,-114.));
#4197 = SURFACE_CURVE('',#4198,(#4203,#4210),.PCURVE_S1.);
#4198 = CIRCLE('',#4199,2.25);
#4199 = AXIS2_PLACEMENT_3D('',#4200,#4201,#4202);
#4200 = CARTESIAN_POINT('',(35.,21.,-114.));
#4201 = DIRECTION('',(0.,0.,1.));
#4202 = DIRECTION('',(1.,0.,-0.));
#4203 = PCURVE('',#2383,#4204);
#4204 = DEFINITIONAL_REPRESENTATION('',(#4205),#4209);
#4205 = CIRCLE('',#4206,2.25);
#4206 = AXIS2_PLACEMENT_2D('',#4207,#4208);
#4207 = CARTESIAN_POINT('',(9.,49.));
#4208 = DIRECTION('',(1.,0.));
#4209 = ( GEOMETRIC_REPRESENTATION_CONTEXT(2) 
PARAMETRIC_REPRESENTATION_CONTEXT() REPRESENTATION_CONTEXT('2D SPACE',''
  ) );
#4210 = PCURVE('',#2751,#4211);
#4211 = DEFINITIONAL_REPRESENTATION('',(#4212),#4216);
#4212 = LINE('',#4213,#4214);
#4213 = CARTESIAN_POINT('',(0.,0.5));
#4214 = VECTOR('',#4215,1.);
#4215 = DIRECTION('',(1.,0.));
#4216 = ( GEOMETRIC_REPRESENTATION_CONTEXT(2) 
PARAMETRIC_REPRESENTATION_CONTEXT() REPRESENTATION_CONTEXT('2D SPACE',''
  ) );
#4217 = ADVANCED_FACE('',(#4218),#2416,.T.);
#4218 = FACE_BOUND('',#4219,.T.);
#4219 = EDGE_LOOP('',(#4220,#4241,#4242,#4263,#4264,#4285,#4311,#4331));
#4220 = ORIENTED_EDGE('',*,*,#4221,.F.);
#4221 = EDGE_CURVE('',#3819,#2657,#4222,.T.);
#4222 = SURFACE_CURVE('',#4223,(#4227,#4234),.PCURVE_S1.);
#4223 = LINE('',#4224,#4225);
#4224 = CARTESIAN_POINT('',(38.,28.,-114.));
#4225 = VECTOR('',#4226,1.);
#4226 = DIRECTION('',(0.,0.,1.));
#4227 = PCURVE('',#2416,#4228);
#4228 = DEFINITIONAL_REPRESENTATION('',(#4229),#4233);
#4229 = LINE('',#4230,#4231);
#4230 = CARTESIAN_POINT('',(0.,12.));
#4231 = VECTOR('',#4232,1.);
#4232 = DIRECTION('',(1.,0.));
#4233 = ( GEOMETRIC_REPRESENTATION_CONTEXT(2) 
PARAMETRIC_REPRESENTATION_CONTEXT() REPRESENTATION_CONTEXT('2D SPACE',''
  ) );
#4234 = PCURVE('',#2672,#4235);
#4235 = DEFINITIONAL_REPRESENTATION('',(#4236),#4240);
#4236 = LINE('',#4237,#4238);
#4237 = CARTESIAN_POINT('',(0.,-56.));
#4238 = VECTOR('',#4239,1.);
#4239 = DIRECTION('',(1.,0.));
#4240 = ( GEOMETRIC_REPRESENTATION_CONTEXT(2) 
PARAMETRIC_REPRESENTATION_CONTEXT() REPRESENTATION_CONTEXT('2D SPACE',''
  ) );
#4241 = ORIENTED_EDGE('',*,*,#3841,.F.);
#4242 = ORIENTED_EDGE('',*,*,#4243,.T.);
#4243 = EDGE_CURVE('',#3842,#2399,#4244,.T.);
#4244 = SURFACE_CURVE('',#4245,(#4249,#4256),.PCURVE_S1.);
#4245 = LINE('',#4246,#4247);
#4246 = CARTESIAN_POINT('',(26.,28.,-114.));
#4247 = VECTOR('',#4248,1.);
#4248 = DIRECTION('',(0.,0.,1.));
#4249 = PCURVE('',#2416,#4250);
#4250 = DEFINITIONAL_REPRESENTATION('',(#4251),#4255);
#4251 = LINE('',#4252,#4253);
#4252 = CARTESIAN_POINT('',(0.,0.));
#4253 = VECTOR('',#4254,1.);
#4254 = DIRECTION('',(1.,0.));
#4255 = ( GEOMETRIC_REPRESENTATION_CONTEXT(2) 
PARAMETRIC_REPRESENTATION_CONTEXT() REPRESENTATION_CONTEXT('2D SPACE',''
  ) );
#4256 = PCURVE('',#2444,#4257);
#4257 = DEFINITIONAL_REPRESENTATION('',(#4258),#4262);
#4258 = LINE('',#4259,#4260);
#4259 = CARTESIAN_POINT('',(0.,-56.));
#4260 = VECTOR('',#4261,1.);
#4261 = DIRECTION('',(1.,0.));
#4262 = ( GEOMETRIC_REPRESENTATION_CONTEXT(2) 
PARAMETRIC_REPRESENTATION_CONTEXT() REPRESENTATION_CONTEXT('2D SPACE',''
  ) );
#4263 = ORIENTED_EDGE('',*,*,#2398,.T.);
#4264 = ORIENTED_EDGE('',*,*,#4265,.F.);
#4265 = EDGE_CURVE('',#4266,#2401,#4268,.T.);
#4266 = VERTEX_POINT('',#4267);
#4267 = CARTESIAN_POINT('',(29.,28.,-112.));
#4268 = SURFACE_CURVE('',#4269,(#4273,#4279),.PCURVE_S1.);
#4269 = LINE('',#4270,#4271);
#4270 = CARTESIAN_POINT('',(29.,28.,-113.));
#4271 = VECTOR('',#4272,1.);
#4272 = DIRECTION('',(0.,0.,1.));
#4273 = PCURVE('',#2416,#4274);
#4274 = DEFINITIONAL_REPRESENTATION('',(#4275),#4278);
#4275 = B_SPLINE_CURVE_WITH_KNOTS('',1,(#4276,#4277),.UNSPECIFIED.,.F.,
  .F.,(2,2),(1.,3.),.PIECEWISE_BEZIER_KNOTS.);
#4276 = CARTESIAN_POINT('',(2.,3.));
#4277 = CARTESIAN_POINT('',(4.,3.));
#4278 = ( GEOMETRIC_REPRESENTATION_CONTEXT(2) 
PARAMETRIC_REPRESENTATION_CONTEXT() REPRESENTATION_CONTEXT('2D SPACE',''
  ) );
#4279 = PCURVE('',#2856,#4280);
#4280 = DEFINITIONAL_REPRESENTATION('',(#4281),#4284);
#4281 = B_SPLINE_CURVE_WITH_KNOTS('',1,(#4282,#4283),.UNSPECIFIED.,.F.,
  .F.,(2,2),(1.,3.),.PIECEWISE_BEZIER_KNOTS.);
#4282 = CARTESIAN_POINT('',(0.,-8.5));
#4283 = CARTESIAN_POINT('',(2.,-8.5));
#4284 = ( GEOMETRIC_REPRESENTATION_CONTEXT(2) 
PARAMETRIC_REPRESENTATION_CONTEXT() REPRESENTATION_CONTEXT('2D SPACE',''
  ) );
#4285 = ORIENTED_EDGE('',*,*,#4286,.F.);
#4286 = EDGE_CURVE('',#4287,#4266,#4289,.T.);
#4287 = VERTEX_POINT('',#4288);
#4288 = CARTESIAN_POINT('',(35.,28.,-112.));
#4289 = SURFACE_CURVE('',#4290,(#4294,#4300),.PCURVE_S1.);
#4290 = LINE('',#4291,#4292);
#4291 = CARTESIAN_POINT('',(27.5,28.,-112.));
#4292 = VECTOR('',#4293,1.);
#4293 = DIRECTION('',(-1.,-0.,0.));
#4294 = PCURVE('',#2416,#4295);
#4295 = DEFINITIONAL_REPRESENTATION('',(#4296),#4299);
#4296 = B_SPLINE_CURVE_WITH_KNOTS('',1,(#4297,#4298),.UNSPECIFIED.,.F.,
  .F.,(2,2),(-7.5,-1.5),.PIECEWISE_BEZIER_KNOTS.);
#4297 = CARTESIAN_POINT('',(2.,9.));
#4298 = CARTESIAN_POINT('',(2.,3.));
#4299 = ( GEOMETRIC_REPRESENTATION_CONTEXT(2) 
PARAMETRIC_REPRESENTATION_CONTEXT() REPRESENTATION_CONTEXT('2D SPACE',''
  ) );
#4300 = PCURVE('',#4301,#4306);
#4301 = PLANE('',#4302);
#4302 = AXIS2_PLACEMENT_3D('',#4303,#4304,#4305);
#4303 = CARTESIAN_POINT('',(29.,19.5,-112.));
#4304 = DIRECTION('',(0.,0.,1.));
#4305 = DIRECTION('',(1.,0.,-0.));
#4306 = DEFINITIONAL_REPRESENTATION('',(#4307),#4310);
#4307 = B_SPLINE_CURVE_WITH_KNOTS('',1,(#4308,#4309),.UNSPECIFIED.,.F.,
  .F.,(2,2),(-7.5,-1.5),.PIECEWISE_BEZIER_KNOTS.);
#4308 = CARTESIAN_POINT('',(6.,8.5));
#4309 = CARTESIAN_POINT('',(0.,8.5));
#4310 = ( GEOMETRIC_REPRESENTATION_CONTEXT(2) 
PARAMETRIC_REPRESENTATION_CONTEXT() REPRESENTATION_CONTEXT('2D SPACE',''
  ) );
#4311 = ORIENTED_EDGE('',*,*,#4312,.T.);
#4312 = EDGE_CURVE('',#4287,#2685,#4313,.T.);
#4313 = SURFACE_CURVE('',#4314,(#4318,#4324),.PCURVE_S1.);
#4314 = LINE('',#4315,#4316);
#4315 = CARTESIAN_POINT('',(35.,28.,-113.));
#4316 = VECTOR('',#4317,1.);
#4317 = DIRECTION('',(0.,0.,1.));
#4318 = PCURVE('',#2416,#4319);
#4319 = DEFINITIONAL_REPRESENTATION('',(#4320),#4323);
#4320 = B_SPLINE_CURVE_WITH_KNOTS('',1,(#4321,#4322),.UNSPECIFIED.,.F.,
  .F.,(2,2),(1.,3.),.PIECEWISE_BEZIER_KNOTS.);
#4321 = CARTESIAN_POINT('',(2.,9.));
#4322 = CARTESIAN_POINT('',(4.,9.));
#4323 = ( GEOMETRIC_REPRESENTATION_CONTEXT(2) 
PARAMETRIC_REPRESENTATION_CONTEXT() REPRESENTATION_CONTEXT('2D SPACE',''
  ) );
#4324 = PCURVE('',#2722,#4325);
#4325 = DEFINITIONAL_REPRESENTATION('',(#4326),#4330);
#4326 = LINE('',#4327,#4328);
#4327 = CARTESIAN_POINT('',(-1.,-8.5));
#4328 = VECTOR('',#4329,1.);
#4329 = DIRECTION('',(1.,0.));
#4330 = ( GEOMETRIC_REPRESENTATION_CONTEXT(2) 
PARAMETRIC_REPRESENTATION_CONTEXT() REPRESENTATION_CONTEXT('2D SPACE',''
  ) );
#4331 = ORIENTED_EDGE('',*,*,#2684,.T.);
#4332 = ADVANCED_FACE('',(#4333),#2856,.F.);
#4333 = FACE_BOUND('',#4334,.F.);
#4334 = EDGE_LOOP('',(#4335,#4365,#4391,#4414,#4440,#4459,#4460,#4461));
#4335 = ORIENTED_EDGE('',*,*,#4336,.T.);
#4336 = EDGE_CURVE('',#4337,#4339,#4341,.T.);
#4337 = VERTEX_POINT('',#4338);
#4338 = CARTESIAN_POINT('',(29.,29.5,-112.));
#4339 = VERTEX_POINT('',#4340);
#4340 = CARTESIAN_POINT('',(29.,29.5,-95.));
#4341 = SURFACE_CURVE('',#4342,(#4346,#4353),.PCURVE_S1.);
#4342 = LINE('',#4343,#4344);
#4343 = CARTESIAN_POINT('',(29.,29.5,-112.));
#4344 = VECTOR('',#4345,1.);
#4345 = DIRECTION('',(0.,0.,1.));
#4346 = PCURVE('',#2856,#4347);
#4347 = DEFINITIONAL_REPRESENTATION('',(#4348),#4352);
#4348 = LINE('',#4349,#4350);
#4349 = CARTESIAN_POINT('',(0.,-10.));
#4350 = VECTOR('',#4351,1.);
#4351 = DIRECTION('',(1.,0.));
#4352 = ( GEOMETRIC_REPRESENTATION_CONTEXT(2) 
PARAMETRIC_REPRESENTATION_CONTEXT() REPRESENTATION_CONTEXT('2D SPACE',''
  ) );
#4353 = PCURVE('',#4354,#4359);
#4354 = PLANE('',#4355);
#4355 = AXIS2_PLACEMENT_3D('',#4356,#4357,#4358);
#4356 = CARTESIAN_POINT('',(29.,29.5,-112.));
#4357 = DIRECTION('',(-0.,1.,0.));
#4358 = DIRECTION('',(0.,0.,1.));
#4359 = DEFINITIONAL_REPRESENTATION('',(#4360),#4364);
#4360 = LINE('',#4361,#4362);
#4361 = CARTESIAN_POINT('',(0.,0.));
#4362 = VECTOR('',#4363,1.);
#4363 = DIRECTION('',(1.,0.));
#4364 = ( GEOMETRIC_REPRESENTATION_CONTEXT(2) 
PARAMETRIC_REPRESENTATION_CONTEXT() REPRESENTATION_CONTEXT('2D SPACE',''
  ) );
#4365 = ORIENTED_EDGE('',*,*,#4366,.T.);
#4366 = EDGE_CURVE('',#4339,#4367,#4369,.T.);
#4367 = VERTEX_POINT('',#4368);
#4368 = CARTESIAN_POINT('',(29.,19.5,-95.));
#4369 = SURFACE_CURVE('',#4370,(#4374,#4380),.PCURVE_S1.);
#4370 = LINE('',#4371,#4372);
#4371 = CARTESIAN_POINT('',(29.,19.5,-95.));
#4372 = VECTOR('',#4373,1.);
#4373 = DIRECTION('',(0.,-1.,0.));
#4374 = PCURVE('',#2856,#4375);
#4375 = DEFINITIONAL_REPRESENTATION('',(#4376),#4379);
#4376 = B_SPLINE_CURVE_WITH_KNOTS('',1,(#4377,#4378),.UNSPECIFIED.,.F.,
  .F.,(2,2),(-10.,0.),.PIECEWISE_BEZIER_KNOTS.);
#4377 = CARTESIAN_POINT('',(17.,-10.));
#4378 = CARTESIAN_POINT('',(17.,0.));
#4379 = ( GEOMETRIC_REPRESENTATION_CONTEXT(2) 
PARAMETRIC_REPRESENTATION_CONTEXT() REPRESENTATION_CONTEXT('2D SPACE',''
  ) );
#4380 = PCURVE('',#4381,#4386);
#4381 = PLANE('',#4382);
#4382 = AXIS2_PLACEMENT_3D('',#4383,#4384,#4385);
#4383 = CARTESIAN_POINT('',(6.,19.5,-95.));
#4384 = DIRECTION('',(0.,0.,1.));
#4385 = DIRECTION('',(1.,0.,-0.));
#4386 = DEFINITIONAL_REPRESENTATION('',(#4387),#4390);
#4387 = B_SPLINE_CURVE_WITH_KNOTS('',1,(#4388,#4389),.UNSPECIFIED.,.F.,
  .F.,(2,2),(-10.,0.),.PIECEWISE_BEZIER_KNOTS.);
#4388 = CARTESIAN_POINT('',(23.,10.));
#4389 = CARTESIAN_POINT('',(23.,0.));
#4390 = ( GEOMETRIC_REPRESENTATION_CONTEXT(2) 
PARAMETRIC_REPRESENTATION_CONTEXT() REPRESENTATION_CONTEXT('2D SPACE',''
  ) );
#4391 = ORIENTED_EDGE('',*,*,#4392,.F.);
#4392 = EDGE_CURVE('',#4393,#4367,#4395,.T.);
#4393 = VERTEX_POINT('',#4394);
#4394 = CARTESIAN_POINT('',(29.,19.5,-109.5));
#4395 = SURFACE_CURVE('',#4396,(#4400,#4407),.PCURVE_S1.);
#4396 = LINE('',#4397,#4398);
#4397 = CARTESIAN_POINT('',(29.,19.5,-112.));
#4398 = VECTOR('',#4399,1.);
#4399 = DIRECTION('',(0.,0.,1.));
#4400 = PCURVE('',#2856,#4401);
#4401 = DEFINITIONAL_REPRESENTATION('',(#4402),#4406);
#4402 = LINE('',#4403,#4404);
#4403 = CARTESIAN_POINT('',(0.,0.));
#4404 = VECTOR('',#4405,1.);
#4405 = DIRECTION('',(1.,0.));
#4406 = ( GEOMETRIC_REPRESENTATION_CONTEXT(2) 
PARAMETRIC_REPRESENTATION_CONTEXT() REPRESENTATION_CONTEXT('2D SPACE',''
  ) );
#4407 = PCURVE('',#2802,#4408);
#4408 = DEFINITIONAL_REPRESENTATION('',(#4409),#4413);
#4409 = LINE('',#4410,#4411);
#4410 = CARTESIAN_POINT('',(0.,0.));
#4411 = VECTOR('',#4412,1.);
#4412 = DIRECTION('',(1.,0.));
#4413 = ( GEOMETRIC_REPRESENTATION_CONTEXT(2) 
PARAMETRIC_REPRESENTATION_CONTEXT() REPRESENTATION_CONTEXT('2D SPACE',''
  ) );
#4414 = ORIENTED_EDGE('',*,*,#4415,.F.);
#4415 = EDGE_CURVE('',#4416,#4393,#4418,.T.);
#4416 = VERTEX_POINT('',#4417);
#4417 = CARTESIAN_POINT('',(29.,23.25,-109.5));
#4418 = SURFACE_CURVE('',#4419,(#4423,#4429),.PCURVE_S1.);
#4419 = LINE('',#4420,#4421);
#4420 = CARTESIAN_POINT('',(29.,20.25,-109.5));
#4421 = VECTOR('',#4422,1.);
#4422 = DIRECTION('',(0.,-1.,0.));
#4423 = PCURVE('',#2856,#4424);
#4424 = DEFINITIONAL_REPRESENTATION('',(#4425),#4428);
#4425 = B_SPLINE_CURVE_WITH_KNOTS('',1,(#4426,#4427),.UNSPECIFIED.,.F.,
  .F.,(2,2),(-3.,0.75),.PIECEWISE_BEZIER_KNOTS.);
#4426 = CARTESIAN_POINT('',(2.5,-3.75));
#4427 = CARTESIAN_POINT('',(2.5,0.));
#4428 = ( GEOMETRIC_REPRESENTATION_CONTEXT(2) 
PARAMETRIC_REPRESENTATION_CONTEXT() REPRESENTATION_CONTEXT('2D SPACE',''
  ) );
#4429 = PCURVE('',#4430,#4435);
#4430 = PLANE('',#4431);
#4431 = AXIS2_PLACEMENT_3D('',#4432,#4433,#4434);
#4432 = CARTESIAN_POINT('',(29.,21.,-109.5));
#4433 = DIRECTION('',(0.,0.,1.));
#4434 = DIRECTION('',(1.,0.,-0.));
#4435 = DEFINITIONAL_REPRESENTATION('',(#4436),#4439);
#4436 = B_SPLINE_CURVE_WITH_KNOTS('',1,(#4437,#4438),.UNSPECIFIED.,.F.,
  .F.,(2,2),(-3.,0.75),.PIECEWISE_BEZIER_KNOTS.);
#4437 = CARTESIAN_POINT('',(0.,2.25));
#4438 = CARTESIAN_POINT('',(0.,-1.5));
#4439 = ( GEOMETRIC_REPRESENTATION_CONTEXT(2) 
PARAMETRIC_REPRESENTATION_CONTEXT() REPRESENTATION_CONTEXT('2D SPACE',''
  ) );
#4440 = ORIENTED_EDGE('',*,*,#4441,.F.);
#4441 = EDGE_CURVE('',#2815,#4416,#4442,.T.);
#4442 = SURFACE_CURVE('',#4443,(#4447,#4453),.PCURVE_S1.);
#4443 = LINE('',#4444,#4445);
#4444 = CARTESIAN_POINT('',(29.,23.25,-114.5));
#4445 = VECTOR('',#4446,1.);
#4446 = DIRECTION('',(0.,0.,1.));
#4447 = PCURVE('',#2856,#4448);
#4448 = DEFINITIONAL_REPRESENTATION('',(#4449),#4452);
#4449 = B_SPLINE_CURVE_WITH_KNOTS('',1,(#4450,#4451),.UNSPECIFIED.,.F.,
  .F.,(2,2),(0.8,5.0000006),.PIECEWISE_BEZIER_KNOTS.);
#4450 = CARTESIAN_POINT('',(-1.7,-3.75));
#4451 = CARTESIAN_POINT('',(2.5000006,-3.75));
#4452 = ( GEOMETRIC_REPRESENTATION_CONTEXT(2) 
PARAMETRIC_REPRESENTATION_CONTEXT() REPRESENTATION_CONTEXT('2D SPACE',''
  ) );
#4453 = PCURVE('',#2831,#4454);
#4454 = DEFINITIONAL_REPRESENTATION('',(#4455),#4458);
#4455 = B_SPLINE_CURVE_WITH_KNOTS('',1,(#4456,#4457),.UNSPECIFIED.,.F.,
  .F.,(2,2),(0.8,5.0000006),.PIECEWISE_BEZIER_KNOTS.);
#4456 = CARTESIAN_POINT('',(1.570796326795,0.8));
#4457 = CARTESIAN_POINT('',(1.570796326795,5.0000006));
#4458 = ( GEOMETRIC_REPRESENTATION_CONTEXT(2) 
PARAMETRIC_REPRESENTATION_CONTEXT() REPRESENTATION_CONTEXT('2D SPACE',''
  ) );
#4459 = ORIENTED_EDGE('',*,*,#2843,.F.);
#4460 = ORIENTED_EDGE('',*,*,#4265,.F.);
#4461 = ORIENTED_EDGE('',*,*,#4462,.T.);
#4462 = EDGE_CURVE('',#4266,#4337,#4463,.T.);
#4463 = SURFACE_CURVE('',#4464,(#4468,#4475),.PCURVE_S1.);
#4464 = LINE('',#4465,#4466);
#4465 = CARTESIAN_POINT('',(29.,19.5,-112.));
#4466 = VECTOR('',#4467,1.);
#4467 = DIRECTION('',(-0.,1.,0.));
#4468 = PCURVE('',#2856,#4469);
#4469 = DEFINITIONAL_REPRESENTATION('',(#4470),#4474);
#4470 = LINE('',#4471,#4472);
#4471 = CARTESIAN_POINT('',(0.,0.));
#4472 = VECTOR('',#4473,1.);
#4473 = DIRECTION('',(0.,-1.));
#4474 = ( GEOMETRIC_REPRESENTATION_CONTEXT(2) 
PARAMETRIC_REPRESENTATION_CONTEXT() REPRESENTATION_CONTEXT('2D SPACE',''
  ) );
#4475 = PCURVE('',#4301,#4476);
#4476 = DEFINITIONAL_REPRESENTATION('',(#4477),#4481);
#4477 = LINE('',#4478,#4479);
#4478 = CARTESIAN_POINT('',(0.,0.));
#4479 = VECTOR('',#4480,1.);
#4480 = DIRECTION('',(0.,1.));
#4481 = ( GEOMETRIC_REPRESENTATION_CONTEXT(2) 
PARAMETRIC_REPRESENTATION_CONTEXT() REPRESENTATION_CONTEXT('2D SPACE',''
  ) );
#4482 = ADVANCED_FACE('',(#4483),#2831,.F.);
#4483 = FACE_BOUND('',#4484,.F.);
#4484 = EDGE_LOOP('',(#4485,#4508,#4532,#4551,#4552,#4553,#4575,#4576));
#4485 = ORIENTED_EDGE('',*,*,#4486,.T.);
#4486 = EDGE_CURVE('',#4063,#4487,#4489,.T.);
#4487 = VERTEX_POINT('',#4488);
#4488 = CARTESIAN_POINT('',(31.25,21.,-109.5));
#4489 = SEAM_CURVE('',#4490,(#4494,#4501),.PCURVE_S1.);
#4490 = LINE('',#4491,#4492);
#4491 = CARTESIAN_POINT('',(31.25,21.,-114.5));
#4492 = VECTOR('',#4493,1.);
#4493 = DIRECTION('',(0.,0.,1.));
#4494 = PCURVE('',#2831,#4495);
#4495 = DEFINITIONAL_REPRESENTATION('',(#4496),#4500);
#4496 = LINE('',#4497,#4498);
#4497 = CARTESIAN_POINT('',(6.28318530718,-0.));
#4498 = VECTOR('',#4499,1.);
#4499 = DIRECTION('',(0.,1.));
#4500 = ( GEOMETRIC_REPRESENTATION_CONTEXT(2) 
PARAMETRIC_REPRESENTATION_CONTEXT() REPRESENTATION_CONTEXT('2D SPACE',''
  ) );
#4501 = PCURVE('',#2831,#4502);
#4502 = DEFINITIONAL_REPRESENTATION('',(#4503),#4507);
#4503 = LINE('',#4504,#4505);
#4504 = CARTESIAN_POINT('',(0.,-0.));
#4505 = VECTOR('',#4506,1.);
#4506 = DIRECTION('',(0.,1.));
#4507 = ( GEOMETRIC_REPRESENTATION_CONTEXT(2) 
PARAMETRIC_REPRESENTATION_CONTEXT() REPRESENTATION_CONTEXT('2D SPACE',''
  ) );
#4508 = ORIENTED_EDGE('',*,*,#4509,.F.);
#4509 = EDGE_CURVE('',#4510,#4487,#4512,.T.);
#4510 = VERTEX_POINT('',#4511);
#4511 = CARTESIAN_POINT('',(30.677050983125,19.5,-109.5));
#4512 = SURFACE_CURVE('',#4513,(#4518,#4525),.PCURVE_S1.);
#4513 = CIRCLE('',#4514,2.25);
#4514 = AXIS2_PLACEMENT_3D('',#4515,#4516,#4517);
#4515 = CARTESIAN_POINT('',(29.,21.,-109.5));
#4516 = DIRECTION('',(0.,0.,1.));
#4517 = DIRECTION('',(1.,0.,-0.));
#4518 = PCURVE('',#2831,#4519);
#4519 = DEFINITIONAL_REPRESENTATION('',(#4520),#4524);
#4520 = LINE('',#4521,#4522);
#4521 = CARTESIAN_POINT('',(0.,5.));
#4522 = VECTOR('',#4523,1.);
#4523 = DIRECTION('',(1.,0.));
#4524 = ( GEOMETRIC_REPRESENTATION_CONTEXT(2) 
PARAMETRIC_REPRESENTATION_CONTEXT() REPRESENTATION_CONTEXT('2D SPACE',''
  ) );
#4525 = PCURVE('',#4430,#4526);
#4526 = DEFINITIONAL_REPRESENTATION('',(#4527),#4531);
#4527 = CIRCLE('',#4528,2.25);
#4528 = AXIS2_PLACEMENT_2D('',#4529,#4530);
#4529 = CARTESIAN_POINT('',(0.,0.));
#4530 = DIRECTION('',(1.,0.));
#4531 = ( GEOMETRIC_REPRESENTATION_CONTEXT(2) 
PARAMETRIC_REPRESENTATION_CONTEXT() REPRESENTATION_CONTEXT('2D SPACE',''
  ) );
#4532 = ORIENTED_EDGE('',*,*,#4533,.F.);
#4533 = EDGE_CURVE('',#2788,#4510,#4534,.T.);
#4534 = SURFACE_CURVE('',#4535,(#4539,#4545),.PCURVE_S1.);
#4535 = LINE('',#4536,#4537);
#4536 = CARTESIAN_POINT('',(30.677050983125,19.5,-114.5));
#4537 = VECTOR('',#4538,1.);
#4538 = DIRECTION('',(0.,0.,1.));
#4539 = PCURVE('',#2831,#4540);
#4540 = DEFINITIONAL_REPRESENTATION('',(#4541),#4544);
#4541 = B_SPLINE_CURVE_WITH_KNOTS('',1,(#4542,#4543),.UNSPECIFIED.,.F.,
  .F.,(2,2),(2.3,5.0000006),.PIECEWISE_BEZIER_KNOTS.);
#4542 = CARTESIAN_POINT('',(5.553457650953,2.3));
#4543 = CARTESIAN_POINT('',(5.553457650953,5.0000006));
#4544 = ( GEOMETRIC_REPRESENTATION_CONTEXT(2) 
PARAMETRIC_REPRESENTATION_CONTEXT() REPRESENTATION_CONTEXT('2D SPACE',''
  ) );
#4545 = PCURVE('',#2802,#4546);
#4546 = DEFINITIONAL_REPRESENTATION('',(#4547),#4550);
#4547 = B_SPLINE_CURVE_WITH_KNOTS('',1,(#4548,#4549),.UNSPECIFIED.,.F.,
  .F.,(2,2),(2.3,5.0000006),.PIECEWISE_BEZIER_KNOTS.);
#4548 = CARTESIAN_POINT('',(-0.2,1.677050983125));
#4549 = CARTESIAN_POINT('',(2.5000006,1.677050983125));
#4550 = ( GEOMETRIC_REPRESENTATION_CONTEXT(2) 
PARAMETRIC_REPRESENTATION_CONTEXT() REPRESENTATION_CONTEXT('2D SPACE',''
  ) );
#4551 = ORIENTED_EDGE('',*,*,#2814,.F.);
#4552 = ORIENTED_EDGE('',*,*,#4441,.T.);
#4553 = ORIENTED_EDGE('',*,*,#4554,.F.);
#4554 = EDGE_CURVE('',#4487,#4416,#4555,.T.);
#4555 = SURFACE_CURVE('',#4556,(#4561,#4568),.PCURVE_S1.);
#4556 = CIRCLE('',#4557,2.25);
#4557 = AXIS2_PLACEMENT_3D('',#4558,#4559,#4560);
#4558 = CARTESIAN_POINT('',(29.,21.,-109.5));
#4559 = DIRECTION('',(0.,0.,1.));
#4560 = DIRECTION('',(1.,0.,-0.));
#4561 = PCURVE('',#2831,#4562);
#4562 = DEFINITIONAL_REPRESENTATION('',(#4563),#4567);
#4563 = LINE('',#4564,#4565);
#4564 = CARTESIAN_POINT('',(0.,5.));
#4565 = VECTOR('',#4566,1.);
#4566 = DIRECTION('',(1.,0.));
#4567 = ( GEOMETRIC_REPRESENTATION_CONTEXT(2) 
PARAMETRIC_REPRESENTATION_CONTEXT() REPRESENTATION_CONTEXT('2D SPACE',''
  ) );
#4568 = PCURVE('',#4430,#4569);
#4569 = DEFINITIONAL_REPRESENTATION('',(#4570),#4574);
#4570 = CIRCLE('',#4571,2.25);
#4571 = AXIS2_PLACEMENT_2D('',#4572,#4573);
#4572 = CARTESIAN_POINT('',(0.,0.));
#4573 = DIRECTION('',(1.,0.));
#4574 = ( GEOMETRIC_REPRESENTATION_CONTEXT(2) 
PARAMETRIC_REPRESENTATION_CONTEXT() REPRESENTATION_CONTEXT('2D SPACE',''
  ) );
#4575 = ORIENTED_EDGE('',*,*,#4486,.F.);
#4576 = ORIENTED_EDGE('',*,*,#4062,.T.);
#4577 = ADVANCED_FACE('',(#4578),#2802,.F.);
#4578 = FACE_BOUND('',#4579,.F.);
#4579 = EDGE_LOOP('',(#4580,#4605,#4631,#4650,#4651,#4652,#4671,#4672,
    #4695,#4723,#4751,#4779));
#4580 = ORIENTED_EDGE('',*,*,#4581,.F.);
#4581 = EDGE_CURVE('',#4582,#4584,#4586,.T.);
#4582 = VERTEX_POINT('',#4583);
#4583 = CARTESIAN_POINT('',(35.,19.5,-109.5));
#4584 = VERTEX_POINT('',#4585);
#4585 = CARTESIAN_POINT('',(35.,19.5,-88.));
#4586 = SURFACE_CURVE('',#4587,(#4591,#4598),.PCURVE_S1.);
#4587 = LINE('',#4588,#4589);
#4588 = CARTESIAN_POINT('',(35.,19.5,-110.));
#4589 = VECTOR('',#4590,1.);
#4590 = DIRECTION('',(0.,0.,1.));
#4591 = PCURVE('',#2802,#4592);
#4592 = DEFINITIONAL_REPRESENTATION('',(#4593),#4597);
#4593 = LINE('',#4594,#4595);
#4594 = CARTESIAN_POINT('',(2.,6.));
#4595 = VECTOR('',#4596,1.);
#4596 = DIRECTION('',(1.,0.));
#4597 = ( GEOMETRIC_REPRESENTATION_CONTEXT(2) 
PARAMETRIC_REPRESENTATION_CONTEXT() REPRESENTATION_CONTEXT('2D SPACE',''
  ) );
#4598 = PCURVE('',#2722,#4599);
#4599 = DEFINITIONAL_REPRESENTATION('',(#4600),#4604);
#4600 = LINE('',#4601,#4602);
#4601 = CARTESIAN_POINT('',(2.,0.));
#4602 = VECTOR('',#4603,1.);
#4603 = DIRECTION('',(1.,0.));
#4604 = ( GEOMETRIC_REPRESENTATION_CONTEXT(2) 
PARAMETRIC_REPRESENTATION_CONTEXT() REPRESENTATION_CONTEXT('2D SPACE',''
  ) );
#4605 = ORIENTED_EDGE('',*,*,#4606,.F.);
#4606 = EDGE_CURVE('',#4607,#4582,#4609,.T.);
#4607 = VERTEX_POINT('',#4608);
#4608 = CARTESIAN_POINT('',(33.322949016875,19.5,-109.5));
#4609 = SURFACE_CURVE('',#4610,(#4614,#4620),.PCURVE_S1.);
#4610 = LINE('',#4611,#4612);
#4611 = CARTESIAN_POINT('',(32.,19.5,-109.5));
#4612 = VECTOR('',#4613,1.);
#4613 = DIRECTION('',(1.,0.,-0.));
#4614 = PCURVE('',#2802,#4615);
#4615 = DEFINITIONAL_REPRESENTATION('',(#4616),#4619);
#4616 = B_SPLINE_CURVE_WITH_KNOTS('',1,(#4617,#4618),.UNSPECIFIED.,.F.,
  .F.,(2,2),(0.75,3.),.PIECEWISE_BEZIER_KNOTS.);
#4617 = CARTESIAN_POINT('',(2.5,3.75));
#4618 = CARTESIAN_POINT('',(2.5,6.));
#4619 = ( GEOMETRIC_REPRESENTATION_CONTEXT(2) 
PARAMETRIC_REPRESENTATION_CONTEXT() REPRESENTATION_CONTEXT('2D SPACE',''
  ) );
#4620 = PCURVE('',#4621,#4626);
#4621 = PLANE('',#4622);
#4622 = AXIS2_PLACEMENT_3D('',#4623,#4624,#4625);
#4623 = CARTESIAN_POINT('',(35.,21.,-109.5));
#4624 = DIRECTION('',(0.,0.,1.));
#4625 = DIRECTION('',(1.,0.,-0.));
#4626 = DEFINITIONAL_REPRESENTATION('',(#4627),#4630);
#4627 = B_SPLINE_CURVE_WITH_KNOTS('',1,(#4628,#4629),.UNSPECIFIED.,.F.,
  .F.,(2,2),(0.75,3.),.PIECEWISE_BEZIER_KNOTS.);
#4628 = CARTESIAN_POINT('',(-2.25,-1.5));
#4629 = CARTESIAN_POINT('',(0.,-1.5));
#4630 = ( GEOMETRIC_REPRESENTATION_CONTEXT(2) 
PARAMETRIC_REPRESENTATION_CONTEXT() REPRESENTATION_CONTEXT('2D SPACE',''
  ) );
#4631 = ORIENTED_EDGE('',*,*,#4632,.F.);
#4632 = EDGE_CURVE('',#2764,#4607,#4633,.T.);
#4633 = SURFACE_CURVE('',#4634,(#4638,#4644),.PCURVE_S1.);
#4634 = LINE('',#4635,#4636);
#4635 = CARTESIAN_POINT('',(33.322949016875,19.5,-114.5));
#4636 = VECTOR('',#4637,1.);
#4637 = DIRECTION('',(0.,0.,1.));
#4638 = PCURVE('',#2802,#4639);
#4639 = DEFINITIONAL_REPRESENTATION('',(#4640),#4643);
#4640 = B_SPLINE_CURVE_WITH_KNOTS('',1,(#4641,#4642),.UNSPECIFIED.,.F.,
  .F.,(2,2),(2.3,5.0000006),.PIECEWISE_BEZIER_KNOTS.);
#4641 = CARTESIAN_POINT('',(-0.2,4.322949016875));
#4642 = CARTESIAN_POINT('',(2.5000006,4.322949016875));
#4643 = ( GEOMETRIC_REPRESENTATION_CONTEXT(2) 
PARAMETRIC_REPRESENTATION_CONTEXT() REPRESENTATION_CONTEXT('2D SPACE',''
  ) );
#4644 = PCURVE('',#2751,#4645);
#4645 = DEFINITIONAL_REPRESENTATION('',(#4646),#4649);
#4646 = B_SPLINE_CURVE_WITH_KNOTS('',1,(#4647,#4648),.UNSPECIFIED.,.F.,
  .F.,(2,2),(2.3,5.0000006),.PIECEWISE_BEZIER_KNOTS.);
#4647 = CARTESIAN_POINT('',(3.871320309817,2.3));
#4648 = CARTESIAN_POINT('',(3.871320309817,5.0000006));
#4649 = ( GEOMETRIC_REPRESENTATION_CONTEXT(2) 
PARAMETRIC_REPRESENTATION_CONTEXT() REPRESENTATION_CONTEXT('2D SPACE',''
  ) );
#4650 = ORIENTED_EDGE('',*,*,#2787,.F.);
#4651 = ORIENTED_EDGE('',*,*,#4533,.T.);
#4652 = ORIENTED_EDGE('',*,*,#4653,.F.);
#4653 = EDGE_CURVE('',#4393,#4510,#4654,.T.);
#4654 = SURFACE_CURVE('',#4655,(#4659,#4665),.PCURVE_S1.);
#4655 = LINE('',#4656,#4657);
#4656 = CARTESIAN_POINT('',(29.,19.5,-109.5));
#4657 = VECTOR('',#4658,1.);
#4658 = DIRECTION('',(1.,0.,-0.));
#4659 = PCURVE('',#2802,#4660);
#4660 = DEFINITIONAL_REPRESENTATION('',(#4661),#4664);
#4661 = B_SPLINE_CURVE_WITH_KNOTS('',1,(#4662,#4663),.UNSPECIFIED.,.F.,
  .F.,(2,2),(-2.25,2.25),.PIECEWISE_BEZIER_KNOTS.);
#4662 = CARTESIAN_POINT('',(2.5,-2.25));
#4663 = CARTESIAN_POINT('',(2.5,2.25));
#4664 = ( GEOMETRIC_REPRESENTATION_CONTEXT(2) 
PARAMETRIC_REPRESENTATION_CONTEXT() REPRESENTATION_CONTEXT('2D SPACE',''
  ) );
#4665 = PCURVE('',#4430,#4666);
#4666 = DEFINITIONAL_REPRESENTATION('',(#4667),#4670);
#4667 = B_SPLINE_CURVE_WITH_KNOTS('',1,(#4668,#4669),.UNSPECIFIED.,.F.,
  .F.,(2,2),(-2.25,2.25),.PIECEWISE_BEZIER_KNOTS.);
#4668 = CARTESIAN_POINT('',(-2.25,-1.5));
#4669 = CARTESIAN_POINT('',(2.25,-1.5));
#4670 = ( GEOMETRIC_REPRESENTATION_CONTEXT(2) 
PARAMETRIC_REPRESENTATION_CONTEXT() REPRESENTATION_CONTEXT('2D SPACE',''
  ) );
#4671 = ORIENTED_EDGE('',*,*,#4392,.T.);
#4672 = ORIENTED_EDGE('',*,*,#4673,.F.);
#4673 = EDGE_CURVE('',#4674,#4367,#4676,.T.);
#4674 = VERTEX_POINT('',#4675);
#4675 = CARTESIAN_POINT('',(6.,19.5,-95.));
#4676 = SURFACE_CURVE('',#4677,(#4681,#4688),.PCURVE_S1.);
#4677 = LINE('',#4678,#4679);
#4678 = CARTESIAN_POINT('',(6.,19.5,-95.));
#4679 = VECTOR('',#4680,1.);
#4680 = DIRECTION('',(1.,0.,-0.));
#4681 = PCURVE('',#2802,#4682);
#4682 = DEFINITIONAL_REPRESENTATION('',(#4683),#4687);
#4683 = LINE('',#4684,#4685);
#4684 = CARTESIAN_POINT('',(17.,-23.));
#4685 = VECTOR('',#4686,1.);
#4686 = DIRECTION('',(0.,1.));
#4687 = ( GEOMETRIC_REPRESENTATION_CONTEXT(2) 
PARAMETRIC_REPRESENTATION_CONTEXT() REPRESENTATION_CONTEXT('2D SPACE',''
  ) );
#4688 = PCURVE('',#4381,#4689);
#4689 = DEFINITIONAL_REPRESENTATION('',(#4690),#4694);
#4690 = LINE('',#4691,#4692);
#4691 = CARTESIAN_POINT('',(0.,0.));
#4692 = VECTOR('',#4693,1.);
#4693 = DIRECTION('',(1.,0.));
#4694 = ( GEOMETRIC_REPRESENTATION_CONTEXT(2) 
PARAMETRIC_REPRESENTATION_CONTEXT() REPRESENTATION_CONTEXT('2D SPACE',''
  ) );
#4695 = ORIENTED_EDGE('',*,*,#4696,.T.);
#4696 = EDGE_CURVE('',#4674,#4697,#4699,.T.);
#4697 = VERTEX_POINT('',#4698);
#4698 = CARTESIAN_POINT('',(6.,19.5,-89.));
#4699 = SURFACE_CURVE('',#4700,(#4704,#4711),.PCURVE_S1.);
#4700 = LINE('',#4701,#4702);
#4701 = CARTESIAN_POINT('',(6.,19.5,-95.));
#4702 = VECTOR('',#4703,1.);
#4703 = DIRECTION('',(0.,0.,1.));
#4704 = PCURVE('',#2802,#4705);
#4705 = DEFINITIONAL_REPRESENTATION('',(#4706),#4710);
#4706 = LINE('',#4707,#4708);
#4707 = CARTESIAN_POINT('',(17.,-23.));
#4708 = VECTOR('',#4709,1.);
#4709 = DIRECTION('',(1.,0.));
#4710 = ( GEOMETRIC_REPRESENTATION_CONTEXT(2) 
PARAMETRIC_REPRESENTATION_CONTEXT() REPRESENTATION_CONTEXT('2D SPACE',''
  ) );
#4711 = PCURVE('',#4712,#4717);
#4712 = PLANE('',#4713);
#4713 = AXIS2_PLACEMENT_3D('',#4714,#4715,#4716);
#4714 = CARTESIAN_POINT('',(6.,19.5,-95.));
#4715 = DIRECTION('',(1.,0.,-0.));
#4716 = DIRECTION('',(0.,0.,1.));
#4717 = DEFINITIONAL_REPRESENTATION('',(#4718),#4722);
#4718 = LINE('',#4719,#4720);
#4719 = CARTESIAN_POINT('',(0.,0.));
#4720 = VECTOR('',#4721,1.);
#4721 = DIRECTION('',(1.,0.));
#4722 = ( GEOMETRIC_REPRESENTATION_CONTEXT(2) 
PARAMETRIC_REPRESENTATION_CONTEXT() REPRESENTATION_CONTEXT('2D SPACE',''
  ) );
#4723 = ORIENTED_EDGE('',*,*,#4724,.T.);
#4724 = EDGE_CURVE('',#4697,#4725,#4727,.T.);
#4725 = VERTEX_POINT('',#4726);
#4726 = CARTESIAN_POINT('',(29.,19.5,-89.));
#4727 = SURFACE_CURVE('',#4728,(#4732,#4739),.PCURVE_S1.);
#4728 = LINE('',#4729,#4730);
#4729 = CARTESIAN_POINT('',(6.,19.5,-89.));
#4730 = VECTOR('',#4731,1.);
#4731 = DIRECTION('',(1.,0.,-0.));
#4732 = PCURVE('',#2802,#4733);
#4733 = DEFINITIONAL_REPRESENTATION('',(#4734),#4738);
#4734 = LINE('',#4735,#4736);
#4735 = CARTESIAN_POINT('',(23.,-23.));
#4736 = VECTOR('',#4737,1.);
#4737 = DIRECTION('',(0.,1.));
#4738 = ( GEOMETRIC_REPRESENTATION_CONTEXT(2) 
PARAMETRIC_REPRESENTATION_CONTEXT() REPRESENTATION_CONTEXT('2D SPACE',''
  ) );
#4739 = PCURVE('',#4740,#4745);
#4740 = PLANE('',#4741);
#4741 = AXIS2_PLACEMENT_3D('',#4742,#4743,#4744);
#4742 = CARTESIAN_POINT('',(6.,19.5,-89.));
#4743 = DIRECTION('',(0.,0.,1.));
#4744 = DIRECTION('',(1.,0.,-0.));
#4745 = DEFINITIONAL_REPRESENTATION('',(#4746),#4750);
#4746 = LINE('',#4747,#4748);
#4747 = CARTESIAN_POINT('',(0.,0.));
#4748 = VECTOR('',#4749,1.);
#4749 = DIRECTION('',(1.,0.));
#4750 = ( GEOMETRIC_REPRESENTATION_CONTEXT(2) 
PARAMETRIC_REPRESENTATION_CONTEXT() REPRESENTATION_CONTEXT('2D SPACE',''
  ) );
#4751 = ORIENTED_EDGE('',*,*,#4752,.T.);
#4752 = EDGE_CURVE('',#4725,#4753,#4755,.T.);
#4753 = VERTEX_POINT('',#4754);
#4754 = CARTESIAN_POINT('',(29.,19.5,-88.));
#4755 = SURFACE_CURVE('',#4756,(#4760,#4767),.PCURVE_S1.);
#4756 = LINE('',#4757,#4758);
#4757 = CARTESIAN_POINT('',(29.,19.5,-112.));
#4758 = VECTOR('',#4759,1.);
#4759 = DIRECTION('',(0.,0.,1.));
#4760 = PCURVE('',#2802,#4761);
#4761 = DEFINITIONAL_REPRESENTATION('',(#4762),#4766);
#4762 = LINE('',#4763,#4764);
#4763 = CARTESIAN_POINT('',(0.,0.));
#4764 = VECTOR('',#4765,1.);
#4765 = DIRECTION('',(1.,0.));
#4766 = ( GEOMETRIC_REPRESENTATION_CONTEXT(2) 
PARAMETRIC_REPRESENTATION_CONTEXT() REPRESENTATION_CONTEXT('2D SPACE',''
  ) );
#4767 = PCURVE('',#4768,#4773);
#4768 = PLANE('',#4769);
#4769 = AXIS2_PLACEMENT_3D('',#4770,#4771,#4772);
#4770 = CARTESIAN_POINT('',(29.,19.5,-112.));
#4771 = DIRECTION('',(1.,0.,-0.));
#4772 = DIRECTION('',(0.,0.,1.));
#4773 = DEFINITIONAL_REPRESENTATION('',(#4774),#4778);
#4774 = LINE('',#4775,#4776);
#4775 = CARTESIAN_POINT('',(0.,0.));
#4776 = VECTOR('',#4777,1.);
#4777 = DIRECTION('',(1.,0.));
#4778 = ( GEOMETRIC_REPRESENTATION_CONTEXT(2) 
PARAMETRIC_REPRESENTATION_CONTEXT() REPRESENTATION_CONTEXT('2D SPACE',''
  ) );
#4779 = ORIENTED_EDGE('',*,*,#4780,.T.);
#4780 = EDGE_CURVE('',#4753,#4584,#4781,.T.);
#4781 = SURFACE_CURVE('',#4782,(#4786,#4793),.PCURVE_S1.);
#4782 = LINE('',#4783,#4784);
#4783 = CARTESIAN_POINT('',(29.,19.5,-88.));
#4784 = VECTOR('',#4785,1.);
#4785 = DIRECTION('',(1.,0.,-0.));
#4786 = PCURVE('',#2802,#4787);
#4787 = DEFINITIONAL_REPRESENTATION('',(#4788),#4792);
#4788 = LINE('',#4789,#4790);
#4789 = CARTESIAN_POINT('',(24.,0.));
#4790 = VECTOR('',#4791,1.);
#4791 = DIRECTION('',(0.,1.));
#4792 = ( GEOMETRIC_REPRESENTATION_CONTEXT(2) 
PARAMETRIC_REPRESENTATION_CONTEXT() REPRESENTATION_CONTEXT('2D SPACE',''
  ) );
#4793 = PCURVE('',#4794,#4799);
#4794 = PLANE('',#4795);
#4795 = AXIS2_PLACEMENT_3D('',#4796,#4797,#4798);
#4796 = CARTESIAN_POINT('',(29.,19.5,-88.));
#4797 = DIRECTION('',(0.,0.,1.));
#4798 = DIRECTION('',(1.,0.,-0.));
#4799 = DEFINITIONAL_REPRESENTATION('',(#4800),#4804);
#4800 = LINE('',#4801,#4802);
#4801 = CARTESIAN_POINT('',(0.,0.));
#4802 = VECTOR('',#4803,1.);
#4803 = DIRECTION('',(1.,0.));
#4804 = ( GEOMETRIC_REPRESENTATION_CONTEXT(2) 
PARAMETRIC_REPRESENTATION_CONTEXT() REPRESENTATION_CONTEXT('2D SPACE',''
  ) );
#4805 = ADVANCED_FACE('',(#4806),#2751,.F.);
#4806 = FACE_BOUND('',#4807,.F.);
#4807 = EDGE_LOOP('',(#4808,#4832,#4851,#4852,#4873,#4874,#4875,#4876));
#4808 = ORIENTED_EDGE('',*,*,#4809,.F.);
#4809 = EDGE_CURVE('',#4810,#4607,#4812,.T.);
#4810 = VERTEX_POINT('',#4811);
#4811 = CARTESIAN_POINT('',(35.,23.25,-109.5));
#4812 = SURFACE_CURVE('',#4813,(#4818,#4825),.PCURVE_S1.);
#4813 = CIRCLE('',#4814,2.25);
#4814 = AXIS2_PLACEMENT_3D('',#4815,#4816,#4817);
#4815 = CARTESIAN_POINT('',(35.,21.,-109.5));
#4816 = DIRECTION('',(0.,0.,1.));
#4817 = DIRECTION('',(1.,0.,-0.));
#4818 = PCURVE('',#2751,#4819);
#4819 = DEFINITIONAL_REPRESENTATION('',(#4820),#4824);
#4820 = LINE('',#4821,#4822);
#4821 = CARTESIAN_POINT('',(0.,5.));
#4822 = VECTOR('',#4823,1.);
#4823 = DIRECTION('',(1.,0.));
#4824 = ( GEOMETRIC_REPRESENTATION_CONTEXT(2) 
PARAMETRIC_REPRESENTATION_CONTEXT() REPRESENTATION_CONTEXT('2D SPACE',''
  ) );
#4825 = PCURVE('',#4621,#4826);
#4826 = DEFINITIONAL_REPRESENTATION('',(#4827),#4831);
#4827 = CIRCLE('',#4828,2.25);
#4828 = AXIS2_PLACEMENT_2D('',#4829,#4830);
#4829 = CARTESIAN_POINT('',(0.,0.));
#4830 = DIRECTION('',(1.,0.));
#4831 = ( GEOMETRIC_REPRESENTATION_CONTEXT(2) 
PARAMETRIC_REPRESENTATION_CONTEXT() REPRESENTATION_CONTEXT('2D SPACE',''
  ) );
#4832 = ORIENTED_EDGE('',*,*,#4833,.F.);
#4833 = EDGE_CURVE('',#2708,#4810,#4834,.T.);
#4834 = SURFACE_CURVE('',#4835,(#4839,#4845),.PCURVE_S1.);
#4835 = LINE('',#4836,#4837);
#4836 = CARTESIAN_POINT('',(35.,23.25,-114.5));
#4837 = VECTOR('',#4838,1.);
#4838 = DIRECTION('',(0.,0.,1.));
#4839 = PCURVE('',#2751,#4840);
#4840 = DEFINITIONAL_REPRESENTATION('',(#4841),#4844);
#4841 = B_SPLINE_CURVE_WITH_KNOTS('',1,(#4842,#4843),.UNSPECIFIED.,.F.,
  .F.,(2,2),(9.999999999999E-02,5.0000006),.PIECEWISE_BEZIER_KNOTS.);
#4842 = CARTESIAN_POINT('',(1.570796326795,9.999999999999E-02));
#4843 = CARTESIAN_POINT('',(1.570796326795,5.0000006));
#4844 = ( GEOMETRIC_REPRESENTATION_CONTEXT(2) 
PARAMETRIC_REPRESENTATION_CONTEXT() REPRESENTATION_CONTEXT('2D SPACE',''
  ) );
#4845 = PCURVE('',#2722,#4846);
#4846 = DEFINITIONAL_REPRESENTATION('',(#4847),#4850);
#4847 = B_SPLINE_CURVE_WITH_KNOTS('',1,(#4848,#4849),.UNSPECIFIED.,.F.,
  .F.,(2,2),(9.999999999999E-02,5.0000006),.PIECEWISE_BEZIER_KNOTS.);
#4848 = CARTESIAN_POINT('',(-2.4,-3.75));
#4849 = CARTESIAN_POINT('',(2.5000006,-3.75));
#4850 = ( GEOMETRIC_REPRESENTATION_CONTEXT(2) 
PARAMETRIC_REPRESENTATION_CONTEXT() REPRESENTATION_CONTEXT('2D SPACE',''
  ) );
#4851 = ORIENTED_EDGE('',*,*,#2734,.F.);
#4852 = ORIENTED_EDGE('',*,*,#4853,.F.);
#4853 = EDGE_CURVE('',#4195,#2735,#4854,.T.);
#4854 = SEAM_CURVE('',#4855,(#4859,#4866),.PCURVE_S1.);
#4855 = LINE('',#4856,#4857);
#4856 = CARTESIAN_POINT('',(37.25,21.,-114.5));
#4857 = VECTOR('',#4858,1.);
#4858 = DIRECTION('',(0.,0.,1.));
#4859 = PCURVE('',#2751,#4860);
#4860 = DEFINITIONAL_REPRESENTATION('',(#4861),#4865);
#4861 = LINE('',#4862,#4863);
#4862 = CARTESIAN_POINT('',(6.28318530718,-0.));
#4863 = VECTOR('',#4864,1.);
#4864 = DIRECTION('',(0.,1.));
#4865 = ( GEOMETRIC_REPRESENTATION_CONTEXT(2) 
PARAMETRIC_REPRESENTATION_CONTEXT() REPRESENTATION_CONTEXT('2D SPACE',''
  ) );
#4866 = PCURVE('',#2751,#4867);
#4867 = DEFINITIONAL_REPRESENTATION('',(#4868),#4872);
#4868 = LINE('',#4869,#4870);
#4869 = CARTESIAN_POINT('',(0.,-0.));
#4870 = VECTOR('',#4871,1.);
#4871 = DIRECTION('',(0.,1.));
#4872 = ( GEOMETRIC_REPRESENTATION_CONTEXT(2) 
PARAMETRIC_REPRESENTATION_CONTEXT() REPRESENTATION_CONTEXT('2D SPACE',''
  ) );
#4873 = ORIENTED_EDGE('',*,*,#4194,.T.);
#4874 = ORIENTED_EDGE('',*,*,#4853,.T.);
#4875 = ORIENTED_EDGE('',*,*,#2763,.F.);
#4876 = ORIENTED_EDGE('',*,*,#4632,.T.);
#4877 = ADVANCED_FACE('',(#4878),#2722,.T.);
#4878 = FACE_BOUND('',#4879,.T.);
#4879 = EDGE_LOOP('',(#4880,#4903,#4926,#4949,#4977,#5000,#5028,#5049,
    #5050,#5069,#5070,#5071));
#4880 = ORIENTED_EDGE('',*,*,#4881,.T.);
#4881 = EDGE_CURVE('',#4287,#4882,#4884,.T.);
#4882 = VERTEX_POINT('',#4883);
#4883 = CARTESIAN_POINT('',(35.,29.5,-112.));
#4884 = SURFACE_CURVE('',#4885,(#4889,#4896),.PCURVE_S1.);
#4885 = LINE('',#4886,#4887);
#4886 = CARTESIAN_POINT('',(35.,19.5,-112.));
#4887 = VECTOR('',#4888,1.);
#4888 = DIRECTION('',(-0.,1.,0.));
#4889 = PCURVE('',#2722,#4890);
#4890 = DEFINITIONAL_REPRESENTATION('',(#4891),#4895);
#4891 = LINE('',#4892,#4893);
#4892 = CARTESIAN_POINT('',(0.,0.));
#4893 = VECTOR('',#4894,1.);
#4894 = DIRECTION('',(0.,-1.));
#4895 = ( GEOMETRIC_REPRESENTATION_CONTEXT(2) 
PARAMETRIC_REPRESENTATION_CONTEXT() REPRESENTATION_CONTEXT('2D SPACE',''
  ) );
#4896 = PCURVE('',#4301,#4897);
#4897 = DEFINITIONAL_REPRESENTATION('',(#4898),#4902);
#4898 = LINE('',#4899,#4900);
#4899 = CARTESIAN_POINT('',(6.,0.));
#4900 = VECTOR('',#4901,1.);
#4901 = DIRECTION('',(0.,1.));
#4902 = ( GEOMETRIC_REPRESENTATION_CONTEXT(2) 
PARAMETRIC_REPRESENTATION_CONTEXT() REPRESENTATION_CONTEXT('2D SPACE',''
  ) );
#4903 = ORIENTED_EDGE('',*,*,#4904,.T.);
#4904 = EDGE_CURVE('',#4882,#4905,#4907,.T.);
#4905 = VERTEX_POINT('',#4906);
#4906 = CARTESIAN_POINT('',(35.,29.5,-95.));
#4907 = SURFACE_CURVE('',#4908,(#4912,#4919),.PCURVE_S1.);
#4908 = LINE('',#4909,#4910);
#4909 = CARTESIAN_POINT('',(35.,29.5,-112.));
#4910 = VECTOR('',#4911,1.);
#4911 = DIRECTION('',(0.,0.,1.));
#4912 = PCURVE('',#2722,#4913);
#4913 = DEFINITIONAL_REPRESENTATION('',(#4914),#4918);
#4914 = LINE('',#4915,#4916);
#4915 = CARTESIAN_POINT('',(0.,-10.));
#4916 = VECTOR('',#4917,1.);
#4917 = DIRECTION('',(1.,0.));
#4918 = ( GEOMETRIC_REPRESENTATION_CONTEXT(2) 
PARAMETRIC_REPRESENTATION_CONTEXT() REPRESENTATION_CONTEXT('2D SPACE',''
  ) );
#4919 = PCURVE('',#4354,#4920);
#4920 = DEFINITIONAL_REPRESENTATION('',(#4921),#4925);
#4921 = LINE('',#4922,#4923);
#4922 = CARTESIAN_POINT('',(0.,6.));
#4923 = VECTOR('',#4924,1.);
#4924 = DIRECTION('',(1.,0.));
#4925 = ( GEOMETRIC_REPRESENTATION_CONTEXT(2) 
PARAMETRIC_REPRESENTATION_CONTEXT() REPRESENTATION_CONTEXT('2D SPACE',''
  ) );
#4926 = ORIENTED_EDGE('',*,*,#4927,.T.);
#4927 = EDGE_CURVE('',#4905,#4928,#4930,.T.);
#4928 = VERTEX_POINT('',#4929);
#4929 = CARTESIAN_POINT('',(35.,36.3,-95.));
#4930 = SURFACE_CURVE('',#4931,(#4935,#4942),.PCURVE_S1.);
#4931 = LINE('',#4932,#4933);
#4932 = CARTESIAN_POINT('',(35.,19.5,-95.));
#4933 = VECTOR('',#4934,1.);
#4934 = DIRECTION('',(-0.,1.,0.));
#4935 = PCURVE('',#2722,#4936);
#4936 = DEFINITIONAL_REPRESENTATION('',(#4937),#4941);
#4937 = LINE('',#4938,#4939);
#4938 = CARTESIAN_POINT('',(17.,0.));
#4939 = VECTOR('',#4940,1.);
#4940 = DIRECTION('',(0.,-1.));
#4941 = ( GEOMETRIC_REPRESENTATION_CONTEXT(2) 
PARAMETRIC_REPRESENTATION_CONTEXT() REPRESENTATION_CONTEXT('2D SPACE',''
  ) );
#4942 = PCURVE('',#4381,#4943);
#4943 = DEFINITIONAL_REPRESENTATION('',(#4944),#4948);
#4944 = LINE('',#4945,#4946);
#4945 = CARTESIAN_POINT('',(29.,0.));
#4946 = VECTOR('',#4947,1.);
#4947 = DIRECTION('',(0.,1.));
#4948 = ( GEOMETRIC_REPRESENTATION_CONTEXT(2) 
PARAMETRIC_REPRESENTATION_CONTEXT() REPRESENTATION_CONTEXT('2D SPACE',''
  ) );
#4949 = ORIENTED_EDGE('',*,*,#4950,.T.);
#4950 = EDGE_CURVE('',#4928,#4951,#4953,.T.);
#4951 = VERTEX_POINT('',#4952);
#4952 = CARTESIAN_POINT('',(35.,36.3,-89.));
#4953 = SURFACE_CURVE('',#4954,(#4958,#4965),.PCURVE_S1.);
#4954 = LINE('',#4955,#4956);
#4955 = CARTESIAN_POINT('',(35.,36.3,-95.));
#4956 = VECTOR('',#4957,1.);
#4957 = DIRECTION('',(0.,0.,1.));
#4958 = PCURVE('',#2722,#4959);
#4959 = DEFINITIONAL_REPRESENTATION('',(#4960),#4964);
#4960 = LINE('',#4961,#4962);
#4961 = CARTESIAN_POINT('',(17.,-16.8));
#4962 = VECTOR('',#4963,1.);
#4963 = DIRECTION('',(1.,0.));
#4964 = ( GEOMETRIC_REPRESENTATION_CONTEXT(2) 
PARAMETRIC_REPRESENTATION_CONTEXT() REPRESENTATION_CONTEXT('2D SPACE',''
  ) );
#4965 = PCURVE('',#4966,#4971);
#4966 = PLANE('',#4967);
#4967 = AXIS2_PLACEMENT_3D('',#4968,#4969,#4970);
#4968 = CARTESIAN_POINT('',(6.,36.3,-95.));
#4969 = DIRECTION('',(-0.,1.,0.));
#4970 = DIRECTION('',(0.,0.,1.));
#4971 = DEFINITIONAL_REPRESENTATION('',(#4972),#4976);
#4972 = LINE('',#4973,#4974);
#4973 = CARTESIAN_POINT('',(0.,29.));
#4974 = VECTOR('',#4975,1.);
#4975 = DIRECTION('',(1.,0.));
#4976 = ( GEOMETRIC_REPRESENTATION_CONTEXT(2) 
PARAMETRIC_REPRESENTATION_CONTEXT() REPRESENTATION_CONTEXT('2D SPACE',''
  ) );
#4977 = ORIENTED_EDGE('',*,*,#4978,.F.);
#4978 = EDGE_CURVE('',#4979,#4951,#4981,.T.);
#4979 = VERTEX_POINT('',#4980);
#4980 = CARTESIAN_POINT('',(35.,29.5,-89.));
#4981 = SURFACE_CURVE('',#4982,(#4986,#4993),.PCURVE_S1.);
#4982 = LINE('',#4983,#4984);
#4983 = CARTESIAN_POINT('',(35.,19.5,-89.));
#4984 = VECTOR('',#4985,1.);
#4985 = DIRECTION('',(-0.,1.,0.));
#4986 = PCURVE('',#2722,#4987);
#4987 = DEFINITIONAL_REPRESENTATION('',(#4988),#4992);
#4988 = LINE('',#4989,#4990);
#4989 = CARTESIAN_POINT('',(23.,0.));
#4990 = VECTOR('',#4991,1.);
#4991 = DIRECTION('',(0.,-1.));
#4992 = ( GEOMETRIC_REPRESENTATION_CONTEXT(2) 
PARAMETRIC_REPRESENTATION_CONTEXT() REPRESENTATION_CONTEXT('2D SPACE',''
  ) );
#4993 = PCURVE('',#4740,#4994);
#4994 = DEFINITIONAL_REPRESENTATION('',(#4995),#4999);
#4995 = LINE('',#4996,#4997);
#4996 = CARTESIAN_POINT('',(29.,0.));
#4997 = VECTOR('',#4998,1.);
#4998 = DIRECTION('',(0.,1.));
#4999 = ( GEOMETRIC_REPRESENTATION_CONTEXT(2) 
PARAMETRIC_REPRESENTATION_CONTEXT() REPRESENTATION_CONTEXT('2D SPACE',''
  ) );
#5000 = ORIENTED_EDGE('',*,*,#5001,.T.);
#5001 = EDGE_CURVE('',#4979,#5002,#5004,.T.);
#5002 = VERTEX_POINT('',#5003);
#5003 = CARTESIAN_POINT('',(35.,29.5,-88.));
#5004 = SURFACE_CURVE('',#5005,(#5009,#5016),.PCURVE_S1.);
#5005 = LINE('',#5006,#5007);
#5006 = CARTESIAN_POINT('',(35.,29.5,-112.));
#5007 = VECTOR('',#5008,1.);
#5008 = DIRECTION('',(0.,0.,1.));
#5009 = PCURVE('',#2722,#5010);
#5010 = DEFINITIONAL_REPRESENTATION('',(#5011),#5015);
#5011 = LINE('',#5012,#5013);
#5012 = CARTESIAN_POINT('',(0.,-10.));
#5013 = VECTOR('',#5014,1.);
#5014 = DIRECTION('',(1.,0.));
#5015 = ( GEOMETRIC_REPRESENTATION_CONTEXT(2) 
PARAMETRIC_REPRESENTATION_CONTEXT() REPRESENTATION_CONTEXT('2D SPACE',''
  ) );
#5016 = PCURVE('',#5017,#5022);
#5017 = PLANE('',#5018);
#5018 = AXIS2_PLACEMENT_3D('',#5019,#5020,#5021);
#5019 = CARTESIAN_POINT('',(29.,29.5,-112.));
#5020 = DIRECTION('',(-0.,1.,0.));
#5021 = DIRECTION('',(0.,0.,1.));
#5022 = DEFINITIONAL_REPRESENTATION('',(#5023),#5027);
#5023 = LINE('',#5024,#5025);
#5024 = CARTESIAN_POINT('',(0.,6.));
#5025 = VECTOR('',#5026,1.);
#5026 = DIRECTION('',(1.,0.));
#5027 = ( GEOMETRIC_REPRESENTATION_CONTEXT(2) 
PARAMETRIC_REPRESENTATION_CONTEXT() REPRESENTATION_CONTEXT('2D SPACE',''
  ) );
#5028 = ORIENTED_EDGE('',*,*,#5029,.F.);
#5029 = EDGE_CURVE('',#4584,#5002,#5030,.T.);
#5030 = SURFACE_CURVE('',#5031,(#5035,#5042),.PCURVE_S1.);
#5031 = LINE('',#5032,#5033);
#5032 = CARTESIAN_POINT('',(35.,19.5,-88.));
#5033 = VECTOR('',#5034,1.);
#5034 = DIRECTION('',(-0.,1.,0.));
#5035 = PCURVE('',#2722,#5036);
#5036 = DEFINITIONAL_REPRESENTATION('',(#5037),#5041);
#5037 = LINE('',#5038,#5039);
#5038 = CARTESIAN_POINT('',(24.,0.));
#5039 = VECTOR('',#5040,1.);
#5040 = DIRECTION('',(0.,-1.));
#5041 = ( GEOMETRIC_REPRESENTATION_CONTEXT(2) 
PARAMETRIC_REPRESENTATION_CONTEXT() REPRESENTATION_CONTEXT('2D SPACE',''
  ) );
#5042 = PCURVE('',#4794,#5043);
#5043 = DEFINITIONAL_REPRESENTATION('',(#5044),#5048);
#5044 = LINE('',#5045,#5046);
#5045 = CARTESIAN_POINT('',(6.,0.));
#5046 = VECTOR('',#5047,1.);
#5047 = DIRECTION('',(0.,1.));
#5048 = ( GEOMETRIC_REPRESENTATION_CONTEXT(2) 
PARAMETRIC_REPRESENTATION_CONTEXT() REPRESENTATION_CONTEXT('2D SPACE',''
  ) );
#5049 = ORIENTED_EDGE('',*,*,#4581,.F.);
#5050 = ORIENTED_EDGE('',*,*,#5051,.F.);
#5051 = EDGE_CURVE('',#4810,#4582,#5052,.T.);
#5052 = SURFACE_CURVE('',#5053,(#5057,#5063),.PCURVE_S1.);
#5053 = LINE('',#5054,#5055);
#5054 = CARTESIAN_POINT('',(35.,20.25,-109.5));
#5055 = VECTOR('',#5056,1.);
#5056 = DIRECTION('',(0.,-1.,0.));
#5057 = PCURVE('',#2722,#5058);
#5058 = DEFINITIONAL_REPRESENTATION('',(#5059),#5062);
#5059 = B_SPLINE_CURVE_WITH_KNOTS('',1,(#5060,#5061),.UNSPECIFIED.,.F.,
  .F.,(2,2),(-3.,0.75),.PIECEWISE_BEZIER_KNOTS.);
#5060 = CARTESIAN_POINT('',(2.5,-3.75));
#5061 = CARTESIAN_POINT('',(2.5,0.));
#5062 = ( GEOMETRIC_REPRESENTATION_CONTEXT(2) 
PARAMETRIC_REPRESENTATION_CONTEXT() REPRESENTATION_CONTEXT('2D SPACE',''
  ) );
#5063 = PCURVE('',#4621,#5064);
#5064 = DEFINITIONAL_REPRESENTATION('',(#5065),#5068);
#5065 = B_SPLINE_CURVE_WITH_KNOTS('',1,(#5066,#5067),.UNSPECIFIED.,.F.,
  .F.,(2,2),(-3.,0.75),.PIECEWISE_BEZIER_KNOTS.);
#5066 = CARTESIAN_POINT('',(0.,2.25));
#5067 = CARTESIAN_POINT('',(0.,-1.5));
#5068 = ( GEOMETRIC_REPRESENTATION_CONTEXT(2) 
PARAMETRIC_REPRESENTATION_CONTEXT() REPRESENTATION_CONTEXT('2D SPACE',''
  ) );
#5069 = ORIENTED_EDGE('',*,*,#4833,.F.);
#5070 = ORIENTED_EDGE('',*,*,#2707,.F.);
#5071 = ORIENTED_EDGE('',*,*,#4312,.F.);
#5072 = ADVANCED_FACE('',(#5073),#2672,.T.);
#5073 = FACE_BOUND('',#5074,.T.);
#5074 = EDGE_LOOP('',(#5075,#5076,#5077,#5078));
#5075 = ORIENTED_EDGE('',*,*,#3694,.F.);
#5076 = ORIENTED_EDGE('',*,*,#3818,.T.);
#5077 = ORIENTED_EDGE('',*,*,#4221,.T.);
#5078 = ORIENTED_EDGE('',*,*,#2656,.F.);
#5079 = ADVANCED_FACE('',(#5080),#2550,.F.);
#5080 = FACE_BOUND('',#5081,.F.);
#5081 = EDGE_LOOP('',(#5082,#5083,#5084,#5085));
#5082 = ORIENTED_EDGE('',*,*,#2534,.F.);
#5083 = ORIENTED_EDGE('',*,*,#3740,.F.);
#5084 = ORIENTED_EDGE('',*,*,#3794,.T.);
#5085 = ORIENTED_EDGE('',*,*,#5086,.T.);
#5086 = EDGE_CURVE('',#3795,#2509,#5087,.T.);
#5087 = SURFACE_CURVE('',#5088,(#5092,#5098),.PCURVE_S1.);
#5088 = LINE('',#5089,#5090);
#5089 = CARTESIAN_POINT('',(26.,-17.5,-114.25));
#5090 = VECTOR('',#5091,1.);
#5091 = DIRECTION('',(0.,0.,1.));
#5092 = PCURVE('',#2550,#5093);
#5093 = DEFINITIONAL_REPRESENTATION('',(#5094),#5097);
#5094 = B_SPLINE_CURVE_WITH_KNOTS('',1,(#5095,#5096),.UNSPECIFIED.,.F.,
  .F.,(2,2),(0.25,4.25),.PIECEWISE_BEZIER_KNOTS.);
#5095 = CARTESIAN_POINT('',(0.,-10.5));
#5096 = CARTESIAN_POINT('',(4.,-10.5));
#5097 = ( GEOMETRIC_REPRESENTATION_CONTEXT(2) 
PARAMETRIC_REPRESENTATION_CONTEXT() REPRESENTATION_CONTEXT('2D SPACE',''
  ) );
#5098 = PCURVE('',#2523,#5099);
#5099 = DEFINITIONAL_REPRESENTATION('',(#5100),#5103);
#5100 = B_SPLINE_CURVE_WITH_KNOTS('',1,(#5101,#5102),.UNSPECIFIED.,.F.,
  .F.,(2,2),(0.25,4.25),.PIECEWISE_BEZIER_KNOTS.);
#5101 = CARTESIAN_POINT('',(0.5,1.));
#5102 = CARTESIAN_POINT('',(4.5,1.));
#5103 = ( GEOMETRIC_REPRESENTATION_CONTEXT(2) 
PARAMETRIC_REPRESENTATION_CONTEXT() REPRESENTATION_CONTEXT('2D SPACE',''
  ) );
#5104 = ADVANCED_FACE('',(#5105),#2523,.T.);
#5105 = FACE_BOUND('',#5106,.T.);
#5106 = EDGE_LOOP('',(#5107,#5128,#5129,#5130));
#5107 = ORIENTED_EDGE('',*,*,#5108,.F.);
#5108 = EDGE_CURVE('',#3909,#2483,#5109,.T.);
#5109 = SURFACE_CURVE('',#5110,(#5114,#5121),.PCURVE_S1.);
#5110 = LINE('',#5111,#5112);
#5111 = CARTESIAN_POINT('',(30.5,-17.5,-114.5));
#5112 = VECTOR('',#5113,1.);
#5113 = DIRECTION('',(0.,0.,1.));
#5114 = PCURVE('',#2523,#5115);
#5115 = DEFINITIONAL_REPRESENTATION('',(#5116),#5120);
#5116 = LINE('',#5117,#5118);
#5117 = CARTESIAN_POINT('',(0.,5.5));
#5118 = VECTOR('',#5119,1.);
#5119 = DIRECTION('',(1.,0.));
#5120 = ( GEOMETRIC_REPRESENTATION_CONTEXT(2) 
PARAMETRIC_REPRESENTATION_CONTEXT() REPRESENTATION_CONTEXT('2D SPACE',''
  ) );
#5121 = PCURVE('',#2497,#5122);
#5122 = DEFINITIONAL_REPRESENTATION('',(#5123),#5127);
#5123 = LINE('',#5124,#5125);
#5124 = CARTESIAN_POINT('',(0.,0.));
#5125 = VECTOR('',#5126,1.);
#5126 = DIRECTION('',(1.,0.));
#5127 = ( GEOMETRIC_REPRESENTATION_CONTEXT(2) 
PARAMETRIC_REPRESENTATION_CONTEXT() REPRESENTATION_CONTEXT('2D SPACE',''
  ) );
#5128 = ORIENTED_EDGE('',*,*,#3929,.T.);
#5129 = ORIENTED_EDGE('',*,*,#5086,.T.);
#5130 = ORIENTED_EDGE('',*,*,#2508,.F.);
#5131 = ADVANCED_FACE('',(#5132),#2497,.F.);
#5132 = FACE_BOUND('',#5133,.F.);
#5133 = EDGE_LOOP('',(#5134,#5135,#5136,#5157));
#5134 = ORIENTED_EDGE('',*,*,#5108,.F.);
#5135 = ORIENTED_EDGE('',*,*,#3908,.T.);
#5136 = ORIENTED_EDGE('',*,*,#5137,.T.);
#5137 = EDGE_CURVE('',#3888,#2457,#5138,.T.);
#5138 = SURFACE_CURVE('',#5139,(#5143,#5150),.PCURVE_S1.);
#5139 = LINE('',#5140,#5141);
#5140 = CARTESIAN_POINT('',(30.5,17.5,-114.5));
#5141 = VECTOR('',#5142,1.);
#5142 = DIRECTION('',(0.,0.,1.));
#5143 = PCURVE('',#2497,#5144);
#5144 = DEFINITIONAL_REPRESENTATION('',(#5145),#5149);
#5145 = LINE('',#5146,#5147);
#5146 = CARTESIAN_POINT('',(0.,-35.));
#5147 = VECTOR('',#5148,1.);
#5148 = DIRECTION('',(1.,0.));
#5149 = ( GEOMETRIC_REPRESENTATION_CONTEXT(2) 
PARAMETRIC_REPRESENTATION_CONTEXT() REPRESENTATION_CONTEXT('2D SPACE',''
  ) );
#5150 = PCURVE('',#2471,#5151);
#5151 = DEFINITIONAL_REPRESENTATION('',(#5152),#5156);
#5152 = LINE('',#5153,#5154);
#5153 = CARTESIAN_POINT('',(0.,5.5));
#5154 = VECTOR('',#5155,1.);
#5155 = DIRECTION('',(1.,0.));
#5156 = ( GEOMETRIC_REPRESENTATION_CONTEXT(2) 
PARAMETRIC_REPRESENTATION_CONTEXT() REPRESENTATION_CONTEXT('2D SPACE',''
  ) );
#5157 = ORIENTED_EDGE('',*,*,#2482,.F.);
#5158 = ADVANCED_FACE('',(#5159),#2471,.F.);
#5159 = FACE_BOUND('',#5160,.F.);
#5160 = EDGE_LOOP('',(#5161,#5162,#5163,#5182));
#5161 = ORIENTED_EDGE('',*,*,#5137,.F.);
#5162 = ORIENTED_EDGE('',*,*,#3887,.T.);
#5163 = ORIENTED_EDGE('',*,*,#5164,.T.);
#5164 = EDGE_CURVE('',#3865,#2429,#5165,.T.);
#5165 = SURFACE_CURVE('',#5166,(#5170,#5176),.PCURVE_S1.);
#5166 = LINE('',#5167,#5168);
#5167 = CARTESIAN_POINT('',(26.,17.5,-114.25));
#5168 = VECTOR('',#5169,1.);
#5169 = DIRECTION('',(0.,0.,1.));
#5170 = PCURVE('',#2471,#5171);
#5171 = DEFINITIONAL_REPRESENTATION('',(#5172),#5175);
#5172 = B_SPLINE_CURVE_WITH_KNOTS('',1,(#5173,#5174),.UNSPECIFIED.,.F.,
  .F.,(2,2),(0.25,4.25),.PIECEWISE_BEZIER_KNOTS.);
#5173 = CARTESIAN_POINT('',(0.5,1.));
#5174 = CARTESIAN_POINT('',(4.5,1.));
#5175 = ( GEOMETRIC_REPRESENTATION_CONTEXT(2) 
PARAMETRIC_REPRESENTATION_CONTEXT() REPRESENTATION_CONTEXT('2D SPACE',''
  ) );
#5176 = PCURVE('',#2444,#5177);
#5177 = DEFINITIONAL_REPRESENTATION('',(#5178),#5181);
#5178 = B_SPLINE_CURVE_WITH_KNOTS('',1,(#5179,#5180),.UNSPECIFIED.,.F.,
  .F.,(2,2),(0.25,4.25),.PIECEWISE_BEZIER_KNOTS.);
#5179 = CARTESIAN_POINT('',(0.,-45.5));
#5180 = CARTESIAN_POINT('',(4.,-45.5));
#5181 = ( GEOMETRIC_REPRESENTATION_CONTEXT(2) 
PARAMETRIC_REPRESENTATION_CONTEXT() REPRESENTATION_CONTEXT('2D SPACE',''
  ) );
#5182 = ORIENTED_EDGE('',*,*,#2456,.F.);
#5183 = ADVANCED_FACE('',(#5184),#2444,.F.);
#5184 = FACE_BOUND('',#5185,.F.);
#5185 = EDGE_LOOP('',(#5186,#5187,#5188,#5189));
#5186 = ORIENTED_EDGE('',*,*,#2428,.F.);
#5187 = ORIENTED_EDGE('',*,*,#5164,.F.);
#5188 = ORIENTED_EDGE('',*,*,#3864,.T.);
#5189 = ORIENTED_EDGE('',*,*,#4243,.T.);
#5190 = ADVANCED_FACE('',(#5191),#3076,.T.);
#5191 = FACE_BOUND('',#5192,.T.);
#5192 = EDGE_LOOP('',(#5193,#5194,#5195,#5196));
#5193 = ORIENTED_EDGE('',*,*,#3250,.F.);
#5194 = ORIENTED_EDGE('',*,*,#3060,.F.);
#5195 = ORIENTED_EDGE('',*,*,#3142,.F.);
#5196 = ORIENTED_EDGE('',*,*,#5197,.T.);
#5197 = EDGE_CURVE('',#3143,#3251,#5198,.T.);
#5198 = SURFACE_CURVE('',#5199,(#5203,#5210),.PCURVE_S1.);
#5199 = LINE('',#5200,#5201);
#5200 = CARTESIAN_POINT('',(39.85,-20.1,25.05));
#5201 = VECTOR('',#5202,1.);
#5202 = DIRECTION('',(-0.,1.,0.));
#5203 = PCURVE('',#3076,#5204);
#5204 = DEFINITIONAL_REPRESENTATION('',(#5205),#5209);
#5205 = LINE('',#5206,#5207);
#5206 = CARTESIAN_POINT('',(7.85,0.));
#5207 = VECTOR('',#5208,1.);
#5208 = DIRECTION('',(0.,1.));
#5209 = ( GEOMETRIC_REPRESENTATION_CONTEXT(2) 
PARAMETRIC_REPRESENTATION_CONTEXT() REPRESENTATION_CONTEXT('2D SPACE',''
  ) );
#5210 = PCURVE('',#3181,#5211);
#5211 = DEFINITIONAL_REPRESENTATION('',(#5212),#5216);
#5212 = LINE('',#5213,#5214);
#5213 = CARTESIAN_POINT('',(7.4,0.));
#5214 = VECTOR('',#5215,1.);
#5215 = DIRECTION('',(0.,-1.));
#5216 = ( GEOMETRIC_REPRESENTATION_CONTEXT(2) 
PARAMETRIC_REPRESENTATION_CONTEXT() REPRESENTATION_CONTEXT('2D SPACE',''
  ) );
#5217 = ADVANCED_FACE('',(#5218),#3181,.T.);
#5218 = FACE_BOUND('',#5219,.T.);
#5219 = EDGE_LOOP('',(#5220,#5221,#5222,#5223));
#5220 = ORIENTED_EDGE('',*,*,#3165,.F.);
#5221 = ORIENTED_EDGE('',*,*,#3464,.T.);
#5222 = ORIENTED_EDGE('',*,*,#3273,.T.);
#5223 = ORIENTED_EDGE('',*,*,#5197,.F.);
#5224 = ADVANCED_FACE('',(#5225),#3233,.F.);
#5225 = FACE_BOUND('',#5226,.F.);
#5226 = EDGE_LOOP('',(#5227,#5228,#5249,#5250));
#5227 = ORIENTED_EDGE('',*,*,#3434,.F.);
#5228 = ORIENTED_EDGE('',*,*,#5229,.F.);
#5229 = EDGE_CURVE('',#3217,#3435,#5230,.T.);
#5230 = SEAM_CURVE('',#5231,(#5235,#5242),.PCURVE_S1.);
#5231 = LINE('',#5232,#5233);
#5232 = CARTESIAN_POINT('',(38.8,-20.6,21.35));
#5233 = VECTOR('',#5234,1.);
#5234 = DIRECTION('',(0.,1.,0.));
#5235 = PCURVE('',#3233,#5236);
#5236 = DEFINITIONAL_REPRESENTATION('',(#5237),#5241);
#5237 = LINE('',#5238,#5239);
#5238 = CARTESIAN_POINT('',(6.28318530718,-0.));
#5239 = VECTOR('',#5240,1.);
#5240 = DIRECTION('',(0.,1.));
#5241 = ( GEOMETRIC_REPRESENTATION_CONTEXT(2) 
PARAMETRIC_REPRESENTATION_CONTEXT() REPRESENTATION_CONTEXT('2D SPACE',''
  ) );
#5242 = PCURVE('',#3233,#5243);
#5243 = DEFINITIONAL_REPRESENTATION('',(#5244),#5248);
#5244 = LINE('',#5245,#5246);
#5245 = CARTESIAN_POINT('',(0.,-0.));
#5246 = VECTOR('',#5247,1.);
#5247 = DIRECTION('',(0.,1.));
#5248 = ( GEOMETRIC_REPRESENTATION_CONTEXT(2) 
PARAMETRIC_REPRESENTATION_CONTEXT() REPRESENTATION_CONTEXT('2D SPACE',''
  ) );
#5249 = ORIENTED_EDGE('',*,*,#3216,.T.);
#5250 = ORIENTED_EDGE('',*,*,#5229,.T.);
#5251 = ADVANCED_FACE('',(#5252),#3338,.F.);
#5252 = FACE_BOUND('',#5253,.F.);
#5253 = EDGE_LOOP('',(#5254,#5277,#5305,#5326));
#5254 = ORIENTED_EDGE('',*,*,#5255,.F.);
#5255 = EDGE_CURVE('',#5256,#3321,#5258,.T.);
#5256 = VERTEX_POINT('',#5257);
#5257 = CARTESIAN_POINT('',(34.05,-10.95,24.2));
#5258 = SURFACE_CURVE('',#5259,(#5263,#5270),.PCURVE_S1.);
#5259 = LINE('',#5260,#5261);
#5260 = CARTESIAN_POINT('',(34.05,-10.95,24.2));
#5261 = VECTOR('',#5262,1.);
#5262 = DIRECTION('',(-0.,1.,0.));
#5263 = PCURVE('',#3338,#5264);
#5264 = DEFINITIONAL_REPRESENTATION('',(#5265),#5269);
#5265 = LINE('',#5266,#5267);
#5266 = CARTESIAN_POINT('',(0.,0.));
#5267 = VECTOR('',#5268,1.);
#5268 = DIRECTION('',(0.,1.));
#5269 = ( GEOMETRIC_REPRESENTATION_CONTEXT(2) 
PARAMETRIC_REPRESENTATION_CONTEXT() REPRESENTATION_CONTEXT('2D SPACE',''
  ) );
#5270 = PCURVE('',#3366,#5271);
#5271 = DEFINITIONAL_REPRESENTATION('',(#5272),#5276);
#5272 = LINE('',#5273,#5274);
#5273 = CARTESIAN_POINT('',(1.3,0.));
#5274 = VECTOR('',#5275,1.);
#5275 = DIRECTION('',(0.,-1.));
#5276 = ( GEOMETRIC_REPRESENTATION_CONTEXT(2) 
PARAMETRIC_REPRESENTATION_CONTEXT() REPRESENTATION_CONTEXT('2D SPACE',''
  ) );
#5277 = ORIENTED_EDGE('',*,*,#5278,.T.);
#5278 = EDGE_CURVE('',#5256,#5279,#5281,.T.);
#5279 = VERTEX_POINT('',#5280);
#5280 = CARTESIAN_POINT('',(35.35,-10.95,24.2));
#5281 = SURFACE_CURVE('',#5282,(#5286,#5293),.PCURVE_S1.);
#5282 = LINE('',#5283,#5284);
#5283 = CARTESIAN_POINT('',(34.05,-10.95,24.2));
#5284 = VECTOR('',#5285,1.);
#5285 = DIRECTION('',(1.,0.,-0.));
#5286 = PCURVE('',#3338,#5287);
#5287 = DEFINITIONAL_REPRESENTATION('',(#5288),#5292);
#5288 = LINE('',#5289,#5290);
#5289 = CARTESIAN_POINT('',(0.,0.));
#5290 = VECTOR('',#5291,1.);
#5291 = DIRECTION('',(1.,0.));
#5292 = ( GEOMETRIC_REPRESENTATION_CONTEXT(2) 
PARAMETRIC_REPRESENTATION_CONTEXT() REPRESENTATION_CONTEXT('2D SPACE',''
  ) );
#5293 = PCURVE('',#5294,#5299);
#5294 = PLANE('',#5295);
#5295 = AXIS2_PLACEMENT_3D('',#5296,#5297,#5298);
#5296 = CARTESIAN_POINT('',(34.05,-10.95,22.9));
#5297 = DIRECTION('',(-0.,1.,0.));
#5298 = DIRECTION('',(0.,0.,1.));
#5299 = DEFINITIONAL_REPRESENTATION('',(#5300),#5304);
#5300 = LINE('',#5301,#5302);
#5301 = CARTESIAN_POINT('',(1.3,0.));
#5302 = VECTOR('',#5303,1.);
#5303 = DIRECTION('',(0.,1.));
#5304 = ( GEOMETRIC_REPRESENTATION_CONTEXT(2) 
PARAMETRIC_REPRESENTATION_CONTEXT() REPRESENTATION_CONTEXT('2D SPACE',''
  ) );
#5305 = ORIENTED_EDGE('',*,*,#5306,.T.);
#5306 = EDGE_CURVE('',#5279,#3323,#5307,.T.);
#5307 = SURFACE_CURVE('',#5308,(#5312,#5319),.PCURVE_S1.);
#5308 = LINE('',#5309,#5310);
#5309 = CARTESIAN_POINT('',(35.35,-10.95,24.2));
#5310 = VECTOR('',#5311,1.);
#5311 = DIRECTION('',(-0.,1.,0.));
#5312 = PCURVE('',#3338,#5313);
#5313 = DEFINITIONAL_REPRESENTATION('',(#5314),#5318);
#5314 = LINE('',#5315,#5316);
#5315 = CARTESIAN_POINT('',(1.3,0.));
#5316 = VECTOR('',#5317,1.);
#5317 = DIRECTION('',(0.,1.));
#5318 = ( GEOMETRIC_REPRESENTATION_CONTEXT(2) 
PARAMETRIC_REPRESENTATION_CONTEXT() REPRESENTATION_CONTEXT('2D SPACE',''
  ) );
#5319 = PCURVE('',#3420,#5320);
#5320 = DEFINITIONAL_REPRESENTATION('',(#5321),#5325);
#5321 = LINE('',#5322,#5323);
#5322 = CARTESIAN_POINT('',(1.3,0.));
#5323 = VECTOR('',#5324,1.);
#5324 = DIRECTION('',(0.,-1.));
#5325 = ( GEOMETRIC_REPRESENTATION_CONTEXT(2) 
PARAMETRIC_REPRESENTATION_CONTEXT() REPRESENTATION_CONTEXT('2D SPACE',''
  ) );
#5326 = ORIENTED_EDGE('',*,*,#3320,.F.);
#5327 = ADVANCED_FACE('',(#5328),#3420,.F.);
#5328 = FACE_BOUND('',#5329,.F.);
#5329 = EDGE_LOOP('',(#5330,#5353,#5374,#5375));
#5330 = ORIENTED_EDGE('',*,*,#5331,.F.);
#5331 = EDGE_CURVE('',#5332,#5279,#5334,.T.);
#5332 = VERTEX_POINT('',#5333);
#5333 = CARTESIAN_POINT('',(35.35,-10.95,22.9));
#5334 = SURFACE_CURVE('',#5335,(#5339,#5346),.PCURVE_S1.);
#5335 = LINE('',#5336,#5337);
#5336 = CARTESIAN_POINT('',(35.35,-10.95,22.9));
#5337 = VECTOR('',#5338,1.);
#5338 = DIRECTION('',(0.,0.,1.));
#5339 = PCURVE('',#3420,#5340);
#5340 = DEFINITIONAL_REPRESENTATION('',(#5341),#5345);
#5341 = LINE('',#5342,#5343);
#5342 = CARTESIAN_POINT('',(0.,0.));
#5343 = VECTOR('',#5344,1.);
#5344 = DIRECTION('',(1.,0.));
#5345 = ( GEOMETRIC_REPRESENTATION_CONTEXT(2) 
PARAMETRIC_REPRESENTATION_CONTEXT() REPRESENTATION_CONTEXT('2D SPACE',''
  ) );
#5346 = PCURVE('',#5294,#5347);
#5347 = DEFINITIONAL_REPRESENTATION('',(#5348),#5352);
#5348 = LINE('',#5349,#5350);
#5349 = CARTESIAN_POINT('',(0.,1.3));
#5350 = VECTOR('',#5351,1.);
#5351 = DIRECTION('',(1.,0.));
#5352 = ( GEOMETRIC_REPRESENTATION_CONTEXT(2) 
PARAMETRIC_REPRESENTATION_CONTEXT() REPRESENTATION_CONTEXT('2D SPACE',''
  ) );
#5353 = ORIENTED_EDGE('',*,*,#5354,.T.);
#5354 = EDGE_CURVE('',#5332,#3379,#5355,.T.);
#5355 = SURFACE_CURVE('',#5356,(#5360,#5367),.PCURVE_S1.);
#5356 = LINE('',#5357,#5358);
#5357 = CARTESIAN_POINT('',(35.35,-10.95,22.9));
#5358 = VECTOR('',#5359,1.);
#5359 = DIRECTION('',(-0.,1.,0.));
#5360 = PCURVE('',#3420,#5361);
#5361 = DEFINITIONAL_REPRESENTATION('',(#5362),#5366);
#5362 = LINE('',#5363,#5364);
#5363 = CARTESIAN_POINT('',(0.,0.));
#5364 = VECTOR('',#5365,1.);
#5365 = DIRECTION('',(0.,-1.));
#5366 = ( GEOMETRIC_REPRESENTATION_CONTEXT(2) 
PARAMETRIC_REPRESENTATION_CONTEXT() REPRESENTATION_CONTEXT('2D SPACE',''
  ) );
#5367 = PCURVE('',#3394,#5368);
#5368 = DEFINITIONAL_REPRESENTATION('',(#5369),#5373);
#5369 = LINE('',#5370,#5371);
#5370 = CARTESIAN_POINT('',(1.3,0.));
#5371 = VECTOR('',#5372,1.);
#5372 = DIRECTION('',(0.,1.));
#5373 = ( GEOMETRIC_REPRESENTATION_CONTEXT(2) 
PARAMETRIC_REPRESENTATION_CONTEXT() REPRESENTATION_CONTEXT('2D SPACE',''
  ) );
#5374 = ORIENTED_EDGE('',*,*,#3406,.T.);
#5375 = ORIENTED_EDGE('',*,*,#5306,.F.);
#5376 = ADVANCED_FACE('',(#5377),#3366,.T.);
#5377 = FACE_BOUND('',#5378,.T.);
#5378 = EDGE_LOOP('',(#5379,#5402,#5423,#5424));
#5379 = ORIENTED_EDGE('',*,*,#5380,.F.);
#5380 = EDGE_CURVE('',#5381,#5256,#5383,.T.);
#5381 = VERTEX_POINT('',#5382);
#5382 = CARTESIAN_POINT('',(34.05,-10.95,22.9));
#5383 = SURFACE_CURVE('',#5384,(#5388,#5395),.PCURVE_S1.);
#5384 = LINE('',#5385,#5386);
#5385 = CARTESIAN_POINT('',(34.05,-10.95,22.9));
#5386 = VECTOR('',#5387,1.);
#5387 = DIRECTION('',(0.,0.,1.));
#5388 = PCURVE('',#3366,#5389);
#5389 = DEFINITIONAL_REPRESENTATION('',(#5390),#5394);
#5390 = LINE('',#5391,#5392);
#5391 = CARTESIAN_POINT('',(0.,0.));
#5392 = VECTOR('',#5393,1.);
#5393 = DIRECTION('',(1.,0.));
#5394 = ( GEOMETRIC_REPRESENTATION_CONTEXT(2) 
PARAMETRIC_REPRESENTATION_CONTEXT() REPRESENTATION_CONTEXT('2D SPACE',''
  ) );
#5395 = PCURVE('',#5294,#5396);
#5396 = DEFINITIONAL_REPRESENTATION('',(#5397),#5401);
#5397 = LINE('',#5398,#5399);
#5398 = CARTESIAN_POINT('',(0.,0.));
#5399 = VECTOR('',#5400,1.);
#5400 = DIRECTION('',(1.,0.));
#5401 = ( GEOMETRIC_REPRESENTATION_CONTEXT(2) 
PARAMETRIC_REPRESENTATION_CONTEXT() REPRESENTATION_CONTEXT('2D SPACE',''
  ) );
#5402 = ORIENTED_EDGE('',*,*,#5403,.T.);
#5403 = EDGE_CURVE('',#5381,#3351,#5404,.T.);
#5404 = SURFACE_CURVE('',#5405,(#5409,#5416),.PCURVE_S1.);
#5405 = LINE('',#5406,#5407);
#5406 = CARTESIAN_POINT('',(34.05,-10.95,22.9));
#5407 = VECTOR('',#5408,1.);
#5408 = DIRECTION('',(-0.,1.,0.));
#5409 = PCURVE('',#3366,#5410);
#5410 = DEFINITIONAL_REPRESENTATION('',(#5411),#5415);
#5411 = LINE('',#5412,#5413);
#5412 = CARTESIAN_POINT('',(0.,0.));
#5413 = VECTOR('',#5414,1.);
#5414 = DIRECTION('',(0.,-1.));
#5415 = ( GEOMETRIC_REPRESENTATION_CONTEXT(2) 
PARAMETRIC_REPRESENTATION_CONTEXT() REPRESENTATION_CONTEXT('2D SPACE',''
  ) );
#5416 = PCURVE('',#3394,#5417);
#5417 = DEFINITIONAL_REPRESENTATION('',(#5418),#5422);
#5418 = LINE('',#5419,#5420);
#5419 = CARTESIAN_POINT('',(0.,0.));
#5420 = VECTOR('',#5421,1.);
#5421 = DIRECTION('',(0.,1.));
#5422 = ( GEOMETRIC_REPRESENTATION_CONTEXT(2) 
PARAMETRIC_REPRESENTATION_CONTEXT() REPRESENTATION_CONTEXT('2D SPACE',''
  ) );
#5423 = ORIENTED_EDGE('',*,*,#3350,.T.);
#5424 = ORIENTED_EDGE('',*,*,#5255,.F.);
#5425 = ADVANCED_FACE('',(#5426),#3394,.T.);
#5426 = FACE_BOUND('',#5427,.T.);
#5427 = EDGE_LOOP('',(#5428,#5429,#5450,#5451));
#5428 = ORIENTED_EDGE('',*,*,#5403,.F.);
#5429 = ORIENTED_EDGE('',*,*,#5430,.T.);
#5430 = EDGE_CURVE('',#5381,#5332,#5431,.T.);
#5431 = SURFACE_CURVE('',#5432,(#5436,#5443),.PCURVE_S1.);
#5432 = LINE('',#5433,#5434);
#5433 = CARTESIAN_POINT('',(34.05,-10.95,22.9));
#5434 = VECTOR('',#5435,1.);
#5435 = DIRECTION('',(1.,0.,-0.));
#5436 = PCURVE('',#3394,#5437);
#5437 = DEFINITIONAL_REPRESENTATION('',(#5438),#5442);
#5438 = LINE('',#5439,#5440);
#5439 = CARTESIAN_POINT('',(0.,0.));
#5440 = VECTOR('',#5441,1.);
#5441 = DIRECTION('',(1.,0.));
#5442 = ( GEOMETRIC_REPRESENTATION_CONTEXT(2) 
PARAMETRIC_REPRESENTATION_CONTEXT() REPRESENTATION_CONTEXT('2D SPACE',''
  ) );
#5443 = PCURVE('',#5294,#5444);
#5444 = DEFINITIONAL_REPRESENTATION('',(#5445),#5449);
#5445 = LINE('',#5446,#5447);
#5446 = CARTESIAN_POINT('',(0.,0.));
#5447 = VECTOR('',#5448,1.);
#5448 = DIRECTION('',(0.,1.));
#5449 = ( GEOMETRIC_REPRESENTATION_CONTEXT(2) 
PARAMETRIC_REPRESENTATION_CONTEXT() REPRESENTATION_CONTEXT('2D SPACE',''
  ) );
#5450 = ORIENTED_EDGE('',*,*,#5354,.T.);
#5451 = ORIENTED_EDGE('',*,*,#3378,.F.);
#5452 = ADVANCED_FACE('',(#5453),#3566,.F.);
#5453 = FACE_BOUND('',#5454,.F.);
#5454 = EDGE_LOOP('',(#5455,#5478,#5506,#5527));
#5455 = ORIENTED_EDGE('',*,*,#5456,.F.);
#5456 = EDGE_CURVE('',#5457,#3549,#5459,.T.);
#5457 = VERTEX_POINT('',#5458);
#5458 = CARTESIAN_POINT('',(34.05,-10.95,-22.9));
#5459 = SURFACE_CURVE('',#5460,(#5464,#5471),.PCURVE_S1.);
#5460 = LINE('',#5461,#5462);
#5461 = CARTESIAN_POINT('',(34.05,-10.95,-22.9));
#5462 = VECTOR('',#5463,1.);
#5463 = DIRECTION('',(-0.,1.,0.));
#5464 = PCURVE('',#3566,#5465);
#5465 = DEFINITIONAL_REPRESENTATION('',(#5466),#5470);
#5466 = LINE('',#5467,#5468);
#5467 = CARTESIAN_POINT('',(0.,0.));
#5468 = VECTOR('',#5469,1.);
#5469 = DIRECTION('',(0.,1.));
#5470 = ( GEOMETRIC_REPRESENTATION_CONTEXT(2) 
PARAMETRIC_REPRESENTATION_CONTEXT() REPRESENTATION_CONTEXT('2D SPACE',''
  ) );
#5471 = PCURVE('',#3594,#5472);
#5472 = DEFINITIONAL_REPRESENTATION('',(#5473),#5477);
#5473 = LINE('',#5474,#5475);
#5474 = CARTESIAN_POINT('',(1.3,0.));
#5475 = VECTOR('',#5476,1.);
#5476 = DIRECTION('',(0.,-1.));
#5477 = ( GEOMETRIC_REPRESENTATION_CONTEXT(2) 
PARAMETRIC_REPRESENTATION_CONTEXT() REPRESENTATION_CONTEXT('2D SPACE',''
  ) );
#5478 = ORIENTED_EDGE('',*,*,#5479,.T.);
#5479 = EDGE_CURVE('',#5457,#5480,#5482,.T.);
#5480 = VERTEX_POINT('',#5481);
#5481 = CARTESIAN_POINT('',(35.35,-10.95,-22.9));
#5482 = SURFACE_CURVE('',#5483,(#5487,#5494),.PCURVE_S1.);
#5483 = LINE('',#5484,#5485);
#5484 = CARTESIAN_POINT('',(34.05,-10.95,-22.9));
#5485 = VECTOR('',#5486,1.);
#5486 = DIRECTION('',(1.,0.,-0.));
#5487 = PCURVE('',#3566,#5488);
#5488 = DEFINITIONAL_REPRESENTATION('',(#5489),#5493);
#5489 = LINE('',#5490,#5491);
#5490 = CARTESIAN_POINT('',(0.,0.));
#5491 = VECTOR('',#5492,1.);
#5492 = DIRECTION('',(1.,0.));
#5493 = ( GEOMETRIC_REPRESENTATION_CONTEXT(2) 
PARAMETRIC_REPRESENTATION_CONTEXT() REPRESENTATION_CONTEXT('2D SPACE',''
  ) );
#5494 = PCURVE('',#5495,#5500);
#5495 = PLANE('',#5496);
#5496 = AXIS2_PLACEMENT_3D('',#5497,#5498,#5499);
#5497 = CARTESIAN_POINT('',(34.05,-10.95,-24.2));
#5498 = DIRECTION('',(-0.,1.,0.));
#5499 = DIRECTION('',(0.,0.,1.));
#5500 = DEFINITIONAL_REPRESENTATION('',(#5501),#5505);
#5501 = LINE('',#5502,#5503);
#5502 = CARTESIAN_POINT('',(1.3,0.));
#5503 = VECTOR('',#5504,1.);
#5504 = DIRECTION('',(0.,1.));
#5505 = ( GEOMETRIC_REPRESENTATION_CONTEXT(2) 
PARAMETRIC_REPRESENTATION_CONTEXT() REPRESENTATION_CONTEXT('2D SPACE',''
  ) );
#5506 = ORIENTED_EDGE('',*,*,#5507,.T.);
#5507 = EDGE_CURVE('',#5480,#3551,#5508,.T.);
#5508 = SURFACE_CURVE('',#5509,(#5513,#5520),.PCURVE_S1.);
#5509 = LINE('',#5510,#5511);
#5510 = CARTESIAN_POINT('',(35.35,-10.95,-22.9));
#5511 = VECTOR('',#5512,1.);
#5512 = DIRECTION('',(-0.,1.,0.));
#5513 = PCURVE('',#3566,#5514);
#5514 = DEFINITIONAL_REPRESENTATION('',(#5515),#5519);
#5515 = LINE('',#5516,#5517);
#5516 = CARTESIAN_POINT('',(1.3,0.));
#5517 = VECTOR('',#5518,1.);
#5518 = DIRECTION('',(0.,1.));
#5519 = ( GEOMETRIC_REPRESENTATION_CONTEXT(2) 
PARAMETRIC_REPRESENTATION_CONTEXT() REPRESENTATION_CONTEXT('2D SPACE',''
  ) );
#5520 = PCURVE('',#3648,#5521);
#5521 = DEFINITIONAL_REPRESENTATION('',(#5522),#5526);
#5522 = LINE('',#5523,#5524);
#5523 = CARTESIAN_POINT('',(1.3,0.));
#5524 = VECTOR('',#5525,1.);
#5525 = DIRECTION('',(0.,-1.));
#5526 = ( GEOMETRIC_REPRESENTATION_CONTEXT(2) 
PARAMETRIC_REPRESENTATION_CONTEXT() REPRESENTATION_CONTEXT('2D SPACE',''
  ) );
#5527 = ORIENTED_EDGE('',*,*,#3548,.F.);
#5528 = ADVANCED_FACE('',(#5529),#3648,.F.);
#5529 = FACE_BOUND('',#5530,.F.);
#5530 = EDGE_LOOP('',(#5531,#5554,#5575,#5576));
#5531 = ORIENTED_EDGE('',*,*,#5532,.F.);
#5532 = EDGE_CURVE('',#5533,#5480,#5535,.T.);
#5533 = VERTEX_POINT('',#5534);
#5534 = CARTESIAN_POINT('',(35.35,-10.95,-24.2));
#5535 = SURFACE_CURVE('',#5536,(#5540,#5547),.PCURVE_S1.);
#5536 = LINE('',#5537,#5538);
#5537 = CARTESIAN_POINT('',(35.35,-10.95,-24.2));
#5538 = VECTOR('',#5539,1.);
#5539 = DIRECTION('',(0.,0.,1.));
#5540 = PCURVE('',#3648,#5541);
#5541 = DEFINITIONAL_REPRESENTATION('',(#5542),#5546);
#5542 = LINE('',#5543,#5544);
#5543 = CARTESIAN_POINT('',(0.,0.));
#5544 = VECTOR('',#5545,1.);
#5545 = DIRECTION('',(1.,0.));
#5546 = ( GEOMETRIC_REPRESENTATION_CONTEXT(2) 
PARAMETRIC_REPRESENTATION_CONTEXT() REPRESENTATION_CONTEXT('2D SPACE',''
  ) );
#5547 = PCURVE('',#5495,#5548);
#5548 = DEFINITIONAL_REPRESENTATION('',(#5549),#5553);
#5549 = LINE('',#5550,#5551);
#5550 = CARTESIAN_POINT('',(0.,1.3));
#5551 = VECTOR('',#5552,1.);
#5552 = DIRECTION('',(1.,0.));
#5553 = ( GEOMETRIC_REPRESENTATION_CONTEXT(2) 
PARAMETRIC_REPRESENTATION_CONTEXT() REPRESENTATION_CONTEXT('2D SPACE',''
  ) );
#5554 = ORIENTED_EDGE('',*,*,#5555,.T.);
#5555 = EDGE_CURVE('',#5533,#3607,#5556,.T.);
#5556 = SURFACE_CURVE('',#5557,(#5561,#5568),.PCURVE_S1.);
#5557 = LINE('',#5558,#5559);
#5558 = CARTESIAN_POINT('',(35.35,-10.95,-24.2));
#5559 = VECTOR('',#5560,1.);
#5560 = DIRECTION('',(-0.,1.,0.));
#5561 = PCURVE('',#3648,#5562);
#5562 = DEFINITIONAL_REPRESENTATION('',(#5563),#5567);
#5563 = LINE('',#5564,#5565);
#5564 = CARTESIAN_POINT('',(0.,0.));
#5565 = VECTOR('',#5566,1.);
#5566 = DIRECTION('',(0.,-1.));
#5567 = ( GEOMETRIC_REPRESENTATION_CONTEXT(2) 
PARAMETRIC_REPRESENTATION_CONTEXT() REPRESENTATION_CONTEXT('2D SPACE',''
  ) );
#5568 = PCURVE('',#3622,#5569);
#5569 = DEFINITIONAL_REPRESENTATION('',(#5570),#5574);
#5570 = LINE('',#5571,#5572);
#5571 = CARTESIAN_POINT('',(1.3,0.));
#5572 = VECTOR('',#5573,1.);
#5573 = DIRECTION('',(0.,1.));
#5574 = ( GEOMETRIC_REPRESENTATION_CONTEXT(2) 
PARAMETRIC_REPRESENTATION_CONTEXT() REPRESENTATION_CONTEXT('2D SPACE',''
  ) );
#5575 = ORIENTED_EDGE('',*,*,#3634,.T.);
#5576 = ORIENTED_EDGE('',*,*,#5507,.F.);
#5577 = ADVANCED_FACE('',(#5578),#3594,.T.);
#5578 = FACE_BOUND('',#5579,.T.);
#5579 = EDGE_LOOP('',(#5580,#5603,#5624,#5625));
#5580 = ORIENTED_EDGE('',*,*,#5581,.F.);
#5581 = EDGE_CURVE('',#5582,#5457,#5584,.T.);
#5582 = VERTEX_POINT('',#5583);
#5583 = CARTESIAN_POINT('',(34.05,-10.95,-24.2));
#5584 = SURFACE_CURVE('',#5585,(#5589,#5596),.PCURVE_S1.);
#5585 = LINE('',#5586,#5587);
#5586 = CARTESIAN_POINT('',(34.05,-10.95,-24.2));
#5587 = VECTOR('',#5588,1.);
#5588 = DIRECTION('',(0.,0.,1.));
#5589 = PCURVE('',#3594,#5590);
#5590 = DEFINITIONAL_REPRESENTATION('',(#5591),#5595);
#5591 = LINE('',#5592,#5593);
#5592 = CARTESIAN_POINT('',(0.,0.));
#5593 = VECTOR('',#5594,1.);
#5594 = DIRECTION('',(1.,0.));
#5595 = ( GEOMETRIC_REPRESENTATION_CONTEXT(2) 
PARAMETRIC_REPRESENTATION_CONTEXT() REPRESENTATION_CONTEXT('2D SPACE',''
  ) );
#5596 = PCURVE('',#5495,#5597);
#5597 = DEFINITIONAL_REPRESENTATION('',(#5598),#5602);
#5598 = LINE('',#5599,#5600);
#5599 = CARTESIAN_POINT('',(0.,0.));
#5600 = VECTOR('',#5601,1.);
#5601 = DIRECTION('',(1.,0.));
#5602 = ( GEOMETRIC_REPRESENTATION_CONTEXT(2) 
PARAMETRIC_REPRESENTATION_CONTEXT() REPRESENTATION_CONTEXT('2D SPACE',''
  ) );
#5603 = ORIENTED_EDGE('',*,*,#5604,.T.);
#5604 = EDGE_CURVE('',#5582,#3579,#5605,.T.);
#5605 = SURFACE_CURVE('',#5606,(#5610,#5617),.PCURVE_S1.);
#5606 = LINE('',#5607,#5608);
#5607 = CARTESIAN_POINT('',(34.05,-10.95,-24.2));
#5608 = VECTOR('',#5609,1.);
#5609 = DIRECTION('',(-0.,1.,0.));
#5610 = PCURVE('',#3594,#5611);
#5611 = DEFINITIONAL_REPRESENTATION('',(#5612),#5616);
#5612 = LINE('',#5613,#5614);
#5613 = CARTESIAN_POINT('',(0.,0.));
#5614 = VECTOR('',#5615,1.);
#5615 = DIRECTION('',(0.,-1.));
#5616 = ( GEOMETRIC_REPRESENTATION_CONTEXT(2) 
PARAMETRIC_REPRESENTATION_CONTEXT() REPRESENTATION_CONTEXT('2D SPACE',''
  ) );
#5617 = PCURVE('',#3622,#5618);
#5618 = DEFINITIONAL_REPRESENTATION('',(#5619),#5623);
#5619 = LINE('',#5620,#5621);
#5620 = CARTESIAN_POINT('',(0.,0.));
#5621 = VECTOR('',#5622,1.);
#5622 = DIRECTION('',(0.,1.));
#5623 = ( GEOMETRIC_REPRESENTATION_CONTEXT(2) 
PARAMETRIC_REPRESENTATION_CONTEXT() REPRESENTATION_CONTEXT('2D SPACE',''
  ) );
#5624 = ORIENTED_EDGE('',*,*,#3578,.T.);
#5625 = ORIENTED_EDGE('',*,*,#5456,.F.);
#5626 = ADVANCED_FACE('',(#5627),#3622,.T.);
#5627 = FACE_BOUND('',#5628,.T.);
#5628 = EDGE_LOOP('',(#5629,#5630,#5651,#5652));
#5629 = ORIENTED_EDGE('',*,*,#5604,.F.);
#5630 = ORIENTED_EDGE('',*,*,#5631,.T.);
#5631 = EDGE_CURVE('',#5582,#5533,#5632,.T.);
#5632 = SURFACE_CURVE('',#5633,(#5637,#5644),.PCURVE_S1.);
#5633 = LINE('',#5634,#5635);
#5634 = CARTESIAN_POINT('',(34.05,-10.95,-24.2));
#5635 = VECTOR('',#5636,1.);
#5636 = DIRECTION('',(1.,0.,-0.));
#5637 = PCURVE('',#3622,#5638);
#5638 = DEFINITIONAL_REPRESENTATION('',(#5639),#5643);
#5639 = LINE('',#5640,#5641);
#5640 = CARTESIAN_POINT('',(0.,0.));
#5641 = VECTOR('',#5642,1.);
#5642 = DIRECTION('',(1.,0.));
#5643 = ( GEOMETRIC_REPRESENTATION_CONTEXT(2) 
PARAMETRIC_REPRESENTATION_CONTEXT() REPRESENTATION_CONTEXT('2D SPACE',''
  ) );
#5644 = PCURVE('',#5495,#5645);
#5645 = DEFINITIONAL_REPRESENTATION('',(#5646),#5650);
#5646 = LINE('',#5647,#5648);
#5647 = CARTESIAN_POINT('',(0.,0.));
#5648 = VECTOR('',#5649,1.);
#5649 = DIRECTION('',(0.,1.));
#5650 = ( GEOMETRIC_REPRESENTATION_CONTEXT(2) 
PARAMETRIC_REPRESENTATION_CONTEXT() REPRESENTATION_CONTEXT('2D SPACE',''
  ) );
#5651 = ORIENTED_EDGE('',*,*,#5555,.T.);
#5652 = ORIENTED_EDGE('',*,*,#3606,.F.);
#5653 = ADVANCED_FACE('',(#5654),#3679,.F.);
#5654 = FACE_BOUND('',#5655,.F.);
#5655 = EDGE_LOOP('',(#5656,#5657,#5680,#5707));
#5656 = ORIENTED_EDGE('',*,*,#3662,.F.);
#5657 = ORIENTED_EDGE('',*,*,#5658,.F.);
#5658 = EDGE_CURVE('',#5659,#3663,#5661,.T.);
#5659 = VERTEX_POINT('',#5660);
#5660 = CARTESIAN_POINT('',(38.8,-20.6,-21.35));
#5661 = SEAM_CURVE('',#5662,(#5666,#5673),.PCURVE_S1.);
#5662 = LINE('',#5663,#5664);
#5663 = CARTESIAN_POINT('',(38.8,-20.6,-21.35));
#5664 = VECTOR('',#5665,1.);
#5665 = DIRECTION('',(0.,1.,0.));
#5666 = PCURVE('',#3679,#5667);
#5667 = DEFINITIONAL_REPRESENTATION('',(#5668),#5672);
#5668 = LINE('',#5669,#5670);
#5669 = CARTESIAN_POINT('',(6.28318530718,-0.));
#5670 = VECTOR('',#5671,1.);
#5671 = DIRECTION('',(0.,1.));
#5672 = ( GEOMETRIC_REPRESENTATION_CONTEXT(2) 
PARAMETRIC_REPRESENTATION_CONTEXT() REPRESENTATION_CONTEXT('2D SPACE',''
  ) );
#5673 = PCURVE('',#3679,#5674);
#5674 = DEFINITIONAL_REPRESENTATION('',(#5675),#5679);
#5675 = LINE('',#5676,#5677);
#5676 = CARTESIAN_POINT('',(0.,-0.));
#5677 = VECTOR('',#5678,1.);
#5678 = DIRECTION('',(0.,1.));
#5679 = ( GEOMETRIC_REPRESENTATION_CONTEXT(2) 
PARAMETRIC_REPRESENTATION_CONTEXT() REPRESENTATION_CONTEXT('2D SPACE',''
  ) );
#5680 = ORIENTED_EDGE('',*,*,#5681,.T.);
#5681 = EDGE_CURVE('',#5659,#5659,#5682,.T.);
#5682 = SURFACE_CURVE('',#5683,(#5688,#5695),.PCURVE_S1.);
#5683 = CIRCLE('',#5684,1.7);
#5684 = AXIS2_PLACEMENT_3D('',#5685,#5686,#5687);
#5685 = CARTESIAN_POINT('',(37.1,-20.6,-21.35));
#5686 = DIRECTION('',(-0.,1.,0.));
#5687 = DIRECTION('',(1.,0.,0.));
#5688 = PCURVE('',#3679,#5689);
#5689 = DEFINITIONAL_REPRESENTATION('',(#5690),#5694);
#5690 = LINE('',#5691,#5692);
#5691 = CARTESIAN_POINT('',(0.,0.));
#5692 = VECTOR('',#5693,1.);
#5693 = DIRECTION('',(1.,0.));
#5694 = ( GEOMETRIC_REPRESENTATION_CONTEXT(2) 
PARAMETRIC_REPRESENTATION_CONTEXT() REPRESENTATION_CONTEXT('2D SPACE',''
  ) );
#5695 = PCURVE('',#5696,#5701);
#5696 = PLANE('',#5697);
#5697 = AXIS2_PLACEMENT_3D('',#5698,#5699,#5700);
#5698 = CARTESIAN_POINT('',(37.1,-20.6,-21.35));
#5699 = DIRECTION('',(0.,1.,0.));
#5700 = DIRECTION('',(1.,0.,0.));
#5701 = DEFINITIONAL_REPRESENTATION('',(#5702),#5706);
#5702 = CIRCLE('',#5703,1.7);
#5703 = AXIS2_PLACEMENT_2D('',#5704,#5705);
#5704 = CARTESIAN_POINT('',(0.,0.));
#5705 = DIRECTION('',(1.,0.));
#5706 = ( GEOMETRIC_REPRESENTATION_CONTEXT(2) 
PARAMETRIC_REPRESENTATION_CONTEXT() REPRESENTATION_CONTEXT('2D SPACE',''
  ) );
#5707 = ORIENTED_EDGE('',*,*,#5658,.T.);
#5708 = ADVANCED_FACE('',(#5709),#3973,.F.);
#5709 = FACE_BOUND('',#5710,.F.);
#5710 = EDGE_LOOP('',(#5711,#5734,#5762,#5783));
#5711 = ORIENTED_EDGE('',*,*,#5712,.F.);
#5712 = EDGE_CURVE('',#5713,#3957,#5715,.T.);
#5713 = VERTEX_POINT('',#5714);
#5714 = CARTESIAN_POINT('',(35.,-11.5,-115.5));
#5715 = SURFACE_CURVE('',#5716,(#5720,#5727),.PCURVE_S1.);
#5716 = LINE('',#5717,#5718);
#5717 = CARTESIAN_POINT('',(35.,-11.5,-115.5));
#5718 = VECTOR('',#5719,1.);
#5719 = DIRECTION('',(0.,0.,1.));
#5720 = PCURVE('',#3973,#5721);
#5721 = DEFINITIONAL_REPRESENTATION('',(#5722),#5726);
#5722 = LINE('',#5723,#5724);
#5723 = CARTESIAN_POINT('',(0.,2.));
#5724 = VECTOR('',#5725,1.);
#5725 = DIRECTION('',(1.,0.));
#5726 = ( GEOMETRIC_REPRESENTATION_CONTEXT(2) 
PARAMETRIC_REPRESENTATION_CONTEXT() REPRESENTATION_CONTEXT('2D SPACE',''
  ) );
#5727 = PCURVE('',#4049,#5728);
#5728 = DEFINITIONAL_REPRESENTATION('',(#5729),#5733);
#5729 = LINE('',#5730,#5731);
#5730 = CARTESIAN_POINT('',(0.,0.));
#5731 = VECTOR('',#5732,1.);
#5732 = DIRECTION('',(1.,0.));
#5733 = ( GEOMETRIC_REPRESENTATION_CONTEXT(2) 
PARAMETRIC_REPRESENTATION_CONTEXT() REPRESENTATION_CONTEXT('2D SPACE',''
  ) );
#5734 = ORIENTED_EDGE('',*,*,#5735,.F.);
#5735 = EDGE_CURVE('',#5736,#5713,#5738,.T.);
#5736 = VERTEX_POINT('',#5737);
#5737 = CARTESIAN_POINT('',(33.,-11.5,-115.5));
#5738 = SURFACE_CURVE('',#5739,(#5743,#5750),.PCURVE_S1.);
#5739 = LINE('',#5740,#5741);
#5740 = CARTESIAN_POINT('',(33.,-11.5,-115.5));
#5741 = VECTOR('',#5742,1.);
#5742 = DIRECTION('',(1.,0.,-0.));
#5743 = PCURVE('',#3973,#5744);
#5744 = DEFINITIONAL_REPRESENTATION('',(#5745),#5749);
#5745 = LINE('',#5746,#5747);
#5746 = CARTESIAN_POINT('',(0.,0.));
#5747 = VECTOR('',#5748,1.);
#5748 = DIRECTION('',(0.,1.));
#5749 = ( GEOMETRIC_REPRESENTATION_CONTEXT(2) 
PARAMETRIC_REPRESENTATION_CONTEXT() REPRESENTATION_CONTEXT('2D SPACE',''
  ) );
#5750 = PCURVE('',#5751,#5756);
#5751 = PLANE('',#5752);
#5752 = AXIS2_PLACEMENT_3D('',#5753,#5754,#5755);
#5753 = CARTESIAN_POINT('',(33.,-11.5,-115.5));
#5754 = DIRECTION('',(0.,0.,1.));
#5755 = DIRECTION('',(1.,0.,-0.));
#5756 = DEFINITIONAL_REPRESENTATION('',(#5757),#5761);
#5757 = LINE('',#5758,#5759);
#5758 = CARTESIAN_POINT('',(0.,0.));
#5759 = VECTOR('',#5760,1.);
#5760 = DIRECTION('',(1.,0.));
#5761 = ( GEOMETRIC_REPRESENTATION_CONTEXT(2) 
PARAMETRIC_REPRESENTATION_CONTEXT() REPRESENTATION_CONTEXT('2D SPACE',''
  ) );
#5762 = ORIENTED_EDGE('',*,*,#5763,.T.);
#5763 = EDGE_CURVE('',#5736,#3959,#5764,.T.);
#5764 = SURFACE_CURVE('',#5765,(#5769,#5776),.PCURVE_S1.);
#5765 = LINE('',#5766,#5767);
#5766 = CARTESIAN_POINT('',(33.,-11.5,-115.5));
#5767 = VECTOR('',#5768,1.);
#5768 = DIRECTION('',(0.,0.,1.));
#5769 = PCURVE('',#3973,#5770);
#5770 = DEFINITIONAL_REPRESENTATION('',(#5771),#5775);
#5771 = LINE('',#5772,#5773);
#5772 = CARTESIAN_POINT('',(0.,0.));
#5773 = VECTOR('',#5774,1.);
#5774 = DIRECTION('',(1.,0.));
#5775 = ( GEOMETRIC_REPRESENTATION_CONTEXT(2) 
PARAMETRIC_REPRESENTATION_CONTEXT() REPRESENTATION_CONTEXT('2D SPACE',''
  ) );
#5776 = PCURVE('',#3999,#5777);
#5777 = DEFINITIONAL_REPRESENTATION('',(#5778),#5782);
#5778 = LINE('',#5779,#5780);
#5779 = CARTESIAN_POINT('',(0.,0.));
#5780 = VECTOR('',#5781,1.);
#5781 = DIRECTION('',(1.,0.));
#5782 = ( GEOMETRIC_REPRESENTATION_CONTEXT(2) 
PARAMETRIC_REPRESENTATION_CONTEXT() REPRESENTATION_CONTEXT('2D SPACE',''
  ) );
#5783 = ORIENTED_EDGE('',*,*,#3956,.F.);
#5784 = ADVANCED_FACE('',(#5785),#4049,.T.);
#5785 = FACE_BOUND('',#5786,.T.);
#5786 = EDGE_LOOP('',(#5787,#5788,#5811,#5832));
#5787 = ORIENTED_EDGE('',*,*,#5712,.F.);
#5788 = ORIENTED_EDGE('',*,*,#5789,.T.);
#5789 = EDGE_CURVE('',#5713,#5790,#5792,.T.);
#5790 = VERTEX_POINT('',#5791);
#5791 = CARTESIAN_POINT('',(35.,-8.5,-115.5));
#5792 = SURFACE_CURVE('',#5793,(#5797,#5804),.PCURVE_S1.);
#5793 = LINE('',#5794,#5795);
#5794 = CARTESIAN_POINT('',(35.,-11.5,-115.5));
#5795 = VECTOR('',#5796,1.);
#5796 = DIRECTION('',(-0.,1.,0.));
#5797 = PCURVE('',#4049,#5798);
#5798 = DEFINITIONAL_REPRESENTATION('',(#5799),#5803);
#5799 = LINE('',#5800,#5801);
#5800 = CARTESIAN_POINT('',(0.,0.));
#5801 = VECTOR('',#5802,1.);
#5802 = DIRECTION('',(0.,-1.));
#5803 = ( GEOMETRIC_REPRESENTATION_CONTEXT(2) 
PARAMETRIC_REPRESENTATION_CONTEXT() REPRESENTATION_CONTEXT('2D SPACE',''
  ) );
#5804 = PCURVE('',#5751,#5805);
#5805 = DEFINITIONAL_REPRESENTATION('',(#5806),#5810);
#5806 = LINE('',#5807,#5808);
#5807 = CARTESIAN_POINT('',(2.,0.));
#5808 = VECTOR('',#5809,1.);
#5809 = DIRECTION('',(0.,1.));
#5810 = ( GEOMETRIC_REPRESENTATION_CONTEXT(2) 
PARAMETRIC_REPRESENTATION_CONTEXT() REPRESENTATION_CONTEXT('2D SPACE',''
  ) );
#5811 = ORIENTED_EDGE('',*,*,#5812,.T.);
#5812 = EDGE_CURVE('',#5790,#4011,#5813,.T.);
#5813 = SURFACE_CURVE('',#5814,(#5818,#5825),.PCURVE_S1.);
#5814 = LINE('',#5815,#5816);
#5815 = CARTESIAN_POINT('',(35.,-8.5,-115.5));
#5816 = VECTOR('',#5817,1.);
#5817 = DIRECTION('',(0.,0.,1.));
#5818 = PCURVE('',#4049,#5819);
#5819 = DEFINITIONAL_REPRESENTATION('',(#5820),#5824);
#5820 = LINE('',#5821,#5822);
#5821 = CARTESIAN_POINT('',(0.,-3.));
#5822 = VECTOR('',#5823,1.);
#5823 = DIRECTION('',(1.,0.));
#5824 = ( GEOMETRIC_REPRESENTATION_CONTEXT(2) 
PARAMETRIC_REPRESENTATION_CONTEXT() REPRESENTATION_CONTEXT('2D SPACE',''
  ) );
#5825 = PCURVE('',#4025,#5826);
#5826 = DEFINITIONAL_REPRESENTATION('',(#5827),#5831);
#5827 = LINE('',#5828,#5829);
#5828 = CARTESIAN_POINT('',(0.,2.));
#5829 = VECTOR('',#5830,1.);
#5830 = DIRECTION('',(1.,0.));
#5831 = ( GEOMETRIC_REPRESENTATION_CONTEXT(2) 
PARAMETRIC_REPRESENTATION_CONTEXT() REPRESENTATION_CONTEXT('2D SPACE',''
  ) );
#5832 = ORIENTED_EDGE('',*,*,#4036,.F.);
#5833 = ADVANCED_FACE('',(#5834),#3999,.F.);
#5834 = FACE_BOUND('',#5835,.F.);
#5835 = EDGE_LOOP('',(#5836,#5837,#5860,#5881));
#5836 = ORIENTED_EDGE('',*,*,#5763,.F.);
#5837 = ORIENTED_EDGE('',*,*,#5838,.T.);
#5838 = EDGE_CURVE('',#5736,#5839,#5841,.T.);
#5839 = VERTEX_POINT('',#5840);
#5840 = CARTESIAN_POINT('',(33.,-8.5,-115.5));
#5841 = SURFACE_CURVE('',#5842,(#5846,#5853),.PCURVE_S1.);
#5842 = LINE('',#5843,#5844);
#5843 = CARTESIAN_POINT('',(33.,-11.5,-115.5));
#5844 = VECTOR('',#5845,1.);
#5845 = DIRECTION('',(-0.,1.,0.));
#5846 = PCURVE('',#3999,#5847);
#5847 = DEFINITIONAL_REPRESENTATION('',(#5848),#5852);
#5848 = LINE('',#5849,#5850);
#5849 = CARTESIAN_POINT('',(0.,0.));
#5850 = VECTOR('',#5851,1.);
#5851 = DIRECTION('',(0.,-1.));
#5852 = ( GEOMETRIC_REPRESENTATION_CONTEXT(2) 
PARAMETRIC_REPRESENTATION_CONTEXT() REPRESENTATION_CONTEXT('2D SPACE',''
  ) );
#5853 = PCURVE('',#5751,#5854);
#5854 = DEFINITIONAL_REPRESENTATION('',(#5855),#5859);
#5855 = LINE('',#5856,#5857);
#5856 = CARTESIAN_POINT('',(0.,0.));
#5857 = VECTOR('',#5858,1.);
#5858 = DIRECTION('',(0.,1.));
#5859 = ( GEOMETRIC_REPRESENTATION_CONTEXT(2) 
PARAMETRIC_REPRESENTATION_CONTEXT() REPRESENTATION_CONTEXT('2D SPACE',''
  ) );
#5860 = ORIENTED_EDGE('',*,*,#5861,.T.);
#5861 = EDGE_CURVE('',#5839,#3985,#5862,.T.);
#5862 = SURFACE_CURVE('',#5863,(#5867,#5874),.PCURVE_S1.);
#5863 = LINE('',#5864,#5865);
#5864 = CARTESIAN_POINT('',(33.,-8.5,-115.5));
#5865 = VECTOR('',#5866,1.);
#5866 = DIRECTION('',(0.,0.,1.));
#5867 = PCURVE('',#3999,#5868);
#5868 = DEFINITIONAL_REPRESENTATION('',(#5869),#5873);
#5869 = LINE('',#5870,#5871);
#5870 = CARTESIAN_POINT('',(0.,-3.));
#5871 = VECTOR('',#5872,1.);
#5872 = DIRECTION('',(1.,0.));
#5873 = ( GEOMETRIC_REPRESENTATION_CONTEXT(2) 
PARAMETRIC_REPRESENTATION_CONTEXT() REPRESENTATION_CONTEXT('2D SPACE',''
  ) );
#5874 = PCURVE('',#4025,#5875);
#5875 = DEFINITIONAL_REPRESENTATION('',(#5876),#5880);
#5876 = LINE('',#5877,#5878);
#5877 = CARTESIAN_POINT('',(0.,0.));
#5878 = VECTOR('',#5879,1.);
#5879 = DIRECTION('',(1.,0.));
#5880 = ( GEOMETRIC_REPRESENTATION_CONTEXT(2) 
PARAMETRIC_REPRESENTATION_CONTEXT() REPRESENTATION_CONTEXT('2D SPACE',''
  ) );
#5881 = ORIENTED_EDGE('',*,*,#3984,.F.);
#5882 = ADVANCED_FACE('',(#5883),#4025,.T.);
#5883 = FACE_BOUND('',#5884,.T.);
#5884 = EDGE_LOOP('',(#5885,#5886,#5907,#5908));
#5885 = ORIENTED_EDGE('',*,*,#5812,.F.);
#5886 = ORIENTED_EDGE('',*,*,#5887,.F.);
#5887 = EDGE_CURVE('',#5839,#5790,#5888,.T.);
#5888 = SURFACE_CURVE('',#5889,(#5893,#5900),.PCURVE_S1.);
#5889 = LINE('',#5890,#5891);
#5890 = CARTESIAN_POINT('',(33.,-8.5,-115.5));
#5891 = VECTOR('',#5892,1.);
#5892 = DIRECTION('',(1.,0.,-0.));
#5893 = PCURVE('',#4025,#5894);
#5894 = DEFINITIONAL_REPRESENTATION('',(#5895),#5899);
#5895 = LINE('',#5896,#5897);
#5896 = CARTESIAN_POINT('',(0.,0.));
#5897 = VECTOR('',#5898,1.);
#5898 = DIRECTION('',(0.,1.));
#5899 = ( GEOMETRIC_REPRESENTATION_CONTEXT(2) 
PARAMETRIC_REPRESENTATION_CONTEXT() REPRESENTATION_CONTEXT('2D SPACE',''
  ) );
#5900 = PCURVE('',#5751,#5901);
#5901 = DEFINITIONAL_REPRESENTATION('',(#5902),#5906);
#5902 = LINE('',#5903,#5904);
#5903 = CARTESIAN_POINT('',(0.,3.));
#5904 = VECTOR('',#5905,1.);
#5905 = DIRECTION('',(1.,0.));
#5906 = ( GEOMETRIC_REPRESENTATION_CONTEXT(2) 
PARAMETRIC_REPRESENTATION_CONTEXT() REPRESENTATION_CONTEXT('2D SPACE',''
  ) );
#5907 = ORIENTED_EDGE('',*,*,#5861,.T.);
#5908 = ORIENTED_EDGE('',*,*,#4010,.F.);
#5909 = ADVANCED_FACE('',(#5910),#4105,.F.);
#5910 = FACE_BOUND('',#5911,.F.);
#5911 = EDGE_LOOP('',(#5912,#5935,#5963,#5984));
#5912 = ORIENTED_EDGE('',*,*,#5913,.F.);
#5913 = EDGE_CURVE('',#5914,#4089,#5916,.T.);
#5914 = VERTEX_POINT('',#5915);
#5915 = CARTESIAN_POINT('',(35.,8.5,-115.5));
#5916 = SURFACE_CURVE('',#5917,(#5921,#5928),.PCURVE_S1.);
#5917 = LINE('',#5918,#5919);
#5918 = CARTESIAN_POINT('',(35.,8.5,-115.5));
#5919 = VECTOR('',#5920,1.);
#5920 = DIRECTION('',(0.,0.,1.));
#5921 = PCURVE('',#4105,#5922);
#5922 = DEFINITIONAL_REPRESENTATION('',(#5923),#5927);
#5923 = LINE('',#5924,#5925);
#5924 = CARTESIAN_POINT('',(0.,2.));
#5925 = VECTOR('',#5926,1.);
#5926 = DIRECTION('',(1.,0.));
#5927 = ( GEOMETRIC_REPRESENTATION_CONTEXT(2) 
PARAMETRIC_REPRESENTATION_CONTEXT() REPRESENTATION_CONTEXT('2D SPACE',''
  ) );
#5928 = PCURVE('',#4181,#5929);
#5929 = DEFINITIONAL_REPRESENTATION('',(#5930),#5934);
#5930 = LINE('',#5931,#5932);
#5931 = CARTESIAN_POINT('',(0.,0.));
#5932 = VECTOR('',#5933,1.);
#5933 = DIRECTION('',(1.,0.));
#5934 = ( GEOMETRIC_REPRESENTATION_CONTEXT(2) 
PARAMETRIC_REPRESENTATION_CONTEXT() REPRESENTATION_CONTEXT('2D SPACE',''
  ) );
#5935 = ORIENTED_EDGE('',*,*,#5936,.F.);
#5936 = EDGE_CURVE('',#5937,#5914,#5939,.T.);
#5937 = VERTEX_POINT('',#5938);
#5938 = CARTESIAN_POINT('',(33.,8.5,-115.5));
#5939 = SURFACE_CURVE('',#5940,(#5944,#5951),.PCURVE_S1.);
#5940 = LINE('',#5941,#5942);
#5941 = CARTESIAN_POINT('',(33.,8.5,-115.5));
#5942 = VECTOR('',#5943,1.);
#5943 = DIRECTION('',(1.,0.,-0.));
#5944 = PCURVE('',#4105,#5945);
#5945 = DEFINITIONAL_REPRESENTATION('',(#5946),#5950);
#5946 = LINE('',#5947,#5948);
#5947 = CARTESIAN_POINT('',(0.,0.));
#5948 = VECTOR('',#5949,1.);
#5949 = DIRECTION('',(0.,1.));
#5950 = ( GEOMETRIC_REPRESENTATION_CONTEXT(2) 
PARAMETRIC_REPRESENTATION_CONTEXT() REPRESENTATION_CONTEXT('2D SPACE',''
  ) );
#5951 = PCURVE('',#5952,#5957);
#5952 = PLANE('',#5953);
#5953 = AXIS2_PLACEMENT_3D('',#5954,#5955,#5956);
#5954 = CARTESIAN_POINT('',(33.,8.5,-115.5));
#5955 = DIRECTION('',(0.,0.,1.));
#5956 = DIRECTION('',(1.,0.,-0.));
#5957 = DEFINITIONAL_REPRESENTATION('',(#5958),#5962);
#5958 = LINE('',#5959,#5960);
#5959 = CARTESIAN_POINT('',(0.,0.));
#5960 = VECTOR('',#5961,1.);
#5961 = DIRECTION('',(1.,0.));
#5962 = ( GEOMETRIC_REPRESENTATION_CONTEXT(2) 
PARAMETRIC_REPRESENTATION_CONTEXT() REPRESENTATION_CONTEXT('2D SPACE',''
  ) );
#5963 = ORIENTED_EDGE('',*,*,#5964,.T.);
#5964 = EDGE_CURVE('',#5937,#4091,#5965,.T.);
#5965 = SURFACE_CURVE('',#5966,(#5970,#5977),.PCURVE_S1.);
#5966 = LINE('',#5967,#5968);
#5967 = CARTESIAN_POINT('',(33.,8.5,-115.5));
#5968 = VECTOR('',#5969,1.);
#5969 = DIRECTION('',(0.,0.,1.));
#5970 = PCURVE('',#4105,#5971);
#5971 = DEFINITIONAL_REPRESENTATION('',(#5972),#5976);
#5972 = LINE('',#5973,#5974);
#5973 = CARTESIAN_POINT('',(0.,0.));
#5974 = VECTOR('',#5975,1.);
#5975 = DIRECTION('',(1.,0.));
#5976 = ( GEOMETRIC_REPRESENTATION_CONTEXT(2) 
PARAMETRIC_REPRESENTATION_CONTEXT() REPRESENTATION_CONTEXT('2D SPACE',''
  ) );
#5977 = PCURVE('',#4131,#5978);
#5978 = DEFINITIONAL_REPRESENTATION('',(#5979),#5983);
#5979 = LINE('',#5980,#5981);
#5980 = CARTESIAN_POINT('',(0.,0.));
#5981 = VECTOR('',#5982,1.);
#5982 = DIRECTION('',(1.,0.));
#5983 = ( GEOMETRIC_REPRESENTATION_CONTEXT(2) 
PARAMETRIC_REPRESENTATION_CONTEXT() REPRESENTATION_CONTEXT('2D SPACE',''
  ) );
#5984 = ORIENTED_EDGE('',*,*,#4088,.F.);
#5985 = ADVANCED_FACE('',(#5986),#4181,.T.);
#5986 = FACE_BOUND('',#5987,.T.);
#5987 = EDGE_LOOP('',(#5988,#5989,#6012,#6033));
#5988 = ORIENTED_EDGE('',*,*,#5913,.F.);
#5989 = ORIENTED_EDGE('',*,*,#5990,.T.);
#5990 = EDGE_CURVE('',#5914,#5991,#5993,.T.);
#5991 = VERTEX_POINT('',#5992);
#5992 = CARTESIAN_POINT('',(35.,11.5,-115.5));
#5993 = SURFACE_CURVE('',#5994,(#5998,#6005),.PCURVE_S1.);
#5994 = LINE('',#5995,#5996);
#5995 = CARTESIAN_POINT('',(35.,8.5,-115.5));
#5996 = VECTOR('',#5997,1.);
#5997 = DIRECTION('',(-0.,1.,0.));
#5998 = PCURVE('',#4181,#5999);
#5999 = DEFINITIONAL_REPRESENTATION('',(#6000),#6004);
#6000 = LINE('',#6001,#6002);
#6001 = CARTESIAN_POINT('',(0.,0.));
#6002 = VECTOR('',#6003,1.);
#6003 = DIRECTION('',(0.,-1.));
#6004 = ( GEOMETRIC_REPRESENTATION_CONTEXT(2) 
PARAMETRIC_REPRESENTATION_CONTEXT() REPRESENTATION_CONTEXT('2D SPACE',''
  ) );
#6005 = PCURVE('',#5952,#6006);
#6006 = DEFINITIONAL_REPRESENTATION('',(#6007),#6011);
#6007 = LINE('',#6008,#6009);
#6008 = CARTESIAN_POINT('',(2.,0.));
#6009 = VECTOR('',#6010,1.);
#6010 = DIRECTION('',(0.,1.));
#6011 = ( GEOMETRIC_REPRESENTATION_CONTEXT(2) 
PARAMETRIC_REPRESENTATION_CONTEXT() REPRESENTATION_CONTEXT('2D SPACE',''
  ) );
#6012 = ORIENTED_EDGE('',*,*,#6013,.T.);
#6013 = EDGE_CURVE('',#5991,#4143,#6014,.T.);
#6014 = SURFACE_CURVE('',#6015,(#6019,#6026),.PCURVE_S1.);
#6015 = LINE('',#6016,#6017);
#6016 = CARTESIAN_POINT('',(35.,11.5,-115.5));
#6017 = VECTOR('',#6018,1.);
#6018 = DIRECTION('',(0.,0.,1.));
#6019 = PCURVE('',#4181,#6020);
#6020 = DEFINITIONAL_REPRESENTATION('',(#6021),#6025);
#6021 = LINE('',#6022,#6023);
#6022 = CARTESIAN_POINT('',(0.,-3.));
#6023 = VECTOR('',#6024,1.);
#6024 = DIRECTION('',(1.,0.));
#6025 = ( GEOMETRIC_REPRESENTATION_CONTEXT(2) 
PARAMETRIC_REPRESENTATION_CONTEXT() REPRESENTATION_CONTEXT('2D SPACE',''
  ) );
#6026 = PCURVE('',#4157,#6027);
#6027 = DEFINITIONAL_REPRESENTATION('',(#6028),#6032);
#6028 = LINE('',#6029,#6030);
#6029 = CARTESIAN_POINT('',(0.,2.));
#6030 = VECTOR('',#6031,1.);
#6031 = DIRECTION('',(1.,0.));
#6032 = ( GEOMETRIC_REPRESENTATION_CONTEXT(2) 
PARAMETRIC_REPRESENTATION_CONTEXT() REPRESENTATION_CONTEXT('2D SPACE',''
  ) );
#6033 = ORIENTED_EDGE('',*,*,#4168,.F.);
#6034 = ADVANCED_FACE('',(#6035),#4131,.F.);
#6035 = FACE_BOUND('',#6036,.F.);
#6036 = EDGE_LOOP('',(#6037,#6038,#6061,#6082));
#6037 = ORIENTED_EDGE('',*,*,#5964,.F.);
#6038 = ORIENTED_EDGE('',*,*,#6039,.T.);
#6039 = EDGE_CURVE('',#5937,#6040,#6042,.T.);
#6040 = VERTEX_POINT('',#6041);
#6041 = CARTESIAN_POINT('',(33.,11.5,-115.5));
#6042 = SURFACE_CURVE('',#6043,(#6047,#6054),.PCURVE_S1.);
#6043 = LINE('',#6044,#6045);
#6044 = CARTESIAN_POINT('',(33.,8.5,-115.5));
#6045 = VECTOR('',#6046,1.);
#6046 = DIRECTION('',(-0.,1.,0.));
#6047 = PCURVE('',#4131,#6048);
#6048 = DEFINITIONAL_REPRESENTATION('',(#6049),#6053);
#6049 = LINE('',#6050,#6051);
#6050 = CARTESIAN_POINT('',(0.,0.));
#6051 = VECTOR('',#6052,1.);
#6052 = DIRECTION('',(0.,-1.));
#6053 = ( GEOMETRIC_REPRESENTATION_CONTEXT(2) 
PARAMETRIC_REPRESENTATION_CONTEXT() REPRESENTATION_CONTEXT('2D SPACE',''
  ) );
#6054 = PCURVE('',#5952,#6055);
#6055 = DEFINITIONAL_REPRESENTATION('',(#6056),#6060);
#6056 = LINE('',#6057,#6058);
#6057 = CARTESIAN_POINT('',(0.,0.));
#6058 = VECTOR('',#6059,1.);
#6059 = DIRECTION('',(0.,1.));
#6060 = ( GEOMETRIC_REPRESENTATION_CONTEXT(2) 
PARAMETRIC_REPRESENTATION_CONTEXT() REPRESENTATION_CONTEXT('2D SPACE',''
  ) );
#6061 = ORIENTED_EDGE('',*,*,#6062,.T.);
#6062 = EDGE_CURVE('',#6040,#4117,#6063,.T.);
#6063 = SURFACE_CURVE('',#6064,(#6068,#6075),.PCURVE_S1.);
#6064 = LINE('',#6065,#6066);
#6065 = CARTESIAN_POINT('',(33.,11.5,-115.5));
#6066 = VECTOR('',#6067,1.);
#6067 = DIRECTION('',(0.,0.,1.));
#6068 = PCURVE('',#4131,#6069);
#6069 = DEFINITIONAL_REPRESENTATION('',(#6070),#6074);
#6070 = LINE('',#6071,#6072);
#6071 = CARTESIAN_POINT('',(0.,-3.));
#6072 = VECTOR('',#6073,1.);
#6073 = DIRECTION('',(1.,0.));
#6074 = ( GEOMETRIC_REPRESENTATION_CONTEXT(2) 
PARAMETRIC_REPRESENTATION_CONTEXT() REPRESENTATION_CONTEXT('2D SPACE',''
  ) );
#6075 = PCURVE('',#4157,#6076);
#6076 = DEFINITIONAL_REPRESENTATION('',(#6077),#6081);
#6077 = LINE('',#6078,#6079);
#6078 = CARTESIAN_POINT('',(0.,0.));
#6079 = VECTOR('',#6080,1.);
#6080 = DIRECTION('',(1.,0.));
#6081 = ( GEOMETRIC_REPRESENTATION_CONTEXT(2) 
PARAMETRIC_REPRESENTATION_CONTEXT() REPRESENTATION_CONTEXT('2D SPACE',''
  ) );
#6082 = ORIENTED_EDGE('',*,*,#4116,.F.);
#6083 = ADVANCED_FACE('',(#6084),#4157,.T.);
#6084 = FACE_BOUND('',#6085,.T.);
#6085 = EDGE_LOOP('',(#6086,#6087,#6108,#6109));
#6086 = ORIENTED_EDGE('',*,*,#6013,.F.);
#6087 = ORIENTED_EDGE('',*,*,#6088,.F.);
#6088 = EDGE_CURVE('',#6040,#5991,#6089,.T.);
#6089 = SURFACE_CURVE('',#6090,(#6094,#6101),.PCURVE_S1.);
#6090 = LINE('',#6091,#6092);
#6091 = CARTESIAN_POINT('',(33.,11.5,-115.5));
#6092 = VECTOR('',#6093,1.);
#6093 = DIRECTION('',(1.,0.,-0.));
#6094 = PCURVE('',#4157,#6095);
#6095 = DEFINITIONAL_REPRESENTATION('',(#6096),#6100);
#6096 = LINE('',#6097,#6098);
#6097 = CARTESIAN_POINT('',(0.,0.));
#6098 = VECTOR('',#6099,1.);
#6099 = DIRECTION('',(0.,1.));
#6100 = ( GEOMETRIC_REPRESENTATION_CONTEXT(2) 
PARAMETRIC_REPRESENTATION_CONTEXT() REPRESENTATION_CONTEXT('2D SPACE',''
  ) );
#6101 = PCURVE('',#5952,#6102);
#6102 = DEFINITIONAL_REPRESENTATION('',(#6103),#6107);
#6103 = LINE('',#6104,#6105);
#6104 = CARTESIAN_POINT('',(0.,3.));
#6105 = VECTOR('',#6106,1.);
#6106 = DIRECTION('',(1.,0.));
#6107 = ( GEOMETRIC_REPRESENTATION_CONTEXT(2) 
PARAMETRIC_REPRESENTATION_CONTEXT() REPRESENTATION_CONTEXT('2D SPACE',''
  ) );
#6108 = ORIENTED_EDGE('',*,*,#6062,.T.);
#6109 = ORIENTED_EDGE('',*,*,#4142,.F.);
#6110 = ADVANCED_FACE('',(#6111),#4301,.F.);
#6111 = FACE_BOUND('',#6112,.F.);
#6112 = EDGE_LOOP('',(#6113,#6114,#6115,#6116));
#6113 = ORIENTED_EDGE('',*,*,#4462,.F.);
#6114 = ORIENTED_EDGE('',*,*,#4286,.F.);
#6115 = ORIENTED_EDGE('',*,*,#4881,.T.);
#6116 = ORIENTED_EDGE('',*,*,#6117,.F.);
#6117 = EDGE_CURVE('',#4337,#4882,#6118,.T.);
#6118 = SURFACE_CURVE('',#6119,(#6123,#6130),.PCURVE_S1.);
#6119 = LINE('',#6120,#6121);
#6120 = CARTESIAN_POINT('',(29.,29.5,-112.));
#6121 = VECTOR('',#6122,1.);
#6122 = DIRECTION('',(1.,0.,-0.));
#6123 = PCURVE('',#4301,#6124);
#6124 = DEFINITIONAL_REPRESENTATION('',(#6125),#6129);
#6125 = LINE('',#6126,#6127);
#6126 = CARTESIAN_POINT('',(0.,10.));
#6127 = VECTOR('',#6128,1.);
#6128 = DIRECTION('',(1.,0.));
#6129 = ( GEOMETRIC_REPRESENTATION_CONTEXT(2) 
PARAMETRIC_REPRESENTATION_CONTEXT() REPRESENTATION_CONTEXT('2D SPACE',''
  ) );
#6130 = PCURVE('',#4354,#6131);
#6131 = DEFINITIONAL_REPRESENTATION('',(#6132),#6136);
#6132 = LINE('',#6133,#6134);
#6133 = CARTESIAN_POINT('',(0.,0.));
#6134 = VECTOR('',#6135,1.);
#6135 = DIRECTION('',(0.,1.));
#6136 = ( GEOMETRIC_REPRESENTATION_CONTEXT(2) 
PARAMETRIC_REPRESENTATION_CONTEXT() REPRESENTATION_CONTEXT('2D SPACE',''
  ) );
#6137 = ADVANCED_FACE('',(#6138),#4354,.T.);
#6138 = FACE_BOUND('',#6139,.T.);
#6139 = EDGE_LOOP('',(#6140,#6141,#6142,#6143));
#6140 = ORIENTED_EDGE('',*,*,#4904,.F.);
#6141 = ORIENTED_EDGE('',*,*,#6117,.F.);
#6142 = ORIENTED_EDGE('',*,*,#4336,.T.);
#6143 = ORIENTED_EDGE('',*,*,#6144,.T.);
#6144 = EDGE_CURVE('',#4339,#4905,#6145,.T.);
#6145 = SURFACE_CURVE('',#6146,(#6150,#6156),.PCURVE_S1.);
#6146 = LINE('',#6147,#6148);
#6147 = CARTESIAN_POINT('',(17.5,29.5,-95.));
#6148 = VECTOR('',#6149,1.);
#6149 = DIRECTION('',(1.,0.,-0.));
#6150 = PCURVE('',#4354,#6151);
#6151 = DEFINITIONAL_REPRESENTATION('',(#6152),#6155);
#6152 = B_SPLINE_CURVE_WITH_KNOTS('',1,(#6153,#6154),.UNSPECIFIED.,.F.,
  .F.,(2,2),(11.5,17.5),.PIECEWISE_BEZIER_KNOTS.);
#6153 = CARTESIAN_POINT('',(17.,0.));
#6154 = CARTESIAN_POINT('',(17.,6.));
#6155 = ( GEOMETRIC_REPRESENTATION_CONTEXT(2) 
PARAMETRIC_REPRESENTATION_CONTEXT() REPRESENTATION_CONTEXT('2D SPACE',''
  ) );
#6156 = PCURVE('',#4381,#6157);
#6157 = DEFINITIONAL_REPRESENTATION('',(#6158),#6161);
#6158 = B_SPLINE_CURVE_WITH_KNOTS('',1,(#6159,#6160),.UNSPECIFIED.,.F.,
  .F.,(2,2),(11.5,17.5),.PIECEWISE_BEZIER_KNOTS.);
#6159 = CARTESIAN_POINT('',(23.,10.));
#6160 = CARTESIAN_POINT('',(29.,10.));
#6161 = ( GEOMETRIC_REPRESENTATION_CONTEXT(2) 
PARAMETRIC_REPRESENTATION_CONTEXT() REPRESENTATION_CONTEXT('2D SPACE',''
  ) );
#6162 = ADVANCED_FACE('',(#6163),#4430,.F.);
#6163 = FACE_BOUND('',#6164,.F.);
#6164 = EDGE_LOOP('',(#6165,#6166,#6167,#6168));
#6165 = ORIENTED_EDGE('',*,*,#4509,.T.);
#6166 = ORIENTED_EDGE('',*,*,#4554,.T.);
#6167 = ORIENTED_EDGE('',*,*,#4415,.T.);
#6168 = ORIENTED_EDGE('',*,*,#4653,.T.);
#6169 = ADVANCED_FACE('',(#6170),#4381,.F.);
#6170 = FACE_BOUND('',#6171,.F.);
#6171 = EDGE_LOOP('',(#6172,#6195,#6216,#6217,#6218,#6219));
#6172 = ORIENTED_EDGE('',*,*,#6173,.F.);
#6173 = EDGE_CURVE('',#6174,#4928,#6176,.T.);
#6174 = VERTEX_POINT('',#6175);
#6175 = CARTESIAN_POINT('',(6.,36.3,-95.));
#6176 = SURFACE_CURVE('',#6177,(#6181,#6188),.PCURVE_S1.);
#6177 = LINE('',#6178,#6179);
#6178 = CARTESIAN_POINT('',(6.,36.3,-95.));
#6179 = VECTOR('',#6180,1.);
#6180 = DIRECTION('',(1.,0.,-0.));
#6181 = PCURVE('',#4381,#6182);
#6182 = DEFINITIONAL_REPRESENTATION('',(#6183),#6187);
#6183 = LINE('',#6184,#6185);
#6184 = CARTESIAN_POINT('',(0.,16.8));
#6185 = VECTOR('',#6186,1.);
#6186 = DIRECTION('',(1.,0.));
#6187 = ( GEOMETRIC_REPRESENTATION_CONTEXT(2) 
PARAMETRIC_REPRESENTATION_CONTEXT() REPRESENTATION_CONTEXT('2D SPACE',''
  ) );
#6188 = PCURVE('',#4966,#6189);
#6189 = DEFINITIONAL_REPRESENTATION('',(#6190),#6194);
#6190 = LINE('',#6191,#6192);
#6191 = CARTESIAN_POINT('',(0.,0.));
#6192 = VECTOR('',#6193,1.);
#6193 = DIRECTION('',(0.,1.));
#6194 = ( GEOMETRIC_REPRESENTATION_CONTEXT(2) 
PARAMETRIC_REPRESENTATION_CONTEXT() REPRESENTATION_CONTEXT('2D SPACE',''
  ) );
#6195 = ORIENTED_EDGE('',*,*,#6196,.F.);
#6196 = EDGE_CURVE('',#4674,#6174,#6197,.T.);
#6197 = SURFACE_CURVE('',#6198,(#6202,#6209),.PCURVE_S1.);
#6198 = LINE('',#6199,#6200);
#6199 = CARTESIAN_POINT('',(6.,19.5,-95.));
#6200 = VECTOR('',#6201,1.);
#6201 = DIRECTION('',(-0.,1.,0.));
#6202 = PCURVE('',#4381,#6203);
#6203 = DEFINITIONAL_REPRESENTATION('',(#6204),#6208);
#6204 = LINE('',#6205,#6206);
#6205 = CARTESIAN_POINT('',(0.,0.));
#6206 = VECTOR('',#6207,1.);
#6207 = DIRECTION('',(0.,1.));
#6208 = ( GEOMETRIC_REPRESENTATION_CONTEXT(2) 
PARAMETRIC_REPRESENTATION_CONTEXT() REPRESENTATION_CONTEXT('2D SPACE',''
  ) );
#6209 = PCURVE('',#4712,#6210);
#6210 = DEFINITIONAL_REPRESENTATION('',(#6211),#6215);
#6211 = LINE('',#6212,#6213);
#6212 = CARTESIAN_POINT('',(0.,0.));
#6213 = VECTOR('',#6214,1.);
#6214 = DIRECTION('',(0.,-1.));
#6215 = ( GEOMETRIC_REPRESENTATION_CONTEXT(2) 
PARAMETRIC_REPRESENTATION_CONTEXT() REPRESENTATION_CONTEXT('2D SPACE',''
  ) );
#6216 = ORIENTED_EDGE('',*,*,#4673,.T.);
#6217 = ORIENTED_EDGE('',*,*,#4366,.F.);
#6218 = ORIENTED_EDGE('',*,*,#6144,.T.);
#6219 = ORIENTED_EDGE('',*,*,#4927,.T.);
#6220 = ADVANCED_FACE('',(#6221),#4794,.T.);
#6221 = FACE_BOUND('',#6222,.T.);
#6222 = EDGE_LOOP('',(#6223,#6246,#6247,#6248));
#6223 = ORIENTED_EDGE('',*,*,#6224,.F.);
#6224 = EDGE_CURVE('',#4753,#6225,#6227,.T.);
#6225 = VERTEX_POINT('',#6226);
#6226 = CARTESIAN_POINT('',(29.,29.5,-88.));
#6227 = SURFACE_CURVE('',#6228,(#6232,#6239),.PCURVE_S1.);
#6228 = LINE('',#6229,#6230);
#6229 = CARTESIAN_POINT('',(29.,19.5,-88.));
#6230 = VECTOR('',#6231,1.);
#6231 = DIRECTION('',(-0.,1.,0.));
#6232 = PCURVE('',#4794,#6233);
#6233 = DEFINITIONAL_REPRESENTATION('',(#6234),#6238);
#6234 = LINE('',#6235,#6236);
#6235 = CARTESIAN_POINT('',(0.,0.));
#6236 = VECTOR('',#6237,1.);
#6237 = DIRECTION('',(0.,1.));
#6238 = ( GEOMETRIC_REPRESENTATION_CONTEXT(2) 
PARAMETRIC_REPRESENTATION_CONTEXT() REPRESENTATION_CONTEXT('2D SPACE',''
  ) );
#6239 = PCURVE('',#4768,#6240);
#6240 = DEFINITIONAL_REPRESENTATION('',(#6241),#6245);
#6241 = LINE('',#6242,#6243);
#6242 = CARTESIAN_POINT('',(24.,0.));
#6243 = VECTOR('',#6244,1.);
#6244 = DIRECTION('',(0.,-1.));
#6245 = ( GEOMETRIC_REPRESENTATION_CONTEXT(2) 
PARAMETRIC_REPRESENTATION_CONTEXT() REPRESENTATION_CONTEXT('2D SPACE',''
  ) );
#6246 = ORIENTED_EDGE('',*,*,#4780,.T.);
#6247 = ORIENTED_EDGE('',*,*,#5029,.T.);
#6248 = ORIENTED_EDGE('',*,*,#6249,.F.);
#6249 = EDGE_CURVE('',#6225,#5002,#6250,.T.);
#6250 = SURFACE_CURVE('',#6251,(#6255,#6262),.PCURVE_S1.);
#6251 = LINE('',#6252,#6253);
#6252 = CARTESIAN_POINT('',(29.,29.5,-88.));
#6253 = VECTOR('',#6254,1.);
#6254 = DIRECTION('',(1.,0.,-0.));
#6255 = PCURVE('',#4794,#6256);
#6256 = DEFINITIONAL_REPRESENTATION('',(#6257),#6261);
#6257 = LINE('',#6258,#6259);
#6258 = CARTESIAN_POINT('',(0.,10.));
#6259 = VECTOR('',#6260,1.);
#6260 = DIRECTION('',(1.,0.));
#6261 = ( GEOMETRIC_REPRESENTATION_CONTEXT(2) 
PARAMETRIC_REPRESENTATION_CONTEXT() REPRESENTATION_CONTEXT('2D SPACE',''
  ) );
#6262 = PCURVE('',#5017,#6263);
#6263 = DEFINITIONAL_REPRESENTATION('',(#6264),#6268);
#6264 = LINE('',#6265,#6266);
#6265 = CARTESIAN_POINT('',(24.,0.));
#6266 = VECTOR('',#6267,1.);
#6267 = DIRECTION('',(0.,1.));
#6268 = ( GEOMETRIC_REPRESENTATION_CONTEXT(2) 
PARAMETRIC_REPRESENTATION_CONTEXT() REPRESENTATION_CONTEXT('2D SPACE',''
  ) );
#6269 = ADVANCED_FACE('',(#6270),#4768,.F.);
#6270 = FACE_BOUND('',#6271,.F.);
#6271 = EDGE_LOOP('',(#6272,#6273,#6294,#6315));
#6272 = ORIENTED_EDGE('',*,*,#4752,.F.);
#6273 = ORIENTED_EDGE('',*,*,#6274,.F.);
#6274 = EDGE_CURVE('',#6275,#4725,#6277,.T.);
#6275 = VERTEX_POINT('',#6276);
#6276 = CARTESIAN_POINT('',(29.,29.5,-89.));
#6277 = SURFACE_CURVE('',#6278,(#6282,#6288),.PCURVE_S1.);
#6278 = LINE('',#6279,#6280);
#6279 = CARTESIAN_POINT('',(29.,19.5,-89.));
#6280 = VECTOR('',#6281,1.);
#6281 = DIRECTION('',(0.,-1.,0.));
#6282 = PCURVE('',#4768,#6283);
#6283 = DEFINITIONAL_REPRESENTATION('',(#6284),#6287);
#6284 = B_SPLINE_CURVE_WITH_KNOTS('',1,(#6285,#6286),.UNSPECIFIED.,.F.,
  .F.,(2,2),(-10.,0.),.PIECEWISE_BEZIER_KNOTS.);
#6285 = CARTESIAN_POINT('',(23.,-10.));
#6286 = CARTESIAN_POINT('',(23.,0.));
#6287 = ( GEOMETRIC_REPRESENTATION_CONTEXT(2) 
PARAMETRIC_REPRESENTATION_CONTEXT() REPRESENTATION_CONTEXT('2D SPACE',''
  ) );
#6288 = PCURVE('',#4740,#6289);
#6289 = DEFINITIONAL_REPRESENTATION('',(#6290),#6293);
#6290 = B_SPLINE_CURVE_WITH_KNOTS('',1,(#6291,#6292),.UNSPECIFIED.,.F.,
  .F.,(2,2),(-10.,0.),.PIECEWISE_BEZIER_KNOTS.);
#6291 = CARTESIAN_POINT('',(23.,10.));
#6292 = CARTESIAN_POINT('',(23.,0.));
#6293 = ( GEOMETRIC_REPRESENTATION_CONTEXT(2) 
PARAMETRIC_REPRESENTATION_CONTEXT() REPRESENTATION_CONTEXT('2D SPACE',''
  ) );
#6294 = ORIENTED_EDGE('',*,*,#6295,.T.);
#6295 = EDGE_CURVE('',#6275,#6225,#6296,.T.);
#6296 = SURFACE_CURVE('',#6297,(#6301,#6308),.PCURVE_S1.);
#6297 = LINE('',#6298,#6299);
#6298 = CARTESIAN_POINT('',(29.,29.5,-112.));
#6299 = VECTOR('',#6300,1.);
#6300 = DIRECTION('',(0.,0.,1.));
#6301 = PCURVE('',#4768,#6302);
#6302 = DEFINITIONAL_REPRESENTATION('',(#6303),#6307);
#6303 = LINE('',#6304,#6305);
#6304 = CARTESIAN_POINT('',(0.,-10.));
#6305 = VECTOR('',#6306,1.);
#6306 = DIRECTION('',(1.,0.));
#6307 = ( GEOMETRIC_REPRESENTATION_CONTEXT(2) 
PARAMETRIC_REPRESENTATION_CONTEXT() REPRESENTATION_CONTEXT('2D SPACE',''
  ) );
#6308 = PCURVE('',#5017,#6309);
#6309 = DEFINITIONAL_REPRESENTATION('',(#6310),#6314);
#6310 = LINE('',#6311,#6312);
#6311 = CARTESIAN_POINT('',(0.,0.));
#6312 = VECTOR('',#6313,1.);
#6313 = DIRECTION('',(1.,0.));
#6314 = ( GEOMETRIC_REPRESENTATION_CONTEXT(2) 
PARAMETRIC_REPRESENTATION_CONTEXT() REPRESENTATION_CONTEXT('2D SPACE',''
  ) );
#6315 = ORIENTED_EDGE('',*,*,#6224,.F.);
#6316 = ADVANCED_FACE('',(#6317),#4740,.T.);
#6317 = FACE_BOUND('',#6318,.T.);
#6318 = EDGE_LOOP('',(#6319,#6342,#6343,#6344,#6363,#6364,#6387,#6413));
#6319 = ORIENTED_EDGE('',*,*,#6320,.F.);
#6320 = EDGE_CURVE('',#4697,#6321,#6323,.T.);
#6321 = VERTEX_POINT('',#6322);
#6322 = CARTESIAN_POINT('',(6.,29.5,-89.));
#6323 = SURFACE_CURVE('',#6324,(#6328,#6335),.PCURVE_S1.);
#6324 = LINE('',#6325,#6326);
#6325 = CARTESIAN_POINT('',(6.,19.5,-89.));
#6326 = VECTOR('',#6327,1.);
#6327 = DIRECTION('',(-0.,1.,0.));
#6328 = PCURVE('',#4740,#6329);
#6329 = DEFINITIONAL_REPRESENTATION('',(#6330),#6334);
#6330 = LINE('',#6331,#6332);
#6331 = CARTESIAN_POINT('',(0.,0.));
#6332 = VECTOR('',#6333,1.);
#6333 = DIRECTION('',(0.,1.));
#6334 = ( GEOMETRIC_REPRESENTATION_CONTEXT(2) 
PARAMETRIC_REPRESENTATION_CONTEXT() REPRESENTATION_CONTEXT('2D SPACE',''
  ) );
#6335 = PCURVE('',#4712,#6336);
#6336 = DEFINITIONAL_REPRESENTATION('',(#6337),#6341);
#6337 = LINE('',#6338,#6339);
#6338 = CARTESIAN_POINT('',(6.,0.));
#6339 = VECTOR('',#6340,1.);
#6340 = DIRECTION('',(0.,-1.));
#6341 = ( GEOMETRIC_REPRESENTATION_CONTEXT(2) 
PARAMETRIC_REPRESENTATION_CONTEXT() REPRESENTATION_CONTEXT('2D SPACE',''
  ) );
#6342 = ORIENTED_EDGE('',*,*,#4724,.T.);
#6343 = ORIENTED_EDGE('',*,*,#6274,.F.);
#6344 = ORIENTED_EDGE('',*,*,#6345,.T.);
#6345 = EDGE_CURVE('',#6275,#4979,#6346,.T.);
#6346 = SURFACE_CURVE('',#6347,(#6351,#6357),.PCURVE_S1.);
#6347 = LINE('',#6348,#6349);
#6348 = CARTESIAN_POINT('',(17.5,29.5,-89.));
#6349 = VECTOR('',#6350,1.);
#6350 = DIRECTION('',(1.,0.,-0.));
#6351 = PCURVE('',#4740,#6352);
#6352 = DEFINITIONAL_REPRESENTATION('',(#6353),#6356);
#6353 = B_SPLINE_CURVE_WITH_KNOTS('',1,(#6354,#6355),.UNSPECIFIED.,.F.,
  .F.,(2,2),(11.5,17.5),.PIECEWISE_BEZIER_KNOTS.);
#6354 = CARTESIAN_POINT('',(23.,10.));
#6355 = CARTESIAN_POINT('',(29.,10.));
#6356 = ( GEOMETRIC_REPRESENTATION_CONTEXT(2) 
PARAMETRIC_REPRESENTATION_CONTEXT() REPRESENTATION_CONTEXT('2D SPACE',''
  ) );
#6357 = PCURVE('',#5017,#6358);
#6358 = DEFINITIONAL_REPRESENTATION('',(#6359),#6362);
#6359 = B_SPLINE_CURVE_WITH_KNOTS('',1,(#6360,#6361),.UNSPECIFIED.,.F.,
  .F.,(2,2),(11.5,17.5),.PIECEWISE_BEZIER_KNOTS.);
#6360 = CARTESIAN_POINT('',(23.,0.));
#6361 = CARTESIAN_POINT('',(23.,6.));
#6362 = ( GEOMETRIC_REPRESENTATION_CONTEXT(2) 
PARAMETRIC_REPRESENTATION_CONTEXT() REPRESENTATION_CONTEXT('2D SPACE',''
  ) );
#6363 = ORIENTED_EDGE('',*,*,#4978,.T.);
#6364 = ORIENTED_EDGE('',*,*,#6365,.F.);
#6365 = EDGE_CURVE('',#6366,#4951,#6368,.T.);
#6366 = VERTEX_POINT('',#6367);
#6367 = CARTESIAN_POINT('',(20.,36.3,-89.));
#6368 = SURFACE_CURVE('',#6369,(#6373,#6380),.PCURVE_S1.);
#6369 = LINE('',#6370,#6371);
#6370 = CARTESIAN_POINT('',(6.,36.3,-89.));
#6371 = VECTOR('',#6372,1.);
#6372 = DIRECTION('',(1.,0.,-0.));
#6373 = PCURVE('',#4740,#6374);
#6374 = DEFINITIONAL_REPRESENTATION('',(#6375),#6379);
#6375 = LINE('',#6376,#6377);
#6376 = CARTESIAN_POINT('',(0.,16.8));
#6377 = VECTOR('',#6378,1.);
#6378 = DIRECTION('',(1.,0.));
#6379 = ( GEOMETRIC_REPRESENTATION_CONTEXT(2) 
PARAMETRIC_REPRESENTATION_CONTEXT() REPRESENTATION_CONTEXT('2D SPACE',''
  ) );
#6380 = PCURVE('',#4966,#6381);
#6381 = DEFINITIONAL_REPRESENTATION('',(#6382),#6386);
#6382 = LINE('',#6383,#6384);
#6383 = CARTESIAN_POINT('',(6.,0.));
#6384 = VECTOR('',#6385,1.);
#6385 = DIRECTION('',(0.,1.));
#6386 = ( GEOMETRIC_REPRESENTATION_CONTEXT(2) 
PARAMETRIC_REPRESENTATION_CONTEXT() REPRESENTATION_CONTEXT('2D SPACE',''
  ) );
#6387 = ORIENTED_EDGE('',*,*,#6388,.T.);
#6388 = EDGE_CURVE('',#6366,#6389,#6391,.T.);
#6389 = VERTEX_POINT('',#6390);
#6390 = CARTESIAN_POINT('',(20.,29.5,-89.));
#6391 = SURFACE_CURVE('',#6392,(#6396,#6402),.PCURVE_S1.);
#6392 = LINE('',#6393,#6394);
#6393 = CARTESIAN_POINT('',(20.,24.5,-89.));
#6394 = VECTOR('',#6395,1.);
#6395 = DIRECTION('',(0.,-1.,0.));
#6396 = PCURVE('',#4740,#6397);
#6397 = DEFINITIONAL_REPRESENTATION('',(#6398),#6401);
#6398 = B_SPLINE_CURVE_WITH_KNOTS('',1,(#6399,#6400),.UNSPECIFIED.,.F.,
  .F.,(2,2),(-11.8,-5.),.PIECEWISE_BEZIER_KNOTS.);
#6399 = CARTESIAN_POINT('',(14.,16.8));
#6400 = CARTESIAN_POINT('',(14.,10.));
#6401 = ( GEOMETRIC_REPRESENTATION_CONTEXT(2) 
PARAMETRIC_REPRESENTATION_CONTEXT() REPRESENTATION_CONTEXT('2D SPACE',''
  ) );
#6402 = PCURVE('',#6403,#6408);
#6403 = PLANE('',#6404);
#6404 = AXIS2_PLACEMENT_3D('',#6405,#6406,#6407);
#6405 = CARTESIAN_POINT('',(20.,29.5,-90.));
#6406 = DIRECTION('',(1.,0.,-0.));
#6407 = DIRECTION('',(0.,0.,1.));
#6408 = DEFINITIONAL_REPRESENTATION('',(#6409),#6412);
#6409 = B_SPLINE_CURVE_WITH_KNOTS('',1,(#6410,#6411),.UNSPECIFIED.,.F.,
  .F.,(2,2),(-11.8,-5.),.PIECEWISE_BEZIER_KNOTS.);
#6410 = CARTESIAN_POINT('',(1.,-6.8));
#6411 = CARTESIAN_POINT('',(1.,0.));
#6412 = ( GEOMETRIC_REPRESENTATION_CONTEXT(2) 
PARAMETRIC_REPRESENTATION_CONTEXT() REPRESENTATION_CONTEXT('2D SPACE',''
  ) );
#6413 = ORIENTED_EDGE('',*,*,#6414,.F.);
#6414 = EDGE_CURVE('',#6321,#6389,#6415,.T.);
#6415 = SURFACE_CURVE('',#6416,(#6420,#6426),.PCURVE_S1.);
#6416 = LINE('',#6417,#6418);
#6417 = CARTESIAN_POINT('',(6.,29.5,-89.));
#6418 = VECTOR('',#6419,1.);
#6419 = DIRECTION('',(1.,0.,-0.));
#6420 = PCURVE('',#4740,#6421);
#6421 = DEFINITIONAL_REPRESENTATION('',(#6422),#6425);
#6422 = B_SPLINE_CURVE_WITH_KNOTS('',1,(#6423,#6424),.UNSPECIFIED.,.F.,
  .F.,(2,2),(0.,14.),.PIECEWISE_BEZIER_KNOTS.);
#6423 = CARTESIAN_POINT('',(0.,10.));
#6424 = CARTESIAN_POINT('',(14.,10.));
#6425 = ( GEOMETRIC_REPRESENTATION_CONTEXT(2) 
PARAMETRIC_REPRESENTATION_CONTEXT() REPRESENTATION_CONTEXT('2D SPACE',''
  ) );
#6426 = PCURVE('',#6427,#6432);
#6427 = PLANE('',#6428);
#6428 = AXIS2_PLACEMENT_3D('',#6429,#6430,#6431);
#6429 = CARTESIAN_POINT('',(6.,29.5,-90.));
#6430 = DIRECTION('',(-0.,1.,0.));
#6431 = DIRECTION('',(0.,0.,1.));
#6432 = DEFINITIONAL_REPRESENTATION('',(#6433),#6437);
#6433 = LINE('',#6434,#6435);
#6434 = CARTESIAN_POINT('',(1.,0.));
#6435 = VECTOR('',#6436,1.);
#6436 = DIRECTION('',(0.,1.));
#6437 = ( GEOMETRIC_REPRESENTATION_CONTEXT(2) 
PARAMETRIC_REPRESENTATION_CONTEXT() REPRESENTATION_CONTEXT('2D SPACE',''
  ) );
#6438 = ADVANCED_FACE('',(#6439),#4712,.F.);
#6439 = FACE_BOUND('',#6440,.F.);
#6440 = EDGE_LOOP('',(#6441,#6442,#6443,#6444,#6467,#6495,#6523,#6551));
#6441 = ORIENTED_EDGE('',*,*,#6320,.F.);
#6442 = ORIENTED_EDGE('',*,*,#4696,.F.);
#6443 = ORIENTED_EDGE('',*,*,#6196,.T.);
#6444 = ORIENTED_EDGE('',*,*,#6445,.T.);
#6445 = EDGE_CURVE('',#6174,#6446,#6448,.T.);
#6446 = VERTEX_POINT('',#6447);
#6447 = CARTESIAN_POINT('',(6.,36.3,-90.));
#6448 = SURFACE_CURVE('',#6449,(#6453,#6460),.PCURVE_S1.);
#6449 = LINE('',#6450,#6451);
#6450 = CARTESIAN_POINT('',(6.,36.3,-95.));
#6451 = VECTOR('',#6452,1.);
#6452 = DIRECTION('',(0.,0.,1.));
#6453 = PCURVE('',#4712,#6454);
#6454 = DEFINITIONAL_REPRESENTATION('',(#6455),#6459);
#6455 = LINE('',#6456,#6457);
#6456 = CARTESIAN_POINT('',(0.,-16.8));
#6457 = VECTOR('',#6458,1.);
#6458 = DIRECTION('',(1.,0.));
#6459 = ( GEOMETRIC_REPRESENTATION_CONTEXT(2) 
PARAMETRIC_REPRESENTATION_CONTEXT() REPRESENTATION_CONTEXT('2D SPACE',''
  ) );
#6460 = PCURVE('',#4966,#6461);
#6461 = DEFINITIONAL_REPRESENTATION('',(#6462),#6466);
#6462 = LINE('',#6463,#6464);
#6463 = CARTESIAN_POINT('',(0.,0.));
#6464 = VECTOR('',#6465,1.);
#6465 = DIRECTION('',(1.,0.));
#6466 = ( GEOMETRIC_REPRESENTATION_CONTEXT(2) 
PARAMETRIC_REPRESENTATION_CONTEXT() REPRESENTATION_CONTEXT('2D SPACE',''
  ) );
#6467 = ORIENTED_EDGE('',*,*,#6468,.T.);
#6468 = EDGE_CURVE('',#6446,#6469,#6471,.T.);
#6469 = VERTEX_POINT('',#6470);
#6470 = CARTESIAN_POINT('',(6.,39.5,-90.));
#6471 = SURFACE_CURVE('',#6472,(#6476,#6483),.PCURVE_S1.);
#6472 = LINE('',#6473,#6474);
#6473 = CARTESIAN_POINT('',(6.,29.5,-90.));
#6474 = VECTOR('',#6475,1.);
#6475 = DIRECTION('',(-0.,1.,0.));
#6476 = PCURVE('',#4712,#6477);
#6477 = DEFINITIONAL_REPRESENTATION('',(#6478),#6482);
#6478 = LINE('',#6479,#6480);
#6479 = CARTESIAN_POINT('',(5.,-10.));
#6480 = VECTOR('',#6481,1.);
#6481 = DIRECTION('',(0.,-1.));
#6482 = ( GEOMETRIC_REPRESENTATION_CONTEXT(2) 
PARAMETRIC_REPRESENTATION_CONTEXT() REPRESENTATION_CONTEXT('2D SPACE',''
  ) );
#6483 = PCURVE('',#6484,#6489);
#6484 = PLANE('',#6485);
#6485 = AXIS2_PLACEMENT_3D('',#6486,#6487,#6488);
#6486 = CARTESIAN_POINT('',(6.,29.5,-90.));
#6487 = DIRECTION('',(0.,0.,1.));
#6488 = DIRECTION('',(1.,0.,-0.));
#6489 = DEFINITIONAL_REPRESENTATION('',(#6490),#6494);
#6490 = LINE('',#6491,#6492);
#6491 = CARTESIAN_POINT('',(0.,0.));
#6492 = VECTOR('',#6493,1.);
#6493 = DIRECTION('',(0.,1.));
#6494 = ( GEOMETRIC_REPRESENTATION_CONTEXT(2) 
PARAMETRIC_REPRESENTATION_CONTEXT() REPRESENTATION_CONTEXT('2D SPACE',''
  ) );
#6495 = ORIENTED_EDGE('',*,*,#6496,.F.);
#6496 = EDGE_CURVE('',#6497,#6469,#6499,.T.);
#6497 = VERTEX_POINT('',#6498);
#6498 = CARTESIAN_POINT('',(6.,39.5,8.7));
#6499 = SURFACE_CURVE('',#6500,(#6504,#6511),.PCURVE_S1.);
#6500 = LINE('',#6501,#6502);
#6501 = CARTESIAN_POINT('',(6.,39.5,8.7));
#6502 = VECTOR('',#6503,1.);
#6503 = DIRECTION('',(0.,0.,-1.));
#6504 = PCURVE('',#4712,#6505);
#6505 = DEFINITIONAL_REPRESENTATION('',(#6506),#6510);
#6506 = LINE('',#6507,#6508);
#6507 = CARTESIAN_POINT('',(103.7,-20.));
#6508 = VECTOR('',#6509,1.);
#6509 = DIRECTION('',(-1.,0.));
#6510 = ( GEOMETRIC_REPRESENTATION_CONTEXT(2) 
PARAMETRIC_REPRESENTATION_CONTEXT() REPRESENTATION_CONTEXT('2D SPACE',''
  ) );
#6511 = PCURVE('',#6512,#6517);
#6512 = PLANE('',#6513);
#6513 = AXIS2_PLACEMENT_3D('',#6514,#6515,#6516);
#6514 = CARTESIAN_POINT('',(6.,39.5,-90.));
#6515 = DIRECTION('',(-0.,1.,0.));
#6516 = DIRECTION('',(0.,0.,1.));
#6517 = DEFINITIONAL_REPRESENTATION('',(#6518),#6522);
#6518 = LINE('',#6519,#6520);
#6519 = CARTESIAN_POINT('',(98.7,0.));
#6520 = VECTOR('',#6521,1.);
#6521 = DIRECTION('',(-1.,0.));
#6522 = ( GEOMETRIC_REPRESENTATION_CONTEXT(2) 
PARAMETRIC_REPRESENTATION_CONTEXT() REPRESENTATION_CONTEXT('2D SPACE',''
  ) );
#6523 = ORIENTED_EDGE('',*,*,#6524,.F.);
#6524 = EDGE_CURVE('',#6525,#6497,#6527,.T.);
#6525 = VERTEX_POINT('',#6526);
#6526 = CARTESIAN_POINT('',(6.,29.5,8.7));
#6527 = SURFACE_CURVE('',#6528,(#6532,#6539),.PCURVE_S1.);
#6528 = LINE('',#6529,#6530);
#6529 = CARTESIAN_POINT('',(6.,29.5,8.7));
#6530 = VECTOR('',#6531,1.);
#6531 = DIRECTION('',(-0.,1.,0.));
#6532 = PCURVE('',#4712,#6533);
#6533 = DEFINITIONAL_REPRESENTATION('',(#6534),#6538);
#6534 = LINE('',#6535,#6536);
#6535 = CARTESIAN_POINT('',(103.7,-10.));
#6536 = VECTOR('',#6537,1.);
#6537 = DIRECTION('',(0.,-1.));
#6538 = ( GEOMETRIC_REPRESENTATION_CONTEXT(2) 
PARAMETRIC_REPRESENTATION_CONTEXT() REPRESENTATION_CONTEXT('2D SPACE',''
  ) );
#6539 = PCURVE('',#6540,#6545);
#6540 = PLANE('',#6541);
#6541 = AXIS2_PLACEMENT_3D('',#6542,#6543,#6544);
#6542 = CARTESIAN_POINT('',(6.,29.5,8.7));
#6543 = DIRECTION('',(0.,0.,1.));
#6544 = DIRECTION('',(1.,0.,-0.));
#6545 = DEFINITIONAL_REPRESENTATION('',(#6546),#6550);
#6546 = LINE('',#6547,#6548);
#6547 = CARTESIAN_POINT('',(0.,0.));
#6548 = VECTOR('',#6549,1.);
#6549 = DIRECTION('',(0.,1.));
#6550 = ( GEOMETRIC_REPRESENTATION_CONTEXT(2) 
PARAMETRIC_REPRESENTATION_CONTEXT() REPRESENTATION_CONTEXT('2D SPACE',''
  ) );
#6551 = ORIENTED_EDGE('',*,*,#6552,.F.);
#6552 = EDGE_CURVE('',#6321,#6525,#6553,.T.);
#6553 = SURFACE_CURVE('',#6554,(#6558,#6565),.PCURVE_S1.);
#6554 = LINE('',#6555,#6556);
#6555 = CARTESIAN_POINT('',(6.,29.5,-89.));
#6556 = VECTOR('',#6557,1.);
#6557 = DIRECTION('',(0.,0.,1.));
#6558 = PCURVE('',#4712,#6559);
#6559 = DEFINITIONAL_REPRESENTATION('',(#6560),#6564);
#6560 = LINE('',#6561,#6562);
#6561 = CARTESIAN_POINT('',(6.,-10.));
#6562 = VECTOR('',#6563,1.);
#6563 = DIRECTION('',(1.,0.));
#6564 = ( GEOMETRIC_REPRESENTATION_CONTEXT(2) 
PARAMETRIC_REPRESENTATION_CONTEXT() REPRESENTATION_CONTEXT('2D SPACE',''
  ) );
#6565 = PCURVE('',#6427,#6566);
#6566 = DEFINITIONAL_REPRESENTATION('',(#6567),#6571);
#6567 = LINE('',#6568,#6569);
#6568 = CARTESIAN_POINT('',(1.,0.));
#6569 = VECTOR('',#6570,1.);
#6570 = DIRECTION('',(1.,0.));
#6571 = ( GEOMETRIC_REPRESENTATION_CONTEXT(2) 
PARAMETRIC_REPRESENTATION_CONTEXT() REPRESENTATION_CONTEXT('2D SPACE',''
  ) );
#6572 = ADVANCED_FACE('',(#6573),#4621,.F.);
#6573 = FACE_BOUND('',#6574,.F.);
#6574 = EDGE_LOOP('',(#6575,#6576,#6577));
#6575 = ORIENTED_EDGE('',*,*,#5051,.F.);
#6576 = ORIENTED_EDGE('',*,*,#4809,.T.);
#6577 = ORIENTED_EDGE('',*,*,#4606,.T.);
#6578 = ADVANCED_FACE('',(#6579),#5017,.T.);
#6579 = FACE_BOUND('',#6580,.T.);
#6580 = EDGE_LOOP('',(#6581,#6582,#6583,#6584));
#6581 = ORIENTED_EDGE('',*,*,#5001,.F.);
#6582 = ORIENTED_EDGE('',*,*,#6345,.F.);
#6583 = ORIENTED_EDGE('',*,*,#6295,.T.);
#6584 = ORIENTED_EDGE('',*,*,#6249,.T.);
#6585 = ADVANCED_FACE('',(#6586),#4966,.T.);
#6586 = FACE_BOUND('',#6587,.T.);
#6587 = EDGE_LOOP('',(#6588,#6589,#6590,#6591,#6612,#6631));
#6588 = ORIENTED_EDGE('',*,*,#4950,.F.);
#6589 = ORIENTED_EDGE('',*,*,#6173,.F.);
#6590 = ORIENTED_EDGE('',*,*,#6445,.T.);
#6591 = ORIENTED_EDGE('',*,*,#6592,.F.);
#6592 = EDGE_CURVE('',#6593,#6446,#6595,.T.);
#6593 = VERTEX_POINT('',#6594);
#6594 = CARTESIAN_POINT('',(20.,36.3,-90.));
#6595 = SURFACE_CURVE('',#6596,(#6600,#6606),.PCURVE_S1.);
#6596 = LINE('',#6597,#6598);
#6597 = CARTESIAN_POINT('',(6.,36.3,-90.));
#6598 = VECTOR('',#6599,1.);
#6599 = DIRECTION('',(-1.,-0.,0.));
#6600 = PCURVE('',#4966,#6601);
#6601 = DEFINITIONAL_REPRESENTATION('',(#6602),#6605);
#6602 = B_SPLINE_CURVE_WITH_KNOTS('',1,(#6603,#6604),.UNSPECIFIED.,.F.,
  .F.,(2,2),(-14.,0.),.PIECEWISE_BEZIER_KNOTS.);
#6603 = CARTESIAN_POINT('',(5.,14.));
#6604 = CARTESIAN_POINT('',(5.,0.));
#6605 = ( GEOMETRIC_REPRESENTATION_CONTEXT(2) 
PARAMETRIC_REPRESENTATION_CONTEXT() REPRESENTATION_CONTEXT('2D SPACE',''
  ) );
#6606 = PCURVE('',#6484,#6607);
#6607 = DEFINITIONAL_REPRESENTATION('',(#6608),#6611);
#6608 = B_SPLINE_CURVE_WITH_KNOTS('',1,(#6609,#6610),.UNSPECIFIED.,.F.,
  .F.,(2,2),(-14.,0.),.PIECEWISE_BEZIER_KNOTS.);
#6609 = CARTESIAN_POINT('',(14.,6.8));
#6610 = CARTESIAN_POINT('',(0.,6.8));
#6611 = ( GEOMETRIC_REPRESENTATION_CONTEXT(2) 
PARAMETRIC_REPRESENTATION_CONTEXT() REPRESENTATION_CONTEXT('2D SPACE',''
  ) );
#6612 = ORIENTED_EDGE('',*,*,#6613,.T.);
#6613 = EDGE_CURVE('',#6593,#6366,#6614,.T.);
#6614 = SURFACE_CURVE('',#6615,(#6619,#6625),.PCURVE_S1.);
#6615 = LINE('',#6616,#6617);
#6616 = CARTESIAN_POINT('',(20.,36.3,-92.5));
#6617 = VECTOR('',#6618,1.);
#6618 = DIRECTION('',(0.,0.,1.));
#6619 = PCURVE('',#4966,#6620);
#6620 = DEFINITIONAL_REPRESENTATION('',(#6621),#6624);
#6621 = B_SPLINE_CURVE_WITH_KNOTS('',1,(#6622,#6623),.UNSPECIFIED.,.F.,
  .F.,(2,2),(2.5,3.5),.PIECEWISE_BEZIER_KNOTS.);
#6622 = CARTESIAN_POINT('',(5.,14.));
#6623 = CARTESIAN_POINT('',(6.,14.));
#6624 = ( GEOMETRIC_REPRESENTATION_CONTEXT(2) 
PARAMETRIC_REPRESENTATION_CONTEXT() REPRESENTATION_CONTEXT('2D SPACE',''
  ) );
#6625 = PCURVE('',#6403,#6626);
#6626 = DEFINITIONAL_REPRESENTATION('',(#6627),#6630);
#6627 = B_SPLINE_CURVE_WITH_KNOTS('',1,(#6628,#6629),.UNSPECIFIED.,.F.,
  .F.,(2,2),(2.5,3.5),.PIECEWISE_BEZIER_KNOTS.);
#6628 = CARTESIAN_POINT('',(0.,-6.8));
#6629 = CARTESIAN_POINT('',(1.,-6.8));
#6630 = ( GEOMETRIC_REPRESENTATION_CONTEXT(2) 
PARAMETRIC_REPRESENTATION_CONTEXT() REPRESENTATION_CONTEXT('2D SPACE',''
  ) );
#6631 = ORIENTED_EDGE('',*,*,#6365,.T.);
#6632 = ADVANCED_FACE('',(#6633),#5294,.T.);
#6633 = FACE_BOUND('',#6634,.T.);
#6634 = EDGE_LOOP('',(#6635,#6636,#6637,#6638));
#6635 = ORIENTED_EDGE('',*,*,#5430,.F.);
#6636 = ORIENTED_EDGE('',*,*,#5380,.T.);
#6637 = ORIENTED_EDGE('',*,*,#5278,.T.);
#6638 = ORIENTED_EDGE('',*,*,#5331,.F.);
#6639 = ADVANCED_FACE('',(#6640),#5495,.T.);
#6640 = FACE_BOUND('',#6641,.T.);
#6641 = EDGE_LOOP('',(#6642,#6643,#6644,#6645));
#6642 = ORIENTED_EDGE('',*,*,#5631,.F.);
#6643 = ORIENTED_EDGE('',*,*,#5581,.T.);
#6644 = ORIENTED_EDGE('',*,*,#5479,.T.);
#6645 = ORIENTED_EDGE('',*,*,#5532,.F.);
#6646 = ADVANCED_FACE('',(#6647),#5696,.T.);
#6647 = FACE_BOUND('',#6648,.F.);
#6648 = EDGE_LOOP('',(#6649));
#6649 = ORIENTED_EDGE('',*,*,#5681,.F.);
#6650 = ADVANCED_FACE('',(#6651),#5751,.F.);
#6651 = FACE_BOUND('',#6652,.F.);
#6652 = EDGE_LOOP('',(#6653,#6654,#6655,#6656));
#6653 = ORIENTED_EDGE('',*,*,#5838,.F.);
#6654 = ORIENTED_EDGE('',*,*,#5735,.T.);
#6655 = ORIENTED_EDGE('',*,*,#5789,.T.);
#6656 = ORIENTED_EDGE('',*,*,#5887,.F.);
#6657 = ADVANCED_FACE('',(#6658),#5952,.F.);
#6658 = FACE_BOUND('',#6659,.F.);
#6659 = EDGE_LOOP('',(#6660,#6661,#6662,#6663));
#6660 = ORIENTED_EDGE('',*,*,#6039,.F.);
#6661 = ORIENTED_EDGE('',*,*,#5936,.T.);
#6662 = ORIENTED_EDGE('',*,*,#5990,.T.);
#6663 = ORIENTED_EDGE('',*,*,#6088,.F.);
#6664 = ADVANCED_FACE('',(#6665),#6427,.F.);
#6665 = FACE_BOUND('',#6666,.F.);
#6666 = EDGE_LOOP('',(#6667,#6690,#6691,#6692,#6715,#6743,#6771,#6799,
    #6827,#6854));
#6667 = ORIENTED_EDGE('',*,*,#6668,.F.);
#6668 = EDGE_CURVE('',#6389,#6669,#6671,.T.);
#6669 = VERTEX_POINT('',#6670);
#6670 = CARTESIAN_POINT('',(20.,29.5,-25.05));
#6671 = SURFACE_CURVE('',#6672,(#6676,#6683),.PCURVE_S1.);
#6672 = LINE('',#6673,#6674);
#6673 = CARTESIAN_POINT('',(20.,29.5,-90.));
#6674 = VECTOR('',#6675,1.);
#6675 = DIRECTION('',(0.,0.,1.));
#6676 = PCURVE('',#6427,#6677);
#6677 = DEFINITIONAL_REPRESENTATION('',(#6678),#6682);
#6678 = LINE('',#6679,#6680);
#6679 = CARTESIAN_POINT('',(0.,14.));
#6680 = VECTOR('',#6681,1.);
#6681 = DIRECTION('',(1.,0.));
#6682 = ( GEOMETRIC_REPRESENTATION_CONTEXT(2) 
PARAMETRIC_REPRESENTATION_CONTEXT() REPRESENTATION_CONTEXT('2D SPACE',''
  ) );
#6683 = PCURVE('',#6403,#6684);
#6684 = DEFINITIONAL_REPRESENTATION('',(#6685),#6689);
#6685 = LINE('',#6686,#6687);
#6686 = CARTESIAN_POINT('',(0.,0.));
#6687 = VECTOR('',#6688,1.);
#6688 = DIRECTION('',(1.,0.));
#6689 = ( GEOMETRIC_REPRESENTATION_CONTEXT(2) 
PARAMETRIC_REPRESENTATION_CONTEXT() REPRESENTATION_CONTEXT('2D SPACE',''
  ) );
#6690 = ORIENTED_EDGE('',*,*,#6414,.F.);
#6691 = ORIENTED_EDGE('',*,*,#6552,.T.);
#6692 = ORIENTED_EDGE('',*,*,#6693,.F.);
#6693 = EDGE_CURVE('',#6694,#6525,#6696,.T.);
#6694 = VERTEX_POINT('',#6695);
#6695 = CARTESIAN_POINT('',(32.,29.5,8.7));
#6696 = SURFACE_CURVE('',#6697,(#6701,#6708),.PCURVE_S1.);
#6697 = LINE('',#6698,#6699);
#6698 = CARTESIAN_POINT('',(32.,29.5,8.7));
#6699 = VECTOR('',#6700,1.);
#6700 = DIRECTION('',(-1.,0.,6.832141690001E-17));
#6701 = PCURVE('',#6427,#6702);
#6702 = DEFINITIONAL_REPRESENTATION('',(#6703),#6707);
#6703 = LINE('',#6704,#6705);
#6704 = CARTESIAN_POINT('',(98.7,26.));
#6705 = VECTOR('',#6706,1.);
#6706 = DIRECTION('',(6.832141690001E-17,-1.));
#6707 = ( GEOMETRIC_REPRESENTATION_CONTEXT(2) 
PARAMETRIC_REPRESENTATION_CONTEXT() REPRESENTATION_CONTEXT('2D SPACE',''
  ) );
#6708 = PCURVE('',#6540,#6709);
#6709 = DEFINITIONAL_REPRESENTATION('',(#6710),#6714);
#6710 = LINE('',#6711,#6712);
#6711 = CARTESIAN_POINT('',(26.,0.));
#6712 = VECTOR('',#6713,1.);
#6713 = DIRECTION('',(-1.,0.));
#6714 = ( GEOMETRIC_REPRESENTATION_CONTEXT(2) 
PARAMETRIC_REPRESENTATION_CONTEXT() REPRESENTATION_CONTEXT('2D SPACE',''
  ) );
#6715 = ORIENTED_EDGE('',*,*,#6716,.F.);
#6716 = EDGE_CURVE('',#6717,#6694,#6719,.T.);
#6717 = VERTEX_POINT('',#6718);
#6718 = CARTESIAN_POINT('',(32.,29.5,1.3));
#6719 = SURFACE_CURVE('',#6720,(#6724,#6731),.PCURVE_S1.);
#6720 = LINE('',#6721,#6722);
#6721 = CARTESIAN_POINT('',(32.,29.5,1.3));
#6722 = VECTOR('',#6723,1.);
#6723 = DIRECTION('',(0.,0.,1.));
#6724 = PCURVE('',#6427,#6725);
#6725 = DEFINITIONAL_REPRESENTATION('',(#6726),#6730);
#6726 = LINE('',#6727,#6728);
#6727 = CARTESIAN_POINT('',(91.3,26.));
#6728 = VECTOR('',#6729,1.);
#6729 = DIRECTION('',(1.,0.));
#6730 = ( GEOMETRIC_REPRESENTATION_CONTEXT(2) 
PARAMETRIC_REPRESENTATION_CONTEXT() REPRESENTATION_CONTEXT('2D SPACE',''
  ) );
#6731 = PCURVE('',#6732,#6737);
#6732 = PLANE('',#6733);
#6733 = AXIS2_PLACEMENT_3D('',#6734,#6735,#6736);
#6734 = CARTESIAN_POINT('',(32.,10.1,1.3));
#6735 = DIRECTION('',(1.,0.,-0.));
#6736 = DIRECTION('',(0.,0.,1.));
#6737 = DEFINITIONAL_REPRESENTATION('',(#6738),#6742);
#6738 = LINE('',#6739,#6740);
#6739 = CARTESIAN_POINT('',(0.,-19.4));
#6740 = VECTOR('',#6741,1.);
#6741 = DIRECTION('',(1.,0.));
#6742 = ( GEOMETRIC_REPRESENTATION_CONTEXT(2) 
PARAMETRIC_REPRESENTATION_CONTEXT() REPRESENTATION_CONTEXT('2D SPACE',''
  ) );
#6743 = ORIENTED_EDGE('',*,*,#6744,.F.);
#6744 = EDGE_CURVE('',#6745,#6717,#6747,.T.);
#6745 = VERTEX_POINT('',#6746);
#6746 = CARTESIAN_POINT('',(20.,29.5,1.3));
#6747 = SURFACE_CURVE('',#6748,(#6752,#6759),.PCURVE_S1.);
#6748 = LINE('',#6749,#6750);
#6749 = CARTESIAN_POINT('',(6.,29.5,1.3));
#6750 = VECTOR('',#6751,1.);
#6751 = DIRECTION('',(1.,0.,-0.));
#6752 = PCURVE('',#6427,#6753);
#6753 = DEFINITIONAL_REPRESENTATION('',(#6754),#6758);
#6754 = LINE('',#6755,#6756);
#6755 = CARTESIAN_POINT('',(91.3,0.));
#6756 = VECTOR('',#6757,1.);
#6757 = DIRECTION('',(0.,1.));
#6758 = ( GEOMETRIC_REPRESENTATION_CONTEXT(2) 
PARAMETRIC_REPRESENTATION_CONTEXT() REPRESENTATION_CONTEXT('2D SPACE',''
  ) );
#6759 = PCURVE('',#6760,#6765);
#6760 = PLANE('',#6761);
#6761 = AXIS2_PLACEMENT_3D('',#6762,#6763,#6764);
#6762 = CARTESIAN_POINT('',(6.,29.5,1.3));
#6763 = DIRECTION('',(0.,0.,1.));
#6764 = DIRECTION('',(1.,0.,-0.));
#6765 = DEFINITIONAL_REPRESENTATION('',(#6766),#6770);
#6766 = LINE('',#6767,#6768);
#6767 = CARTESIAN_POINT('',(0.,0.));
#6768 = VECTOR('',#6769,1.);
#6769 = DIRECTION('',(1.,0.));
#6770 = ( GEOMETRIC_REPRESENTATION_CONTEXT(2) 
PARAMETRIC_REPRESENTATION_CONTEXT() REPRESENTATION_CONTEXT('2D SPACE',''
  ) );
#6771 = ORIENTED_EDGE('',*,*,#6772,.F.);
#6772 = EDGE_CURVE('',#6773,#6745,#6775,.T.);
#6773 = VERTEX_POINT('',#6774);
#6774 = CARTESIAN_POINT('',(20.,29.5,-17.65));
#6775 = SURFACE_CURVE('',#6776,(#6780,#6787),.PCURVE_S1.);
#6776 = LINE('',#6777,#6778);
#6777 = CARTESIAN_POINT('',(20.,29.5,-90.));
#6778 = VECTOR('',#6779,1.);
#6779 = DIRECTION('',(0.,0.,1.));
#6780 = PCURVE('',#6427,#6781);
#6781 = DEFINITIONAL_REPRESENTATION('',(#6782),#6786);
#6782 = LINE('',#6783,#6784);
#6783 = CARTESIAN_POINT('',(0.,14.));
#6784 = VECTOR('',#6785,1.);
#6785 = DIRECTION('',(1.,0.));
#6786 = ( GEOMETRIC_REPRESENTATION_CONTEXT(2) 
PARAMETRIC_REPRESENTATION_CONTEXT() REPRESENTATION_CONTEXT('2D SPACE',''
  ) );
#6787 = PCURVE('',#6788,#6793);
#6788 = PLANE('',#6789);
#6789 = AXIS2_PLACEMENT_3D('',#6790,#6791,#6792);
#6790 = CARTESIAN_POINT('',(20.,29.5,-90.));
#6791 = DIRECTION('',(1.,0.,-0.));
#6792 = DIRECTION('',(0.,0.,1.));
#6793 = DEFINITIONAL_REPRESENTATION('',(#6794),#6798);
#6794 = LINE('',#6795,#6796);
#6795 = CARTESIAN_POINT('',(0.,0.));
#6796 = VECTOR('',#6797,1.);
#6797 = DIRECTION('',(1.,0.));
#6798 = ( GEOMETRIC_REPRESENTATION_CONTEXT(2) 
PARAMETRIC_REPRESENTATION_CONTEXT() REPRESENTATION_CONTEXT('2D SPACE',''
  ) );
#6799 = ORIENTED_EDGE('',*,*,#6800,.T.);
#6800 = EDGE_CURVE('',#6773,#6801,#6803,.T.);
#6801 = VERTEX_POINT('',#6802);
#6802 = CARTESIAN_POINT('',(32.,29.5,-17.65));
#6803 = SURFACE_CURVE('',#6804,(#6808,#6815),.PCURVE_S1.);
#6804 = LINE('',#6805,#6806);
#6805 = CARTESIAN_POINT('',(6.,29.5,-17.65));
#6806 = VECTOR('',#6807,1.);
#6807 = DIRECTION('',(1.,0.,-0.));
#6808 = PCURVE('',#6427,#6809);
#6809 = DEFINITIONAL_REPRESENTATION('',(#6810),#6814);
#6810 = LINE('',#6811,#6812);
#6811 = CARTESIAN_POINT('',(72.35,0.));
#6812 = VECTOR('',#6813,1.);
#6813 = DIRECTION('',(0.,1.));
#6814 = ( GEOMETRIC_REPRESENTATION_CONTEXT(2) 
PARAMETRIC_REPRESENTATION_CONTEXT() REPRESENTATION_CONTEXT('2D SPACE',''
  ) );
#6815 = PCURVE('',#6816,#6821);
#6816 = PLANE('',#6817);
#6817 = AXIS2_PLACEMENT_3D('',#6818,#6819,#6820);
#6818 = CARTESIAN_POINT('',(6.,29.5,-17.65));
#6819 = DIRECTION('',(0.,0.,1.));
#6820 = DIRECTION('',(1.,0.,-0.));
#6821 = DEFINITIONAL_REPRESENTATION('',(#6822),#6826);
#6822 = LINE('',#6823,#6824);
#6823 = CARTESIAN_POINT('',(0.,0.));
#6824 = VECTOR('',#6825,1.);
#6825 = DIRECTION('',(1.,0.));
#6826 = ( GEOMETRIC_REPRESENTATION_CONTEXT(2) 
PARAMETRIC_REPRESENTATION_CONTEXT() REPRESENTATION_CONTEXT('2D SPACE',''
  ) );
#6827 = ORIENTED_EDGE('',*,*,#6828,.F.);
#6828 = EDGE_CURVE('',#6829,#6801,#6831,.T.);
#6829 = VERTEX_POINT('',#6830);
#6830 = CARTESIAN_POINT('',(32.,29.5,-25.05));
#6831 = SURFACE_CURVE('',#6832,(#6836,#6843),.PCURVE_S1.);
#6832 = LINE('',#6833,#6834);
#6833 = CARTESIAN_POINT('',(32.,29.5,-25.05));
#6834 = VECTOR('',#6835,1.);
#6835 = DIRECTION('',(0.,0.,1.));
#6836 = PCURVE('',#6427,#6837);
#6837 = DEFINITIONAL_REPRESENTATION('',(#6838),#6842);
#6838 = LINE('',#6839,#6840);
#6839 = CARTESIAN_POINT('',(64.95,26.));
#6840 = VECTOR('',#6841,1.);
#6841 = DIRECTION('',(1.,0.));
#6842 = ( GEOMETRIC_REPRESENTATION_CONTEXT(2) 
PARAMETRIC_REPRESENTATION_CONTEXT() REPRESENTATION_CONTEXT('2D SPACE',''
  ) );
#6843 = PCURVE('',#6844,#6849);
#6844 = PLANE('',#6845);
#6845 = AXIS2_PLACEMENT_3D('',#6846,#6847,#6848);
#6846 = CARTESIAN_POINT('',(32.,10.1,-25.05));
#6847 = DIRECTION('',(1.,0.,-0.));
#6848 = DIRECTION('',(0.,0.,1.));
#6849 = DEFINITIONAL_REPRESENTATION('',(#6850),#6853);
#6850 = B_SPLINE_CURVE_WITH_KNOTS('',1,(#6851,#6852),.UNSPECIFIED.,.F.,
  .F.,(2,2),(0.,7.4),.PIECEWISE_BEZIER_KNOTS.);
#6851 = CARTESIAN_POINT('',(0.,-19.4));
#6852 = CARTESIAN_POINT('',(7.4,-19.4));
#6853 = ( GEOMETRIC_REPRESENTATION_CONTEXT(2) 
PARAMETRIC_REPRESENTATION_CONTEXT() REPRESENTATION_CONTEXT('2D SPACE',''
  ) );
#6854 = ORIENTED_EDGE('',*,*,#6855,.F.);
#6855 = EDGE_CURVE('',#6669,#6829,#6856,.T.);
#6856 = SURFACE_CURVE('',#6857,(#6861,#6868),.PCURVE_S1.);
#6857 = LINE('',#6858,#6859);
#6858 = CARTESIAN_POINT('',(6.,29.5,-25.05));
#6859 = VECTOR('',#6860,1.);
#6860 = DIRECTION('',(1.,0.,-0.));
#6861 = PCURVE('',#6427,#6862);
#6862 = DEFINITIONAL_REPRESENTATION('',(#6863),#6867);
#6863 = LINE('',#6864,#6865);
#6864 = CARTESIAN_POINT('',(64.95,0.));
#6865 = VECTOR('',#6866,1.);
#6866 = DIRECTION('',(0.,1.));
#6867 = ( GEOMETRIC_REPRESENTATION_CONTEXT(2) 
PARAMETRIC_REPRESENTATION_CONTEXT() REPRESENTATION_CONTEXT('2D SPACE',''
  ) );
#6868 = PCURVE('',#6869,#6874);
#6869 = PLANE('',#6870);
#6870 = AXIS2_PLACEMENT_3D('',#6871,#6872,#6873);
#6871 = CARTESIAN_POINT('',(6.,29.5,-25.05));
#6872 = DIRECTION('',(0.,0.,1.));
#6873 = DIRECTION('',(1.,0.,-0.));
#6874 = DEFINITIONAL_REPRESENTATION('',(#6875),#6879);
#6875 = LINE('',#6876,#6877);
#6876 = CARTESIAN_POINT('',(0.,0.));
#6877 = VECTOR('',#6878,1.);
#6878 = DIRECTION('',(1.,0.));
#6879 = ( GEOMETRIC_REPRESENTATION_CONTEXT(2) 
PARAMETRIC_REPRESENTATION_CONTEXT() REPRESENTATION_CONTEXT('2D SPACE',''
  ) );
#6880 = ADVANCED_FACE('',(#6881),#6403,.T.);
#6881 = FACE_BOUND('',#6882,.T.);
#6882 = EDGE_LOOP('',(#6883,#6905,#6906,#6907,#6908,#6931));
#6883 = ORIENTED_EDGE('',*,*,#6884,.T.);
#6884 = EDGE_CURVE('',#6885,#6669,#6887,.T.);
#6885 = VERTEX_POINT('',#6886);
#6886 = CARTESIAN_POINT('',(20.,39.5,-25.05));
#6887 = SURFACE_CURVE('',#6888,(#6892,#6898),.PCURVE_S1.);
#6888 = LINE('',#6889,#6890);
#6889 = CARTESIAN_POINT('',(20.,29.5,-25.05));
#6890 = VECTOR('',#6891,1.);
#6891 = DIRECTION('',(0.,-1.,0.));
#6892 = PCURVE('',#6403,#6893);
#6893 = DEFINITIONAL_REPRESENTATION('',(#6894),#6897);
#6894 = B_SPLINE_CURVE_WITH_KNOTS('',1,(#6895,#6896),.UNSPECIFIED.,.F.,
  .F.,(2,2),(-10.,0.),.PIECEWISE_BEZIER_KNOTS.);
#6895 = CARTESIAN_POINT('',(64.95,-10.));
#6896 = CARTESIAN_POINT('',(64.95,0.));
#6897 = ( GEOMETRIC_REPRESENTATION_CONTEXT(2) 
PARAMETRIC_REPRESENTATION_CONTEXT() REPRESENTATION_CONTEXT('2D SPACE',''
  ) );
#6898 = PCURVE('',#6869,#6899);
#6899 = DEFINITIONAL_REPRESENTATION('',(#6900),#6904);
#6900 = LINE('',#6901,#6902);
#6901 = CARTESIAN_POINT('',(14.,0.));
#6902 = VECTOR('',#6903,1.);
#6903 = DIRECTION('',(0.,-1.));
#6904 = ( GEOMETRIC_REPRESENTATION_CONTEXT(2) 
PARAMETRIC_REPRESENTATION_CONTEXT() REPRESENTATION_CONTEXT('2D SPACE',''
  ) );
#6905 = ORIENTED_EDGE('',*,*,#6668,.F.);
#6906 = ORIENTED_EDGE('',*,*,#6388,.F.);
#6907 = ORIENTED_EDGE('',*,*,#6613,.F.);
#6908 = ORIENTED_EDGE('',*,*,#6909,.T.);
#6909 = EDGE_CURVE('',#6593,#6910,#6912,.T.);
#6910 = VERTEX_POINT('',#6911);
#6911 = CARTESIAN_POINT('',(20.,39.5,-90.));
#6912 = SURFACE_CURVE('',#6913,(#6917,#6924),.PCURVE_S1.);
#6913 = LINE('',#6914,#6915);
#6914 = CARTESIAN_POINT('',(20.,29.5,-90.));
#6915 = VECTOR('',#6916,1.);
#6916 = DIRECTION('',(-0.,1.,0.));
#6917 = PCURVE('',#6403,#6918);
#6918 = DEFINITIONAL_REPRESENTATION('',(#6919),#6923);
#6919 = LINE('',#6920,#6921);
#6920 = CARTESIAN_POINT('',(0.,0.));
#6921 = VECTOR('',#6922,1.);
#6922 = DIRECTION('',(0.,-1.));
#6923 = ( GEOMETRIC_REPRESENTATION_CONTEXT(2) 
PARAMETRIC_REPRESENTATION_CONTEXT() REPRESENTATION_CONTEXT('2D SPACE',''
  ) );
#6924 = PCURVE('',#6484,#6925);
#6925 = DEFINITIONAL_REPRESENTATION('',(#6926),#6930);
#6926 = LINE('',#6927,#6928);
#6927 = CARTESIAN_POINT('',(14.,0.));
#6928 = VECTOR('',#6929,1.);
#6929 = DIRECTION('',(0.,1.));
#6930 = ( GEOMETRIC_REPRESENTATION_CONTEXT(2) 
PARAMETRIC_REPRESENTATION_CONTEXT() REPRESENTATION_CONTEXT('2D SPACE',''
  ) );
#6931 = ORIENTED_EDGE('',*,*,#6932,.T.);
#6932 = EDGE_CURVE('',#6910,#6885,#6933,.T.);
#6933 = SURFACE_CURVE('',#6934,(#6938,#6945),.PCURVE_S1.);
#6934 = LINE('',#6935,#6936);
#6935 = CARTESIAN_POINT('',(20.,39.5,-90.));
#6936 = VECTOR('',#6937,1.);
#6937 = DIRECTION('',(0.,0.,1.));
#6938 = PCURVE('',#6403,#6939);
#6939 = DEFINITIONAL_REPRESENTATION('',(#6940),#6944);
#6940 = LINE('',#6941,#6942);
#6941 = CARTESIAN_POINT('',(0.,-10.));
#6942 = VECTOR('',#6943,1.);
#6943 = DIRECTION('',(1.,0.));
#6944 = ( GEOMETRIC_REPRESENTATION_CONTEXT(2) 
PARAMETRIC_REPRESENTATION_CONTEXT() REPRESENTATION_CONTEXT('2D SPACE',''
  ) );
#6945 = PCURVE('',#6512,#6946);
#6946 = DEFINITIONAL_REPRESENTATION('',(#6947),#6951);
#6947 = LINE('',#6948,#6949);
#6948 = CARTESIAN_POINT('',(0.,14.));
#6949 = VECTOR('',#6950,1.);
#6950 = DIRECTION('',(1.,0.));
#6951 = ( GEOMETRIC_REPRESENTATION_CONTEXT(2) 
PARAMETRIC_REPRESENTATION_CONTEXT() REPRESENTATION_CONTEXT('2D SPACE',''
  ) );
#6952 = ADVANCED_FACE('',(#6953),#6484,.F.);
#6953 = FACE_BOUND('',#6954,.F.);
#6954 = EDGE_LOOP('',(#6955,#6956,#6957,#6958));
#6955 = ORIENTED_EDGE('',*,*,#6468,.F.);
#6956 = ORIENTED_EDGE('',*,*,#6592,.F.);
#6957 = ORIENTED_EDGE('',*,*,#6909,.T.);
#6958 = ORIENTED_EDGE('',*,*,#6959,.F.);
#6959 = EDGE_CURVE('',#6469,#6910,#6960,.T.);
#6960 = SURFACE_CURVE('',#6961,(#6965,#6972),.PCURVE_S1.);
#6961 = LINE('',#6962,#6963);
#6962 = CARTESIAN_POINT('',(6.,39.5,-90.));
#6963 = VECTOR('',#6964,1.);
#6964 = DIRECTION('',(1.,0.,-0.));
#6965 = PCURVE('',#6484,#6966);
#6966 = DEFINITIONAL_REPRESENTATION('',(#6967),#6971);
#6967 = LINE('',#6968,#6969);
#6968 = CARTESIAN_POINT('',(0.,10.));
#6969 = VECTOR('',#6970,1.);
#6970 = DIRECTION('',(1.,0.));
#6971 = ( GEOMETRIC_REPRESENTATION_CONTEXT(2) 
PARAMETRIC_REPRESENTATION_CONTEXT() REPRESENTATION_CONTEXT('2D SPACE',''
  ) );
#6972 = PCURVE('',#6512,#6973);
#6973 = DEFINITIONAL_REPRESENTATION('',(#6974),#6978);
#6974 = LINE('',#6975,#6976);
#6975 = CARTESIAN_POINT('',(0.,0.));
#6976 = VECTOR('',#6977,1.);
#6977 = DIRECTION('',(0.,1.));
#6978 = ( GEOMETRIC_REPRESENTATION_CONTEXT(2) 
PARAMETRIC_REPRESENTATION_CONTEXT() REPRESENTATION_CONTEXT('2D SPACE',''
  ) );
#6979 = ADVANCED_FACE('',(#6980),#6512,.T.);
#6980 = FACE_BOUND('',#6981,.T.);
#6981 = EDGE_LOOP('',(#6982,#6983,#6984,#6985,#7008,#7036,#7059,#7082,
    #7105,#7133));
#6982 = ORIENTED_EDGE('',*,*,#6932,.F.);
#6983 = ORIENTED_EDGE('',*,*,#6959,.F.);
#6984 = ORIENTED_EDGE('',*,*,#6496,.F.);
#6985 = ORIENTED_EDGE('',*,*,#6986,.T.);
#6986 = EDGE_CURVE('',#6497,#6987,#6989,.T.);
#6987 = VERTEX_POINT('',#6988);
#6988 = CARTESIAN_POINT('',(39.,39.5,8.7));
#6989 = SURFACE_CURVE('',#6990,(#6994,#7001),.PCURVE_S1.);
#6990 = LINE('',#6991,#6992);
#6991 = CARTESIAN_POINT('',(6.,39.5,8.7));
#6992 = VECTOR('',#6993,1.);
#6993 = DIRECTION('',(1.,0.,-5.382899513334E-17));
#6994 = PCURVE('',#6512,#6995);
#6995 = DEFINITIONAL_REPRESENTATION('',(#6996),#7000);
#6996 = LINE('',#6997,#6998);
#6997 = CARTESIAN_POINT('',(98.7,0.));
#6998 = VECTOR('',#6999,1.);
#6999 = DIRECTION('',(-5.382899513334E-17,1.));
#7000 = ( GEOMETRIC_REPRESENTATION_CONTEXT(2) 
PARAMETRIC_REPRESENTATION_CONTEXT() REPRESENTATION_CONTEXT('2D SPACE',''
  ) );
#7001 = PCURVE('',#6540,#7002);
#7002 = DEFINITIONAL_REPRESENTATION('',(#7003),#7007);
#7003 = LINE('',#7004,#7005);
#7004 = CARTESIAN_POINT('',(0.,10.));
#7005 = VECTOR('',#7006,1.);
#7006 = DIRECTION('',(1.,0.));
#7007 = ( GEOMETRIC_REPRESENTATION_CONTEXT(2) 
PARAMETRIC_REPRESENTATION_CONTEXT() REPRESENTATION_CONTEXT('2D SPACE',''
  ) );
#7008 = ORIENTED_EDGE('',*,*,#7009,.F.);
#7009 = EDGE_CURVE('',#7010,#6987,#7012,.T.);
#7010 = VERTEX_POINT('',#7011);
#7011 = CARTESIAN_POINT('',(39.,39.5,1.3));
#7012 = SURFACE_CURVE('',#7013,(#7017,#7024),.PCURVE_S1.);
#7013 = LINE('',#7014,#7015);
#7014 = CARTESIAN_POINT('',(39.,39.5,1.3));
#7015 = VECTOR('',#7016,1.);
#7016 = DIRECTION('',(0.,0.,1.));
#7017 = PCURVE('',#6512,#7018);
#7018 = DEFINITIONAL_REPRESENTATION('',(#7019),#7023);
#7019 = LINE('',#7020,#7021);
#7020 = CARTESIAN_POINT('',(91.3,33.));
#7021 = VECTOR('',#7022,1.);
#7022 = DIRECTION('',(1.,0.));
#7023 = ( GEOMETRIC_REPRESENTATION_CONTEXT(2) 
PARAMETRIC_REPRESENTATION_CONTEXT() REPRESENTATION_CONTEXT('2D SPACE',''
  ) );
#7024 = PCURVE('',#7025,#7030);
#7025 = PLANE('',#7026);
#7026 = AXIS2_PLACEMENT_3D('',#7027,#7028,#7029);
#7027 = CARTESIAN_POINT('',(39.,10.1,1.3));
#7028 = DIRECTION('',(1.,0.,-0.));
#7029 = DIRECTION('',(0.,0.,1.));
#7030 = DEFINITIONAL_REPRESENTATION('',(#7031),#7035);
#7031 = LINE('',#7032,#7033);
#7032 = CARTESIAN_POINT('',(0.,-29.4));
#7033 = VECTOR('',#7034,1.);
#7034 = DIRECTION('',(1.,0.));
#7035 = ( GEOMETRIC_REPRESENTATION_CONTEXT(2) 
PARAMETRIC_REPRESENTATION_CONTEXT() REPRESENTATION_CONTEXT('2D SPACE',''
  ) );
#7036 = ORIENTED_EDGE('',*,*,#7037,.T.);
#7037 = EDGE_CURVE('',#7010,#7038,#7040,.T.);
#7038 = VERTEX_POINT('',#7039);
#7039 = CARTESIAN_POINT('',(20.,39.5,1.3));
#7040 = SURFACE_CURVE('',#7041,(#7045,#7052),.PCURVE_S1.);
#7041 = LINE('',#7042,#7043);
#7042 = CARTESIAN_POINT('',(39.,39.5,1.3));
#7043 = VECTOR('',#7044,1.);
#7044 = DIRECTION('',(-1.,0.,-7.011934892369E-17));
#7045 = PCURVE('',#6512,#7046);
#7046 = DEFINITIONAL_REPRESENTATION('',(#7047),#7051);
#7047 = LINE('',#7048,#7049);
#7048 = CARTESIAN_POINT('',(91.3,33.));
#7049 = VECTOR('',#7050,1.);
#7050 = DIRECTION('',(-7.011934892369E-17,-1.));
#7051 = ( GEOMETRIC_REPRESENTATION_CONTEXT(2) 
PARAMETRIC_REPRESENTATION_CONTEXT() REPRESENTATION_CONTEXT('2D SPACE',''
  ) );
#7052 = PCURVE('',#6760,#7053);
#7053 = DEFINITIONAL_REPRESENTATION('',(#7054),#7058);
#7054 = LINE('',#7055,#7056);
#7055 = CARTESIAN_POINT('',(33.,10.));
#7056 = VECTOR('',#7057,1.);
#7057 = DIRECTION('',(-1.,0.));
#7058 = ( GEOMETRIC_REPRESENTATION_CONTEXT(2) 
PARAMETRIC_REPRESENTATION_CONTEXT() REPRESENTATION_CONTEXT('2D SPACE',''
  ) );
#7059 = ORIENTED_EDGE('',*,*,#7060,.F.);
#7060 = EDGE_CURVE('',#7061,#7038,#7063,.T.);
#7061 = VERTEX_POINT('',#7062);
#7062 = CARTESIAN_POINT('',(20.,39.5,-17.65));
#7063 = SURFACE_CURVE('',#7064,(#7068,#7075),.PCURVE_S1.);
#7064 = LINE('',#7065,#7066);
#7065 = CARTESIAN_POINT('',(20.,39.5,-90.));
#7066 = VECTOR('',#7067,1.);
#7067 = DIRECTION('',(0.,0.,1.));
#7068 = PCURVE('',#6512,#7069);
#7069 = DEFINITIONAL_REPRESENTATION('',(#7070),#7074);
#7070 = LINE('',#7071,#7072);
#7071 = CARTESIAN_POINT('',(0.,14.));
#7072 = VECTOR('',#7073,1.);
#7073 = DIRECTION('',(1.,0.));
#7074 = ( GEOMETRIC_REPRESENTATION_CONTEXT(2) 
PARAMETRIC_REPRESENTATION_CONTEXT() REPRESENTATION_CONTEXT('2D SPACE',''
  ) );
#7075 = PCURVE('',#6788,#7076);
#7076 = DEFINITIONAL_REPRESENTATION('',(#7077),#7081);
#7077 = LINE('',#7078,#7079);
#7078 = CARTESIAN_POINT('',(0.,-10.));
#7079 = VECTOR('',#7080,1.);
#7080 = DIRECTION('',(1.,0.));
#7081 = ( GEOMETRIC_REPRESENTATION_CONTEXT(2) 
PARAMETRIC_REPRESENTATION_CONTEXT() REPRESENTATION_CONTEXT('2D SPACE',''
  ) );
#7082 = ORIENTED_EDGE('',*,*,#7083,.T.);
#7083 = EDGE_CURVE('',#7061,#7084,#7086,.T.);
#7084 = VERTEX_POINT('',#7085);
#7085 = CARTESIAN_POINT('',(39.,39.5,-17.65));
#7086 = SURFACE_CURVE('',#7087,(#7091,#7098),.PCURVE_S1.);
#7087 = LINE('',#7088,#7089);
#7088 = CARTESIAN_POINT('',(20.,39.5,-17.65));
#7089 = VECTOR('',#7090,1.);
#7090 = DIRECTION('',(1.,0.,1.869849304632E-16));
#7091 = PCURVE('',#6512,#7092);
#7092 = DEFINITIONAL_REPRESENTATION('',(#7093),#7097);
#7093 = LINE('',#7094,#7095);
#7094 = CARTESIAN_POINT('',(72.35,14.));
#7095 = VECTOR('',#7096,1.);
#7096 = DIRECTION('',(1.869849304632E-16,1.));
#7097 = ( GEOMETRIC_REPRESENTATION_CONTEXT(2) 
PARAMETRIC_REPRESENTATION_CONTEXT() REPRESENTATION_CONTEXT('2D SPACE',''
  ) );
#7098 = PCURVE('',#6816,#7099);
#7099 = DEFINITIONAL_REPRESENTATION('',(#7100),#7104);
#7100 = LINE('',#7101,#7102);
#7101 = CARTESIAN_POINT('',(14.,10.));
#7102 = VECTOR('',#7103,1.);
#7103 = DIRECTION('',(1.,0.));
#7104 = ( GEOMETRIC_REPRESENTATION_CONTEXT(2) 
PARAMETRIC_REPRESENTATION_CONTEXT() REPRESENTATION_CONTEXT('2D SPACE',''
  ) );
#7105 = ORIENTED_EDGE('',*,*,#7106,.F.);
#7106 = EDGE_CURVE('',#7107,#7084,#7109,.T.);
#7107 = VERTEX_POINT('',#7108);
#7108 = CARTESIAN_POINT('',(39.,39.5,-25.05));
#7109 = SURFACE_CURVE('',#7110,(#7114,#7121),.PCURVE_S1.);
#7110 = LINE('',#7111,#7112);
#7111 = CARTESIAN_POINT('',(39.,39.5,-25.05));
#7112 = VECTOR('',#7113,1.);
#7113 = DIRECTION('',(0.,0.,1.));
#7114 = PCURVE('',#6512,#7115);
#7115 = DEFINITIONAL_REPRESENTATION('',(#7116),#7120);
#7116 = LINE('',#7117,#7118);
#7117 = CARTESIAN_POINT('',(64.95,33.));
#7118 = VECTOR('',#7119,1.);
#7119 = DIRECTION('',(1.,0.));
#7120 = ( GEOMETRIC_REPRESENTATION_CONTEXT(2) 
PARAMETRIC_REPRESENTATION_CONTEXT() REPRESENTATION_CONTEXT('2D SPACE',''
  ) );
#7121 = PCURVE('',#7122,#7127);
#7122 = PLANE('',#7123);
#7123 = AXIS2_PLACEMENT_3D('',#7124,#7125,#7126);
#7124 = CARTESIAN_POINT('',(39.,10.1,-25.05));
#7125 = DIRECTION('',(1.,0.,-0.));
#7126 = DIRECTION('',(0.,0.,1.));
#7127 = DEFINITIONAL_REPRESENTATION('',(#7128),#7132);
#7128 = LINE('',#7129,#7130);
#7129 = CARTESIAN_POINT('',(0.,-29.4));
#7130 = VECTOR('',#7131,1.);
#7131 = DIRECTION('',(1.,0.));
#7132 = ( GEOMETRIC_REPRESENTATION_CONTEXT(2) 
PARAMETRIC_REPRESENTATION_CONTEXT() REPRESENTATION_CONTEXT('2D SPACE',''
  ) );
#7133 = ORIENTED_EDGE('',*,*,#7134,.F.);
#7134 = EDGE_CURVE('',#6885,#7107,#7135,.T.);
#7135 = SURFACE_CURVE('',#7136,(#7140,#7147),.PCURVE_S1.);
#7136 = LINE('',#7137,#7138);
#7137 = CARTESIAN_POINT('',(20.,39.5,-25.05));
#7138 = VECTOR('',#7139,1.);
#7139 = DIRECTION('',(1.,0.,-1.869849304632E-16));
#7140 = PCURVE('',#6512,#7141);
#7141 = DEFINITIONAL_REPRESENTATION('',(#7142),#7146);
#7142 = LINE('',#7143,#7144);
#7143 = CARTESIAN_POINT('',(64.95,14.));
#7144 = VECTOR('',#7145,1.);
#7145 = DIRECTION('',(-1.869849304632E-16,1.));
#7146 = ( GEOMETRIC_REPRESENTATION_CONTEXT(2) 
PARAMETRIC_REPRESENTATION_CONTEXT() REPRESENTATION_CONTEXT('2D SPACE',''
  ) );
#7147 = PCURVE('',#6869,#7148);
#7148 = DEFINITIONAL_REPRESENTATION('',(#7149),#7153);
#7149 = LINE('',#7150,#7151);
#7150 = CARTESIAN_POINT('',(14.,10.));
#7151 = VECTOR('',#7152,1.);
#7152 = DIRECTION('',(1.,0.));
#7153 = ( GEOMETRIC_REPRESENTATION_CONTEXT(2) 
PARAMETRIC_REPRESENTATION_CONTEXT() REPRESENTATION_CONTEXT('2D SPACE',''
  ) );
#7154 = ADVANCED_FACE('',(#7155),#6540,.T.);
#7155 = FACE_BOUND('',#7156,.T.);
#7156 = EDGE_LOOP('',(#7157,#7158,#7159,#7182,#7210,#7231));
#7157 = ORIENTED_EDGE('',*,*,#6524,.F.);
#7158 = ORIENTED_EDGE('',*,*,#6693,.F.);
#7159 = ORIENTED_EDGE('',*,*,#7160,.F.);
#7160 = EDGE_CURVE('',#7161,#6694,#7163,.T.);
#7161 = VERTEX_POINT('',#7162);
#7162 = CARTESIAN_POINT('',(32.,20.1,8.7));
#7163 = SURFACE_CURVE('',#7164,(#7168,#7175),.PCURVE_S1.);
#7164 = LINE('',#7165,#7166);
#7165 = CARTESIAN_POINT('',(32.,10.1,8.7));
#7166 = VECTOR('',#7167,1.);
#7167 = DIRECTION('',(-0.,1.,0.));
#7168 = PCURVE('',#6540,#7169);
#7169 = DEFINITIONAL_REPRESENTATION('',(#7170),#7174);
#7170 = LINE('',#7171,#7172);
#7171 = CARTESIAN_POINT('',(26.,-19.4));
#7172 = VECTOR('',#7173,1.);
#7173 = DIRECTION('',(0.,1.));
#7174 = ( GEOMETRIC_REPRESENTATION_CONTEXT(2) 
PARAMETRIC_REPRESENTATION_CONTEXT() REPRESENTATION_CONTEXT('2D SPACE',''
  ) );
#7175 = PCURVE('',#6732,#7176);
#7176 = DEFINITIONAL_REPRESENTATION('',(#7177),#7181);
#7177 = LINE('',#7178,#7179);
#7178 = CARTESIAN_POINT('',(7.4,0.));
#7179 = VECTOR('',#7180,1.);
#7180 = DIRECTION('',(0.,-1.));
#7181 = ( GEOMETRIC_REPRESENTATION_CONTEXT(2) 
PARAMETRIC_REPRESENTATION_CONTEXT() REPRESENTATION_CONTEXT('2D SPACE',''
  ) );
#7182 = ORIENTED_EDGE('',*,*,#7183,.T.);
#7183 = EDGE_CURVE('',#7161,#7184,#7186,.T.);
#7184 = VERTEX_POINT('',#7185);
#7185 = CARTESIAN_POINT('',(39.,20.1,8.7));
#7186 = SURFACE_CURVE('',#7187,(#7191,#7198),.PCURVE_S1.);
#7187 = LINE('',#7188,#7189);
#7188 = CARTESIAN_POINT('',(32.,20.1,8.7));
#7189 = VECTOR('',#7190,1.);
#7190 = DIRECTION('',(1.,0.,-0.));
#7191 = PCURVE('',#6540,#7192);
#7192 = DEFINITIONAL_REPRESENTATION('',(#7193),#7197);
#7193 = LINE('',#7194,#7195);
#7194 = CARTESIAN_POINT('',(26.,-9.4));
#7195 = VECTOR('',#7196,1.);
#7196 = DIRECTION('',(1.,0.));
#7197 = ( GEOMETRIC_REPRESENTATION_CONTEXT(2) 
PARAMETRIC_REPRESENTATION_CONTEXT() REPRESENTATION_CONTEXT('2D SPACE',''
  ) );
#7198 = PCURVE('',#7199,#7204);
#7199 = PLANE('',#7200);
#7200 = AXIS2_PLACEMENT_3D('',#7201,#7202,#7203);
#7201 = CARTESIAN_POINT('',(32.,20.1,1.3));
#7202 = DIRECTION('',(-0.,1.,0.));
#7203 = DIRECTION('',(0.,0.,1.));
#7204 = DEFINITIONAL_REPRESENTATION('',(#7205),#7209);
#7205 = LINE('',#7206,#7207);
#7206 = CARTESIAN_POINT('',(7.4,0.));
#7207 = VECTOR('',#7208,1.);
#7208 = DIRECTION('',(0.,1.));
#7209 = ( GEOMETRIC_REPRESENTATION_CONTEXT(2) 
PARAMETRIC_REPRESENTATION_CONTEXT() REPRESENTATION_CONTEXT('2D SPACE',''
  ) );
#7210 = ORIENTED_EDGE('',*,*,#7211,.T.);
#7211 = EDGE_CURVE('',#7184,#6987,#7212,.T.);
#7212 = SURFACE_CURVE('',#7213,(#7217,#7224),.PCURVE_S1.);
#7213 = LINE('',#7214,#7215);
#7214 = CARTESIAN_POINT('',(39.,20.1,8.7));
#7215 = VECTOR('',#7216,1.);
#7216 = DIRECTION('',(0.,1.,0.));
#7217 = PCURVE('',#6540,#7218);
#7218 = DEFINITIONAL_REPRESENTATION('',(#7219),#7223);
#7219 = LINE('',#7220,#7221);
#7220 = CARTESIAN_POINT('',(33.,-9.4));
#7221 = VECTOR('',#7222,1.);
#7222 = DIRECTION('',(0.,1.));
#7223 = ( GEOMETRIC_REPRESENTATION_CONTEXT(2) 
PARAMETRIC_REPRESENTATION_CONTEXT() REPRESENTATION_CONTEXT('2D SPACE',''
  ) );
#7224 = PCURVE('',#7025,#7225);
#7225 = DEFINITIONAL_REPRESENTATION('',(#7226),#7230);
#7226 = LINE('',#7227,#7228);
#7227 = CARTESIAN_POINT('',(7.4,-10.));
#7228 = VECTOR('',#7229,1.);
#7229 = DIRECTION('',(0.,-1.));
#7230 = ( GEOMETRIC_REPRESENTATION_CONTEXT(2) 
PARAMETRIC_REPRESENTATION_CONTEXT() REPRESENTATION_CONTEXT('2D SPACE',''
  ) );
#7231 = ORIENTED_EDGE('',*,*,#6986,.F.);
#7232 = ADVANCED_FACE('',(#7233),#6732,.F.);
#7233 = FACE_BOUND('',#7234,.F.);
#7234 = EDGE_LOOP('',(#7235,#7236,#7259,#7287,#7315,#7336));
#7235 = ORIENTED_EDGE('',*,*,#7160,.F.);
#7236 = ORIENTED_EDGE('',*,*,#7237,.T.);
#7237 = EDGE_CURVE('',#7161,#7238,#7240,.T.);
#7238 = VERTEX_POINT('',#7239);
#7239 = CARTESIAN_POINT('',(32.,20.1,25.05));
#7240 = SURFACE_CURVE('',#7241,(#7245,#7252),.PCURVE_S1.);
#7241 = LINE('',#7242,#7243);
#7242 = CARTESIAN_POINT('',(32.,20.1,1.3));
#7243 = VECTOR('',#7244,1.);
#7244 = DIRECTION('',(0.,0.,1.));
#7245 = PCURVE('',#6732,#7246);
#7246 = DEFINITIONAL_REPRESENTATION('',(#7247),#7251);
#7247 = LINE('',#7248,#7249);
#7248 = CARTESIAN_POINT('',(8.881784197001E-16,-10.));
#7249 = VECTOR('',#7250,1.);
#7250 = DIRECTION('',(1.,0.));
#7251 = ( GEOMETRIC_REPRESENTATION_CONTEXT(2) 
PARAMETRIC_REPRESENTATION_CONTEXT() REPRESENTATION_CONTEXT('2D SPACE',''
  ) );
#7252 = PCURVE('',#7199,#7253);
#7253 = DEFINITIONAL_REPRESENTATION('',(#7254),#7258);
#7254 = LINE('',#7255,#7256);
#7255 = CARTESIAN_POINT('',(0.,0.));
#7256 = VECTOR('',#7257,1.);
#7257 = DIRECTION('',(1.,0.));
#7258 = ( GEOMETRIC_REPRESENTATION_CONTEXT(2) 
PARAMETRIC_REPRESENTATION_CONTEXT() REPRESENTATION_CONTEXT('2D SPACE',''
  ) );
#7259 = ORIENTED_EDGE('',*,*,#7260,.F.);
#7260 = EDGE_CURVE('',#7261,#7238,#7263,.T.);
#7261 = VERTEX_POINT('',#7262);
#7262 = CARTESIAN_POINT('',(32.,10.1,25.05));
#7263 = SURFACE_CURVE('',#7264,(#7268,#7275),.PCURVE_S1.);
#7264 = LINE('',#7265,#7266);
#7265 = CARTESIAN_POINT('',(32.,10.1,25.05));
#7266 = VECTOR('',#7267,1.);
#7267 = DIRECTION('',(-0.,1.,0.));
#7268 = PCURVE('',#6732,#7269);
#7269 = DEFINITIONAL_REPRESENTATION('',(#7270),#7274);
#7270 = LINE('',#7271,#7272);
#7271 = CARTESIAN_POINT('',(23.75,1.7763568394E-15));
#7272 = VECTOR('',#7273,1.);
#7273 = DIRECTION('',(0.,-1.));
#7274 = ( GEOMETRIC_REPRESENTATION_CONTEXT(2) 
PARAMETRIC_REPRESENTATION_CONTEXT() REPRESENTATION_CONTEXT('2D SPACE',''
  ) );
#7275 = PCURVE('',#7276,#7281);
#7276 = PLANE('',#7277);
#7277 = AXIS2_PLACEMENT_3D('',#7278,#7279,#7280);
#7278 = CARTESIAN_POINT('',(32.,10.1,25.05));
#7279 = DIRECTION('',(0.,0.,1.));
#7280 = DIRECTION('',(1.,0.,-0.));
#7281 = DEFINITIONAL_REPRESENTATION('',(#7282),#7286);
#7282 = LINE('',#7283,#7284);
#7283 = CARTESIAN_POINT('',(0.,0.));
#7284 = VECTOR('',#7285,1.);
#7285 = DIRECTION('',(0.,1.));
#7286 = ( GEOMETRIC_REPRESENTATION_CONTEXT(2) 
PARAMETRIC_REPRESENTATION_CONTEXT() REPRESENTATION_CONTEXT('2D SPACE',''
  ) );
#7287 = ORIENTED_EDGE('',*,*,#7288,.F.);
#7288 = EDGE_CURVE('',#7289,#7261,#7291,.T.);
#7289 = VERTEX_POINT('',#7290);
#7290 = CARTESIAN_POINT('',(32.,10.1,1.3));
#7291 = SURFACE_CURVE('',#7292,(#7296,#7303),.PCURVE_S1.);
#7292 = LINE('',#7293,#7294);
#7293 = CARTESIAN_POINT('',(32.,10.1,1.3));
#7294 = VECTOR('',#7295,1.);
#7295 = DIRECTION('',(0.,-7.479397218527E-17,1.));
#7296 = PCURVE('',#6732,#7297);
#7297 = DEFINITIONAL_REPRESENTATION('',(#7298),#7302);
#7298 = LINE('',#7299,#7300);
#7299 = CARTESIAN_POINT('',(4.440892098501E-16,0.));
#7300 = VECTOR('',#7301,1.);
#7301 = DIRECTION('',(1.,7.479397218527E-17));
#7302 = ( GEOMETRIC_REPRESENTATION_CONTEXT(2) 
PARAMETRIC_REPRESENTATION_CONTEXT() REPRESENTATION_CONTEXT('2D SPACE',''
  ) );
#7303 = PCURVE('',#7304,#7309);
#7304 = PLANE('',#7305);
#7305 = AXIS2_PLACEMENT_3D('',#7306,#7307,#7308);
#7306 = CARTESIAN_POINT('',(32.,10.1,1.3));
#7307 = DIRECTION('',(-0.,1.,0.));
#7308 = DIRECTION('',(0.,0.,1.));
#7309 = DEFINITIONAL_REPRESENTATION('',(#7310),#7314);
#7310 = LINE('',#7311,#7312);
#7311 = CARTESIAN_POINT('',(-4.440892098501E-16,0.));
#7312 = VECTOR('',#7313,1.);
#7313 = DIRECTION('',(1.,0.));
#7314 = ( GEOMETRIC_REPRESENTATION_CONTEXT(2) 
PARAMETRIC_REPRESENTATION_CONTEXT() REPRESENTATION_CONTEXT('2D SPACE',''
  ) );
#7315 = ORIENTED_EDGE('',*,*,#7316,.T.);
#7316 = EDGE_CURVE('',#7289,#6717,#7317,.T.);
#7317 = SURFACE_CURVE('',#7318,(#7322,#7329),.PCURVE_S1.);
#7318 = LINE('',#7319,#7320);
#7319 = CARTESIAN_POINT('',(32.,10.1,1.3));
#7320 = VECTOR('',#7321,1.);
#7321 = DIRECTION('',(0.,1.,-2.289119638402E-17));
#7322 = PCURVE('',#6732,#7323);
#7323 = DEFINITIONAL_REPRESENTATION('',(#7324),#7328);
#7324 = LINE('',#7325,#7326);
#7325 = CARTESIAN_POINT('',(4.440892098501E-16,0.));
#7326 = VECTOR('',#7327,1.);
#7327 = DIRECTION('',(-2.289119638402E-17,-1.));
#7328 = ( GEOMETRIC_REPRESENTATION_CONTEXT(2) 
PARAMETRIC_REPRESENTATION_CONTEXT() REPRESENTATION_CONTEXT('2D SPACE',''
  ) );
#7329 = PCURVE('',#6760,#7330);
#7330 = DEFINITIONAL_REPRESENTATION('',(#7331),#7335);
#7331 = LINE('',#7332,#7333);
#7332 = CARTESIAN_POINT('',(26.,-19.4));
#7333 = VECTOR('',#7334,1.);
#7334 = DIRECTION('',(0.,1.));
#7335 = ( GEOMETRIC_REPRESENTATION_CONTEXT(2) 
PARAMETRIC_REPRESENTATION_CONTEXT() REPRESENTATION_CONTEXT('2D SPACE',''
  ) );
#7336 = ORIENTED_EDGE('',*,*,#6716,.T.);
#7337 = ADVANCED_FACE('',(#7338),#6760,.F.);
#7338 = FACE_BOUND('',#7339,.F.);
#7339 = EDGE_LOOP('',(#7340,#7360,#7361,#7362,#7385,#7406));
#7340 = ORIENTED_EDGE('',*,*,#7341,.T.);
#7341 = EDGE_CURVE('',#7038,#6745,#7342,.T.);
#7342 = SURFACE_CURVE('',#7343,(#7347,#7354),.PCURVE_S1.);
#7343 = LINE('',#7344,#7345);
#7344 = CARTESIAN_POINT('',(20.,29.5,1.3));
#7345 = VECTOR('',#7346,1.);
#7346 = DIRECTION('',(0.,-1.,0.));
#7347 = PCURVE('',#6760,#7348);
#7348 = DEFINITIONAL_REPRESENTATION('',(#7349),#7353);
#7349 = LINE('',#7350,#7351);
#7350 = CARTESIAN_POINT('',(14.,0.));
#7351 = VECTOR('',#7352,1.);
#7352 = DIRECTION('',(0.,-1.));
#7353 = ( GEOMETRIC_REPRESENTATION_CONTEXT(2) 
PARAMETRIC_REPRESENTATION_CONTEXT() REPRESENTATION_CONTEXT('2D SPACE',''
  ) );
#7354 = PCURVE('',#6788,#7355);
#7355 = DEFINITIONAL_REPRESENTATION('',(#7356),#7359);
#7356 = B_SPLINE_CURVE_WITH_KNOTS('',1,(#7357,#7358),.UNSPECIFIED.,.F.,
  .F.,(2,2),(-10.,0.),.PIECEWISE_BEZIER_KNOTS.);
#7357 = CARTESIAN_POINT('',(91.3,-10.));
#7358 = CARTESIAN_POINT('',(91.3,0.));
#7359 = ( GEOMETRIC_REPRESENTATION_CONTEXT(2) 
PARAMETRIC_REPRESENTATION_CONTEXT() REPRESENTATION_CONTEXT('2D SPACE',''
  ) );
#7360 = ORIENTED_EDGE('',*,*,#6744,.T.);
#7361 = ORIENTED_EDGE('',*,*,#7316,.F.);
#7362 = ORIENTED_EDGE('',*,*,#7363,.T.);
#7363 = EDGE_CURVE('',#7289,#7364,#7366,.T.);
#7364 = VERTEX_POINT('',#7365);
#7365 = CARTESIAN_POINT('',(39.,10.1,1.3));
#7366 = SURFACE_CURVE('',#7367,(#7371,#7378),.PCURVE_S1.);
#7367 = LINE('',#7368,#7369);
#7368 = CARTESIAN_POINT('',(32.,10.1,1.3));
#7369 = VECTOR('',#7370,1.);
#7370 = DIRECTION('',(1.,0.,-0.));
#7371 = PCURVE('',#6760,#7372);
#7372 = DEFINITIONAL_REPRESENTATION('',(#7373),#7377);
#7373 = LINE('',#7374,#7375);
#7374 = CARTESIAN_POINT('',(26.,-19.4));
#7375 = VECTOR('',#7376,1.);
#7376 = DIRECTION('',(1.,0.));
#7377 = ( GEOMETRIC_REPRESENTATION_CONTEXT(2) 
PARAMETRIC_REPRESENTATION_CONTEXT() REPRESENTATION_CONTEXT('2D SPACE',''
  ) );
#7378 = PCURVE('',#7304,#7379);
#7379 = DEFINITIONAL_REPRESENTATION('',(#7380),#7384);
#7380 = LINE('',#7381,#7382);
#7381 = CARTESIAN_POINT('',(0.,0.));
#7382 = VECTOR('',#7383,1.);
#7383 = DIRECTION('',(0.,1.));
#7384 = ( GEOMETRIC_REPRESENTATION_CONTEXT(2) 
PARAMETRIC_REPRESENTATION_CONTEXT() REPRESENTATION_CONTEXT('2D SPACE',''
  ) );
#7385 = ORIENTED_EDGE('',*,*,#7386,.F.);
#7386 = EDGE_CURVE('',#7010,#7364,#7387,.T.);
#7387 = SURFACE_CURVE('',#7388,(#7392,#7399),.PCURVE_S1.);
#7388 = LINE('',#7389,#7390);
#7389 = CARTESIAN_POINT('',(39.,39.5,1.3));
#7390 = VECTOR('',#7391,1.);
#7391 = DIRECTION('',(0.,-1.,1.510507516497E-17));
#7392 = PCURVE('',#6760,#7393);
#7393 = DEFINITIONAL_REPRESENTATION('',(#7394),#7398);
#7394 = LINE('',#7395,#7396);
#7395 = CARTESIAN_POINT('',(33.,10.));
#7396 = VECTOR('',#7397,1.);
#7397 = DIRECTION('',(0.,-1.));
#7398 = ( GEOMETRIC_REPRESENTATION_CONTEXT(2) 
PARAMETRIC_REPRESENTATION_CONTEXT() REPRESENTATION_CONTEXT('2D SPACE',''
  ) );
#7399 = PCURVE('',#7025,#7400);
#7400 = DEFINITIONAL_REPRESENTATION('',(#7401),#7405);
#7401 = LINE('',#7402,#7403);
#7402 = CARTESIAN_POINT('',(0.,-29.4));
#7403 = VECTOR('',#7404,1.);
#7404 = DIRECTION('',(1.510507516497E-17,1.));
#7405 = ( GEOMETRIC_REPRESENTATION_CONTEXT(2) 
PARAMETRIC_REPRESENTATION_CONTEXT() REPRESENTATION_CONTEXT('2D SPACE',''
  ) );
#7406 = ORIENTED_EDGE('',*,*,#7037,.T.);
#7407 = ADVANCED_FACE('',(#7408),#6788,.T.);
#7408 = FACE_BOUND('',#7409,.T.);
#7409 = EDGE_LOOP('',(#7410,#7411,#7431,#7432));
#7410 = ORIENTED_EDGE('',*,*,#6772,.F.);
#7411 = ORIENTED_EDGE('',*,*,#7412,.F.);
#7412 = EDGE_CURVE('',#7061,#6773,#7413,.T.);
#7413 = SURFACE_CURVE('',#7414,(#7418,#7424),.PCURVE_S1.);
#7414 = LINE('',#7415,#7416);
#7415 = CARTESIAN_POINT('',(20.,29.5,-17.65));
#7416 = VECTOR('',#7417,1.);
#7417 = DIRECTION('',(0.,-1.,0.));
#7418 = PCURVE('',#6788,#7419);
#7419 = DEFINITIONAL_REPRESENTATION('',(#7420),#7423);
#7420 = B_SPLINE_CURVE_WITH_KNOTS('',1,(#7421,#7422),.UNSPECIFIED.,.F.,
  .F.,(2,2),(-10.,0.),.PIECEWISE_BEZIER_KNOTS.);
#7421 = CARTESIAN_POINT('',(72.35,-10.));
#7422 = CARTESIAN_POINT('',(72.35,0.));
#7423 = ( GEOMETRIC_REPRESENTATION_CONTEXT(2) 
PARAMETRIC_REPRESENTATION_CONTEXT() REPRESENTATION_CONTEXT('2D SPACE',''
  ) );
#7424 = PCURVE('',#6816,#7425);
#7425 = DEFINITIONAL_REPRESENTATION('',(#7426),#7430);
#7426 = LINE('',#7427,#7428);
#7427 = CARTESIAN_POINT('',(14.,0.));
#7428 = VECTOR('',#7429,1.);
#7429 = DIRECTION('',(0.,-1.));
#7430 = ( GEOMETRIC_REPRESENTATION_CONTEXT(2) 
PARAMETRIC_REPRESENTATION_CONTEXT() REPRESENTATION_CONTEXT('2D SPACE',''
  ) );
#7431 = ORIENTED_EDGE('',*,*,#7060,.T.);
#7432 = ORIENTED_EDGE('',*,*,#7341,.T.);
#7433 = ADVANCED_FACE('',(#7434),#6816,.T.);
#7434 = FACE_BOUND('',#7435,.T.);
#7435 = EDGE_LOOP('',(#7436,#7437,#7438,#7439,#7462,#7490,#7518,#7546));
#7436 = ORIENTED_EDGE('',*,*,#7083,.F.);
#7437 = ORIENTED_EDGE('',*,*,#7412,.T.);
#7438 = ORIENTED_EDGE('',*,*,#6800,.T.);
#7439 = ORIENTED_EDGE('',*,*,#7440,.F.);
#7440 = EDGE_CURVE('',#7441,#6801,#7443,.T.);
#7441 = VERTEX_POINT('',#7442);
#7442 = CARTESIAN_POINT('',(32.,10.1,-17.65));
#7443 = SURFACE_CURVE('',#7444,(#7448,#7455),.PCURVE_S1.);
#7444 = LINE('',#7445,#7446);
#7445 = CARTESIAN_POINT('',(32.,10.1,-17.65));
#7446 = VECTOR('',#7447,1.);
#7447 = DIRECTION('',(-0.,1.,0.));
#7448 = PCURVE('',#6816,#7449);
#7449 = DEFINITIONAL_REPRESENTATION('',(#7450),#7454);
#7450 = LINE('',#7451,#7452);
#7451 = CARTESIAN_POINT('',(26.,-19.4));
#7452 = VECTOR('',#7453,1.);
#7453 = DIRECTION('',(0.,1.));
#7454 = ( GEOMETRIC_REPRESENTATION_CONTEXT(2) 
PARAMETRIC_REPRESENTATION_CONTEXT() REPRESENTATION_CONTEXT('2D SPACE',''
  ) );
#7455 = PCURVE('',#6844,#7456);
#7456 = DEFINITIONAL_REPRESENTATION('',(#7457),#7461);
#7457 = LINE('',#7458,#7459);
#7458 = CARTESIAN_POINT('',(7.4,0.));
#7459 = VECTOR('',#7460,1.);
#7460 = DIRECTION('',(0.,-1.));
#7461 = ( GEOMETRIC_REPRESENTATION_CONTEXT(2) 
PARAMETRIC_REPRESENTATION_CONTEXT() REPRESENTATION_CONTEXT('2D SPACE',''
  ) );
#7462 = ORIENTED_EDGE('',*,*,#7463,.T.);
#7463 = EDGE_CURVE('',#7441,#7464,#7466,.T.);
#7464 = VERTEX_POINT('',#7465);
#7465 = CARTESIAN_POINT('',(39.85,10.1,-17.65));
#7466 = SURFACE_CURVE('',#7467,(#7471,#7478),.PCURVE_S1.);
#7467 = LINE('',#7468,#7469);
#7468 = CARTESIAN_POINT('',(32.,10.1,-17.65));
#7469 = VECTOR('',#7470,1.);
#7470 = DIRECTION('',(1.,-2.26287495465E-16,0.));
#7471 = PCURVE('',#6816,#7472);
#7472 = DEFINITIONAL_REPRESENTATION('',(#7473),#7477);
#7473 = LINE('',#7474,#7475);
#7474 = CARTESIAN_POINT('',(26.,-19.4));
#7475 = VECTOR('',#7476,1.);
#7476 = DIRECTION('',(1.,-2.26287495465E-16));
#7477 = ( GEOMETRIC_REPRESENTATION_CONTEXT(2) 
PARAMETRIC_REPRESENTATION_CONTEXT() REPRESENTATION_CONTEXT('2D SPACE',''
  ) );
#7478 = PCURVE('',#7479,#7484);
#7479 = PLANE('',#7480);
#7480 = AXIS2_PLACEMENT_3D('',#7481,#7482,#7483);
#7481 = CARTESIAN_POINT('',(32.,10.1,-25.05));
#7482 = DIRECTION('',(-0.,1.,0.));
#7483 = DIRECTION('',(0.,0.,1.));
#7484 = DEFINITIONAL_REPRESENTATION('',(#7485),#7489);
#7485 = LINE('',#7486,#7487);
#7486 = CARTESIAN_POINT('',(7.4,0.));
#7487 = VECTOR('',#7488,1.);
#7488 = DIRECTION('',(0.,1.));
#7489 = ( GEOMETRIC_REPRESENTATION_CONTEXT(2) 
PARAMETRIC_REPRESENTATION_CONTEXT() REPRESENTATION_CONTEXT('2D SPACE',''
  ) );
#7490 = ORIENTED_EDGE('',*,*,#7491,.T.);
#7491 = EDGE_CURVE('',#7464,#7492,#7494,.T.);
#7492 = VERTEX_POINT('',#7493);
#7493 = CARTESIAN_POINT('',(39.85,20.1,-17.65));
#7494 = SURFACE_CURVE('',#7495,(#7499,#7506),.PCURVE_S1.);
#7495 = LINE('',#7496,#7497);
#7496 = CARTESIAN_POINT('',(39.85,10.1,-17.65));
#7497 = VECTOR('',#7498,1.);
#7498 = DIRECTION('',(-0.,1.,0.));
#7499 = PCURVE('',#6816,#7500);
#7500 = DEFINITIONAL_REPRESENTATION('',(#7501),#7505);
#7501 = LINE('',#7502,#7503);
#7502 = CARTESIAN_POINT('',(33.85,-19.4));
#7503 = VECTOR('',#7504,1.);
#7504 = DIRECTION('',(0.,1.));
#7505 = ( GEOMETRIC_REPRESENTATION_CONTEXT(2) 
PARAMETRIC_REPRESENTATION_CONTEXT() REPRESENTATION_CONTEXT('2D SPACE',''
  ) );
#7506 = PCURVE('',#7507,#7512);
#7507 = PLANE('',#7508);
#7508 = AXIS2_PLACEMENT_3D('',#7509,#7510,#7511);
#7509 = CARTESIAN_POINT('',(39.85,10.1,-25.05));
#7510 = DIRECTION('',(1.,0.,-0.));
#7511 = DIRECTION('',(0.,0.,1.));
#7512 = DEFINITIONAL_REPRESENTATION('',(#7513),#7517);
#7513 = LINE('',#7514,#7515);
#7514 = CARTESIAN_POINT('',(7.4,0.));
#7515 = VECTOR('',#7516,1.);
#7516 = DIRECTION('',(0.,-1.));
#7517 = ( GEOMETRIC_REPRESENTATION_CONTEXT(2) 
PARAMETRIC_REPRESENTATION_CONTEXT() REPRESENTATION_CONTEXT('2D SPACE',''
  ) );
#7518 = ORIENTED_EDGE('',*,*,#7519,.F.);
#7519 = EDGE_CURVE('',#7520,#7492,#7522,.T.);
#7520 = VERTEX_POINT('',#7521);
#7521 = CARTESIAN_POINT('',(39.,20.1,-17.65));
#7522 = SURFACE_CURVE('',#7523,(#7527,#7534),.PCURVE_S1.);
#7523 = LINE('',#7524,#7525);
#7524 = CARTESIAN_POINT('',(33.4,20.1,-17.65));
#7525 = VECTOR('',#7526,1.);
#7526 = DIRECTION('',(1.,0.,-0.));
#7527 = PCURVE('',#6816,#7528);
#7528 = DEFINITIONAL_REPRESENTATION('',(#7529),#7533);
#7529 = LINE('',#7530,#7531);
#7530 = CARTESIAN_POINT('',(27.4,-9.4));
#7531 = VECTOR('',#7532,1.);
#7532 = DIRECTION('',(1.,0.));
#7533 = ( GEOMETRIC_REPRESENTATION_CONTEXT(2) 
PARAMETRIC_REPRESENTATION_CONTEXT() REPRESENTATION_CONTEXT('2D SPACE',''
  ) );
#7534 = PCURVE('',#7535,#7540);
#7535 = PLANE('',#7536);
#7536 = AXIS2_PLACEMENT_3D('',#7537,#7538,#7539);
#7537 = CARTESIAN_POINT('',(33.4,20.1,-25.05));
#7538 = DIRECTION('',(-0.,1.,0.));
#7539 = DIRECTION('',(0.,0.,1.));
#7540 = DEFINITIONAL_REPRESENTATION('',(#7541),#7545);
#7541 = LINE('',#7542,#7543);
#7542 = CARTESIAN_POINT('',(7.4,0.));
#7543 = VECTOR('',#7544,1.);
#7544 = DIRECTION('',(0.,1.));
#7545 = ( GEOMETRIC_REPRESENTATION_CONTEXT(2) 
PARAMETRIC_REPRESENTATION_CONTEXT() REPRESENTATION_CONTEXT('2D SPACE',''
  ) );
#7546 = ORIENTED_EDGE('',*,*,#7547,.T.);
#7547 = EDGE_CURVE('',#7520,#7084,#7548,.T.);
#7548 = SURFACE_CURVE('',#7549,(#7553,#7560),.PCURVE_S1.);
#7549 = LINE('',#7550,#7551);
#7550 = CARTESIAN_POINT('',(39.,20.1,-17.65));
#7551 = VECTOR('',#7552,1.);
#7552 = DIRECTION('',(0.,1.,0.));
#7553 = PCURVE('',#6816,#7554);
#7554 = DEFINITIONAL_REPRESENTATION('',(#7555),#7559);
#7555 = LINE('',#7556,#7557);
#7556 = CARTESIAN_POINT('',(33.,-9.4));
#7557 = VECTOR('',#7558,1.);
#7558 = DIRECTION('',(0.,1.));
#7559 = ( GEOMETRIC_REPRESENTATION_CONTEXT(2) 
PARAMETRIC_REPRESENTATION_CONTEXT() REPRESENTATION_CONTEXT('2D SPACE',''
  ) );
#7560 = PCURVE('',#7122,#7561);
#7561 = DEFINITIONAL_REPRESENTATION('',(#7562),#7566);
#7562 = LINE('',#7563,#7564);
#7563 = CARTESIAN_POINT('',(7.4,-10.));
#7564 = VECTOR('',#7565,1.);
#7565 = DIRECTION('',(0.,-1.));
#7566 = ( GEOMETRIC_REPRESENTATION_CONTEXT(2) 
PARAMETRIC_REPRESENTATION_CONTEXT() REPRESENTATION_CONTEXT('2D SPACE',''
  ) );
#7567 = ADVANCED_FACE('',(#7568),#6844,.F.);
#7568 = FACE_BOUND('',#7569,.F.);
#7569 = EDGE_LOOP('',(#7570,#7571,#7594,#7615));
#7570 = ORIENTED_EDGE('',*,*,#7440,.F.);
#7571 = ORIENTED_EDGE('',*,*,#7572,.F.);
#7572 = EDGE_CURVE('',#7573,#7441,#7575,.T.);
#7573 = VERTEX_POINT('',#7574);
#7574 = CARTESIAN_POINT('',(32.,10.1,-25.05));
#7575 = SURFACE_CURVE('',#7576,(#7580,#7587),.PCURVE_S1.);
#7576 = LINE('',#7577,#7578);
#7577 = CARTESIAN_POINT('',(32.,10.1,-25.05));
#7578 = VECTOR('',#7579,1.);
#7579 = DIRECTION('',(0.,0.,1.));
#7580 = PCURVE('',#6844,#7581);
#7581 = DEFINITIONAL_REPRESENTATION('',(#7582),#7586);
#7582 = LINE('',#7583,#7584);
#7583 = CARTESIAN_POINT('',(0.,0.));
#7584 = VECTOR('',#7585,1.);
#7585 = DIRECTION('',(1.,0.));
#7586 = ( GEOMETRIC_REPRESENTATION_CONTEXT(2) 
PARAMETRIC_REPRESENTATION_CONTEXT() REPRESENTATION_CONTEXT('2D SPACE',''
  ) );
#7587 = PCURVE('',#7479,#7588);
#7588 = DEFINITIONAL_REPRESENTATION('',(#7589),#7593);
#7589 = LINE('',#7590,#7591);
#7590 = CARTESIAN_POINT('',(0.,0.));
#7591 = VECTOR('',#7592,1.);
#7592 = DIRECTION('',(1.,0.));
#7593 = ( GEOMETRIC_REPRESENTATION_CONTEXT(2) 
PARAMETRIC_REPRESENTATION_CONTEXT() REPRESENTATION_CONTEXT('2D SPACE',''
  ) );
#7594 = ORIENTED_EDGE('',*,*,#7595,.T.);
#7595 = EDGE_CURVE('',#7573,#6829,#7596,.T.);
#7596 = SURFACE_CURVE('',#7597,(#7601,#7608),.PCURVE_S1.);
#7597 = LINE('',#7598,#7599);
#7598 = CARTESIAN_POINT('',(32.,10.1,-25.05));
#7599 = VECTOR('',#7600,1.);
#7600 = DIRECTION('',(-0.,1.,0.));
#7601 = PCURVE('',#6844,#7602);
#7602 = DEFINITIONAL_REPRESENTATION('',(#7603),#7607);
#7603 = LINE('',#7604,#7605);
#7604 = CARTESIAN_POINT('',(0.,0.));
#7605 = VECTOR('',#7606,1.);
#7606 = DIRECTION('',(0.,-1.));
#7607 = ( GEOMETRIC_REPRESENTATION_CONTEXT(2) 
PARAMETRIC_REPRESENTATION_CONTEXT() REPRESENTATION_CONTEXT('2D SPACE',''
  ) );
#7608 = PCURVE('',#6869,#7609);
#7609 = DEFINITIONAL_REPRESENTATION('',(#7610),#7614);
#7610 = LINE('',#7611,#7612);
#7611 = CARTESIAN_POINT('',(26.,-19.4));
#7612 = VECTOR('',#7613,1.);
#7613 = DIRECTION('',(0.,1.));
#7614 = ( GEOMETRIC_REPRESENTATION_CONTEXT(2) 
PARAMETRIC_REPRESENTATION_CONTEXT() REPRESENTATION_CONTEXT('2D SPACE',''
  ) );
#7615 = ORIENTED_EDGE('',*,*,#6828,.T.);
#7616 = ADVANCED_FACE('',(#7617),#6869,.F.);
#7617 = FACE_BOUND('',#7618,.F.);
#7618 = EDGE_LOOP('',(#7619,#7620,#7621,#7622,#7623,#7646,#7669,#7692));
#7619 = ORIENTED_EDGE('',*,*,#7134,.F.);
#7620 = ORIENTED_EDGE('',*,*,#6884,.T.);
#7621 = ORIENTED_EDGE('',*,*,#6855,.T.);
#7622 = ORIENTED_EDGE('',*,*,#7595,.F.);
#7623 = ORIENTED_EDGE('',*,*,#7624,.F.);
#7624 = EDGE_CURVE('',#7625,#7573,#7627,.T.);
#7625 = VERTEX_POINT('',#7626);
#7626 = CARTESIAN_POINT('',(39.85,10.1,-25.05));
#7627 = SURFACE_CURVE('',#7628,(#7632,#7639),.PCURVE_S1.);
#7628 = LINE('',#7629,#7630);
#7629 = CARTESIAN_POINT('',(39.85,10.1,-25.05));
#7630 = VECTOR('',#7631,1.);
#7631 = DIRECTION('',(-1.,2.26287495465E-16,0.));
#7632 = PCURVE('',#6869,#7633);
#7633 = DEFINITIONAL_REPRESENTATION('',(#7634),#7638);
#7634 = LINE('',#7635,#7636);
#7635 = CARTESIAN_POINT('',(33.85,-19.4));
#7636 = VECTOR('',#7637,1.);
#7637 = DIRECTION('',(-1.,2.26287495465E-16));
#7638 = ( GEOMETRIC_REPRESENTATION_CONTEXT(2) 
PARAMETRIC_REPRESENTATION_CONTEXT() REPRESENTATION_CONTEXT('2D SPACE',''
  ) );
#7639 = PCURVE('',#7479,#7640);
#7640 = DEFINITIONAL_REPRESENTATION('',(#7641),#7645);
#7641 = LINE('',#7642,#7643);
#7642 = CARTESIAN_POINT('',(0.,7.85));
#7643 = VECTOR('',#7644,1.);
#7644 = DIRECTION('',(0.,-1.));
#7645 = ( GEOMETRIC_REPRESENTATION_CONTEXT(2) 
PARAMETRIC_REPRESENTATION_CONTEXT() REPRESENTATION_CONTEXT('2D SPACE',''
  ) );
#7646 = ORIENTED_EDGE('',*,*,#7647,.T.);
#7647 = EDGE_CURVE('',#7625,#7648,#7650,.T.);
#7648 = VERTEX_POINT('',#7649);
#7649 = CARTESIAN_POINT('',(39.85,20.1,-25.05));
#7650 = SURFACE_CURVE('',#7651,(#7655,#7662),.PCURVE_S1.);
#7651 = LINE('',#7652,#7653);
#7652 = CARTESIAN_POINT('',(39.85,10.1,-25.05));
#7653 = VECTOR('',#7654,1.);
#7654 = DIRECTION('',(-0.,1.,0.));
#7655 = PCURVE('',#6869,#7656);
#7656 = DEFINITIONAL_REPRESENTATION('',(#7657),#7661);
#7657 = LINE('',#7658,#7659);
#7658 = CARTESIAN_POINT('',(33.85,-19.4));
#7659 = VECTOR('',#7660,1.);
#7660 = DIRECTION('',(0.,1.));
#7661 = ( GEOMETRIC_REPRESENTATION_CONTEXT(2) 
PARAMETRIC_REPRESENTATION_CONTEXT() REPRESENTATION_CONTEXT('2D SPACE',''
  ) );
#7662 = PCURVE('',#7507,#7663);
#7663 = DEFINITIONAL_REPRESENTATION('',(#7664),#7668);
#7664 = LINE('',#7665,#7666);
#7665 = CARTESIAN_POINT('',(0.,0.));
#7666 = VECTOR('',#7667,1.);
#7667 = DIRECTION('',(0.,-1.));
#7668 = ( GEOMETRIC_REPRESENTATION_CONTEXT(2) 
PARAMETRIC_REPRESENTATION_CONTEXT() REPRESENTATION_CONTEXT('2D SPACE',''
  ) );
#7669 = ORIENTED_EDGE('',*,*,#7670,.F.);
#7670 = EDGE_CURVE('',#7671,#7648,#7673,.T.);
#7671 = VERTEX_POINT('',#7672);
#7672 = CARTESIAN_POINT('',(39.,20.1,-25.05));
#7673 = SURFACE_CURVE('',#7674,(#7678,#7685),.PCURVE_S1.);
#7674 = LINE('',#7675,#7676);
#7675 = CARTESIAN_POINT('',(33.4,20.1,-25.05));
#7676 = VECTOR('',#7677,1.);
#7677 = DIRECTION('',(1.,0.,-0.));
#7678 = PCURVE('',#6869,#7679);
#7679 = DEFINITIONAL_REPRESENTATION('',(#7680),#7684);
#7680 = LINE('',#7681,#7682);
#7681 = CARTESIAN_POINT('',(27.4,-9.4));
#7682 = VECTOR('',#7683,1.);
#7683 = DIRECTION('',(1.,0.));
#7684 = ( GEOMETRIC_REPRESENTATION_CONTEXT(2) 
PARAMETRIC_REPRESENTATION_CONTEXT() REPRESENTATION_CONTEXT('2D SPACE',''
  ) );
#7685 = PCURVE('',#7535,#7686);
#7686 = DEFINITIONAL_REPRESENTATION('',(#7687),#7691);
#7687 = LINE('',#7688,#7689);
#7688 = CARTESIAN_POINT('',(0.,0.));
#7689 = VECTOR('',#7690,1.);
#7690 = DIRECTION('',(0.,1.));
#7691 = ( GEOMETRIC_REPRESENTATION_CONTEXT(2) 
PARAMETRIC_REPRESENTATION_CONTEXT() REPRESENTATION_CONTEXT('2D SPACE',''
  ) );
#7692 = ORIENTED_EDGE('',*,*,#7693,.F.);
#7693 = EDGE_CURVE('',#7107,#7671,#7694,.T.);
#7694 = SURFACE_CURVE('',#7695,(#7699,#7706),.PCURVE_S1.);
#7695 = LINE('',#7696,#7697);
#7696 = CARTESIAN_POINT('',(39.,39.5,-25.05));
#7697 = VECTOR('',#7698,1.);
#7698 = DIRECTION('',(0.,-1.,0.));
#7699 = PCURVE('',#6869,#7700);
#7700 = DEFINITIONAL_REPRESENTATION('',(#7701),#7705);
#7701 = LINE('',#7702,#7703);
#7702 = CARTESIAN_POINT('',(33.,10.));
#7703 = VECTOR('',#7704,1.);
#7704 = DIRECTION('',(0.,-1.));
#7705 = ( GEOMETRIC_REPRESENTATION_CONTEXT(2) 
PARAMETRIC_REPRESENTATION_CONTEXT() REPRESENTATION_CONTEXT('2D SPACE',''
  ) );
#7706 = PCURVE('',#7122,#7707);
#7707 = DEFINITIONAL_REPRESENTATION('',(#7708),#7712);
#7708 = LINE('',#7709,#7710);
#7709 = CARTESIAN_POINT('',(0.,-29.4));
#7710 = VECTOR('',#7711,1.);
#7711 = DIRECTION('',(0.,1.));
#7712 = ( GEOMETRIC_REPRESENTATION_CONTEXT(2) 
PARAMETRIC_REPRESENTATION_CONTEXT() REPRESENTATION_CONTEXT('2D SPACE',''
  ) );
#7713 = ADVANCED_FACE('',(#7714),#7025,.T.);
#7714 = FACE_BOUND('',#7715,.T.);
#7715 = EDGE_LOOP('',(#7716,#7717,#7740,#7767,#7788,#7789));
#7716 = ORIENTED_EDGE('',*,*,#7211,.F.);
#7717 = ORIENTED_EDGE('',*,*,#7718,.T.);
#7718 = EDGE_CURVE('',#7184,#7719,#7721,.T.);
#7719 = VERTEX_POINT('',#7720);
#7720 = CARTESIAN_POINT('',(39.,20.1,17.65));
#7721 = SURFACE_CURVE('',#7722,(#7726,#7733),.PCURVE_S1.);
#7722 = LINE('',#7723,#7724);
#7723 = CARTESIAN_POINT('',(39.,20.1,1.3));
#7724 = VECTOR('',#7725,1.);
#7725 = DIRECTION('',(0.,0.,1.));
#7726 = PCURVE('',#7025,#7727);
#7727 = DEFINITIONAL_REPRESENTATION('',(#7728),#7732);
#7728 = LINE('',#7729,#7730);
#7729 = CARTESIAN_POINT('',(8.881784197001E-16,-10.));
#7730 = VECTOR('',#7731,1.);
#7731 = DIRECTION('',(1.,0.));
#7732 = ( GEOMETRIC_REPRESENTATION_CONTEXT(2) 
PARAMETRIC_REPRESENTATION_CONTEXT() REPRESENTATION_CONTEXT('2D SPACE',''
  ) );
#7733 = PCURVE('',#7199,#7734);
#7734 = DEFINITIONAL_REPRESENTATION('',(#7735),#7739);
#7735 = LINE('',#7736,#7737);
#7736 = CARTESIAN_POINT('',(0.,7.));
#7737 = VECTOR('',#7738,1.);
#7738 = DIRECTION('',(1.,0.));
#7739 = ( GEOMETRIC_REPRESENTATION_CONTEXT(2) 
PARAMETRIC_REPRESENTATION_CONTEXT() REPRESENTATION_CONTEXT('2D SPACE',''
  ) );
#7740 = ORIENTED_EDGE('',*,*,#7741,.F.);
#7741 = EDGE_CURVE('',#7742,#7719,#7744,.T.);
#7742 = VERTEX_POINT('',#7743);
#7743 = CARTESIAN_POINT('',(39.,10.1,17.65));
#7744 = SURFACE_CURVE('',#7745,(#7749,#7756),.PCURVE_S1.);
#7745 = LINE('',#7746,#7747);
#7746 = CARTESIAN_POINT('',(39.,10.1,17.65));
#7747 = VECTOR('',#7748,1.);
#7748 = DIRECTION('',(-0.,1.,0.));
#7749 = PCURVE('',#7025,#7750);
#7750 = DEFINITIONAL_REPRESENTATION('',(#7751),#7755);
#7751 = LINE('',#7752,#7753);
#7752 = CARTESIAN_POINT('',(16.35,1.7763568394E-15));
#7753 = VECTOR('',#7754,1.);
#7754 = DIRECTION('',(0.,-1.));
#7755 = ( GEOMETRIC_REPRESENTATION_CONTEXT(2) 
PARAMETRIC_REPRESENTATION_CONTEXT() REPRESENTATION_CONTEXT('2D SPACE',''
  ) );
#7756 = PCURVE('',#7757,#7762);
#7757 = PLANE('',#7758);
#7758 = AXIS2_PLACEMENT_3D('',#7759,#7760,#7761);
#7759 = CARTESIAN_POINT('',(33.4,10.1,17.65));
#7760 = DIRECTION('',(0.,0.,1.));
#7761 = DIRECTION('',(1.,0.,-0.));
#7762 = DEFINITIONAL_REPRESENTATION('',(#7763),#7766);
#7763 = B_SPLINE_CURVE_WITH_KNOTS('',1,(#7764,#7765),.UNSPECIFIED.,.F.,
  .F.,(2,2),(0.,10.),.PIECEWISE_BEZIER_KNOTS.);
#7764 = CARTESIAN_POINT('',(5.6,0.));
#7765 = CARTESIAN_POINT('',(5.6,10.));
#7766 = ( GEOMETRIC_REPRESENTATION_CONTEXT(2) 
PARAMETRIC_REPRESENTATION_CONTEXT() REPRESENTATION_CONTEXT('2D SPACE',''
  ) );
#7767 = ORIENTED_EDGE('',*,*,#7768,.T.);
#7768 = EDGE_CURVE('',#7742,#7364,#7769,.T.);
#7769 = SURFACE_CURVE('',#7770,(#7774,#7781),.PCURVE_S1.);
#7770 = LINE('',#7771,#7772);
#7771 = CARTESIAN_POINT('',(39.,10.1,17.65));
#7772 = VECTOR('',#7773,1.);
#7773 = DIRECTION('',(0.,1.086456782508E-16,-1.));
#7774 = PCURVE('',#7025,#7775);
#7775 = DEFINITIONAL_REPRESENTATION('',(#7776),#7780);
#7776 = LINE('',#7777,#7778);
#7777 = CARTESIAN_POINT('',(16.35,1.7763568394E-15));
#7778 = VECTOR('',#7779,1.);
#7779 = DIRECTION('',(-1.,-1.086456782508E-16));
#7780 = ( GEOMETRIC_REPRESENTATION_CONTEXT(2) 
PARAMETRIC_REPRESENTATION_CONTEXT() REPRESENTATION_CONTEXT('2D SPACE',''
  ) );
#7781 = PCURVE('',#7304,#7782);
#7782 = DEFINITIONAL_REPRESENTATION('',(#7783),#7787);
#7783 = LINE('',#7784,#7785);
#7784 = CARTESIAN_POINT('',(16.35,7.));
#7785 = VECTOR('',#7786,1.);
#7786 = DIRECTION('',(-1.,0.));
#7787 = ( GEOMETRIC_REPRESENTATION_CONTEXT(2) 
PARAMETRIC_REPRESENTATION_CONTEXT() REPRESENTATION_CONTEXT('2D SPACE',''
  ) );
#7788 = ORIENTED_EDGE('',*,*,#7386,.F.);
#7789 = ORIENTED_EDGE('',*,*,#7009,.T.);
#7790 = ADVANCED_FACE('',(#7791),#7122,.T.);
#7791 = FACE_BOUND('',#7792,.T.);
#7792 = EDGE_LOOP('',(#7793,#7794,#7814,#7815));
#7793 = ORIENTED_EDGE('',*,*,#7547,.F.);
#7794 = ORIENTED_EDGE('',*,*,#7795,.T.);
#7795 = EDGE_CURVE('',#7520,#7671,#7796,.T.);
#7796 = SURFACE_CURVE('',#7797,(#7801,#7808),.PCURVE_S1.);
#7797 = LINE('',#7798,#7799);
#7798 = CARTESIAN_POINT('',(39.,20.1,-25.05));
#7799 = VECTOR('',#7800,1.);
#7800 = DIRECTION('',(-0.,0.,-1.));
#7801 = PCURVE('',#7122,#7802);
#7802 = DEFINITIONAL_REPRESENTATION('',(#7803),#7807);
#7803 = LINE('',#7804,#7805);
#7804 = CARTESIAN_POINT('',(0.,-10.));
#7805 = VECTOR('',#7806,1.);
#7806 = DIRECTION('',(-1.,-0.));
#7807 = ( GEOMETRIC_REPRESENTATION_CONTEXT(2) 
PARAMETRIC_REPRESENTATION_CONTEXT() REPRESENTATION_CONTEXT('2D SPACE',''
  ) );
#7808 = PCURVE('',#7535,#7809);
#7809 = DEFINITIONAL_REPRESENTATION('',(#7810),#7813);
#7810 = B_SPLINE_CURVE_WITH_KNOTS('',1,(#7811,#7812),.UNSPECIFIED.,.F.,
  .F.,(2,2),(-7.4,-0.),.PIECEWISE_BEZIER_KNOTS.);
#7811 = CARTESIAN_POINT('',(7.4,5.6));
#7812 = CARTESIAN_POINT('',(0.,5.6));
#7813 = ( GEOMETRIC_REPRESENTATION_CONTEXT(2) 
PARAMETRIC_REPRESENTATION_CONTEXT() REPRESENTATION_CONTEXT('2D SPACE',''
  ) );
#7814 = ORIENTED_EDGE('',*,*,#7693,.F.);
#7815 = ORIENTED_EDGE('',*,*,#7106,.T.);
#7816 = ADVANCED_FACE('',(#7817,#7894),#7199,.T.);
#7817 = FACE_BOUND('',#7818,.T.);
#7818 = EDGE_LOOP('',(#7819,#7820,#7821,#7822,#7845,#7873));
#7819 = ORIENTED_EDGE('',*,*,#7718,.F.);
#7820 = ORIENTED_EDGE('',*,*,#7183,.F.);
#7821 = ORIENTED_EDGE('',*,*,#7237,.T.);
#7822 = ORIENTED_EDGE('',*,*,#7823,.T.);
#7823 = EDGE_CURVE('',#7238,#7824,#7826,.T.);
#7824 = VERTEX_POINT('',#7825);
#7825 = CARTESIAN_POINT('',(39.85,20.1,25.05));
#7826 = SURFACE_CURVE('',#7827,(#7831,#7838),.PCURVE_S1.);
#7827 = LINE('',#7828,#7829);
#7828 = CARTESIAN_POINT('',(32.,20.1,25.05));
#7829 = VECTOR('',#7830,1.);
#7830 = DIRECTION('',(1.,0.,4.5257499093E-16));
#7831 = PCURVE('',#7199,#7832);
#7832 = DEFINITIONAL_REPRESENTATION('',(#7833),#7837);
#7833 = LINE('',#7834,#7835);
#7834 = CARTESIAN_POINT('',(23.75,0.));
#7835 = VECTOR('',#7836,1.);
#7836 = DIRECTION('',(4.5257499093E-16,1.));
#7837 = ( GEOMETRIC_REPRESENTATION_CONTEXT(2) 
PARAMETRIC_REPRESENTATION_CONTEXT() REPRESENTATION_CONTEXT('2D SPACE',''
  ) );
#7838 = PCURVE('',#7276,#7839);
#7839 = DEFINITIONAL_REPRESENTATION('',(#7840),#7844);
#7840 = LINE('',#7841,#7842);
#7841 = CARTESIAN_POINT('',(0.,10.));
#7842 = VECTOR('',#7843,1.);
#7843 = DIRECTION('',(1.,0.));
#7844 = ( GEOMETRIC_REPRESENTATION_CONTEXT(2) 
PARAMETRIC_REPRESENTATION_CONTEXT() REPRESENTATION_CONTEXT('2D SPACE',''
  ) );
#7845 = ORIENTED_EDGE('',*,*,#7846,.F.);
#7846 = EDGE_CURVE('',#7847,#7824,#7849,.T.);
#7847 = VERTEX_POINT('',#7848);
#7848 = CARTESIAN_POINT('',(39.85,20.1,17.65));
#7849 = SURFACE_CURVE('',#7850,(#7854,#7861),.PCURVE_S1.);
#7850 = LINE('',#7851,#7852);
#7851 = CARTESIAN_POINT('',(39.85,20.1,17.65));
#7852 = VECTOR('',#7853,1.);
#7853 = DIRECTION('',(0.,0.,1.));
#7854 = PCURVE('',#7199,#7855);
#7855 = DEFINITIONAL_REPRESENTATION('',(#7856),#7860);
#7856 = LINE('',#7857,#7858);
#7857 = CARTESIAN_POINT('',(16.35,7.85));
#7858 = VECTOR('',#7859,1.);
#7859 = DIRECTION('',(1.,0.));
#7860 = ( GEOMETRIC_REPRESENTATION_CONTEXT(2) 
PARAMETRIC_REPRESENTATION_CONTEXT() REPRESENTATION_CONTEXT('2D SPACE',''
  ) );
#7861 = PCURVE('',#7862,#7867);
#7862 = PLANE('',#7863);
#7863 = AXIS2_PLACEMENT_3D('',#7864,#7865,#7866);
#7864 = CARTESIAN_POINT('',(39.85,10.1,17.65));
#7865 = DIRECTION('',(1.,0.,-0.));
#7866 = DIRECTION('',(0.,0.,1.));
#7867 = DEFINITIONAL_REPRESENTATION('',(#7868),#7872);
#7868 = LINE('',#7869,#7870);
#7869 = CARTESIAN_POINT('',(0.,-10.));
#7870 = VECTOR('',#7871,1.);
#7871 = DIRECTION('',(1.,0.));
#7872 = ( GEOMETRIC_REPRESENTATION_CONTEXT(2) 
PARAMETRIC_REPRESENTATION_CONTEXT() REPRESENTATION_CONTEXT('2D SPACE',''
  ) );
#7873 = ORIENTED_EDGE('',*,*,#7874,.F.);
#7874 = EDGE_CURVE('',#7719,#7847,#7875,.T.);
#7875 = SURFACE_CURVE('',#7876,(#7880,#7887),.PCURVE_S1.);
#7876 = LINE('',#7877,#7878);
#7877 = CARTESIAN_POINT('',(33.4,20.1,17.65));
#7878 = VECTOR('',#7879,1.);
#7879 = DIRECTION('',(1.,0.,-0.));
#7880 = PCURVE('',#7199,#7881);
#7881 = DEFINITIONAL_REPRESENTATION('',(#7882),#7886);
#7882 = LINE('',#7883,#7884);
#7883 = CARTESIAN_POINT('',(16.35,1.4));
#7884 = VECTOR('',#7885,1.);
#7885 = DIRECTION('',(0.,1.));
#7886 = ( GEOMETRIC_REPRESENTATION_CONTEXT(2) 
PARAMETRIC_REPRESENTATION_CONTEXT() REPRESENTATION_CONTEXT('2D SPACE',''
  ) );
#7887 = PCURVE('',#7757,#7888);
#7888 = DEFINITIONAL_REPRESENTATION('',(#7889),#7893);
#7889 = LINE('',#7890,#7891);
#7890 = CARTESIAN_POINT('',(0.,10.));
#7891 = VECTOR('',#7892,1.);
#7892 = DIRECTION('',(1.,0.));
#7893 = ( GEOMETRIC_REPRESENTATION_CONTEXT(2) 
PARAMETRIC_REPRESENTATION_CONTEXT() REPRESENTATION_CONTEXT('2D SPACE',''
  ) );
#7894 = FACE_BOUND('',#7895,.T.);
#7895 = EDGE_LOOP('',(#7896));
#7896 = ORIENTED_EDGE('',*,*,#7897,.T.);
#7897 = EDGE_CURVE('',#7898,#7898,#7900,.T.);
#7898 = VERTEX_POINT('',#7899);
#7899 = CARTESIAN_POINT('',(38.8,20.1,21.35));
#7900 = SURFACE_CURVE('',#7901,(#7906,#7917),.PCURVE_S1.);
#7901 = CIRCLE('',#7902,1.7);
#7902 = AXIS2_PLACEMENT_3D('',#7903,#7904,#7905);
#7903 = CARTESIAN_POINT('',(37.1,20.1,21.35));
#7904 = DIRECTION('',(0.,-1.,0.));
#7905 = DIRECTION('',(1.,0.,0.));
#7906 = PCURVE('',#7199,#7907);
#7907 = DEFINITIONAL_REPRESENTATION('',(#7908),#7916);
#7908 = ( BOUNDED_CURVE() B_SPLINE_CURVE(2,(#7909,#7910,#7911,#7912,
#7913,#7914,#7915),.UNSPECIFIED.,.T.,.F.) B_SPLINE_CURVE_WITH_KNOTS((1,2
    ,2,2,2,1),(-2.094395102393,0.,2.094395102393,4.188790204786,
6.28318530718,8.377580409573),.UNSPECIFIED.) CURVE() 
GEOMETRIC_REPRESENTATION_ITEM() RATIONAL_B_SPLINE_CURVE((1.,0.5,1.,0.5,
1.,0.5,1.)) REPRESENTATION_ITEM('') );
#7909 = CARTESIAN_POINT('',(20.05,6.8));
#7910 = CARTESIAN_POINT('',(22.994486372867,6.8));
#7911 = CARTESIAN_POINT('',(21.522243186434,4.25));
#7912 = CARTESIAN_POINT('',(20.05,1.7));
#7913 = CARTESIAN_POINT('',(18.577756813566,4.25));
#7914 = CARTESIAN_POINT('',(17.105513627133,6.8));
#7915 = CARTESIAN_POINT('',(20.05,6.8));
#7916 = ( GEOMETRIC_REPRESENTATION_CONTEXT(2) 
PARAMETRIC_REPRESENTATION_CONTEXT() REPRESENTATION_CONTEXT('2D SPACE',''
  ) );
#7917 = PCURVE('',#7918,#7923);
#7918 = CYLINDRICAL_SURFACE('',#7919,1.7);
#7919 = AXIS2_PLACEMENT_3D('',#7920,#7921,#7922);
#7920 = CARTESIAN_POINT('',(37.1,20.6,21.35));
#7921 = DIRECTION('',(0.,-1.,0.));
#7922 = DIRECTION('',(1.,0.,0.));
#7923 = DEFINITIONAL_REPRESENTATION('',(#7924),#7928);
#7924 = LINE('',#7925,#7926);
#7925 = CARTESIAN_POINT('',(0.,0.5));
#7926 = VECTOR('',#7927,1.);
#7927 = DIRECTION('',(1.,0.));
#7928 = ( GEOMETRIC_REPRESENTATION_CONTEXT(2) 
PARAMETRIC_REPRESENTATION_CONTEXT() REPRESENTATION_CONTEXT('2D SPACE',''
  ) );
#7929 = ADVANCED_FACE('',(#7930),#7276,.T.);
#7930 = FACE_BOUND('',#7931,.T.);
#7931 = EDGE_LOOP('',(#7932,#7933,#7934,#7957));
#7932 = ORIENTED_EDGE('',*,*,#7823,.F.);
#7933 = ORIENTED_EDGE('',*,*,#7260,.F.);
#7934 = ORIENTED_EDGE('',*,*,#7935,.F.);
#7935 = EDGE_CURVE('',#7936,#7261,#7938,.T.);
#7936 = VERTEX_POINT('',#7937);
#7937 = CARTESIAN_POINT('',(39.85,10.1,25.05));
#7938 = SURFACE_CURVE('',#7939,(#7943,#7950),.PCURVE_S1.);
#7939 = LINE('',#7940,#7941);
#7940 = CARTESIAN_POINT('',(39.85,10.1,25.05));
#7941 = VECTOR('',#7942,1.);
#7942 = DIRECTION('',(-1.,0.,-4.5257499093E-16));
#7943 = PCURVE('',#7276,#7944);
#7944 = DEFINITIONAL_REPRESENTATION('',(#7945),#7949);
#7945 = LINE('',#7946,#7947);
#7946 = CARTESIAN_POINT('',(7.85,0.));
#7947 = VECTOR('',#7948,1.);
#7948 = DIRECTION('',(-1.,0.));
#7949 = ( GEOMETRIC_REPRESENTATION_CONTEXT(2) 
PARAMETRIC_REPRESENTATION_CONTEXT() REPRESENTATION_CONTEXT('2D SPACE',''
  ) );
#7950 = PCURVE('',#7304,#7951);
#7951 = DEFINITIONAL_REPRESENTATION('',(#7952),#7956);
#7952 = LINE('',#7953,#7954);
#7953 = CARTESIAN_POINT('',(23.75,7.85));
#7954 = VECTOR('',#7955,1.);
#7955 = DIRECTION('',(-4.5257499093E-16,-1.));
#7956 = ( GEOMETRIC_REPRESENTATION_CONTEXT(2) 
PARAMETRIC_REPRESENTATION_CONTEXT() REPRESENTATION_CONTEXT('2D SPACE',''
  ) );
#7957 = ORIENTED_EDGE('',*,*,#7958,.T.);
#7958 = EDGE_CURVE('',#7936,#7824,#7959,.T.);
#7959 = SURFACE_CURVE('',#7960,(#7964,#7971),.PCURVE_S1.);
#7960 = LINE('',#7961,#7962);
#7961 = CARTESIAN_POINT('',(39.85,10.1,25.05));
#7962 = VECTOR('',#7963,1.);
#7963 = DIRECTION('',(-0.,1.,0.));
#7964 = PCURVE('',#7276,#7965);
#7965 = DEFINITIONAL_REPRESENTATION('',(#7966),#7970);
#7966 = LINE('',#7967,#7968);
#7967 = CARTESIAN_POINT('',(7.85,0.));
#7968 = VECTOR('',#7969,1.);
#7969 = DIRECTION('',(0.,1.));
#7970 = ( GEOMETRIC_REPRESENTATION_CONTEXT(2) 
PARAMETRIC_REPRESENTATION_CONTEXT() REPRESENTATION_CONTEXT('2D SPACE',''
  ) );
#7971 = PCURVE('',#7862,#7972);
#7972 = DEFINITIONAL_REPRESENTATION('',(#7973),#7977);
#7973 = LINE('',#7974,#7975);
#7974 = CARTESIAN_POINT('',(7.4,0.));
#7975 = VECTOR('',#7976,1.);
#7976 = DIRECTION('',(0.,-1.));
#7977 = ( GEOMETRIC_REPRESENTATION_CONTEXT(2) 
PARAMETRIC_REPRESENTATION_CONTEXT() REPRESENTATION_CONTEXT('2D SPACE',''
  ) );
#7978 = ADVANCED_FACE('',(#7979,#8029,#8143),#7304,.F.);
#7979 = FACE_BOUND('',#7980,.F.);
#7980 = EDGE_LOOP('',(#7981,#7982,#7983,#7984,#8007,#8028));
#7981 = ORIENTED_EDGE('',*,*,#7363,.F.);
#7982 = ORIENTED_EDGE('',*,*,#7288,.T.);
#7983 = ORIENTED_EDGE('',*,*,#7935,.F.);
#7984 = ORIENTED_EDGE('',*,*,#7985,.F.);
#7985 = EDGE_CURVE('',#7986,#7936,#7988,.T.);
#7986 = VERTEX_POINT('',#7987);
#7987 = CARTESIAN_POINT('',(39.85,10.1,17.65));
#7988 = SURFACE_CURVE('',#7989,(#7993,#8000),.PCURVE_S1.);
#7989 = LINE('',#7990,#7991);
#7990 = CARTESIAN_POINT('',(39.85,10.1,17.65));
#7991 = VECTOR('',#7992,1.);
#7992 = DIRECTION('',(0.,0.,1.));
#7993 = PCURVE('',#7304,#7994);
#7994 = DEFINITIONAL_REPRESENTATION('',(#7995),#7999);
#7995 = LINE('',#7996,#7997);
#7996 = CARTESIAN_POINT('',(16.35,7.85));
#7997 = VECTOR('',#7998,1.);
#7998 = DIRECTION('',(1.,0.));
#7999 = ( GEOMETRIC_REPRESENTATION_CONTEXT(2) 
PARAMETRIC_REPRESENTATION_CONTEXT() REPRESENTATION_CONTEXT('2D SPACE',''
  ) );
#8000 = PCURVE('',#7862,#8001);
#8001 = DEFINITIONAL_REPRESENTATION('',(#8002),#8006);
#8002 = LINE('',#8003,#8004);
#8003 = CARTESIAN_POINT('',(0.,0.));
#8004 = VECTOR('',#8005,1.);
#8005 = DIRECTION('',(1.,0.));
#8006 = ( GEOMETRIC_REPRESENTATION_CONTEXT(2) 
PARAMETRIC_REPRESENTATION_CONTEXT() REPRESENTATION_CONTEXT('2D SPACE',''
  ) );
#8007 = ORIENTED_EDGE('',*,*,#8008,.F.);
#8008 = EDGE_CURVE('',#7742,#7986,#8009,.T.);
#8009 = SURFACE_CURVE('',#8010,(#8014,#8021),.PCURVE_S1.);
#8010 = LINE('',#8011,#8012);
#8011 = CARTESIAN_POINT('',(33.4,10.1,17.65));
#8012 = VECTOR('',#8013,1.);
#8013 = DIRECTION('',(1.,0.,-0.));
#8014 = PCURVE('',#7304,#8015);
#8015 = DEFINITIONAL_REPRESENTATION('',(#8016),#8020);
#8016 = LINE('',#8017,#8018);
#8017 = CARTESIAN_POINT('',(16.35,1.4));
#8018 = VECTOR('',#8019,1.);
#8019 = DIRECTION('',(0.,1.));
#8020 = ( GEOMETRIC_REPRESENTATION_CONTEXT(2) 
PARAMETRIC_REPRESENTATION_CONTEXT() REPRESENTATION_CONTEXT('2D SPACE',''
  ) );
#8021 = PCURVE('',#7757,#8022);
#8022 = DEFINITIONAL_REPRESENTATION('',(#8023),#8027);
#8023 = LINE('',#8024,#8025);
#8024 = CARTESIAN_POINT('',(0.,0.));
#8025 = VECTOR('',#8026,1.);
#8026 = DIRECTION('',(1.,0.));
#8027 = ( GEOMETRIC_REPRESENTATION_CONTEXT(2) 
PARAMETRIC_REPRESENTATION_CONTEXT() REPRESENTATION_CONTEXT('2D SPACE',''
  ) );
#8028 = ORIENTED_EDGE('',*,*,#7768,.T.);
#8029 = FACE_BOUND('',#8030,.F.);
#8030 = EDGE_LOOP('',(#8031,#8061,#8089,#8117));
#8031 = ORIENTED_EDGE('',*,*,#8032,.F.);
#8032 = EDGE_CURVE('',#8033,#8035,#8037,.T.);
#8033 = VERTEX_POINT('',#8034);
#8034 = CARTESIAN_POINT('',(34.05,10.1,24.2));
#8035 = VERTEX_POINT('',#8036);
#8036 = CARTESIAN_POINT('',(35.35,10.1,24.2));
#8037 = SURFACE_CURVE('',#8038,(#8042,#8049),.PCURVE_S1.);
#8038 = LINE('',#8039,#8040);
#8039 = CARTESIAN_POINT('',(34.05,10.1,24.2));
#8040 = VECTOR('',#8041,1.);
#8041 = DIRECTION('',(1.,0.,-0.));
#8042 = PCURVE('',#7304,#8043);
#8043 = DEFINITIONAL_REPRESENTATION('',(#8044),#8048);
#8044 = LINE('',#8045,#8046);
#8045 = CARTESIAN_POINT('',(22.9,2.05));
#8046 = VECTOR('',#8047,1.);
#8047 = DIRECTION('',(0.,1.));
#8048 = ( GEOMETRIC_REPRESENTATION_CONTEXT(2) 
PARAMETRIC_REPRESENTATION_CONTEXT() REPRESENTATION_CONTEXT('2D SPACE',''
  ) );
#8049 = PCURVE('',#8050,#8055);
#8050 = PLANE('',#8051);
#8051 = AXIS2_PLACEMENT_3D('',#8052,#8053,#8054);
#8052 = CARTESIAN_POINT('',(34.05,10.1,24.2));
#8053 = DIRECTION('',(0.,0.,1.));
#8054 = DIRECTION('',(1.,0.,-0.));
#8055 = DEFINITIONAL_REPRESENTATION('',(#8056),#8060);
#8056 = LINE('',#8057,#8058);
#8057 = CARTESIAN_POINT('',(0.,0.));
#8058 = VECTOR('',#8059,1.);
#8059 = DIRECTION('',(1.,0.));
#8060 = ( GEOMETRIC_REPRESENTATION_CONTEXT(2) 
PARAMETRIC_REPRESENTATION_CONTEXT() REPRESENTATION_CONTEXT('2D SPACE',''
  ) );
#8061 = ORIENTED_EDGE('',*,*,#8062,.F.);
#8062 = EDGE_CURVE('',#8063,#8033,#8065,.T.);
#8063 = VERTEX_POINT('',#8064);
#8064 = CARTESIAN_POINT('',(34.05,10.1,22.9));
#8065 = SURFACE_CURVE('',#8066,(#8070,#8077),.PCURVE_S1.);
#8066 = LINE('',#8067,#8068);
#8067 = CARTESIAN_POINT('',(34.05,10.1,22.9));
#8068 = VECTOR('',#8069,1.);
#8069 = DIRECTION('',(0.,0.,1.));
#8070 = PCURVE('',#7304,#8071);
#8071 = DEFINITIONAL_REPRESENTATION('',(#8072),#8076);
#8072 = LINE('',#8073,#8074);
#8073 = CARTESIAN_POINT('',(21.6,2.05));
#8074 = VECTOR('',#8075,1.);
#8075 = DIRECTION('',(1.,0.));
#8076 = ( GEOMETRIC_REPRESENTATION_CONTEXT(2) 
PARAMETRIC_REPRESENTATION_CONTEXT() REPRESENTATION_CONTEXT('2D SPACE',''
  ) );
#8077 = PCURVE('',#8078,#8083);
#8078 = PLANE('',#8079);
#8079 = AXIS2_PLACEMENT_3D('',#8080,#8081,#8082);
#8080 = CARTESIAN_POINT('',(34.05,10.1,22.9));
#8081 = DIRECTION('',(1.,0.,-0.));
#8082 = DIRECTION('',(0.,0.,1.));
#8083 = DEFINITIONAL_REPRESENTATION('',(#8084),#8088);
#8084 = LINE('',#8085,#8086);
#8085 = CARTESIAN_POINT('',(0.,0.));
#8086 = VECTOR('',#8087,1.);
#8087 = DIRECTION('',(1.,0.));
#8088 = ( GEOMETRIC_REPRESENTATION_CONTEXT(2) 
PARAMETRIC_REPRESENTATION_CONTEXT() REPRESENTATION_CONTEXT('2D SPACE',''
  ) );
#8089 = ORIENTED_EDGE('',*,*,#8090,.T.);
#8090 = EDGE_CURVE('',#8063,#8091,#8093,.T.);
#8091 = VERTEX_POINT('',#8092);
#8092 = CARTESIAN_POINT('',(35.35,10.1,22.9));
#8093 = SURFACE_CURVE('',#8094,(#8098,#8105),.PCURVE_S1.);
#8094 = LINE('',#8095,#8096);
#8095 = CARTESIAN_POINT('',(34.05,10.1,22.9));
#8096 = VECTOR('',#8097,1.);
#8097 = DIRECTION('',(1.,0.,-0.));
#8098 = PCURVE('',#7304,#8099);
#8099 = DEFINITIONAL_REPRESENTATION('',(#8100),#8104);
#8100 = LINE('',#8101,#8102);
#8101 = CARTESIAN_POINT('',(21.6,2.05));
#8102 = VECTOR('',#8103,1.);
#8103 = DIRECTION('',(0.,1.));
#8104 = ( GEOMETRIC_REPRESENTATION_CONTEXT(2) 
PARAMETRIC_REPRESENTATION_CONTEXT() REPRESENTATION_CONTEXT('2D SPACE',''
  ) );
#8105 = PCURVE('',#8106,#8111);
#8106 = PLANE('',#8107);
#8107 = AXIS2_PLACEMENT_3D('',#8108,#8109,#8110);
#8108 = CARTESIAN_POINT('',(34.05,10.1,22.9));
#8109 = DIRECTION('',(0.,0.,1.));
#8110 = DIRECTION('',(1.,0.,-0.));
#8111 = DEFINITIONAL_REPRESENTATION('',(#8112),#8116);
#8112 = LINE('',#8113,#8114);
#8113 = CARTESIAN_POINT('',(0.,0.));
#8114 = VECTOR('',#8115,1.);
#8115 = DIRECTION('',(1.,0.));
#8116 = ( GEOMETRIC_REPRESENTATION_CONTEXT(2) 
PARAMETRIC_REPRESENTATION_CONTEXT() REPRESENTATION_CONTEXT('2D SPACE',''
  ) );
#8117 = ORIENTED_EDGE('',*,*,#8118,.T.);
#8118 = EDGE_CURVE('',#8091,#8035,#8119,.T.);
#8119 = SURFACE_CURVE('',#8120,(#8124,#8131),.PCURVE_S1.);
#8120 = LINE('',#8121,#8122);
#8121 = CARTESIAN_POINT('',(35.35,10.1,22.9));
#8122 = VECTOR('',#8123,1.);
#8123 = DIRECTION('',(0.,0.,1.));
#8124 = PCURVE('',#7304,#8125);
#8125 = DEFINITIONAL_REPRESENTATION('',(#8126),#8130);
#8126 = LINE('',#8127,#8128);
#8127 = CARTESIAN_POINT('',(21.6,3.35));
#8128 = VECTOR('',#8129,1.);
#8129 = DIRECTION('',(1.,0.));
#8130 = ( GEOMETRIC_REPRESENTATION_CONTEXT(2) 
PARAMETRIC_REPRESENTATION_CONTEXT() REPRESENTATION_CONTEXT('2D SPACE',''
  ) );
#8131 = PCURVE('',#8132,#8137);
#8132 = PLANE('',#8133);
#8133 = AXIS2_PLACEMENT_3D('',#8134,#8135,#8136);
#8134 = CARTESIAN_POINT('',(35.35,10.1,22.9));
#8135 = DIRECTION('',(1.,0.,-0.));
#8136 = DIRECTION('',(0.,0.,1.));
#8137 = DEFINITIONAL_REPRESENTATION('',(#8138),#8142);
#8138 = LINE('',#8139,#8140);
#8139 = CARTESIAN_POINT('',(0.,0.));
#8140 = VECTOR('',#8141,1.);
#8141 = DIRECTION('',(1.,0.));
#8142 = ( GEOMETRIC_REPRESENTATION_CONTEXT(2) 
PARAMETRIC_REPRESENTATION_CONTEXT() REPRESENTATION_CONTEXT('2D SPACE',''
  ) );
#8143 = FACE_BOUND('',#8144,.F.);
#8144 = EDGE_LOOP('',(#8145));
#8145 = ORIENTED_EDGE('',*,*,#8146,.T.);
#8146 = EDGE_CURVE('',#8147,#8147,#8149,.T.);
#8147 = VERTEX_POINT('',#8148);
#8148 = CARTESIAN_POINT('',(38.8,10.1,21.35));
#8149 = SURFACE_CURVE('',#8150,(#8155,#8166),.PCURVE_S1.);
#8150 = CIRCLE('',#8151,1.7);
#8151 = AXIS2_PLACEMENT_3D('',#8152,#8153,#8154);
#8152 = CARTESIAN_POINT('',(37.1,10.1,21.35));
#8153 = DIRECTION('',(0.,-1.,0.));
#8154 = DIRECTION('',(1.,0.,0.));
#8155 = PCURVE('',#7304,#8156);
#8156 = DEFINITIONAL_REPRESENTATION('',(#8157),#8165);
#8157 = ( BOUNDED_CURVE() B_SPLINE_CURVE(2,(#8158,#8159,#8160,#8161,
#8162,#8163,#8164),.UNSPECIFIED.,.T.,.F.) B_SPLINE_CURVE_WITH_KNOTS((1,2
    ,2,2,2,1),(-2.094395102393,0.,2.094395102393,4.188790204786,
6.28318530718,8.377580409573),.UNSPECIFIED.) CURVE() 
GEOMETRIC_REPRESENTATION_ITEM() RATIONAL_B_SPLINE_CURVE((1.,0.5,1.,0.5,
1.,0.5,1.)) REPRESENTATION_ITEM('') );
#8158 = CARTESIAN_POINT('',(20.05,6.8));
#8159 = CARTESIAN_POINT('',(22.994486372867,6.8));
#8160 = CARTESIAN_POINT('',(21.522243186434,4.25));
#8161 = CARTESIAN_POINT('',(20.05,1.7));
#8162 = CARTESIAN_POINT('',(18.577756813566,4.25));
#8163 = CARTESIAN_POINT('',(17.105513627133,6.8));
#8164 = CARTESIAN_POINT('',(20.05,6.8));
#8165 = ( GEOMETRIC_REPRESENTATION_CONTEXT(2) 
PARAMETRIC_REPRESENTATION_CONTEXT() REPRESENTATION_CONTEXT('2D SPACE',''
  ) );
#8166 = PCURVE('',#7918,#8167);
#8167 = DEFINITIONAL_REPRESENTATION('',(#8168),#8172);
#8168 = LINE('',#8169,#8170);
#8169 = CARTESIAN_POINT('',(0.,10.5));
#8170 = VECTOR('',#8171,1.);
#8171 = DIRECTION('',(1.,0.));
#8172 = ( GEOMETRIC_REPRESENTATION_CONTEXT(2) 
PARAMETRIC_REPRESENTATION_CONTEXT() REPRESENTATION_CONTEXT('2D SPACE',''
  ) );
#8173 = ADVANCED_FACE('',(#8174,#8200,#8314),#7479,.F.);
#8174 = FACE_BOUND('',#8175,.F.);
#8175 = EDGE_LOOP('',(#8176,#8177,#8178,#8199));
#8176 = ORIENTED_EDGE('',*,*,#7572,.T.);
#8177 = ORIENTED_EDGE('',*,*,#7463,.T.);
#8178 = ORIENTED_EDGE('',*,*,#8179,.F.);
#8179 = EDGE_CURVE('',#7625,#7464,#8180,.T.);
#8180 = SURFACE_CURVE('',#8181,(#8185,#8192),.PCURVE_S1.);
#8181 = LINE('',#8182,#8183);
#8182 = CARTESIAN_POINT('',(39.85,10.1,-25.05));
#8183 = VECTOR('',#8184,1.);
#8184 = DIRECTION('',(0.,0.,1.));
#8185 = PCURVE('',#7479,#8186);
#8186 = DEFINITIONAL_REPRESENTATION('',(#8187),#8191);
#8187 = LINE('',#8188,#8189);
#8188 = CARTESIAN_POINT('',(0.,7.85));
#8189 = VECTOR('',#8190,1.);
#8190 = DIRECTION('',(1.,0.));
#8191 = ( GEOMETRIC_REPRESENTATION_CONTEXT(2) 
PARAMETRIC_REPRESENTATION_CONTEXT() REPRESENTATION_CONTEXT('2D SPACE',''
  ) );
#8192 = PCURVE('',#7507,#8193);
#8193 = DEFINITIONAL_REPRESENTATION('',(#8194),#8198);
#8194 = LINE('',#8195,#8196);
#8195 = CARTESIAN_POINT('',(0.,0.));
#8196 = VECTOR('',#8197,1.);
#8197 = DIRECTION('',(1.,0.));
#8198 = ( GEOMETRIC_REPRESENTATION_CONTEXT(2) 
PARAMETRIC_REPRESENTATION_CONTEXT() REPRESENTATION_CONTEXT('2D SPACE',''
  ) );
#8199 = ORIENTED_EDGE('',*,*,#7624,.T.);
#8200 = FACE_BOUND('',#8201,.F.);
#8201 = EDGE_LOOP('',(#8202,#8232,#8260,#8288));
#8202 = ORIENTED_EDGE('',*,*,#8203,.F.);
#8203 = EDGE_CURVE('',#8204,#8206,#8208,.T.);
#8204 = VERTEX_POINT('',#8205);
#8205 = CARTESIAN_POINT('',(34.05,10.1,-22.9));
#8206 = VERTEX_POINT('',#8207);
#8207 = CARTESIAN_POINT('',(35.35,10.1,-22.9));
#8208 = SURFACE_CURVE('',#8209,(#8213,#8220),.PCURVE_S1.);
#8209 = LINE('',#8210,#8211);
#8210 = CARTESIAN_POINT('',(34.05,10.1,-22.9));
#8211 = VECTOR('',#8212,1.);
#8212 = DIRECTION('',(1.,0.,-0.));
#8213 = PCURVE('',#7479,#8214);
#8214 = DEFINITIONAL_REPRESENTATION('',(#8215),#8219);
#8215 = LINE('',#8216,#8217);
#8216 = CARTESIAN_POINT('',(2.15,2.05));
#8217 = VECTOR('',#8218,1.);
#8218 = DIRECTION('',(0.,1.));
#8219 = ( GEOMETRIC_REPRESENTATION_CONTEXT(2) 
PARAMETRIC_REPRESENTATION_CONTEXT() REPRESENTATION_CONTEXT('2D SPACE',''
  ) );
#8220 = PCURVE('',#8221,#8226);
#8221 = PLANE('',#8222);
#8222 = AXIS2_PLACEMENT_3D('',#8223,#8224,#8225);
#8223 = CARTESIAN_POINT('',(34.05,10.1,-22.9));
#8224 = DIRECTION('',(0.,0.,1.));
#8225 = DIRECTION('',(1.,0.,-0.));
#8226 = DEFINITIONAL_REPRESENTATION('',(#8227),#8231);
#8227 = LINE('',#8228,#8229);
#8228 = CARTESIAN_POINT('',(0.,0.));
#8229 = VECTOR('',#8230,1.);
#8230 = DIRECTION('',(1.,0.));
#8231 = ( GEOMETRIC_REPRESENTATION_CONTEXT(2) 
PARAMETRIC_REPRESENTATION_CONTEXT() REPRESENTATION_CONTEXT('2D SPACE',''
  ) );
#8232 = ORIENTED_EDGE('',*,*,#8233,.F.);
#8233 = EDGE_CURVE('',#8234,#8204,#8236,.T.);
#8234 = VERTEX_POINT('',#8235);
#8235 = CARTESIAN_POINT('',(34.05,10.1,-24.2));
#8236 = SURFACE_CURVE('',#8237,(#8241,#8248),.PCURVE_S1.);
#8237 = LINE('',#8238,#8239);
#8238 = CARTESIAN_POINT('',(34.05,10.1,-24.2));
#8239 = VECTOR('',#8240,1.);
#8240 = DIRECTION('',(0.,0.,1.));
#8241 = PCURVE('',#7479,#8242);
#8242 = DEFINITIONAL_REPRESENTATION('',(#8243),#8247);
#8243 = LINE('',#8244,#8245);
#8244 = CARTESIAN_POINT('',(0.85,2.05));
#8245 = VECTOR('',#8246,1.);
#8246 = DIRECTION('',(1.,0.));
#8247 = ( GEOMETRIC_REPRESENTATION_CONTEXT(2) 
PARAMETRIC_REPRESENTATION_CONTEXT() REPRESENTATION_CONTEXT('2D SPACE',''
  ) );
#8248 = PCURVE('',#8249,#8254);
#8249 = PLANE('',#8250);
#8250 = AXIS2_PLACEMENT_3D('',#8251,#8252,#8253);
#8251 = CARTESIAN_POINT('',(34.05,10.1,-24.2));
#8252 = DIRECTION('',(1.,0.,-0.));
#8253 = DIRECTION('',(0.,0.,1.));
#8254 = DEFINITIONAL_REPRESENTATION('',(#8255),#8259);
#8255 = LINE('',#8256,#8257);
#8256 = CARTESIAN_POINT('',(0.,0.));
#8257 = VECTOR('',#8258,1.);
#8258 = DIRECTION('',(1.,0.));
#8259 = ( GEOMETRIC_REPRESENTATION_CONTEXT(2) 
PARAMETRIC_REPRESENTATION_CONTEXT() REPRESENTATION_CONTEXT('2D SPACE',''
  ) );
#8260 = ORIENTED_EDGE('',*,*,#8261,.T.);
#8261 = EDGE_CURVE('',#8234,#8262,#8264,.T.);
#8262 = VERTEX_POINT('',#8263);
#8263 = CARTESIAN_POINT('',(35.35,10.1,-24.2));
#8264 = SURFACE_CURVE('',#8265,(#8269,#8276),.PCURVE_S1.);
#8265 = LINE('',#8266,#8267);
#8266 = CARTESIAN_POINT('',(34.05,10.1,-24.2));
#8267 = VECTOR('',#8268,1.);
#8268 = DIRECTION('',(1.,0.,-0.));
#8269 = PCURVE('',#7479,#8270);
#8270 = DEFINITIONAL_REPRESENTATION('',(#8271),#8275);
#8271 = LINE('',#8272,#8273);
#8272 = CARTESIAN_POINT('',(0.85,2.05));
#8273 = VECTOR('',#8274,1.);
#8274 = DIRECTION('',(0.,1.));
#8275 = ( GEOMETRIC_REPRESENTATION_CONTEXT(2) 
PARAMETRIC_REPRESENTATION_CONTEXT() REPRESENTATION_CONTEXT('2D SPACE',''
  ) );
#8276 = PCURVE('',#8277,#8282);
#8277 = PLANE('',#8278);
#8278 = AXIS2_PLACEMENT_3D('',#8279,#8280,#8281);
#8279 = CARTESIAN_POINT('',(34.05,10.1,-24.2));
#8280 = DIRECTION('',(0.,0.,1.));
#8281 = DIRECTION('',(1.,0.,-0.));
#8282 = DEFINITIONAL_REPRESENTATION('',(#8283),#8287);
#8283 = LINE('',#8284,#8285);
#8284 = CARTESIAN_POINT('',(0.,0.));
#8285 = VECTOR('',#8286,1.);
#8286 = DIRECTION('',(1.,0.));
#8287 = ( GEOMETRIC_REPRESENTATION_CONTEXT(2) 
PARAMETRIC_REPRESENTATION_CONTEXT() REPRESENTATION_CONTEXT('2D SPACE',''
  ) );
#8288 = ORIENTED_EDGE('',*,*,#8289,.T.);
#8289 = EDGE_CURVE('',#8262,#8206,#8290,.T.);
#8290 = SURFACE_CURVE('',#8291,(#8295,#8302),.PCURVE_S1.);
#8291 = LINE('',#8292,#8293);
#8292 = CARTESIAN_POINT('',(35.35,10.1,-24.2));
#8293 = VECTOR('',#8294,1.);
#8294 = DIRECTION('',(0.,0.,1.));
#8295 = PCURVE('',#7479,#8296);
#8296 = DEFINITIONAL_REPRESENTATION('',(#8297),#8301);
#8297 = LINE('',#8298,#8299);
#8298 = CARTESIAN_POINT('',(0.85,3.35));
#8299 = VECTOR('',#8300,1.);
#8300 = DIRECTION('',(1.,0.));
#8301 = ( GEOMETRIC_REPRESENTATION_CONTEXT(2) 
PARAMETRIC_REPRESENTATION_CONTEXT() REPRESENTATION_CONTEXT('2D SPACE',''
  ) );
#8302 = PCURVE('',#8303,#8308);
#8303 = PLANE('',#8304);
#8304 = AXIS2_PLACEMENT_3D('',#8305,#8306,#8307);
#8305 = CARTESIAN_POINT('',(35.35,10.1,-24.2));
#8306 = DIRECTION('',(1.,0.,-0.));
#8307 = DIRECTION('',(0.,0.,1.));
#8308 = DEFINITIONAL_REPRESENTATION('',(#8309),#8313);
#8309 = LINE('',#8310,#8311);
#8310 = CARTESIAN_POINT('',(0.,0.));
#8311 = VECTOR('',#8312,1.);
#8312 = DIRECTION('',(1.,0.));
#8313 = ( GEOMETRIC_REPRESENTATION_CONTEXT(2) 
PARAMETRIC_REPRESENTATION_CONTEXT() REPRESENTATION_CONTEXT('2D SPACE',''
  ) );
#8314 = FACE_BOUND('',#8315,.F.);
#8315 = EDGE_LOOP('',(#8316));
#8316 = ORIENTED_EDGE('',*,*,#8317,.T.);
#8317 = EDGE_CURVE('',#8318,#8318,#8320,.T.);
#8318 = VERTEX_POINT('',#8319);
#8319 = CARTESIAN_POINT('',(38.8,10.1,-21.35));
#8320 = SURFACE_CURVE('',#8321,(#8326,#8337),.PCURVE_S1.);
#8321 = CIRCLE('',#8322,1.7);
#8322 = AXIS2_PLACEMENT_3D('',#8323,#8324,#8325);
#8323 = CARTESIAN_POINT('',(37.1,10.1,-21.35));
#8324 = DIRECTION('',(0.,-1.,0.));
#8325 = DIRECTION('',(1.,0.,0.));
#8326 = PCURVE('',#7479,#8327);
#8327 = DEFINITIONAL_REPRESENTATION('',(#8328),#8336);
#8328 = ( BOUNDED_CURVE() B_SPLINE_CURVE(2,(#8329,#8330,#8331,#8332,
#8333,#8334,#8335),.UNSPECIFIED.,.T.,.F.) B_SPLINE_CURVE_WITH_KNOTS((1,2
    ,2,2,2,1),(-2.094395102393,0.,2.094395102393,4.188790204786,
6.28318530718,8.377580409573),.UNSPECIFIED.) CURVE() 
GEOMETRIC_REPRESENTATION_ITEM() RATIONAL_B_SPLINE_CURVE((1.,0.5,1.,0.5,
1.,0.5,1.)) REPRESENTATION_ITEM('') );
#8329 = CARTESIAN_POINT('',(3.7,6.8));
#8330 = CARTESIAN_POINT('',(6.644486372867,6.8));
#8331 = CARTESIAN_POINT('',(5.172243186434,4.25));
#8332 = CARTESIAN_POINT('',(3.7,1.7));
#8333 = CARTESIAN_POINT('',(2.227756813566,4.25));
#8334 = CARTESIAN_POINT('',(0.755513627133,6.8));
#8335 = CARTESIAN_POINT('',(3.7,6.8));
#8336 = ( GEOMETRIC_REPRESENTATION_CONTEXT(2) 
PARAMETRIC_REPRESENTATION_CONTEXT() REPRESENTATION_CONTEXT('2D SPACE',''
  ) );
#8337 = PCURVE('',#8338,#8343);
#8338 = CYLINDRICAL_SURFACE('',#8339,1.7);
#8339 = AXIS2_PLACEMENT_3D('',#8340,#8341,#8342);
#8340 = CARTESIAN_POINT('',(37.1,20.6,-21.35));
#8341 = DIRECTION('',(0.,-1.,0.));
#8342 = DIRECTION('',(1.,0.,0.));
#8343 = DEFINITIONAL_REPRESENTATION('',(#8344),#8348);
#8344 = LINE('',#8345,#8346);
#8345 = CARTESIAN_POINT('',(0.,10.5));
#8346 = VECTOR('',#8347,1.);
#8347 = DIRECTION('',(1.,0.));
#8348 = ( GEOMETRIC_REPRESENTATION_CONTEXT(2) 
PARAMETRIC_REPRESENTATION_CONTEXT() REPRESENTATION_CONTEXT('2D SPACE',''
  ) );
#8349 = ADVANCED_FACE('',(#8350),#7507,.T.);
#8350 = FACE_BOUND('',#8351,.T.);
#8351 = EDGE_LOOP('',(#8352,#8353,#8354,#8375));
#8352 = ORIENTED_EDGE('',*,*,#8179,.F.);
#8353 = ORIENTED_EDGE('',*,*,#7647,.T.);
#8354 = ORIENTED_EDGE('',*,*,#8355,.T.);
#8355 = EDGE_CURVE('',#7648,#7492,#8356,.T.);
#8356 = SURFACE_CURVE('',#8357,(#8361,#8368),.PCURVE_S1.);
#8357 = LINE('',#8358,#8359);
#8358 = CARTESIAN_POINT('',(39.85,20.1,-25.05));
#8359 = VECTOR('',#8360,1.);
#8360 = DIRECTION('',(0.,0.,1.));
#8361 = PCURVE('',#7507,#8362);
#8362 = DEFINITIONAL_REPRESENTATION('',(#8363),#8367);
#8363 = LINE('',#8364,#8365);
#8364 = CARTESIAN_POINT('',(0.,-10.));
#8365 = VECTOR('',#8366,1.);
#8366 = DIRECTION('',(1.,0.));
#8367 = ( GEOMETRIC_REPRESENTATION_CONTEXT(2) 
PARAMETRIC_REPRESENTATION_CONTEXT() REPRESENTATION_CONTEXT('2D SPACE',''
  ) );
#8368 = PCURVE('',#7535,#8369);
#8369 = DEFINITIONAL_REPRESENTATION('',(#8370),#8374);
#8370 = LINE('',#8371,#8372);
#8371 = CARTESIAN_POINT('',(0.,6.45));
#8372 = VECTOR('',#8373,1.);
#8373 = DIRECTION('',(1.,0.));
#8374 = ( GEOMETRIC_REPRESENTATION_CONTEXT(2) 
PARAMETRIC_REPRESENTATION_CONTEXT() REPRESENTATION_CONTEXT('2D SPACE',''
  ) );
#8375 = ORIENTED_EDGE('',*,*,#7491,.F.);
#8376 = ADVANCED_FACE('',(#8377),#7535,.T.);
#8377 = FACE_BOUND('',#8378,.T.);
#8378 = EDGE_LOOP('',(#8379,#8380,#8381,#8382));
#8379 = ORIENTED_EDGE('',*,*,#7670,.F.);
#8380 = ORIENTED_EDGE('',*,*,#7795,.F.);
#8381 = ORIENTED_EDGE('',*,*,#7519,.T.);
#8382 = ORIENTED_EDGE('',*,*,#8355,.F.);
#8383 = ADVANCED_FACE('',(#8384),#7757,.F.);
#8384 = FACE_BOUND('',#8385,.F.);
#8385 = EDGE_LOOP('',(#8386,#8387,#8388,#8389));
#8386 = ORIENTED_EDGE('',*,*,#7874,.F.);
#8387 = ORIENTED_EDGE('',*,*,#7741,.F.);
#8388 = ORIENTED_EDGE('',*,*,#8008,.T.);
#8389 = ORIENTED_EDGE('',*,*,#8390,.T.);
#8390 = EDGE_CURVE('',#7986,#7847,#8391,.T.);
#8391 = SURFACE_CURVE('',#8392,(#8396,#8403),.PCURVE_S1.);
#8392 = LINE('',#8393,#8394);
#8393 = CARTESIAN_POINT('',(39.85,10.1,17.65));
#8394 = VECTOR('',#8395,1.);
#8395 = DIRECTION('',(-0.,1.,0.));
#8396 = PCURVE('',#7757,#8397);
#8397 = DEFINITIONAL_REPRESENTATION('',(#8398),#8402);
#8398 = LINE('',#8399,#8400);
#8399 = CARTESIAN_POINT('',(6.45,0.));
#8400 = VECTOR('',#8401,1.);
#8401 = DIRECTION('',(0.,1.));
#8402 = ( GEOMETRIC_REPRESENTATION_CONTEXT(2) 
PARAMETRIC_REPRESENTATION_CONTEXT() REPRESENTATION_CONTEXT('2D SPACE',''
  ) );
#8403 = PCURVE('',#7862,#8404);
#8404 = DEFINITIONAL_REPRESENTATION('',(#8405),#8409);
#8405 = LINE('',#8406,#8407);
#8406 = CARTESIAN_POINT('',(0.,0.));
#8407 = VECTOR('',#8408,1.);
#8408 = DIRECTION('',(0.,-1.));
#8409 = ( GEOMETRIC_REPRESENTATION_CONTEXT(2) 
PARAMETRIC_REPRESENTATION_CONTEXT() REPRESENTATION_CONTEXT('2D SPACE',''
  ) );
#8410 = ADVANCED_FACE('',(#8411),#7862,.T.);
#8411 = FACE_BOUND('',#8412,.T.);
#8412 = EDGE_LOOP('',(#8413,#8414,#8415,#8416));
#8413 = ORIENTED_EDGE('',*,*,#7985,.F.);
#8414 = ORIENTED_EDGE('',*,*,#8390,.T.);
#8415 = ORIENTED_EDGE('',*,*,#7846,.T.);
#8416 = ORIENTED_EDGE('',*,*,#7958,.F.);
#8417 = ADVANCED_FACE('',(#8418),#7918,.F.);
#8418 = FACE_BOUND('',#8419,.F.);
#8419 = EDGE_LOOP('',(#8420,#8421,#8442,#8443));
#8420 = ORIENTED_EDGE('',*,*,#8146,.F.);
#8421 = ORIENTED_EDGE('',*,*,#8422,.F.);
#8422 = EDGE_CURVE('',#7898,#8147,#8423,.T.);
#8423 = SEAM_CURVE('',#8424,(#8428,#8435),.PCURVE_S1.);
#8424 = LINE('',#8425,#8426);
#8425 = CARTESIAN_POINT('',(38.8,20.6,21.35));
#8426 = VECTOR('',#8427,1.);
#8427 = DIRECTION('',(0.,-1.,0.));
#8428 = PCURVE('',#7918,#8429);
#8429 = DEFINITIONAL_REPRESENTATION('',(#8430),#8434);
#8430 = LINE('',#8431,#8432);
#8431 = CARTESIAN_POINT('',(6.28318530718,-0.));
#8432 = VECTOR('',#8433,1.);
#8433 = DIRECTION('',(0.,1.));
#8434 = ( GEOMETRIC_REPRESENTATION_CONTEXT(2) 
PARAMETRIC_REPRESENTATION_CONTEXT() REPRESENTATION_CONTEXT('2D SPACE',''
  ) );
#8435 = PCURVE('',#7918,#8436);
#8436 = DEFINITIONAL_REPRESENTATION('',(#8437),#8441);
#8437 = LINE('',#8438,#8439);
#8438 = CARTESIAN_POINT('',(0.,-0.));
#8439 = VECTOR('',#8440,1.);
#8440 = DIRECTION('',(0.,1.));
#8441 = ( GEOMETRIC_REPRESENTATION_CONTEXT(2) 
PARAMETRIC_REPRESENTATION_CONTEXT() REPRESENTATION_CONTEXT('2D SPACE',''
  ) );
#8442 = ORIENTED_EDGE('',*,*,#7897,.T.);
#8443 = ORIENTED_EDGE('',*,*,#8422,.T.);
#8444 = ADVANCED_FACE('',(#8445),#8050,.F.);
#8445 = FACE_BOUND('',#8446,.F.);
#8446 = EDGE_LOOP('',(#8447,#8470,#8471,#8494));
#8447 = ORIENTED_EDGE('',*,*,#8448,.F.);
#8448 = EDGE_CURVE('',#8033,#8449,#8451,.T.);
#8449 = VERTEX_POINT('',#8450);
#8450 = CARTESIAN_POINT('',(34.05,10.95,24.2));
#8451 = SURFACE_CURVE('',#8452,(#8456,#8463),.PCURVE_S1.);
#8452 = LINE('',#8453,#8454);
#8453 = CARTESIAN_POINT('',(34.05,10.1,24.2));
#8454 = VECTOR('',#8455,1.);
#8455 = DIRECTION('',(-0.,1.,0.));
#8456 = PCURVE('',#8050,#8457);
#8457 = DEFINITIONAL_REPRESENTATION('',(#8458),#8462);
#8458 = LINE('',#8459,#8460);
#8459 = CARTESIAN_POINT('',(0.,0.));
#8460 = VECTOR('',#8461,1.);
#8461 = DIRECTION('',(0.,1.));
#8462 = ( GEOMETRIC_REPRESENTATION_CONTEXT(2) 
PARAMETRIC_REPRESENTATION_CONTEXT() REPRESENTATION_CONTEXT('2D SPACE',''
  ) );
#8463 = PCURVE('',#8078,#8464);
#8464 = DEFINITIONAL_REPRESENTATION('',(#8465),#8469);
#8465 = LINE('',#8466,#8467);
#8466 = CARTESIAN_POINT('',(1.3,0.));
#8467 = VECTOR('',#8468,1.);
#8468 = DIRECTION('',(0.,-1.));
#8469 = ( GEOMETRIC_REPRESENTATION_CONTEXT(2) 
PARAMETRIC_REPRESENTATION_CONTEXT() REPRESENTATION_CONTEXT('2D SPACE',''
  ) );
#8470 = ORIENTED_EDGE('',*,*,#8032,.T.);
#8471 = ORIENTED_EDGE('',*,*,#8472,.T.);
#8472 = EDGE_CURVE('',#8035,#8473,#8475,.T.);
#8473 = VERTEX_POINT('',#8474);
#8474 = CARTESIAN_POINT('',(35.35,10.95,24.2));
#8475 = SURFACE_CURVE('',#8476,(#8480,#8487),.PCURVE_S1.);
#8476 = LINE('',#8477,#8478);
#8477 = CARTESIAN_POINT('',(35.35,10.1,24.2));
#8478 = VECTOR('',#8479,1.);
#8479 = DIRECTION('',(-0.,1.,0.));
#8480 = PCURVE('',#8050,#8481);
#8481 = DEFINITIONAL_REPRESENTATION('',(#8482),#8486);
#8482 = LINE('',#8483,#8484);
#8483 = CARTESIAN_POINT('',(1.3,0.));
#8484 = VECTOR('',#8485,1.);
#8485 = DIRECTION('',(0.,1.));
#8486 = ( GEOMETRIC_REPRESENTATION_CONTEXT(2) 
PARAMETRIC_REPRESENTATION_CONTEXT() REPRESENTATION_CONTEXT('2D SPACE',''
  ) );
#8487 = PCURVE('',#8132,#8488);
#8488 = DEFINITIONAL_REPRESENTATION('',(#8489),#8493);
#8489 = LINE('',#8490,#8491);
#8490 = CARTESIAN_POINT('',(1.3,0.));
#8491 = VECTOR('',#8492,1.);
#8492 = DIRECTION('',(0.,-1.));
#8493 = ( GEOMETRIC_REPRESENTATION_CONTEXT(2) 
PARAMETRIC_REPRESENTATION_CONTEXT() REPRESENTATION_CONTEXT('2D SPACE',''
  ) );
#8494 = ORIENTED_EDGE('',*,*,#8495,.F.);
#8495 = EDGE_CURVE('',#8449,#8473,#8496,.T.);
#8496 = SURFACE_CURVE('',#8497,(#8501,#8508),.PCURVE_S1.);
#8497 = LINE('',#8498,#8499);
#8498 = CARTESIAN_POINT('',(34.05,10.95,24.2));
#8499 = VECTOR('',#8500,1.);
#8500 = DIRECTION('',(1.,0.,-0.));
#8501 = PCURVE('',#8050,#8502);
#8502 = DEFINITIONAL_REPRESENTATION('',(#8503),#8507);
#8503 = LINE('',#8504,#8505);
#8504 = CARTESIAN_POINT('',(0.,0.85));
#8505 = VECTOR('',#8506,1.);
#8506 = DIRECTION('',(1.,0.));
#8507 = ( GEOMETRIC_REPRESENTATION_CONTEXT(2) 
PARAMETRIC_REPRESENTATION_CONTEXT() REPRESENTATION_CONTEXT('2D SPACE',''
  ) );
#8508 = PCURVE('',#8509,#8514);
#8509 = PLANE('',#8510);
#8510 = AXIS2_PLACEMENT_3D('',#8511,#8512,#8513);
#8511 = CARTESIAN_POINT('',(34.05,10.95,22.9));
#8512 = DIRECTION('',(-0.,1.,0.));
#8513 = DIRECTION('',(0.,0.,1.));
#8514 = DEFINITIONAL_REPRESENTATION('',(#8515),#8519);
#8515 = LINE('',#8516,#8517);
#8516 = CARTESIAN_POINT('',(1.3,0.));
#8517 = VECTOR('',#8518,1.);
#8518 = DIRECTION('',(0.,1.));
#8519 = ( GEOMETRIC_REPRESENTATION_CONTEXT(2) 
PARAMETRIC_REPRESENTATION_CONTEXT() REPRESENTATION_CONTEXT('2D SPACE',''
  ) );
#8520 = ADVANCED_FACE('',(#8521),#8132,.F.);
#8521 = FACE_BOUND('',#8522,.F.);
#8522 = EDGE_LOOP('',(#8523,#8524,#8547,#8568));
#8523 = ORIENTED_EDGE('',*,*,#8118,.F.);
#8524 = ORIENTED_EDGE('',*,*,#8525,.T.);
#8525 = EDGE_CURVE('',#8091,#8526,#8528,.T.);
#8526 = VERTEX_POINT('',#8527);
#8527 = CARTESIAN_POINT('',(35.35,10.95,22.9));
#8528 = SURFACE_CURVE('',#8529,(#8533,#8540),.PCURVE_S1.);
#8529 = LINE('',#8530,#8531);
#8530 = CARTESIAN_POINT('',(35.35,10.1,22.9));
#8531 = VECTOR('',#8532,1.);
#8532 = DIRECTION('',(-0.,1.,0.));
#8533 = PCURVE('',#8132,#8534);
#8534 = DEFINITIONAL_REPRESENTATION('',(#8535),#8539);
#8535 = LINE('',#8536,#8537);
#8536 = CARTESIAN_POINT('',(0.,0.));
#8537 = VECTOR('',#8538,1.);
#8538 = DIRECTION('',(0.,-1.));
#8539 = ( GEOMETRIC_REPRESENTATION_CONTEXT(2) 
PARAMETRIC_REPRESENTATION_CONTEXT() REPRESENTATION_CONTEXT('2D SPACE',''
  ) );
#8540 = PCURVE('',#8106,#8541);
#8541 = DEFINITIONAL_REPRESENTATION('',(#8542),#8546);
#8542 = LINE('',#8543,#8544);
#8543 = CARTESIAN_POINT('',(1.3,0.));
#8544 = VECTOR('',#8545,1.);
#8545 = DIRECTION('',(0.,1.));
#8546 = ( GEOMETRIC_REPRESENTATION_CONTEXT(2) 
PARAMETRIC_REPRESENTATION_CONTEXT() REPRESENTATION_CONTEXT('2D SPACE',''
  ) );
#8547 = ORIENTED_EDGE('',*,*,#8548,.T.);
#8548 = EDGE_CURVE('',#8526,#8473,#8549,.T.);
#8549 = SURFACE_CURVE('',#8550,(#8554,#8561),.PCURVE_S1.);
#8550 = LINE('',#8551,#8552);
#8551 = CARTESIAN_POINT('',(35.35,10.95,22.9));
#8552 = VECTOR('',#8553,1.);
#8553 = DIRECTION('',(0.,0.,1.));
#8554 = PCURVE('',#8132,#8555);
#8555 = DEFINITIONAL_REPRESENTATION('',(#8556),#8560);
#8556 = LINE('',#8557,#8558);
#8557 = CARTESIAN_POINT('',(0.,-0.85));
#8558 = VECTOR('',#8559,1.);
#8559 = DIRECTION('',(1.,0.));
#8560 = ( GEOMETRIC_REPRESENTATION_CONTEXT(2) 
PARAMETRIC_REPRESENTATION_CONTEXT() REPRESENTATION_CONTEXT('2D SPACE',''
  ) );
#8561 = PCURVE('',#8509,#8562);
#8562 = DEFINITIONAL_REPRESENTATION('',(#8563),#8567);
#8563 = LINE('',#8564,#8565);
#8564 = CARTESIAN_POINT('',(0.,1.3));
#8565 = VECTOR('',#8566,1.);
#8566 = DIRECTION('',(1.,0.));
#8567 = ( GEOMETRIC_REPRESENTATION_CONTEXT(2) 
PARAMETRIC_REPRESENTATION_CONTEXT() REPRESENTATION_CONTEXT('2D SPACE',''
  ) );
#8568 = ORIENTED_EDGE('',*,*,#8472,.F.);
#8569 = ADVANCED_FACE('',(#8570),#8078,.T.);
#8570 = FACE_BOUND('',#8571,.T.);
#8571 = EDGE_LOOP('',(#8572,#8573,#8596,#8617));
#8572 = ORIENTED_EDGE('',*,*,#8062,.F.);
#8573 = ORIENTED_EDGE('',*,*,#8574,.T.);
#8574 = EDGE_CURVE('',#8063,#8575,#8577,.T.);
#8575 = VERTEX_POINT('',#8576);
#8576 = CARTESIAN_POINT('',(34.05,10.95,22.9));
#8577 = SURFACE_CURVE('',#8578,(#8582,#8589),.PCURVE_S1.);
#8578 = LINE('',#8579,#8580);
#8579 = CARTESIAN_POINT('',(34.05,10.1,22.9));
#8580 = VECTOR('',#8581,1.);
#8581 = DIRECTION('',(-0.,1.,0.));
#8582 = PCURVE('',#8078,#8583);
#8583 = DEFINITIONAL_REPRESENTATION('',(#8584),#8588);
#8584 = LINE('',#8585,#8586);
#8585 = CARTESIAN_POINT('',(0.,0.));
#8586 = VECTOR('',#8587,1.);
#8587 = DIRECTION('',(0.,-1.));
#8588 = ( GEOMETRIC_REPRESENTATION_CONTEXT(2) 
PARAMETRIC_REPRESENTATION_CONTEXT() REPRESENTATION_CONTEXT('2D SPACE',''
  ) );
#8589 = PCURVE('',#8106,#8590);
#8590 = DEFINITIONAL_REPRESENTATION('',(#8591),#8595);
#8591 = LINE('',#8592,#8593);
#8592 = CARTESIAN_POINT('',(0.,0.));
#8593 = VECTOR('',#8594,1.);
#8594 = DIRECTION('',(0.,1.));
#8595 = ( GEOMETRIC_REPRESENTATION_CONTEXT(2) 
PARAMETRIC_REPRESENTATION_CONTEXT() REPRESENTATION_CONTEXT('2D SPACE',''
  ) );
#8596 = ORIENTED_EDGE('',*,*,#8597,.T.);
#8597 = EDGE_CURVE('',#8575,#8449,#8598,.T.);
#8598 = SURFACE_CURVE('',#8599,(#8603,#8610),.PCURVE_S1.);
#8599 = LINE('',#8600,#8601);
#8600 = CARTESIAN_POINT('',(34.05,10.95,22.9));
#8601 = VECTOR('',#8602,1.);
#8602 = DIRECTION('',(0.,0.,1.));
#8603 = PCURVE('',#8078,#8604);
#8604 = DEFINITIONAL_REPRESENTATION('',(#8605),#8609);
#8605 = LINE('',#8606,#8607);
#8606 = CARTESIAN_POINT('',(0.,-0.85));
#8607 = VECTOR('',#8608,1.);
#8608 = DIRECTION('',(1.,0.));
#8609 = ( GEOMETRIC_REPRESENTATION_CONTEXT(2) 
PARAMETRIC_REPRESENTATION_CONTEXT() REPRESENTATION_CONTEXT('2D SPACE',''
  ) );
#8610 = PCURVE('',#8509,#8611);
#8611 = DEFINITIONAL_REPRESENTATION('',(#8612),#8616);
#8612 = LINE('',#8613,#8614);
#8613 = CARTESIAN_POINT('',(0.,0.));
#8614 = VECTOR('',#8615,1.);
#8615 = DIRECTION('',(1.,0.));
#8616 = ( GEOMETRIC_REPRESENTATION_CONTEXT(2) 
PARAMETRIC_REPRESENTATION_CONTEXT() REPRESENTATION_CONTEXT('2D SPACE',''
  ) );
#8617 = ORIENTED_EDGE('',*,*,#8448,.F.);
#8618 = ADVANCED_FACE('',(#8619),#8106,.T.);
#8619 = FACE_BOUND('',#8620,.T.);
#8620 = EDGE_LOOP('',(#8621,#8622,#8623,#8624));
#8621 = ORIENTED_EDGE('',*,*,#8574,.F.);
#8622 = ORIENTED_EDGE('',*,*,#8090,.T.);
#8623 = ORIENTED_EDGE('',*,*,#8525,.T.);
#8624 = ORIENTED_EDGE('',*,*,#8625,.F.);
#8625 = EDGE_CURVE('',#8575,#8526,#8626,.T.);
#8626 = SURFACE_CURVE('',#8627,(#8631,#8638),.PCURVE_S1.);
#8627 = LINE('',#8628,#8629);
#8628 = CARTESIAN_POINT('',(34.05,10.95,22.9));
#8629 = VECTOR('',#8630,1.);
#8630 = DIRECTION('',(1.,0.,-0.));
#8631 = PCURVE('',#8106,#8632);
#8632 = DEFINITIONAL_REPRESENTATION('',(#8633),#8637);
#8633 = LINE('',#8634,#8635);
#8634 = CARTESIAN_POINT('',(0.,0.85));
#8635 = VECTOR('',#8636,1.);
#8636 = DIRECTION('',(1.,0.));
#8637 = ( GEOMETRIC_REPRESENTATION_CONTEXT(2) 
PARAMETRIC_REPRESENTATION_CONTEXT() REPRESENTATION_CONTEXT('2D SPACE',''
  ) );
#8638 = PCURVE('',#8509,#8639);
#8639 = DEFINITIONAL_REPRESENTATION('',(#8640),#8644);
#8640 = LINE('',#8641,#8642);
#8641 = CARTESIAN_POINT('',(0.,0.));
#8642 = VECTOR('',#8643,1.);
#8643 = DIRECTION('',(0.,1.));
#8644 = ( GEOMETRIC_REPRESENTATION_CONTEXT(2) 
PARAMETRIC_REPRESENTATION_CONTEXT() REPRESENTATION_CONTEXT('2D SPACE',''
  ) );
#8645 = ADVANCED_FACE('',(#8646),#8221,.F.);
#8646 = FACE_BOUND('',#8647,.F.);
#8647 = EDGE_LOOP('',(#8648,#8671,#8672,#8695));
#8648 = ORIENTED_EDGE('',*,*,#8649,.F.);
#8649 = EDGE_CURVE('',#8204,#8650,#8652,.T.);
#8650 = VERTEX_POINT('',#8651);
#8651 = CARTESIAN_POINT('',(34.05,10.95,-22.9));
#8652 = SURFACE_CURVE('',#8653,(#8657,#8664),.PCURVE_S1.);
#8653 = LINE('',#8654,#8655);
#8654 = CARTESIAN_POINT('',(34.05,10.1,-22.9));
#8655 = VECTOR('',#8656,1.);
#8656 = DIRECTION('',(-0.,1.,0.));
#8657 = PCURVE('',#8221,#8658);
#8658 = DEFINITIONAL_REPRESENTATION('',(#8659),#8663);
#8659 = LINE('',#8660,#8661);
#8660 = CARTESIAN_POINT('',(0.,0.));
#8661 = VECTOR('',#8662,1.);
#8662 = DIRECTION('',(0.,1.));
#8663 = ( GEOMETRIC_REPRESENTATION_CONTEXT(2) 
PARAMETRIC_REPRESENTATION_CONTEXT() REPRESENTATION_CONTEXT('2D SPACE',''
  ) );
#8664 = PCURVE('',#8249,#8665);
#8665 = DEFINITIONAL_REPRESENTATION('',(#8666),#8670);
#8666 = LINE('',#8667,#8668);
#8667 = CARTESIAN_POINT('',(1.3,0.));
#8668 = VECTOR('',#8669,1.);
#8669 = DIRECTION('',(0.,-1.));
#8670 = ( GEOMETRIC_REPRESENTATION_CONTEXT(2) 
PARAMETRIC_REPRESENTATION_CONTEXT() REPRESENTATION_CONTEXT('2D SPACE',''
  ) );
#8671 = ORIENTED_EDGE('',*,*,#8203,.T.);
#8672 = ORIENTED_EDGE('',*,*,#8673,.T.);
#8673 = EDGE_CURVE('',#8206,#8674,#8676,.T.);
#8674 = VERTEX_POINT('',#8675);
#8675 = CARTESIAN_POINT('',(35.35,10.95,-22.9));
#8676 = SURFACE_CURVE('',#8677,(#8681,#8688),.PCURVE_S1.);
#8677 = LINE('',#8678,#8679);
#8678 = CARTESIAN_POINT('',(35.35,10.1,-22.9));
#8679 = VECTOR('',#8680,1.);
#8680 = DIRECTION('',(-0.,1.,0.));
#8681 = PCURVE('',#8221,#8682);
#8682 = DEFINITIONAL_REPRESENTATION('',(#8683),#8687);
#8683 = LINE('',#8684,#8685);
#8684 = CARTESIAN_POINT('',(1.3,0.));
#8685 = VECTOR('',#8686,1.);
#8686 = DIRECTION('',(0.,1.));
#8687 = ( GEOMETRIC_REPRESENTATION_CONTEXT(2) 
PARAMETRIC_REPRESENTATION_CONTEXT() REPRESENTATION_CONTEXT('2D SPACE',''
  ) );
#8688 = PCURVE('',#8303,#8689);
#8689 = DEFINITIONAL_REPRESENTATION('',(#8690),#8694);
#8690 = LINE('',#8691,#8692);
#8691 = CARTESIAN_POINT('',(1.3,0.));
#8692 = VECTOR('',#8693,1.);
#8693 = DIRECTION('',(0.,-1.));
#8694 = ( GEOMETRIC_REPRESENTATION_CONTEXT(2) 
PARAMETRIC_REPRESENTATION_CONTEXT() REPRESENTATION_CONTEXT('2D SPACE',''
  ) );
#8695 = ORIENTED_EDGE('',*,*,#8696,.F.);
#8696 = EDGE_CURVE('',#8650,#8674,#8697,.T.);
#8697 = SURFACE_CURVE('',#8698,(#8702,#8709),.PCURVE_S1.);
#8698 = LINE('',#8699,#8700);
#8699 = CARTESIAN_POINT('',(34.05,10.95,-22.9));
#8700 = VECTOR('',#8701,1.);
#8701 = DIRECTION('',(1.,0.,-0.));
#8702 = PCURVE('',#8221,#8703);
#8703 = DEFINITIONAL_REPRESENTATION('',(#8704),#8708);
#8704 = LINE('',#8705,#8706);
#8705 = CARTESIAN_POINT('',(0.,0.85));
#8706 = VECTOR('',#8707,1.);
#8707 = DIRECTION('',(1.,0.));
#8708 = ( GEOMETRIC_REPRESENTATION_CONTEXT(2) 
PARAMETRIC_REPRESENTATION_CONTEXT() REPRESENTATION_CONTEXT('2D SPACE',''
  ) );
#8709 = PCURVE('',#8710,#8715);
#8710 = PLANE('',#8711);
#8711 = AXIS2_PLACEMENT_3D('',#8712,#8713,#8714);
#8712 = CARTESIAN_POINT('',(34.05,10.95,-24.2));
#8713 = DIRECTION('',(-0.,1.,0.));
#8714 = DIRECTION('',(0.,0.,1.));
#8715 = DEFINITIONAL_REPRESENTATION('',(#8716),#8720);
#8716 = LINE('',#8717,#8718);
#8717 = CARTESIAN_POINT('',(1.3,0.));
#8718 = VECTOR('',#8719,1.);
#8719 = DIRECTION('',(0.,1.));
#8720 = ( GEOMETRIC_REPRESENTATION_CONTEXT(2) 
PARAMETRIC_REPRESENTATION_CONTEXT() REPRESENTATION_CONTEXT('2D SPACE',''
  ) );
#8721 = ADVANCED_FACE('',(#8722),#8303,.F.);
#8722 = FACE_BOUND('',#8723,.F.);
#8723 = EDGE_LOOP('',(#8724,#8725,#8748,#8769));
#8724 = ORIENTED_EDGE('',*,*,#8289,.F.);
#8725 = ORIENTED_EDGE('',*,*,#8726,.T.);
#8726 = EDGE_CURVE('',#8262,#8727,#8729,.T.);
#8727 = VERTEX_POINT('',#8728);
#8728 = CARTESIAN_POINT('',(35.35,10.95,-24.2));
#8729 = SURFACE_CURVE('',#8730,(#8734,#8741),.PCURVE_S1.);
#8730 = LINE('',#8731,#8732);
#8731 = CARTESIAN_POINT('',(35.35,10.1,-24.2));
#8732 = VECTOR('',#8733,1.);
#8733 = DIRECTION('',(-0.,1.,0.));
#8734 = PCURVE('',#8303,#8735);
#8735 = DEFINITIONAL_REPRESENTATION('',(#8736),#8740);
#8736 = LINE('',#8737,#8738);
#8737 = CARTESIAN_POINT('',(0.,0.));
#8738 = VECTOR('',#8739,1.);
#8739 = DIRECTION('',(0.,-1.));
#8740 = ( GEOMETRIC_REPRESENTATION_CONTEXT(2) 
PARAMETRIC_REPRESENTATION_CONTEXT() REPRESENTATION_CONTEXT('2D SPACE',''
  ) );
#8741 = PCURVE('',#8277,#8742);
#8742 = DEFINITIONAL_REPRESENTATION('',(#8743),#8747);
#8743 = LINE('',#8744,#8745);
#8744 = CARTESIAN_POINT('',(1.3,0.));
#8745 = VECTOR('',#8746,1.);
#8746 = DIRECTION('',(0.,1.));
#8747 = ( GEOMETRIC_REPRESENTATION_CONTEXT(2) 
PARAMETRIC_REPRESENTATION_CONTEXT() REPRESENTATION_CONTEXT('2D SPACE',''
  ) );
#8748 = ORIENTED_EDGE('',*,*,#8749,.T.);
#8749 = EDGE_CURVE('',#8727,#8674,#8750,.T.);
#8750 = SURFACE_CURVE('',#8751,(#8755,#8762),.PCURVE_S1.);
#8751 = LINE('',#8752,#8753);
#8752 = CARTESIAN_POINT('',(35.35,10.95,-24.2));
#8753 = VECTOR('',#8754,1.);
#8754 = DIRECTION('',(0.,0.,1.));
#8755 = PCURVE('',#8303,#8756);
#8756 = DEFINITIONAL_REPRESENTATION('',(#8757),#8761);
#8757 = LINE('',#8758,#8759);
#8758 = CARTESIAN_POINT('',(0.,-0.85));
#8759 = VECTOR('',#8760,1.);
#8760 = DIRECTION('',(1.,0.));
#8761 = ( GEOMETRIC_REPRESENTATION_CONTEXT(2) 
PARAMETRIC_REPRESENTATION_CONTEXT() REPRESENTATION_CONTEXT('2D SPACE',''
  ) );
#8762 = PCURVE('',#8710,#8763);
#8763 = DEFINITIONAL_REPRESENTATION('',(#8764),#8768);
#8764 = LINE('',#8765,#8766);
#8765 = CARTESIAN_POINT('',(0.,1.3));
#8766 = VECTOR('',#8767,1.);
#8767 = DIRECTION('',(1.,0.));
#8768 = ( GEOMETRIC_REPRESENTATION_CONTEXT(2) 
PARAMETRIC_REPRESENTATION_CONTEXT() REPRESENTATION_CONTEXT('2D SPACE',''
  ) );
#8769 = ORIENTED_EDGE('',*,*,#8673,.F.);
#8770 = ADVANCED_FACE('',(#8771),#8249,.T.);
#8771 = FACE_BOUND('',#8772,.T.);
#8772 = EDGE_LOOP('',(#8773,#8774,#8797,#8818));
#8773 = ORIENTED_EDGE('',*,*,#8233,.F.);
#8774 = ORIENTED_EDGE('',*,*,#8775,.T.);
#8775 = EDGE_CURVE('',#8234,#8776,#8778,.T.);
#8776 = VERTEX_POINT('',#8777);
#8777 = CARTESIAN_POINT('',(34.05,10.95,-24.2));
#8778 = SURFACE_CURVE('',#8779,(#8783,#8790),.PCURVE_S1.);
#8779 = LINE('',#8780,#8781);
#8780 = CARTESIAN_POINT('',(34.05,10.1,-24.2));
#8781 = VECTOR('',#8782,1.);
#8782 = DIRECTION('',(-0.,1.,0.));
#8783 = PCURVE('',#8249,#8784);
#8784 = DEFINITIONAL_REPRESENTATION('',(#8785),#8789);
#8785 = LINE('',#8786,#8787);
#8786 = CARTESIAN_POINT('',(0.,0.));
#8787 = VECTOR('',#8788,1.);
#8788 = DIRECTION('',(0.,-1.));
#8789 = ( GEOMETRIC_REPRESENTATION_CONTEXT(2) 
PARAMETRIC_REPRESENTATION_CONTEXT() REPRESENTATION_CONTEXT('2D SPACE',''
  ) );
#8790 = PCURVE('',#8277,#8791);
#8791 = DEFINITIONAL_REPRESENTATION('',(#8792),#8796);
#8792 = LINE('',#8793,#8794);
#8793 = CARTESIAN_POINT('',(0.,0.));
#8794 = VECTOR('',#8795,1.);
#8795 = DIRECTION('',(0.,1.));
#8796 = ( GEOMETRIC_REPRESENTATION_CONTEXT(2) 
PARAMETRIC_REPRESENTATION_CONTEXT() REPRESENTATION_CONTEXT('2D SPACE',''
  ) );
#8797 = ORIENTED_EDGE('',*,*,#8798,.T.);
#8798 = EDGE_CURVE('',#8776,#8650,#8799,.T.);
#8799 = SURFACE_CURVE('',#8800,(#8804,#8811),.PCURVE_S1.);
#8800 = LINE('',#8801,#8802);
#8801 = CARTESIAN_POINT('',(34.05,10.95,-24.2));
#8802 = VECTOR('',#8803,1.);
#8803 = DIRECTION('',(0.,0.,1.));
#8804 = PCURVE('',#8249,#8805);
#8805 = DEFINITIONAL_REPRESENTATION('',(#8806),#8810);
#8806 = LINE('',#8807,#8808);
#8807 = CARTESIAN_POINT('',(0.,-0.85));
#8808 = VECTOR('',#8809,1.);
#8809 = DIRECTION('',(1.,0.));
#8810 = ( GEOMETRIC_REPRESENTATION_CONTEXT(2) 
PARAMETRIC_REPRESENTATION_CONTEXT() REPRESENTATION_CONTEXT('2D SPACE',''
  ) );
#8811 = PCURVE('',#8710,#8812);
#8812 = DEFINITIONAL_REPRESENTATION('',(#8813),#8817);
#8813 = LINE('',#8814,#8815);
#8814 = CARTESIAN_POINT('',(0.,0.));
#8815 = VECTOR('',#8816,1.);
#8816 = DIRECTION('',(1.,0.));
#8817 = ( GEOMETRIC_REPRESENTATION_CONTEXT(2) 
PARAMETRIC_REPRESENTATION_CONTEXT() REPRESENTATION_CONTEXT('2D SPACE',''
  ) );
#8818 = ORIENTED_EDGE('',*,*,#8649,.F.);
#8819 = ADVANCED_FACE('',(#8820),#8277,.T.);
#8820 = FACE_BOUND('',#8821,.T.);
#8821 = EDGE_LOOP('',(#8822,#8823,#8824,#8825));
#8822 = ORIENTED_EDGE('',*,*,#8775,.F.);
#8823 = ORIENTED_EDGE('',*,*,#8261,.T.);
#8824 = ORIENTED_EDGE('',*,*,#8726,.T.);
#8825 = ORIENTED_EDGE('',*,*,#8826,.F.);
#8826 = EDGE_CURVE('',#8776,#8727,#8827,.T.);
#8827 = SURFACE_CURVE('',#8828,(#8832,#8839),.PCURVE_S1.);
#8828 = LINE('',#8829,#8830);
#8829 = CARTESIAN_POINT('',(34.05,10.95,-24.2));
#8830 = VECTOR('',#8831,1.);
#8831 = DIRECTION('',(1.,0.,-0.));
#8832 = PCURVE('',#8277,#8833);
#8833 = DEFINITIONAL_REPRESENTATION('',(#8834),#8838);
#8834 = LINE('',#8835,#8836);
#8835 = CARTESIAN_POINT('',(0.,0.85));
#8836 = VECTOR('',#8837,1.);
#8837 = DIRECTION('',(1.,0.));
#8838 = ( GEOMETRIC_REPRESENTATION_CONTEXT(2) 
PARAMETRIC_REPRESENTATION_CONTEXT() REPRESENTATION_CONTEXT('2D SPACE',''
  ) );
#8839 = PCURVE('',#8710,#8840);
#8840 = DEFINITIONAL_REPRESENTATION('',(#8841),#8845);
#8841 = LINE('',#8842,#8843);
#8842 = CARTESIAN_POINT('',(0.,0.));
#8843 = VECTOR('',#8844,1.);
#8844 = DIRECTION('',(0.,1.));
#8845 = ( GEOMETRIC_REPRESENTATION_CONTEXT(2) 
PARAMETRIC_REPRESENTATION_CONTEXT() REPRESENTATION_CONTEXT('2D SPACE',''
  ) );
#8846 = ADVANCED_FACE('',(#8847),#8338,.F.);
#8847 = FACE_BOUND('',#8848,.F.);
#8848 = EDGE_LOOP('',(#8849,#8850,#8873,#8900));
#8849 = ORIENTED_EDGE('',*,*,#8317,.F.);
#8850 = ORIENTED_EDGE('',*,*,#8851,.F.);
#8851 = EDGE_CURVE('',#8852,#8318,#8854,.T.);
#8852 = VERTEX_POINT('',#8853);
#8853 = CARTESIAN_POINT('',(38.8,20.6,-21.35));
#8854 = SEAM_CURVE('',#8855,(#8859,#8866),.PCURVE_S1.);
#8855 = LINE('',#8856,#8857);
#8856 = CARTESIAN_POINT('',(38.8,20.6,-21.35));
#8857 = VECTOR('',#8858,1.);
#8858 = DIRECTION('',(0.,-1.,0.));
#8859 = PCURVE('',#8338,#8860);
#8860 = DEFINITIONAL_REPRESENTATION('',(#8861),#8865);
#8861 = LINE('',#8862,#8863);
#8862 = CARTESIAN_POINT('',(6.28318530718,-0.));
#8863 = VECTOR('',#8864,1.);
#8864 = DIRECTION('',(0.,1.));
#8865 = ( GEOMETRIC_REPRESENTATION_CONTEXT(2) 
PARAMETRIC_REPRESENTATION_CONTEXT() REPRESENTATION_CONTEXT('2D SPACE',''
  ) );
#8866 = PCURVE('',#8338,#8867);
#8867 = DEFINITIONAL_REPRESENTATION('',(#8868),#8872);
#8868 = LINE('',#8869,#8870);
#8869 = CARTESIAN_POINT('',(0.,-0.));
#8870 = VECTOR('',#8871,1.);
#8871 = DIRECTION('',(0.,1.));
#8872 = ( GEOMETRIC_REPRESENTATION_CONTEXT(2) 
PARAMETRIC_REPRESENTATION_CONTEXT() REPRESENTATION_CONTEXT('2D SPACE',''
  ) );
#8873 = ORIENTED_EDGE('',*,*,#8874,.T.);
#8874 = EDGE_CURVE('',#8852,#8852,#8875,.T.);
#8875 = SURFACE_CURVE('',#8876,(#8881,#8888),.PCURVE_S1.);
#8876 = CIRCLE('',#8877,1.7);
#8877 = AXIS2_PLACEMENT_3D('',#8878,#8879,#8880);
#8878 = CARTESIAN_POINT('',(37.1,20.6,-21.35));
#8879 = DIRECTION('',(0.,-1.,0.));
#8880 = DIRECTION('',(1.,0.,0.));
#8881 = PCURVE('',#8338,#8882);
#8882 = DEFINITIONAL_REPRESENTATION('',(#8883),#8887);
#8883 = LINE('',#8884,#8885);
#8884 = CARTESIAN_POINT('',(0.,0.));
#8885 = VECTOR('',#8886,1.);
#8886 = DIRECTION('',(1.,0.));
#8887 = ( GEOMETRIC_REPRESENTATION_CONTEXT(2) 
PARAMETRIC_REPRESENTATION_CONTEXT() REPRESENTATION_CONTEXT('2D SPACE',''
  ) );
#8888 = PCURVE('',#8889,#8894);
#8889 = PLANE('',#8890);
#8890 = AXIS2_PLACEMENT_3D('',#8891,#8892,#8893);
#8891 = CARTESIAN_POINT('',(37.1,20.6,-21.35));
#8892 = DIRECTION('',(0.,-1.,0.));
#8893 = DIRECTION('',(1.,0.,0.));
#8894 = DEFINITIONAL_REPRESENTATION('',(#8895),#8899);
#8895 = CIRCLE('',#8896,1.7);
#8896 = AXIS2_PLACEMENT_2D('',#8897,#8898);
#8897 = CARTESIAN_POINT('',(0.,0.));
#8898 = DIRECTION('',(1.,0.));
#8899 = ( GEOMETRIC_REPRESENTATION_CONTEXT(2) 
PARAMETRIC_REPRESENTATION_CONTEXT() REPRESENTATION_CONTEXT('2D SPACE',''
  ) );
#8900 = ORIENTED_EDGE('',*,*,#8851,.T.);
#8901 = ADVANCED_FACE('',(#8902),#8509,.F.);
#8902 = FACE_BOUND('',#8903,.F.);
#8903 = EDGE_LOOP('',(#8904,#8905,#8906,#8907));
#8904 = ORIENTED_EDGE('',*,*,#8625,.F.);
#8905 = ORIENTED_EDGE('',*,*,#8597,.T.);
#8906 = ORIENTED_EDGE('',*,*,#8495,.T.);
#8907 = ORIENTED_EDGE('',*,*,#8548,.F.);
#8908 = ADVANCED_FACE('',(#8909),#8710,.F.);
#8909 = FACE_BOUND('',#8910,.F.);
#8910 = EDGE_LOOP('',(#8911,#8912,#8913,#8914));
#8911 = ORIENTED_EDGE('',*,*,#8826,.F.);
#8912 = ORIENTED_EDGE('',*,*,#8798,.T.);
#8913 = ORIENTED_EDGE('',*,*,#8696,.T.);
#8914 = ORIENTED_EDGE('',*,*,#8749,.F.);
#8915 = ADVANCED_FACE('',(#8916),#8889,.T.);
#8916 = FACE_BOUND('',#8917,.F.);
#8917 = EDGE_LOOP('',(#8918));
#8918 = ORIENTED_EDGE('',*,*,#8874,.F.);
#8919 = ( GEOMETRIC_REPRESENTATION_CONTEXT(3) 
GLOBAL_UNCERTAINTY_ASSIGNED_CONTEXT((#8923)) 
GLOBAL_UNIT_ASSIGNED_CONTEXT((#8920,#8921,#8922)) REPRESENTATION_CONTEXT
('Context #1','3D Context with UNIT and UNCERTAINTY') );
#8920 = ( LENGTH_UNIT() NAMED_UNIT(*) SI_UNIT(.MILLI.,.METRE.) );
#8921 = ( NAMED_UNIT(*) PLANE_ANGLE_UNIT() SI_UNIT($,.RADIAN.) );
#8922 = ( NAMED_UNIT(*) SI_UNIT($,.STERADIAN.) SOLID_ANGLE_UNIT() );
#8923 = UNCERTAINTY_MEASURE_WITH_UNIT(LENGTH_MEASURE(1.E-07),#8920,
  'distance_accuracy_value','confusion accuracy');
#8924 = CONTEXT_DEPENDENT_SHAPE_REPRESENTATION(#8925,#8927);
#8925 = ( REPRESENTATION_RELATIONSHIP('','',#32,#10) 
REPRESENTATION_RELATIONSHIP_WITH_TRANSFORMATION(#8926) 
SHAPE_REPRESENTATION_RELATIONSHIP() );
#8926 = ITEM_DEFINED_TRANSFORMATION('','',#11,#15);
#8927 = PRODUCT_DEFINITION_SHAPE('Placement','Placement of an item',
  #8928);
#8928 = NEXT_ASSEMBLY_USAGE_OCCURRENCE('6','active_sector_aluminum_yoke'
  ,'',#5,#27,$);
#8929 = PRODUCT_RELATED_PRODUCT_CATEGORY('part',$,(#29));
ENDSEC;
END-ISO-10303-21;
