ISO-10303-21;
HEADER;
FILE_DESCRIPTION(('Open CASCADE Model'),'2;1');
FILE_NAME('torus_free_retained_arm_with_open_PEEK_cradle_seat_one_solid'
  ,'2026-07-11T22:43:21',('Author'),('Open CASCADE'),
  'Open CASCADE STEP processor 7.9','build123d','Unknown');
FILE_SCHEMA(('AUTOMOTIVE_DESIGN { 1 0 10303 214 1 1 1 1 }'));
ENDSEC;
DATA;
#1 = APPLICATION_PROTOCOL_DEFINITION('international standard',
  'automotive_design',2000,#2);
#2 = APPLICATION_CONTEXT(
  'core data for automotive mechanical design processes');
#3 = SHAPE_DEFINITION_REPRESENTATION(#4,#10);
#4 = PRODUCT_DEFINITION_SHAPE('','',#5);
#5 = PRODUCT_DEFINITION('design','',#6,#9);
#6 = PRODUCT_DEFINITION_FORMATION('','',#7);
#7 = PRODUCT(
  'torus_free_retained_arm_with_open_PEEK_cradle_seat_one_solid',
  'torus_free_retained_arm_with_open_PEEK_cradle_seat_one_solid','',(#8)
  );
#8 = PRODUCT_CONTEXT('',#2,'mechanical');
#9 = PRODUCT_DEFINITION_CONTEXT('part definition',#2,'design');
#10 = SHAPE_REPRESENTATION('',(#11,#15),#19);
#11 = AXIS2_PLACEMENT_3D('',#12,#13,#14);
#12 = CARTESIAN_POINT('',(0.,0.,0.));
#13 = DIRECTION('',(0.,0.,1.));
#14 = DIRECTION('',(1.,0.,-0.));
#15 = AXIS2_PLACEMENT_3D('',#16,#17,#18);
#16 = CARTESIAN_POINT('',(110.,108.97500005,-12.));
#17 = DIRECTION('',(0.,-1.224646799147E-16,-1.));
#18 = DIRECTION('',(1.,0.,0.));
#19 = ( GEOMETRIC_REPRESENTATION_CONTEXT(3) 
GLOBAL_UNCERTAINTY_ASSIGNED_CONTEXT((#23)) GLOBAL_UNIT_ASSIGNED_CONTEXT(
(#20,#21,#22)) REPRESENTATION_CONTEXT('Context #1',
  '3D Context with UNIT and UNCERTAINTY') );
#20 = ( LENGTH_UNIT() NAMED_UNIT(*) SI_UNIT(.MILLI.,.METRE.) );
#21 = ( NAMED_UNIT(*) PLANE_ANGLE_UNIT() SI_UNIT($,.RADIAN.) );
#22 = ( NAMED_UNIT(*) SI_UNIT($,.STERADIAN.) SOLID_ANGLE_UNIT() );
#23 = UNCERTAINTY_MEASURE_WITH_UNIT(LENGTH_MEASURE(2.E-07),#20,
  'distance_accuracy_value','confusion accuracy');
#24 = PRODUCT_RELATED_PRODUCT_CATEGORY('part',$,(#7));
#25 = SHAPE_DEFINITION_REPRESENTATION(#26,#32);
#26 = PRODUCT_DEFINITION_SHAPE('','',#27);
#27 = PRODUCT_DEFINITION('design','',#28,#31);
#28 = PRODUCT_DEFINITION_FORMATION('','',#29);
#29 = PRODUCT(
  'torus_free_retained_arm_with_open_PEEK_cradle_seat_one_solid',
  'torus_free_retained_arm_with_open_PEEK_cradle_seat_one_solid','',(#30
    ));
#30 = PRODUCT_CONTEXT('',#2,'mechanical');
#31 = PRODUCT_DEFINITION_CONTEXT('part definition',#2,'design');
#32 = ADVANCED_BREP_SHAPE_REPRESENTATION('',(#11,#33),#8377);
#33 = MANIFOLD_SOLID_BREP('',#34);
#34 = CLOSED_SHELL('',(#35,#615,#813,#1423,#1494,#1567,#1712,#1850,#1905
    ,#1940,#1995,#1999,#2054,#2089,#2144,#2148,#2259,#2314,#2628,#2840,
    #2891,#3109,#3158,#3207,#3797,#3823,#3880,#3884,#3934,#3991,#3995,
    #4045,#4102,#4106,#4156,#4205,#4857,#4929,#5353,#5429,#5624,#5679,
    #5714,#5769,#5804,#5964,#6146,#6292,#6327,#6382,#6412,#6458,#6507,
    #6556,#6603,#6685,#6714,#6721,#6748,#6791,#6798,#6823,#6866,#6891,
    #6965,#7011,#7039,#7064,#7089,#7196,#7231,#7286,#7321,#7376,#7411,
    #7461,#7468,#7497,#7524,#7551,#7680,#7715,#7770,#7805,#7860,#7895,
    #7945,#7952,#7977,#8004,#8059,#8107,#8132,#8218,#8225,#8279,#8306,
    #8340,#8348));
#35 = ADVANCED_FACE('',(#36,#441),#50,.T.);
#36 = FACE_BOUND('',#37,.T.);
#37 = EDGE_LOOP('',(#38,#68,#95,#96,#193,#216,#245,#272,#301,#328,#350,
    #351));
#38 = ORIENTED_EDGE('',*,*,#39,.F.);
#39 = EDGE_CURVE('',#40,#42,#44,.T.);
#40 = VERTEX_POINT('',#41);
#41 = CARTESIAN_POINT('',(14.,-3.429011037613E-15,-53.));
#42 = VERTEX_POINT('',#43);
#43 = CARTESIAN_POINT('',(14.,-1.959434878636E-15,-48.));
#44 = SEAM_CURVE('',#45,(#49,#61),.PCURVE_S1.);
#45 = LINE('',#46,#47);
#46 = CARTESIAN_POINT('',(14.,-3.429011037613E-15,-53.));
#47 = VECTOR('',#48,1.);
#48 = DIRECTION('',(0.,0.,1.));
#49 = PCURVE('',#50,#55);
#50 = CYLINDRICAL_SURFACE('',#51,14.);
#51 = AXIS2_PLACEMENT_3D('',#52,#53,#54);
#52 = CARTESIAN_POINT('',(0.,0.,-53.));
#53 = DIRECTION('',(0.,0.,1.));
#54 = DIRECTION('',(1.,0.,-0.));
#55 = DEFINITIONAL_REPRESENTATION('',(#56),#60);
#56 = LINE('',#57,#58);
#57 = CARTESIAN_POINT('',(0.,-0.));
#58 = VECTOR('',#59,1.);
#59 = DIRECTION('',(0.,1.));
#60 = ( GEOMETRIC_REPRESENTATION_CONTEXT(2) 
PARAMETRIC_REPRESENTATION_CONTEXT() REPRESENTATION_CONTEXT('2D SPACE',''
  ) );
#61 = PCURVE('',#50,#62);
#62 = DEFINITIONAL_REPRESENTATION('',(#63),#67);
#63 = LINE('',#64,#65);
#64 = CARTESIAN_POINT('',(6.28318530718,-0.));
#65 = VECTOR('',#66,1.);
#66 = DIRECTION('',(0.,1.));
#67 = ( GEOMETRIC_REPRESENTATION_CONTEXT(2) 
PARAMETRIC_REPRESENTATION_CONTEXT() REPRESENTATION_CONTEXT('2D SPACE',''
  ) );
#68 = ORIENTED_EDGE('',*,*,#69,.T.);
#69 = EDGE_CURVE('',#40,#40,#70,.T.);
#70 = SURFACE_CURVE('',#71,(#76,#83),.PCURVE_S1.);
#71 = CIRCLE('',#72,14.);
#72 = AXIS2_PLACEMENT_3D('',#73,#74,#75);
#73 = CARTESIAN_POINT('',(0.,0.,-53.));
#74 = DIRECTION('',(0.,0.,1.));
#75 = DIRECTION('',(1.,0.,-0.));
#76 = PCURVE('',#50,#77);
#77 = DEFINITIONAL_REPRESENTATION('',(#78),#82);
#78 = LINE('',#79,#80);
#79 = CARTESIAN_POINT('',(0.,0.));
#80 = VECTOR('',#81,1.);
#81 = DIRECTION('',(1.,0.));
#82 = ( GEOMETRIC_REPRESENTATION_CONTEXT(2) 
PARAMETRIC_REPRESENTATION_CONTEXT() REPRESENTATION_CONTEXT('2D SPACE',''
  ) );
#83 = PCURVE('',#84,#89);
#84 = PLANE('',#85);
#85 = AXIS2_PLACEMENT_3D('',#86,#87,#88);
#86 = CARTESIAN_POINT('',(0.,0.,-53.));
#87 = DIRECTION('',(0.,0.,1.));
#88 = DIRECTION('',(1.,0.,-0.));
#89 = DEFINITIONAL_REPRESENTATION('',(#90),#94);
#90 = CIRCLE('',#91,14.);
#91 = AXIS2_PLACEMENT_2D('',#92,#93);
#92 = CARTESIAN_POINT('',(0.,0.));
#93 = DIRECTION('',(1.,0.));
#94 = ( GEOMETRIC_REPRESENTATION_CONTEXT(2) 
PARAMETRIC_REPRESENTATION_CONTEXT() REPRESENTATION_CONTEXT('2D SPACE',''
  ) );
#95 = ORIENTED_EDGE('',*,*,#39,.T.);
#96 = ORIENTED_EDGE('',*,*,#97,.F.);
#97 = EDGE_CURVE('',#98,#42,#100,.T.);
#98 = VERTEX_POINT('',#99);
#99 = CARTESIAN_POINT('',(14.,-3.429011037613E-15,-44.));
#100 = SURFACE_CURVE('',#101,(#128,#158),.PCURVE_S1.);
#101 = B_SPLINE_CURVE_WITH_KNOTS('',7,(#102,#103,#104,#105,#106,#107,
    #108,#109,#110,#111,#112,#113,#114,#115,#116,#117,#118,#119,#120,
    #121,#122,#123,#124,#125,#126,#127),.UNSPECIFIED.,.F.,.F.,(8,6,6,6,8
    ),(0.,0.245811292946,0.50005263388,0.754293480165,1.),
  .UNSPECIFIED.);
#102 = CARTESIAN_POINT('',(14.,-1.33226762955E-15,-44.));
#103 = CARTESIAN_POINT('',(14.,-0.265397960135,-44.));
#104 = CARTESIAN_POINT('',(13.994130195171,-0.523713373233,
    -44.04108729222));
#105 = CARTESIAN_POINT('',(13.982955484476,-0.767571195489,
    -44.11931753453));
#106 = CARTESIAN_POINT('',(13.967976649537,-0.990837140283,
    -44.22935810222));
#107 = CARTESIAN_POINT('',(13.951251922885,-1.188825429817,
    -44.36453471687));
#108 = CARTESIAN_POINT('',(13.934635018816,-1.35874740011,
    -44.51690467724));
#109 = CARTESIAN_POINT('',(13.90361598606,-1.64654872564,-44.84335120187
    ));
#110 = CARTESIAN_POINT('',(13.888890200614,-1.766333096584,
    -45.02240523079));
#111 = CARTESIAN_POINT('',(13.876273002844,-1.860630724403,
    -45.21030203552));
#112 = CARTESIAN_POINT('',(13.866436089398,-1.930513405579,
    -45.40405962033));
#113 = CARTESIAN_POINT('',(13.85975265197,-1.976816739387,
    -45.60144306715));
#114 = CARTESIAN_POINT('',(13.856406460551,-2.,-45.80064241568));
#115 = CARTESIAN_POINT('',(13.856406460551,-2.,-46.19935719644));
#116 = CARTESIAN_POINT('',(13.859752635474,-1.976816849527,
    -46.39856070809));
#117 = CARTESIAN_POINT('',(13.866436331002,-1.930511731841,
    -46.59594670316));
#118 = CARTESIAN_POINT('',(13.876273403894,-1.860627984728,
    -46.78970168256));
#119 = CARTESIAN_POINT('',(13.888890118396,-1.766332860918,
    -46.97759243538));
#120 = CARTESIAN_POINT('',(13.903615512841,-1.646553116268,
    -47.15664381793));
#121 = CARTESIAN_POINT('',(13.934629006566,-1.358803183063,
    -47.48303204941));
#122 = CARTESIAN_POINT('',(13.951247672368,-1.188877263529,
    -47.63543836764));
#123 = CARTESIAN_POINT('',(13.967979195521,-0.990831310086,
    -47.77066959545));
#124 = CARTESIAN_POINT('',(13.982963176181,-0.767485845885,
    -47.88073618507));
#125 = CARTESIAN_POINT('',(13.994135584112,-0.523573064116,
    -47.95895045038));
#126 = CARTESIAN_POINT('',(14.,-0.265276050673,-48.));
#127 = CARTESIAN_POINT('',(14.,-1.7763568394E-15,-48.));
#128 = PCURVE('',#50,#129);
#129 = DEFINITIONAL_REPRESENTATION('',(#130),#157);
#130 = B_SPLINE_CURVE_WITH_KNOTS('',7,(#131,#132,#133,#134,#135,#136,
    #137,#138,#139,#140,#141,#142,#143,#144,#145,#146,#147,#148,#149,
    #150,#151,#152,#153,#154,#155,#156),.UNSPECIFIED.,.F.,.F.,(8,6,6,6,8
    ),(0.,0.245811292946,0.50005263388,0.754293480165,1.),
  .UNSPECIFIED.);
#131 = CARTESIAN_POINT('',(6.28318530718,9.));
#132 = CARTESIAN_POINT('',(6.264228310027,9.));
#133 = CARTESIAN_POINT('',(6.24577719684,8.958912707774));
#134 = CARTESIAN_POINT('',(6.228347722202,8.88068246547));
#135 = CARTESIAN_POINT('',(6.212369242454,8.77064189778));
#136 = CARTESIAN_POINT('',(6.198178869809,8.635465283122));
#137 = CARTESIAN_POINT('',(6.185984294891,8.483095322758));
#138 = CARTESIAN_POINT('',(6.165308001731,8.156648798124));
#139 = CARTESIAN_POINT('',(6.156688527158,7.977594769203));
#140 = CARTESIAN_POINT('',(6.149893295325,7.789697964479));
#141 = CARTESIAN_POINT('',(6.144852504402,7.595940379661));
#142 = CARTESIAN_POINT('',(6.141510845338,7.398556932845));
#143 = CARTESIAN_POINT('',(6.139837738274,7.199357584316));
#144 = CARTESIAN_POINT('',(6.139837738274,6.800642803552));
#145 = CARTESIAN_POINT('',(6.141510837345,6.601439291908));
#146 = CARTESIAN_POINT('',(6.144852625315,6.404053296831));
#147 = CARTESIAN_POINT('',(6.149893492891,6.21029831744));
#148 = CARTESIAN_POINT('',(6.156688543248,6.022407564615));
#149 = CARTESIAN_POINT('',(6.165307686299,5.843356182066));
#150 = CARTESIAN_POINT('',(6.185980287319,5.516967950582));
#151 = CARTESIAN_POINT('',(6.198175155858,5.364561632356));
#152 = CARTESIAN_POINT('',(6.212369675342,5.229330404543));
#153 = CARTESIAN_POINT('',(6.22835383518,5.119263814928));
#154 = CARTESIAN_POINT('',(6.245787218704,5.041049549615));
#155 = CARTESIAN_POINT('',(6.264237017846,5.));
#156 = CARTESIAN_POINT('',(6.28318530718,5.));
#157 = ( GEOMETRIC_REPRESENTATION_CONTEXT(2) 
PARAMETRIC_REPRESENTATION_CONTEXT() REPRESENTATION_CONTEXT('2D SPACE',''
  ) );
#158 = PCURVE('',#159,#164);
#159 = CYLINDRICAL_SURFACE('',#160,2.);
#160 = AXIS2_PLACEMENT_3D('',#161,#162,#163);
#161 = CARTESIAN_POINT('',(0.,0.,-46.));
#162 = DIRECTION('',(1.,0.,0.));
#163 = DIRECTION('',(0.,0.,-1.));
#164 = DEFINITIONAL_REPRESENTATION('',(#165),#192);
#165 = B_SPLINE_CURVE_WITH_KNOTS('',7,(#166,#167,#168,#169,#170,#171,
    #172,#173,#174,#175,#176,#177,#178,#179,#180,#181,#182,#183,#184,
    #185,#186,#187,#188,#189,#190,#191),.UNSPECIFIED.,.F.,.F.,(8,6,6,6,8
    ),(0.,0.245811292946,0.50005263388,0.754293480165,1.),
  .UNSPECIFIED.);
#166 = CARTESIAN_POINT('',(3.14159265359,14.));
#167 = CARTESIAN_POINT('',(3.274291633657,14.));
#168 = CARTESIAN_POINT('',(3.403449248516,13.994130195171));
#169 = CARTESIAN_POINT('',(3.529195072477,13.982955484476));
#170 = CARTESIAN_POINT('',(3.65136136397,13.967976649537));
#171 = CARTESIAN_POINT('',(3.76952447773,13.951251922885));
#172 = CARTESIAN_POINT('',(3.882857449435,13.934635018816));
#173 = CARTESIAN_POINT('',(4.100456241035,13.90361598606));
#174 = CARTESIAN_POINT('',(4.207218970958,13.888890200614));
#175 = CARTESIAN_POINT('',(4.311081760543,13.876273002844));
#176 = CARTESIAN_POINT('',(4.412800602117,13.866436089398));
#177 = CARTESIAN_POINT('',(4.513110662974,13.85975265197));
#178 = CARTESIAN_POINT('',(4.612710188226,13.856406460551));
#179 = CARTESIAN_POINT('',(4.812067578609,13.856406460551));
#180 = CARTESIAN_POINT('',(4.911669175235,13.859752635474));
#181 = CARTESIAN_POINT('',(5.011980537436,13.866436331002));
#182 = CARTESIAN_POINT('',(5.113698315098,13.876273403894));
#183 = CARTESIAN_POINT('',(5.217558189741,13.888890118396));
#184 = CARTESIAN_POINT('',(5.324318400099,13.903615512841));
#185 = CARTESIAN_POINT('',(5.541878335353,13.934629006566));
#186 = CARTESIAN_POINT('',(5.655226262972,13.951247672368));
#187 = CARTESIAN_POINT('',(5.773426483059,13.967979195521));
#188 = CARTESIAN_POINT('',(5.895630753919,13.982963176181));
#189 = CARTESIAN_POINT('',(6.021398879945,13.994135584112));
#190 = CARTESIAN_POINT('',(6.150547281843,14.));
#191 = CARTESIAN_POINT('',(6.28318530718,14.));
#192 = ( GEOMETRIC_REPRESENTATION_CONTEXT(2) 
PARAMETRIC_REPRESENTATION_CONTEXT() REPRESENTATION_CONTEXT('2D SPACE',''
  ) );
#193 = ORIENTED_EDGE('',*,*,#194,.T.);
#194 = EDGE_CURVE('',#98,#195,#197,.T.);
#195 = VERTEX_POINT('',#196);
#196 = CARTESIAN_POINT('',(14.,-3.429011037613E-15,-37.8));
#197 = SEAM_CURVE('',#198,(#202,#209),.PCURVE_S1.);
#198 = LINE('',#199,#200);
#199 = CARTESIAN_POINT('',(14.,-3.429011037613E-15,-53.));
#200 = VECTOR('',#201,1.);
#201 = DIRECTION('',(0.,0.,1.));
#202 = PCURVE('',#50,#203);
#203 = DEFINITIONAL_REPRESENTATION('',(#204),#208);
#204 = LINE('',#205,#206);
#205 = CARTESIAN_POINT('',(0.,-0.));
#206 = VECTOR('',#207,1.);
#207 = DIRECTION('',(0.,1.));
#208 = ( GEOMETRIC_REPRESENTATION_CONTEXT(2) 
PARAMETRIC_REPRESENTATION_CONTEXT() REPRESENTATION_CONTEXT('2D SPACE',''
  ) );
#209 = PCURVE('',#50,#210);
#210 = DEFINITIONAL_REPRESENTATION('',(#211),#215);
#211 = LINE('',#212,#213);
#212 = CARTESIAN_POINT('',(6.28318530718,-0.));
#213 = VECTOR('',#214,1.);
#214 = DIRECTION('',(0.,1.));
#215 = ( GEOMETRIC_REPRESENTATION_CONTEXT(2) 
PARAMETRIC_REPRESENTATION_CONTEXT() REPRESENTATION_CONTEXT('2D SPACE',''
  ) );
#216 = ORIENTED_EDGE('',*,*,#217,.F.);
#217 = EDGE_CURVE('',#218,#195,#220,.T.);
#218 = VERTEX_POINT('',#219);
#219 = CARTESIAN_POINT('',(-7.,12.124355652982,-37.8));
#220 = SURFACE_CURVE('',#221,(#226,#233),.PCURVE_S1.);
#221 = CIRCLE('',#222,14.);
#222 = AXIS2_PLACEMENT_3D('',#223,#224,#225);
#223 = CARTESIAN_POINT('',(0.,0.,-37.8));
#224 = DIRECTION('',(0.,0.,1.));
#225 = DIRECTION('',(1.,0.,-0.));
#226 = PCURVE('',#50,#227);
#227 = DEFINITIONAL_REPRESENTATION('',(#228),#232);
#228 = LINE('',#229,#230);
#229 = CARTESIAN_POINT('',(0.,15.2));
#230 = VECTOR('',#231,1.);
#231 = DIRECTION('',(1.,0.));
#232 = ( GEOMETRIC_REPRESENTATION_CONTEXT(2) 
PARAMETRIC_REPRESENTATION_CONTEXT() REPRESENTATION_CONTEXT('2D SPACE',''
  ) );
#233 = PCURVE('',#234,#239);
#234 = PLANE('',#235);
#235 = AXIS2_PLACEMENT_3D('',#236,#237,#238);
#236 = CARTESIAN_POINT('',(0.,0.,-37.8));
#237 = DIRECTION('',(0.,0.,1.));
#238 = DIRECTION('',(1.,0.,-0.));
#239 = DEFINITIONAL_REPRESENTATION('',(#240),#244);
#240 = CIRCLE('',#241,14.);
#241 = AXIS2_PLACEMENT_2D('',#242,#243);
#242 = CARTESIAN_POINT('',(0.,0.));
#243 = DIRECTION('',(1.,0.));
#244 = ( GEOMETRIC_REPRESENTATION_CONTEXT(2) 
PARAMETRIC_REPRESENTATION_CONTEXT() REPRESENTATION_CONTEXT('2D SPACE',''
  ) );
#245 = ORIENTED_EDGE('',*,*,#246,.F.);
#246 = EDGE_CURVE('',#247,#218,#249,.T.);
#247 = VERTEX_POINT('',#248);
#248 = CARTESIAN_POINT('',(-7.,12.124355652982,-38.12));
#249 = SURFACE_CURVE('',#250,(#254,#260),.PCURVE_S1.);
#250 = LINE('',#251,#252);
#251 = CARTESIAN_POINT('',(-7.,12.124355652982,-53.));
#252 = VECTOR('',#253,1.);
#253 = DIRECTION('',(0.,0.,1.));
#254 = PCURVE('',#50,#255);
#255 = DEFINITIONAL_REPRESENTATION('',(#256),#259);
#256 = B_SPLINE_CURVE_WITH_KNOTS('',1,(#257,#258),.UNSPECIFIED.,.F.,.F.,
  (2,2),(14.08,15.2000024),.PIECEWISE_BEZIER_KNOTS.);
#257 = CARTESIAN_POINT('',(2.094395102393,14.08));
#258 = CARTESIAN_POINT('',(2.094395102393,15.2000024));
#259 = ( GEOMETRIC_REPRESENTATION_CONTEXT(2) 
PARAMETRIC_REPRESENTATION_CONTEXT() REPRESENTATION_CONTEXT('2D SPACE',''
  ) );
#260 = PCURVE('',#261,#266);
#261 = PLANE('',#262);
#262 = AXIS2_PLACEMENT_3D('',#263,#264,#265);
#263 = CARTESIAN_POINT('',(-7.,0.,-38.12));
#264 = DIRECTION('',(1.,0.,-0.));
#265 = DIRECTION('',(0.,0.,1.));
#266 = DEFINITIONAL_REPRESENTATION('',(#267),#271);
#267 = LINE('',#268,#269);
#268 = CARTESIAN_POINT('',(-14.88,-12.12435565298));
#269 = VECTOR('',#270,1.);
#270 = DIRECTION('',(1.,0.));
#271 = ( GEOMETRIC_REPRESENTATION_CONTEXT(2) 
PARAMETRIC_REPRESENTATION_CONTEXT() REPRESENTATION_CONTEXT('2D SPACE',''
  ) );
#272 = ORIENTED_EDGE('',*,*,#273,.F.);
#273 = EDGE_CURVE('',#274,#247,#276,.T.);
#274 = VERTEX_POINT('',#275);
#275 = CARTESIAN_POINT('',(7.,12.124355652982,-38.12));
#276 = SURFACE_CURVE('',#277,(#282,#289),.PCURVE_S1.);
#277 = CIRCLE('',#278,14.);
#278 = AXIS2_PLACEMENT_3D('',#279,#280,#281);
#279 = CARTESIAN_POINT('',(0.,0.,-38.12));
#280 = DIRECTION('',(0.,0.,1.));
#281 = DIRECTION('',(1.,0.,-0.));
#282 = PCURVE('',#50,#283);
#283 = DEFINITIONAL_REPRESENTATION('',(#284),#288);
#284 = LINE('',#285,#286);
#285 = CARTESIAN_POINT('',(0.,14.88));
#286 = VECTOR('',#287,1.);
#287 = DIRECTION('',(1.,0.));
#288 = ( GEOMETRIC_REPRESENTATION_CONTEXT(2) 
PARAMETRIC_REPRESENTATION_CONTEXT() REPRESENTATION_CONTEXT('2D SPACE',''
  ) );
#289 = PCURVE('',#290,#295);
#290 = PLANE('',#291);
#291 = AXIS2_PLACEMENT_3D('',#292,#293,#294);
#292 = CARTESIAN_POINT('',(-7.,0.,-38.12));
#293 = DIRECTION('',(0.,0.,1.));
#294 = DIRECTION('',(1.,0.,-0.));
#295 = DEFINITIONAL_REPRESENTATION('',(#296),#300);
#296 = CIRCLE('',#297,14.);
#297 = AXIS2_PLACEMENT_2D('',#298,#299);
#298 = CARTESIAN_POINT('',(7.,0.));
#299 = DIRECTION('',(1.,0.));
#300 = ( GEOMETRIC_REPRESENTATION_CONTEXT(2) 
PARAMETRIC_REPRESENTATION_CONTEXT() REPRESENTATION_CONTEXT('2D SPACE',''
  ) );
#301 = ORIENTED_EDGE('',*,*,#302,.T.);
#302 = EDGE_CURVE('',#274,#303,#305,.T.);
#303 = VERTEX_POINT('',#304);
#304 = CARTESIAN_POINT('',(7.,12.124355652982,-37.8));
#305 = SURFACE_CURVE('',#306,(#310,#316),.PCURVE_S1.);
#306 = LINE('',#307,#308);
#307 = CARTESIAN_POINT('',(7.,12.124355652982,-53.));
#308 = VECTOR('',#309,1.);
#309 = DIRECTION('',(0.,0.,1.));
#310 = PCURVE('',#50,#311);
#311 = DEFINITIONAL_REPRESENTATION('',(#312),#315);
#312 = B_SPLINE_CURVE_WITH_KNOTS('',1,(#313,#314),.UNSPECIFIED.,.F.,.F.,
  (2,2),(14.08,15.2000024),.PIECEWISE_BEZIER_KNOTS.);
#313 = CARTESIAN_POINT('',(1.047197551197,14.08));
#314 = CARTESIAN_POINT('',(1.047197551197,15.2000024));
#315 = ( GEOMETRIC_REPRESENTATION_CONTEXT(2) 
PARAMETRIC_REPRESENTATION_CONTEXT() REPRESENTATION_CONTEXT('2D SPACE',''
  ) );
#316 = PCURVE('',#317,#322);
#317 = PLANE('',#318);
#318 = AXIS2_PLACEMENT_3D('',#319,#320,#321);
#319 = CARTESIAN_POINT('',(7.,0.,-38.12));
#320 = DIRECTION('',(1.,0.,-0.));
#321 = DIRECTION('',(0.,0.,1.));
#322 = DEFINITIONAL_REPRESENTATION('',(#323),#327);
#323 = LINE('',#324,#325);
#324 = CARTESIAN_POINT('',(-14.88,-12.12435565298));
#325 = VECTOR('',#326,1.);
#326 = DIRECTION('',(1.,0.));
#327 = ( GEOMETRIC_REPRESENTATION_CONTEXT(2) 
PARAMETRIC_REPRESENTATION_CONTEXT() REPRESENTATION_CONTEXT('2D SPACE',''
  ) );
#328 = ORIENTED_EDGE('',*,*,#329,.F.);
#329 = EDGE_CURVE('',#195,#303,#330,.T.);
#330 = SURFACE_CURVE('',#331,(#336,#343),.PCURVE_S1.);
#331 = CIRCLE('',#332,14.);
#332 = AXIS2_PLACEMENT_3D('',#333,#334,#335);
#333 = CARTESIAN_POINT('',(0.,0.,-37.8));
#334 = DIRECTION('',(0.,0.,1.));
#335 = DIRECTION('',(1.,0.,-0.));
#336 = PCURVE('',#50,#337);
#337 = DEFINITIONAL_REPRESENTATION('',(#338),#342);
#338 = LINE('',#339,#340);
#339 = CARTESIAN_POINT('',(0.,15.2));
#340 = VECTOR('',#341,1.);
#341 = DIRECTION('',(1.,0.));
#342 = ( GEOMETRIC_REPRESENTATION_CONTEXT(2) 
PARAMETRIC_REPRESENTATION_CONTEXT() REPRESENTATION_CONTEXT('2D SPACE',''
  ) );
#343 = PCURVE('',#234,#344);
#344 = DEFINITIONAL_REPRESENTATION('',(#345),#349);
#345 = CIRCLE('',#346,14.);
#346 = AXIS2_PLACEMENT_2D('',#347,#348);
#347 = CARTESIAN_POINT('',(0.,0.));
#348 = DIRECTION('',(1.,0.));
#349 = ( GEOMETRIC_REPRESENTATION_CONTEXT(2) 
PARAMETRIC_REPRESENTATION_CONTEXT() REPRESENTATION_CONTEXT('2D SPACE',''
  ) );
#350 = ORIENTED_EDGE('',*,*,#194,.F.);
#351 = ORIENTED_EDGE('',*,*,#352,.F.);
#352 = EDGE_CURVE('',#42,#98,#353,.T.);
#353 = SURFACE_CURVE('',#354,(#381,#411),.PCURVE_S1.);
#354 = B_SPLINE_CURVE_WITH_KNOTS('',7,(#355,#356,#357,#358,#359,#360,
    #361,#362,#363,#364,#365,#366,#367,#368,#369,#370,#371,#372,#373,
    #374,#375,#376,#377,#378,#379,#380),.UNSPECIFIED.,.F.,.F.,(8,6,6,6,8
    ),(0.,0.245786998853,0.500010738462,0.75424700713,1.),
  .UNSPECIFIED.);
#355 = CARTESIAN_POINT('',(14.,-2.449293598295E-16,-48.));
#356 = CARTESIAN_POINT('',(14.,0.265397960135,-48.));
#357 = CARTESIAN_POINT('',(13.994130195171,0.523713373233,
    -47.95891270777));
#358 = CARTESIAN_POINT('',(13.982955484476,0.767571195489,
    -47.88068246547));
#359 = CARTESIAN_POINT('',(13.967976649537,0.990837140282,
    -47.77064189778));
#360 = CARTESIAN_POINT('',(13.951251922885,1.188825429817,
    -47.63546528312));
#361 = CARTESIAN_POINT('',(13.934635018816,1.35874740011,-47.48309532275
    ));
#362 = CARTESIAN_POINT('',(13.903615519169,1.646553057555,
    -47.15664388453));
#363 = CARTESIAN_POINT('',(13.88889027319,1.766331428375,-46.97759413617
    ));
#364 = CARTESIAN_POINT('',(13.87627348537,1.86062782665,-46.78970327378)
  );
#365 = CARTESIAN_POINT('',(13.866436031399,1.930513753133,
    -46.59594441961));
#366 = CARTESIAN_POINT('',(13.859752314582,1.976819092766,
    -46.39855281769));
#367 = CARTESIAN_POINT('',(13.856406460551,2.,-46.19934737804));
#368 = CARTESIAN_POINT('',(13.856406460551,2.,-45.80064279739));
#369 = CARTESIAN_POINT('',(13.859752635615,1.976816847973,
    -45.60143930695));
#370 = CARTESIAN_POINT('',(13.866436330243,1.930511739207,
    -45.40405328593));
#371 = CARTESIAN_POINT('',(13.87627340539,1.860627970883,-45.21029831205
    ));
#372 = CARTESIAN_POINT('',(13.88889011704,1.766332873347,-45.0224075766)
  );
#373 = CARTESIAN_POINT('',(13.90361551335,1.64655311154,-44.8433561767)
  );
#374 = CARTESIAN_POINT('',(13.93463216345,1.358773892811,-44.51693472731
    ));
#375 = CARTESIAN_POINT('',(13.951249494285,1.188853890056,
    -44.36455183887));
#376 = CARTESIAN_POINT('',(13.967977232222,0.990841539207,
    -44.22934920332));
#377 = CARTESIAN_POINT('',(13.982959014255,0.767536446386,
    -44.11929275858));
#378 = CARTESIAN_POINT('',(13.994132963853,0.523646348705,
    -44.04106793898));
#379 = CARTESIAN_POINT('',(14.,0.265335465923,-44.));
#380 = CARTESIAN_POINT('',(14.,3.673940397442E-16,-44.));
#381 = PCURVE('',#50,#382);
#382 = DEFINITIONAL_REPRESENTATION('',(#383),#410);
#383 = B_SPLINE_CURVE_WITH_KNOTS('',7,(#384,#385,#386,#387,#388,#389,
    #390,#391,#392,#393,#394,#395,#396,#397,#398,#399,#400,#401,#402,
    #403,#404,#405,#406,#407,#408,#409),.UNSPECIFIED.,.F.,.F.,(8,6,6,6,8
    ),(0.,0.245786998853,0.500010738462,0.75424700713,1.),
  .UNSPECIFIED.);
#384 = CARTESIAN_POINT('',(0.,5.));
#385 = CARTESIAN_POINT('',(1.895699715251E-02,5.));
#386 = CARTESIAN_POINT('',(3.740811033956E-02,5.041087292226));
#387 = CARTESIAN_POINT('',(5.483758497773E-02,5.11931753453));
#388 = CARTESIAN_POINT('',(7.081606472583E-02,5.229358102219));
#389 = CARTESIAN_POINT('',(8.500643737027E-02,5.364534716878));
#390 = CARTESIAN_POINT('',(9.720101228846E-02,5.516904677242));
#391 = CARTESIAN_POINT('',(0.117877616663,5.84335611547));
#392 = CARTESIAN_POINT('',(0.126496661053,6.022405863828));
#393 = CARTESIAN_POINT('',(0.133291802287,6.210296726211));
#394 = CARTESIAN_POINT('',(0.138332827853,6.404055580389));
#395 = CARTESIAN_POINT('',(0.141674631677,6.60144718231));
#396 = CARTESIAN_POINT('',(0.143347568905,6.800652621953));
#397 = CARTESIAN_POINT('',(0.143347568905,7.199357202602));
#398 = CARTESIAN_POINT('',(0.141674469724,7.398560693042));
#399 = CARTESIAN_POINT('',(0.138332682393,7.595946714065));
#400 = CARTESIAN_POINT('',(0.133291813294,7.789701687941));
#401 = CARTESIAN_POINT('',(0.126496764825,7.977592423391));
#402 = CARTESIAN_POINT('',(0.117877620541,8.156643823297));
#403 = CARTESIAN_POINT('',(9.720291558358E-02,8.483065272687));
#404 = CARTESIAN_POINT('',(8.500847743068E-02,8.635448161123));
#405 = CARTESIAN_POINT('',(7.081637251665E-02,8.770650796671));
#406 = CARTESIAN_POINT('',(5.483509461757E-02,8.880707241415));
#407 = CARTESIAN_POINT('',(3.740332284931E-02,8.958932061012));
#408 = CARTESIAN_POINT('',(1.895253328024E-02,9.));
#409 = CARTESIAN_POINT('',(0.,9.));
#410 = ( GEOMETRIC_REPRESENTATION_CONTEXT(2) 
PARAMETRIC_REPRESENTATION_CONTEXT() REPRESENTATION_CONTEXT('2D SPACE',''
  ) );
#411 = PCURVE('',#159,#412);
#412 = DEFINITIONAL_REPRESENTATION('',(#413),#440);
#413 = B_SPLINE_CURVE_WITH_KNOTS('',7,(#414,#415,#416,#417,#418,#419,
    #420,#421,#422,#423,#424,#425,#426,#427,#428,#429,#430,#431,#432,
    #433,#434,#435,#436,#437,#438,#439),.UNSPECIFIED.,.F.,.F.,(8,6,6,6,8
    ),(0.,0.245786998853,0.500010738462,0.75424700713,1.),
  .UNSPECIFIED.);
#414 = CARTESIAN_POINT('',(0.,14.));
#415 = CARTESIAN_POINT('',(0.132698980068,14.));
#416 = CARTESIAN_POINT('',(0.261856594926,13.994130195171));
#417 = CARTESIAN_POINT('',(0.387602418887,13.982955484476));
#418 = CARTESIAN_POINT('',(0.50976871038,13.967976649537));
#419 = CARTESIAN_POINT('',(0.627931824141,13.951251922885));
#420 = CARTESIAN_POINT('',(0.741264795845,13.934635018816));
#421 = CARTESIAN_POINT('',(0.958866862689,13.903615519169));
#422 = CARTESIAN_POINT('',(1.065626013141,13.88889027319));
#423 = CARTESIAN_POINT('',(1.169486310514,13.87627348537));
#424 = CARTESIAN_POINT('',(1.271206170574,13.866436031399));
#425 = CARTESIAN_POINT('',(1.37152006286,13.859752314582));
#426 = CARTESIAN_POINT('',(1.471122637772,13.856406460551));
#427 = CARTESIAN_POINT('',(1.670474928096,13.856406460551));
#428 = CARTESIAN_POINT('',(1.770076514506,13.859752635615));
#429 = CARTESIAN_POINT('',(1.870387887792,13.866436330243));
#430 = CARTESIAN_POINT('',(1.972105666788,13.87627340539));
#431 = CARTESIAN_POINT('',(2.075965527871,13.88889011704));
#432 = CARTESIAN_POINT('',(2.182725750085,13.90361551335));
#433 = CARTESIAN_POINT('',(2.40030782733,13.93463216345));
#434 = CARTESIAN_POINT('',(2.513645000807,13.951249494285));
#435 = CARTESIAN_POINT('',(2.631824682855,13.967977232222));
#436 = CARTESIAN_POINT('',(2.754010269855,13.982959014255));
#437 = CARTESIAN_POINT('',(2.87976957803,13.994132963853));
#438 = CARTESIAN_POINT('',(3.008924920628,14.));
#439 = CARTESIAN_POINT('',(3.14159265359,14.));
#440 = ( GEOMETRIC_REPRESENTATION_CONTEXT(2) 
PARAMETRIC_REPRESENTATION_CONTEXT() REPRESENTATION_CONTEXT('2D SPACE',''
  ) );
#441 = FACE_BOUND('',#442,.T.);
#442 = EDGE_LOOP('',(#443));
#443 = ORIENTED_EDGE('',*,*,#444,.F.);
#444 = EDGE_CURVE('',#445,#445,#447,.T.);
#445 = VERTEX_POINT('',#446);
#446 = CARTESIAN_POINT('',(2.,-13.85640646055,-46.));
#447 = SURFACE_CURVE('',#448,(#500,#555),.PCURVE_S1.);
#448 = B_SPLINE_CURVE_WITH_KNOTS('',8,(#449,#450,#451,#452,#453,#454,
    #455,#456,#457,#458,#459,#460,#461,#462,#463,#464,#465,#466,#467,
    #468,#469,#470,#471,#472,#473,#474,#475,#476,#477,#478,#479,#480,
    #481,#482,#483,#484,#485,#486,#487,#488,#489,#490,#491,#492,#493,
    #494,#495,#496,#497,#498,#499),.UNSPECIFIED.,.T.,.F.,(9,7,7,7,7,7,7,
    9),(0.,0.153872312324,0.286411889806,0.411834108967,0.568498763397,
    0.707040193575,0.82836131702,1.),.UNSPECIFIED.);
#449 = CARTESIAN_POINT('',(2.,-13.85640646055,-46.));
#450 = CARTESIAN_POINT('',(2.,-13.85640646055,-45.79106377305));
#451 = CARTESIAN_POINT('',(1.975054492482,-13.86000686816,
    -45.58232263307));
#452 = CARTESIAN_POINT('',(1.925246070145,-13.86719672401,
    -45.37541163291));
#453 = CARTESIAN_POINT('',(1.850003965933,-13.87779939141,
    -45.17220418518));
#454 = CARTESIAN_POINT('',(1.748388333352,-13.8914436382,-44.97515322671
    ));
#455 = CARTESIAN_POINT('',(1.619281097694,-13.90745604438,
    -44.78749105879));
#456 = CARTESIAN_POINT('',(1.461624440488,-13.92475605284,
    -44.61348844079));
#457 = CARTESIAN_POINT('',(1.113966058316,-13.9565460996,-44.32588041444
    ));
#458 = CARTESIAN_POINT('',(0.925525736072,-13.9716377709,-44.20232038495
    ));
#459 = CARTESIAN_POINT('',(0.712326333182,-13.98557992132,
    -44.09883182471));
#460 = CARTESIAN_POINT('',(0.479540297708,-13.99653997936,
    -44.02327006654));
#461 = CARTESIAN_POINT('',(0.234200044611,-14.00285105747,
    -43.98082640987));
#462 = CARTESIAN_POINT('',(-1.572888180622E-02,-14.0037562066,
    -43.97398426934));
#463 = CARTESIAN_POINT('',(-0.262079993777,-13.99952677891,
    -44.00241896249));
#464 = CARTESIAN_POINT('',(-0.720043986827,-13.98324635646,
    -44.12000413052));
#465 = CARTESIAN_POINT('',(-0.926282081479,-13.97185960622,
    -44.20413470827));
#466 = CARTESIAN_POINT('',(-1.113986447154,-13.95811510935,
    -44.31031897526));
#467 = CARTESIAN_POINT('',(-1.281980293091,-13.94319661559,
    -44.43427488398));
#468 = CARTESIAN_POINT('',(-1.429718702596,-13.92816642418,
    -44.57217541158));
#469 = CARTESIAN_POINT('',(-1.557128221644,-13.91388244532,
    -44.72055626226));
#470 = CARTESIAN_POINT('',(-1.664532732205,-13.90097883245,
    -44.87627458446));
#471 = CARTESIAN_POINT('',(-1.862634704165,-13.87598246526,
    -45.23662073373));
#472 = CARTESIAN_POINT('',(-1.943652600591,-13.86474789746,
    -45.44585601087));
#473 = CARTESIAN_POINT('',(-1.996860063071,-13.856939913,-45.6606887895)
  );
#474 = CARTESIAN_POINT('',(-2.023090344524,-13.85298607501,
    -45.87852592358));
#475 = CARTESIAN_POINT('',(-2.022759234318,-13.85305830291,
    -46.09717715227));
#476 = CARTESIAN_POINT('',(-1.995832476498,-13.85712255927,
    -46.31458160349));
#477 = CARTESIAN_POINT('',(-1.94178929,-13.86493197319,-46.52854387513)
  );
#478 = CARTESIAN_POINT('',(-1.786829885764,-13.88569849116,
    -46.9199266538));
#479 = CARTESIAN_POINT('',(-1.691687998815,-13.89800502909,
    -47.09965042419));
#480 = CARTESIAN_POINT('',(-1.573234862527,-13.91251635682,
    -47.27275235325));
#481 = CARTESIAN_POINT('',(-1.430707371893,-13.92861933974,
    -47.43602313701));
#482 = CARTESIAN_POINT('',(-1.263599120852,-13.94541364744,
    -47.58563864747));
#483 = CARTESIAN_POINT('',(-1.071822377014,-13.96166278298,
    -47.71705158874));
#484 = CARTESIAN_POINT('',(-0.856006420113,-13.9758360918,
    -47.82479110248));
#485 = CARTESIAN_POINT('',(-0.409640855483,-13.99556025548,
    -47.96982406614));
#486 = CARTESIAN_POINT('',(-0.187346665856,-14.00182756466,
    -48.01320413881));
#487 = CARTESIAN_POINT('',(4.277011197827E-02,-14.00406428525,
    -48.02765123755));
#488 = CARTESIAN_POINT('',(0.273688478497,-14.00164291258,
    -48.01125539034));
#489 = CARTESIAN_POINT('',(0.498167206036,-13.99472902216,
    -47.96469587943));
#490 = CARTESIAN_POINT('',(0.709420442755,-13.98435945878,
    -47.89117144376));
#491 = CARTESIAN_POINT('',(0.901874793623,-13.97195822309,
    -47.79640075147));
#492 = CARTESIAN_POINT('',(1.311847615313,-13.94048381669,
    -47.53622408735));
#493 = CARTESIAN_POINT('',(1.514331298604,-13.92018725144,-47.3529534311
    ));
#494 = CARTESIAN_POINT('',(1.679574917103,-13.90058519014,
    -47.14885994048));
#495 = CARTESIAN_POINT('',(1.809222253443,-13.88352997846,
    -46.93073804465));
#496 = CARTESIAN_POINT('',(1.904985571931,-13.87011990081,
    -46.70353530281));
#497 = CARTESIAN_POINT('',(1.968293739709,-13.86098301002,
    -46.47088872876));
#498 = CARTESIAN_POINT('',(2.,-13.85640646055,-46.23555391713));
#499 = CARTESIAN_POINT('',(2.,-13.85640646055,-46.));
#500 = PCURVE('',#50,#501);
#501 = DEFINITIONAL_REPRESENTATION('',(#502),#554);
#502 = B_SPLINE_CURVE_WITH_KNOTS('',8,(#503,#504,#505,#506,#507,#508,
    #509,#510,#511,#512,#513,#514,#515,#516,#517,#518,#519,#520,#521,
    #522,#523,#524,#525,#526,#527,#528,#529,#530,#531,#532,#533,#534,
    #535,#536,#537,#538,#539,#540,#541,#542,#543,#544,#545,#546,#547,
    #548,#549,#550,#551,#552,#553),.UNSPECIFIED.,.F.,.F.,(9,7,7,7,7,7,7,
    9),(0.,0.153872312324,0.286411889806,0.411834108967,0.568498763397,
    0.707040193575,0.82836131702,1.),.UNSPECIFIED.);
#503 = CARTESIAN_POINT('',(4.85573654929,7.));
#504 = CARTESIAN_POINT('',(4.85573654929,7.208936226943));
#505 = CARTESIAN_POINT('',(4.8539362623,7.417677366928));
#506 = CARTESIAN_POINT('',(4.850341648471,7.62458836709));
#507 = CARTESIAN_POINT('',(4.844914141122,7.827795814811));
#508 = CARTESIAN_POINT('',(4.837591087799,8.024846773281));
#509 = CARTESIAN_POINT('',(4.82829962896,8.212508941204));
#510 = CARTESIAN_POINT('',(4.816972703255,8.386511559206));
#511 = CARTESIAN_POINT('',(4.792036360036,8.674119585559));
#512 = CARTESIAN_POINT('',(4.778534101657,8.797679615044));
#513 = CARTESIAN_POINT('',(4.763275793125,8.901168175283));
#514 = CARTESIAN_POINT('',(4.746635703553,8.976729933454));
#515 = CARTESIAN_POINT('',(4.729114028717,9.019173590129));
#516 = CARTESIAN_POINT('',(4.71126824671,9.026015730656));
#517 = CARTESIAN_POINT('',(4.693672119829,8.997581037507));
#518 = CARTESIAN_POINT('',(4.660939742495,8.879995869472));
#519 = CARTESIAN_POINT('',(4.646188858975,8.795865291724));
#520 = CARTESIAN_POINT('',(4.632748826156,8.689681024731));
#521 = CARTESIAN_POINT('',(4.620704370344,8.565725116014));
#522 = CARTESIAN_POINT('',(4.610098329047,8.427824588416));
#523 = CARTESIAN_POINT('',(4.600941149148,8.279443737736));
#524 = CARTESIAN_POINT('',(4.593214362335,8.123725415538));
#525 = CARTESIAN_POINT('',(4.578952022589,7.76337926627));
#526 = CARTESIAN_POINT('',(4.573110092514,7.554143989123));
#527 = CARTESIAN_POINT('',(4.569268899201,7.339311210495));
#528 = CARTESIAN_POINT('',(4.567374058345,7.121474076413));
#529 = CARTESIAN_POINT('',(4.56739826055,6.902822847724));
#530 = CARTESIAN_POINT('',(4.569343416964,6.685418396505));
#531 = CARTESIAN_POINT('',(4.573243537211,6.471456124865));
#532 = CARTESIAN_POINT('',(4.584411015785,6.080073346197));
#533 = CARTESIAN_POINT('',(4.591263419276,5.900349575807));
#534 = CARTESIAN_POINT('',(4.599787242239,5.727247646746));
#535 = CARTESIAN_POINT('',(4.610031644172,5.56397686299));
#536 = CARTESIAN_POINT('',(4.622025873011,5.414361352528));
#537 = CARTESIAN_POINT('',(4.635769647985,5.282948411256));
#538 = CARTESIAN_POINT('',(4.651214726458,5.17520889752));
#539 = CARTESIAN_POINT('',(4.683129093698,5.030175933852));
#540 = CARTESIAN_POINT('',(4.699011527774,4.986795861188));
#541 = CARTESIAN_POINT('',(4.71544454246,4.972348762448));
#542 = CARTESIAN_POINT('',(4.731932806871,4.988744609657));
#543 = CARTESIAN_POINT('',(4.747968956226,5.035304120569));
#544 = CARTESIAN_POINT('',(4.763073666832,5.108828556239));
#545 = CARTESIAN_POINT('',(4.776847873664,5.203599248528));
#546 = CARTESIAN_POINT('',(4.806217818108,5.463775912641));
#547 = CARTESIAN_POINT('',(4.820749474082,5.647046568898));
#548 = CARTESIAN_POINT('',(4.832632921066,5.851140059517));
#549 = CARTESIAN_POINT('',(4.841972602315,6.069261955342));
#550 = CARTESIAN_POINT('',(4.848879465535,6.296464697186));
#551 = CARTESIAN_POINT('',(4.853448348808,6.529111271238));
#552 = CARTESIAN_POINT('',(4.85573654929,6.764446082863));
#553 = CARTESIAN_POINT('',(4.85573654929,7.));
#554 = ( GEOMETRIC_REPRESENTATION_CONTEXT(2) 
PARAMETRIC_REPRESENTATION_CONTEXT() REPRESENTATION_CONTEXT('2D SPACE',''
  ) );
#555 = PCURVE('',#556,#561);
#556 = CYLINDRICAL_SURFACE('',#557,2.);
#557 = AXIS2_PLACEMENT_3D('',#558,#559,#560);
#558 = CARTESIAN_POINT('',(0.,0.,-46.));
#559 = DIRECTION('',(0.,-1.,0.));
#560 = DIRECTION('',(1.,0.,0.));
#561 = DEFINITIONAL_REPRESENTATION('',(#562),#614);
#562 = B_SPLINE_CURVE_WITH_KNOTS('',8,(#563,#564,#565,#566,#567,#568,
    #569,#570,#571,#572,#573,#574,#575,#576,#577,#578,#579,#580,#581,
    #582,#583,#584,#585,#586,#587,#588,#589,#590,#591,#592,#593,#594,
    #595,#596,#597,#598,#599,#600,#601,#602,#603,#604,#605,#606,#607,
    #608,#609,#610,#611,#612,#613),.UNSPECIFIED.,.F.,.F.,(9,7,7,7,7,7,7,
    9),(0.,0.153872312324,0.286411889806,0.411834108967,0.568498763397,
    0.707040193575,0.82836131702,1.),.UNSPECIFIED.);
#563 = CARTESIAN_POINT('',(0.,13.856406460551));
#564 = CARTESIAN_POINT('',(0.104468113471,13.856406460551));
#565 = CARTESIAN_POINT('',(0.208838422835,13.860006868168));
#566 = CARTESIAN_POINT('',(0.314032147609,13.867196724019));
#567 = CARTESIAN_POINT('',(0.420833362724,13.877799391413));
#568 = CARTESIAN_POINT('',(0.52998756909,13.891443638203));
#569 = CARTESIAN_POINT('',(0.64224779943,13.907456044382));
#570 = CARTESIAN_POINT('',(0.758443314276,13.924756052841));
#571 = CARTESIAN_POINT('',(0.984045135809,13.956546099609));
#572 = CARTESIAN_POINT('',(1.096023286308,13.971637770908));
#573 = CARTESIAN_POINT('',(1.212875317634,13.985579921323));
#574 = CARTESIAN_POINT('',(1.332904380582,13.996539979365));
#575 = CARTESIAN_POINT('',(1.45489893105,14.002851057478));
#576 = CARTESIAN_POINT('',(1.577816033974,14.003756206603));
#577 = CARTESIAN_POINT('',(1.700657772092,13.999526778915));
#578 = CARTESIAN_POINT('',(1.937066999214,13.983246356463));
#579 = CARTESIAN_POINT('',(2.047407968603,13.971859606222));
#580 = CARTESIAN_POINT('',(2.153827350887,13.95811510935));
#581 = CARTESIAN_POINT('',(2.256766960988,13.943196615599));
#582 = CARTESIAN_POINT('',(2.356552594901,13.928166424186));
#583 = CARTESIAN_POINT('',(2.453421797028,13.913882445324));
#584 = CARTESIAN_POINT('',(2.547521164631,13.900978832454));
#585 = CARTESIAN_POINT('',(2.753126209916,13.875982465269));
#586 = CARTESIAN_POINT('',(2.864318816995,13.864747897466));
#587 = CARTESIAN_POINT('',(2.973532973388,13.856939913004));
#588 = CARTESIAN_POINT('',(3.081606106934,13.852986075012));
#589 = CARTESIAN_POINT('',(3.189323614788,13.853058302919));
#590 = CARTESIAN_POINT('',(3.297471508692,13.857122559276));
#591 = CARTESIAN_POINT('',(3.406887448557,13.864931973192));
#592 = CARTESIAN_POINT('',(3.617358881534,13.885698491161));
#593 = CARTESIAN_POINT('',(3.718421593063,13.89800502909));
#594 = CARTESIAN_POINT('',(3.822168838768,13.912516356828));
#595 = CARTESIAN_POINT('',(3.928992630312,13.928619339743));
#596 = CARTESIAN_POINT('',(4.039366207259,13.945413647446));
#597 = CARTESIAN_POINT('',(4.153846180264,13.961662782988));
#598 = CARTESIAN_POINT('',(4.273120204031,13.975836091802));
#599 = CARTESIAN_POINT('',(4.507788468736,13.995560255486));
#600 = CARTESIAN_POINT('',(4.62019842586,14.001827564663));
#601 = CARTESIAN_POINT('',(4.733860398103,14.004064285252));
#602 = CARTESIAN_POINT('',(4.847588299685,14.001642912589));
#603 = CARTESIAN_POINT('',(4.960267825219,13.994729022162));
#604 = CARTESIAN_POINT('',(5.07069706322,13.984359458787));
#605 = CARTESIAN_POINT('',(5.177334866232,13.971958223094));
#606 = CARTESIAN_POINT('',(5.420115431287,13.940483816694));
#607 = CARTESIAN_POINT('',(5.554697846082,13.920187251443));
#608 = CARTESIAN_POINT('',(5.683519482446,13.900585190146));
#609 = CARTESIAN_POINT('',(5.807872954766,13.88352997846));
#610 = CARTESIAN_POINT('',(5.928930166257,13.870119900815));
#611 = CARTESIAN_POINT('',(6.047740506635,13.860983010023));
#612 = CARTESIAN_POINT('',(6.165408348611,13.856406460551));
#613 = CARTESIAN_POINT('',(6.28318530718,13.856406460551));
#614 = ( GEOMETRIC_REPRESENTATION_CONTEXT(2) 
PARAMETRIC_REPRESENTATION_CONTEXT() REPRESENTATION_CONTEXT('2D SPACE',''
  ) );
#615 = ADVANCED_FACE('',(#616),#556,.F.);
#616 = FACE_BOUND('',#617,.F.);
#617 = EDGE_LOOP('',(#618,#619,#642,#812));
#618 = ORIENTED_EDGE('',*,*,#444,.F.);
#619 = ORIENTED_EDGE('',*,*,#620,.F.);
#620 = EDGE_CURVE('',#621,#445,#623,.T.);
#621 = VERTEX_POINT('',#622);
#622 = CARTESIAN_POINT('',(2.,-5.709859893202,-46.));
#623 = SEAM_CURVE('',#624,(#628,#635),.PCURVE_S1.);
#624 = LINE('',#625,#626);
#625 = CARTESIAN_POINT('',(2.,0.,-46.));
#626 = VECTOR('',#627,1.);
#627 = DIRECTION('',(0.,-1.,0.));
#628 = PCURVE('',#556,#629);
#629 = DEFINITIONAL_REPRESENTATION('',(#630),#634);
#630 = LINE('',#631,#632);
#631 = CARTESIAN_POINT('',(6.28318530718,-0.));
#632 = VECTOR('',#633,1.);
#633 = DIRECTION('',(0.,1.));
#634 = ( GEOMETRIC_REPRESENTATION_CONTEXT(2) 
PARAMETRIC_REPRESENTATION_CONTEXT() REPRESENTATION_CONTEXT('2D SPACE',''
  ) );
#635 = PCURVE('',#556,#636);
#636 = DEFINITIONAL_REPRESENTATION('',(#637),#641);
#637 = LINE('',#638,#639);
#638 = CARTESIAN_POINT('',(0.,-0.));
#639 = VECTOR('',#640,1.);
#640 = DIRECTION('',(0.,1.));
#641 = ( GEOMETRIC_REPRESENTATION_CONTEXT(2) 
PARAMETRIC_REPRESENTATION_CONTEXT() REPRESENTATION_CONTEXT('2D SPACE',''
  ) );
#642 = ORIENTED_EDGE('',*,*,#643,.T.);
#643 = EDGE_CURVE('',#621,#621,#644,.T.);
#644 = SURFACE_CURVE('',#645,(#697,#752),.PCURVE_S1.);
#645 = B_SPLINE_CURVE_WITH_KNOTS('',8,(#646,#647,#648,#649,#650,#651,
    #652,#653,#654,#655,#656,#657,#658,#659,#660,#661,#662,#663,#664,
    #665,#666,#667,#668,#669,#670,#671,#672,#673,#674,#675,#676,#677,
    #678,#679,#680,#681,#682,#683,#684,#685,#686,#687,#688,#689,#690,
    #691,#692,#693,#694,#695,#696),.UNSPECIFIED.,.T.,.F.,(9,7,7,7,7,7,7,
    9),(0.,0.153447707632,0.277535213175,0.412043169622,0.567526770257,
    0.698111124144,0.819290391677,1.),.UNSPECIFIED.);
#646 = CARTESIAN_POINT('',(2.,-5.709859893202,-46.));
#647 = CARTESIAN_POINT('',(2.,-5.709859893202,-45.78898030625));
#648 = CARTESIAN_POINT('',(1.974554470218,-5.718772568074,
    -45.57854948366));
#649 = CARTESIAN_POINT('',(1.923913290604,-5.736511279306,
    -45.37064221292));
#650 = CARTESIAN_POINT('',(1.847813628908,-5.762453385615,
    -45.16728395151));
#651 = CARTESIAN_POINT('',(1.745663617656,-5.79541573008,-44.9708951487)
  );
#652 = CARTESIAN_POINT('',(1.61664558424,-5.83355618942,-44.78450387246)
  );
#653 = CARTESIAN_POINT('',(1.45988708316,-5.874271029646,-44.61205117381
    ));
#654 = CARTESIAN_POINT('',(1.125213676348,-5.946412783384,
    -44.33518525329));
#655 = CARTESIAN_POINT('',(0.951487289067,-5.979332965269,
    -44.21943501279));
#656 = CARTESIAN_POINT('',(0.755971341503,-6.009971302059,-44.1204083807
    ));
#657 = CARTESIAN_POINT('',(0.542658769406,-6.034932519922,
    -44.04460508853));
#658 = CARTESIAN_POINT('',(0.316834953698,-6.051218121104,
    -43.99652368486));
#659 = CARTESIAN_POINT('',(8.448969807369E-02,-6.057121890504,
    -43.97879864851));
#660 = CARTESIAN_POINT('',(-0.148080687814,-6.052450308722,
    -43.99218360557));
#661 = CARTESIAN_POINT('',(-0.620480556711,-6.023131556265,
    -44.08229870008));
#662 = CARTESIAN_POINT('',(-0.848341216618,-5.997517323389,
    -44.16216659742));
#663 = CARTESIAN_POINT('',(-1.055506154175,-5.964523881624,
    -44.26870608401));
#664 = CARTESIAN_POINT('',(-1.240488206682,-5.927417839067,
    -44.3966087302));
#665 = CARTESIAN_POINT('',(-1.402593486728,-5.889228440295,
    -44.5412312786));
#666 = CARTESIAN_POINT('',(-1.541690874599,-5.852497319119,
    -44.69845301738));
#667 = CARTESIAN_POINT('',(-1.658128083352,-5.81918005766,
    -44.86462457144));
#668 = CARTESIAN_POINT('',(-1.86183300346,-5.757525472709,
    -45.23516244556));
#669 = CARTESIAN_POINT('',(-1.942991721472,-5.730391740848,
    -45.44375364216));
#670 = CARTESIAN_POINT('',(-1.996662058884,-5.711258629114,
    -45.6587801007));
#671 = CARTESIAN_POINT('',(-2.023254412938,-5.701470571184,
    -45.87737419142));
#672 = CARTESIAN_POINT('',(-2.022977556996,-5.701638664761,
    -46.09698656386));
#673 = CARTESIAN_POINT('',(-1.995815566242,-5.711646389477,
    -46.31514812569));
#674 = CARTESIAN_POINT('',(-1.941512097069,-5.730658678004,
    -46.52924398456));
#675 = CARTESIAN_POINT('',(-1.790718835072,-5.779364888729,
    -46.91010428907));
#676 = CARTESIAN_POINT('',(-1.702310119867,-5.806881871239,-47.079127193
    ));
#677 = CARTESIAN_POINT('',(-1.593895732882,-5.838805803678,
    -47.24164401506));
#678 = CARTESIAN_POINT('',(-1.464908100093,-5.873886093069,
    -47.39552682224));
#679 = CARTESIAN_POINT('',(-1.314790114878,-5.910448865547,
    -47.53808833518));
#680 = CARTESIAN_POINT('',(-1.143152143917,-5.946317700332,
    -47.66596170842));
#681 = CARTESIAN_POINT('',(-0.950019289302,-5.978824965831,
    -47.77491536851));
#682 = CARTESIAN_POINT('',(-0.537875306836,-6.029356007272,
    -47.93809471482));
#683 = CARTESIAN_POINT('',(-0.32174752037,-6.048252578145,-47.9956891868
    ));
#684 = CARTESIAN_POINT('',(-9.397106955691E-02,-6.058716681722,
    -48.02588158847));
#685 = CARTESIAN_POINT('',(0.138190098536,-6.058649167851,
    -48.02540739236));
#686 = CARTESIAN_POINT('',(0.367005595322,-6.047711388916,
    -47.99390793491));
#687 = CARTESIAN_POINT('',(0.584949685093,-6.027628289541,
    -47.93380909234));
#688 = CARTESIAN_POINT('',(0.785462247857,-6.00150598131,-47.8504944823)
  );
#689 = CARTESIAN_POINT('',(1.229018611,-5.929953119863,-47.60664730815)
  );
#690 = CARTESIAN_POINT('',(1.454303183367,-5.879770428664,-47.4229336569
    ));
#691 = CARTESIAN_POINT('',(1.638941482392,-5.829250618725,
    -47.21349761709));
#692 = CARTESIAN_POINT('',(1.784365328177,-5.783959204141,
    -46.98647976008));
#693 = CARTESIAN_POINT('',(1.892215577472,-5.747611231632,
    -46.74778173412));
#694 = CARTESIAN_POINT('',(1.963866125287,-5.722517057616,
    -46.50170059646));
#695 = CARTESIAN_POINT('',(2.,-5.709859893202,-46.25146426097));
#696 = CARTESIAN_POINT('',(2.,-5.709859893202,-46.));
#697 = PCURVE('',#556,#698);
#698 = DEFINITIONAL_REPRESENTATION('',(#699),#751);
#699 = B_SPLINE_CURVE_WITH_KNOTS('',8,(#700,#701,#702,#703,#704,#705,
    #706,#707,#708,#709,#710,#711,#712,#713,#714,#715,#716,#717,#718,
    #719,#720,#721,#722,#723,#724,#725,#726,#727,#728,#729,#730,#731,
    #732,#733,#734,#735,#736,#737,#738,#739,#740,#741,#742,#743,#744,
    #745,#746,#747,#748,#749,#750),.UNSPECIFIED.,.F.,.F.,(9,7,7,7,7,7,7,
    9),(0.,0.153447707632,0.277535213175,0.412043169622,0.567526770257,
    0.698111124144,0.819290391677,1.),.UNSPECIFIED.);
#700 = CARTESIAN_POINT('',(0.,5.709859893202));
#701 = CARTESIAN_POINT('',(0.105509846873,5.709859893202));
#702 = CARTESIAN_POINT('',(0.210724984674,5.718772568074));
#703 = CARTESIAN_POINT('',(0.316469411883,5.736511279306));
#704 = CARTESIAN_POINT('',(0.423474959231,5.762453385615));
#705 = CARTESIAN_POINT('',(0.532469401019,5.79541573008));
#706 = CARTESIAN_POINT('',(0.644215191885,5.83355618942));
#707 = CARTESIAN_POINT('',(0.759570716915,5.874271029646));
#708 = CARTESIAN_POINT('',(0.976746352734,5.946412783384));
#709 = CARTESIAN_POINT('',(1.080566717891,5.979332965269));
#710 = CARTESIAN_POINT('',(1.188845644971,6.009971302059));
#711 = CARTESIAN_POINT('',(1.300184901891,6.034932519922));
#712 = CARTESIAN_POINT('',(1.413633369427,6.051218121104));
#713 = CARTESIAN_POINT('',(1.528427438953,6.057121890504));
#714 = CARTESIAN_POINT('',(1.643907134152,6.052450308722));
#715 = CARTESIAN_POINT('',(1.884366260821,6.023131556265));
#716 = CARTESIAN_POINT('',(2.003762369081,5.997517323389));
#717 = CARTESIAN_POINT('',(2.118469133307,5.964523881624));
#718 = CARTESIAN_POINT('',(2.229122025127,5.927417839067));
#719 = CARTESIAN_POINT('',(2.33618672014,5.889228440295));
#720 = CARTESIAN_POINT('',(2.440018985683,5.852497319119));
#721 = CARTESIAN_POINT('',(2.540873940959,5.81918005766));
#722 = CARTESIAN_POINT('',(2.752294144954,5.757525472709));
#723 = CARTESIAN_POINT('',(2.863238316941,5.730391740848));
#724 = CARTESIAN_POINT('',(2.972600156667,5.711258629114));
#725 = CARTESIAN_POINT('',(3.081046984612,5.701470571184));
#726 = CARTESIAN_POINT('',(3.189215695211,5.701638664761));
#727 = CARTESIAN_POINT('',(3.297738178654,5.711646389477));
#728 = CARTESIAN_POINT('',(3.407263941959,5.730658678004));
#729 = CARTESIAN_POINT('',(3.612076770793,5.779364888729));
#730 = CARTESIAN_POINT('',(3.706925774032,5.806881871239));
#731 = CARTESIAN_POINT('',(3.803679954124,5.838805803678));
#732 = CARTESIAN_POINT('',(3.902845263173,5.873886093069));
#733 = CARTESIAN_POINT('',(4.004958265027,5.910448865547));
#734 = CARTESIAN_POINT('',(4.110600104445,5.946317700332));
#735 = CARTESIAN_POINT('',(4.22044002683,5.978824965831));
#736 = CARTESIAN_POINT('',(4.442076080614,6.029356007272));
#737 = CARTESIAN_POINT('',(4.553152640876,6.048252578145));
#738 = CARTESIAN_POINT('',(4.666448561227,6.058716681722));
#739 = CARTESIAN_POINT('',(4.780486534091,6.058649167851));
#740 = CARTESIAN_POINT('',(4.893966268641,6.047711388916));
#741 = CARTESIAN_POINT('',(5.005531351393,6.027628289541));
#742 = CARTESIAN_POINT('',(5.113455454441,6.00150598131));
#743 = CARTESIAN_POINT('',(5.366538292473,5.929953119863));
#744 = CARTESIAN_POINT('',(5.509500518963,5.879770428664));
#745 = CARTESIAN_POINT('',(5.646142393609,5.829250618725));
#746 = CARTESIAN_POINT('',(5.77794736501,5.783959204141));
#747 = CARTESIAN_POINT('',(5.906268524113,5.747611231632));
#748 = CARTESIAN_POINT('',(6.032334394415,5.722517057616));
#749 = CARTESIAN_POINT('',(6.157453176694,5.709859893202));
#750 = CARTESIAN_POINT('',(6.28318530718,5.709859893202));
#751 = ( GEOMETRIC_REPRESENTATION_CONTEXT(2) 
PARAMETRIC_REPRESENTATION_CONTEXT() REPRESENTATION_CONTEXT('2D SPACE',''
  ) );
#752 = PCURVE('',#753,#758);
#753 = CYLINDRICAL_SURFACE('',#754,6.05);
#754 = AXIS2_PLACEMENT_3D('',#755,#756,#757);
#755 = CARTESIAN_POINT('',(0.,0.,-54.));
#756 = DIRECTION('',(0.,0.,1.));
#757 = DIRECTION('',(1.,0.,-0.));
#758 = DEFINITIONAL_REPRESENTATION('',(#759),#811);
#759 = B_SPLINE_CURVE_WITH_KNOTS('',8,(#760,#761,#762,#763,#764,#765,
    #766,#767,#768,#769,#770,#771,#772,#773,#774,#775,#776,#777,#778,
    #779,#780,#781,#782,#783,#784,#785,#786,#787,#788,#789,#790,#791,
    #792,#793,#794,#795,#796,#797,#798,#799,#800,#801,#802,#803,#804,
    #805,#806,#807,#808,#809,#810),.UNSPECIFIED.,.F.,.F.,(9,7,7,7,7,7,7,
    9),(0.,0.153447707632,0.277535213175,0.412043169622,0.567526770257,
    0.698111124144,0.819290391677,1.),.UNSPECIFIED.);
#760 = CARTESIAN_POINT('',(5.049305464546,8.));
#761 = CARTESIAN_POINT('',(5.049305464546,8.211019693746));
#762 = CARTESIAN_POINT('',(5.044849043924,8.421450516333));
#763 = CARTESIAN_POINT('',(5.035979972811,8.629357787073));
#764 = CARTESIAN_POINT('',(5.022691159446,8.832716048488));
#765 = CARTESIAN_POINT('',(5.004954957582,9.029104851296));
#766 = CARTESIAN_POINT('',(4.982733330706,9.215496127536));
#767 = CARTESIAN_POINT('',(4.955986545067,9.387948826183));
#768 = CARTESIAN_POINT('',(4.899398030281,9.664814746703));
#769 = CARTESIAN_POINT('',(4.870181096284,9.780564987207));
#770 = CARTESIAN_POINT('',(4.837498117704,9.879591619297));
#771 = CARTESIAN_POINT('',(4.802056318326,9.955394911462));
#772 = CARTESIAN_POINT('',(4.764711371337,10.003476315131));
#773 = CARTESIAN_POINT('',(4.726360608475,10.021201351487));
#774 = CARTESIAN_POINT('',(4.687945242548,10.00781639443));
#775 = CARTESIAN_POINT('',(4.609712382132,9.917701299911));
#776 = CARTESIAN_POINT('',(4.571859593423,9.837833402574));
#777 = CARTESIAN_POINT('',(4.537242449315,9.731293915982));
#778 = CARTESIAN_POINT('',(4.506098465691,9.603391269796));
#779 = CARTESIAN_POINT('',(4.478591531349,9.458768721392));
#780 = CARTESIAN_POINT('',(4.454820998683,9.301546982616));
#781 = CARTESIAN_POINT('',(4.434805029371,9.135375428553));
#782 = CARTESIAN_POINT('',(4.39962637197,8.764837554439));
#783 = CARTESIAN_POINT('',(4.385487690364,8.556246357839));
#784 = CARTESIAN_POINT('',(4.376070571549,8.341219899296));
#785 = CARTESIAN_POINT('',(4.371385775088,8.12262580858));
#786 = CARTESIAN_POINT('',(4.371438780331,7.903013436138));
#787 = CARTESIAN_POINT('',(4.376223869841,7.684851874301));
#788 = CARTESIAN_POINT('',(4.38573104798,7.47075601544));
#789 = CARTESIAN_POINT('',(4.411923477808,7.089895710923));
#790 = CARTESIAN_POINT('',(4.42722712502,6.920872806993));
#791 = CARTESIAN_POINT('',(4.445903664711,6.758355984932));
#792 = CARTESIAN_POINT('',(4.467988346651,6.604473177752));
#793 = CARTESIAN_POINT('',(4.493505163894,6.46191166482));
#794 = CARTESIAN_POINT('',(4.522454678967,6.334038291577));
#795 = CARTESIAN_POINT('',(4.55479402861,6.225084631488));
#796 = CARTESIAN_POINT('',(4.623427105476,6.061905285173));
#797 = CARTESIAN_POINT('',(4.659265245006,6.004310813199));
#798 = CARTESIAN_POINT('',(4.696900142995,5.974118411524));
#799 = CARTESIAN_POINT('',(4.735190362903,5.974592607636));
#800 = CARTESIAN_POINT('',(4.772977498502,6.006092065082));
#801 = CARTESIAN_POINT('',(4.809110840981,6.066190907657));
#802 = CARTESIAN_POINT('',(4.84251800367,6.149505517697));
#803 = CARTESIAN_POINT('',(4.916780915707,6.393352691844));
#804 = CARTESIAN_POINT('',(4.954863727233,6.577066343099));
#805 = CARTESIAN_POINT('',(4.986456924838,6.786502382907));
#806 = CARTESIAN_POINT('',(5.011618902144,7.013520239912));
#807 = CARTESIAN_POINT('',(5.030428489015,7.252218265874));
#808 = CARTESIAN_POINT('',(5.042977152392,7.498299403534));
#809 = CARTESIAN_POINT('',(5.049305464546,7.748535739028));
#810 = CARTESIAN_POINT('',(5.049305464546,8.));
#811 = ( GEOMETRIC_REPRESENTATION_CONTEXT(2) 
PARAMETRIC_REPRESENTATION_CONTEXT() REPRESENTATION_CONTEXT('2D SPACE',''
  ) );
#812 = ORIENTED_EDGE('',*,*,#620,.T.);
#813 = ADVANCED_FACE('',(#814,#1420),#753,.F.);
#814 = FACE_BOUND('',#815,.F.);
#815 = EDGE_LOOP('',(#816,#840,#863,#967,#990,#1019,#1045,#1074,#1261,
    #1290,#1316,#1317,#1419));
#816 = ORIENTED_EDGE('',*,*,#817,.T.);
#817 = EDGE_CURVE('',#818,#818,#820,.T.);
#818 = VERTEX_POINT('',#819);
#819 = CARTESIAN_POINT('',(6.05,-1.481822626968E-15,-53.));
#820 = SURFACE_CURVE('',#821,(#826,#833),.PCURVE_S1.);
#821 = CIRCLE('',#822,6.05);
#822 = AXIS2_PLACEMENT_3D('',#823,#824,#825);
#823 = CARTESIAN_POINT('',(0.,0.,-53.));
#824 = DIRECTION('',(0.,0.,1.));
#825 = DIRECTION('',(1.,0.,-0.));
#826 = PCURVE('',#753,#827);
#827 = DEFINITIONAL_REPRESENTATION('',(#828),#832);
#828 = LINE('',#829,#830);
#829 = CARTESIAN_POINT('',(0.,1.));
#830 = VECTOR('',#831,1.);
#831 = DIRECTION('',(1.,0.));
#832 = ( GEOMETRIC_REPRESENTATION_CONTEXT(2) 
PARAMETRIC_REPRESENTATION_CONTEXT() REPRESENTATION_CONTEXT('2D SPACE',''
  ) );
#833 = PCURVE('',#84,#834);
#834 = DEFINITIONAL_REPRESENTATION('',(#835),#839);
#835 = CIRCLE('',#836,6.05);
#836 = AXIS2_PLACEMENT_2D('',#837,#838);
#837 = CARTESIAN_POINT('',(0.,0.));
#838 = DIRECTION('',(1.,0.));
#839 = ( GEOMETRIC_REPRESENTATION_CONTEXT(2) 
PARAMETRIC_REPRESENTATION_CONTEXT() REPRESENTATION_CONTEXT('2D SPACE',''
  ) );
#840 = ORIENTED_EDGE('',*,*,#841,.T.);
#841 = EDGE_CURVE('',#818,#842,#844,.T.);
#842 = VERTEX_POINT('',#843);
#843 = CARTESIAN_POINT('',(6.05,-9.858406733136E-16,-48.));
#844 = SEAM_CURVE('',#845,(#849,#856),.PCURVE_S1.);
#845 = LINE('',#846,#847);
#846 = CARTESIAN_POINT('',(6.05,-1.481822626968E-15,-54.));
#847 = VECTOR('',#848,1.);
#848 = DIRECTION('',(0.,0.,1.));
#849 = PCURVE('',#753,#850);
#850 = DEFINITIONAL_REPRESENTATION('',(#851),#855);
#851 = LINE('',#852,#853);
#852 = CARTESIAN_POINT('',(6.28318530718,-0.));
#853 = VECTOR('',#854,1.);
#854 = DIRECTION('',(0.,1.));
#855 = ( GEOMETRIC_REPRESENTATION_CONTEXT(2) 
PARAMETRIC_REPRESENTATION_CONTEXT() REPRESENTATION_CONTEXT('2D SPACE',''
  ) );
#856 = PCURVE('',#753,#857);
#857 = DEFINITIONAL_REPRESENTATION('',(#858),#862);
#858 = LINE('',#859,#860);
#859 = CARTESIAN_POINT('',(0.,-0.));
#860 = VECTOR('',#861,1.);
#861 = DIRECTION('',(0.,1.));
#862 = ( GEOMETRIC_REPRESENTATION_CONTEXT(2) 
PARAMETRIC_REPRESENTATION_CONTEXT() REPRESENTATION_CONTEXT('2D SPACE',''
  ) );
#863 = ORIENTED_EDGE('',*,*,#864,.F.);
#864 = EDGE_CURVE('',#865,#842,#867,.T.);
#865 = VERTEX_POINT('',#866);
#866 = CARTESIAN_POINT('',(6.05,-1.481822626968E-15,-44.));
#867 = SURFACE_CURVE('',#868,(#899,#933),.PCURVE_S1.);
#868 = B_SPLINE_CURVE_WITH_KNOTS('',8,(#869,#870,#871,#872,#873,#874,
    #875,#876,#877,#878,#879,#880,#881,#882,#883,#884,#885,#886,#887,
    #888,#889,#890,#891,#892,#893,#894,#895,#896,#897,#898),
  .UNSPECIFIED.,.F.,.F.,(9,7,7,7,9),(0.,0.266614438349,0.498757502068,
    0.792774819246,1.),.UNSPECIFIED.);
#869 = CARTESIAN_POINT('',(6.05,-4.440892098501E-16,-44.));
#870 = CARTESIAN_POINT('',(6.05,-0.254466989431,-44.));
#871 = CARTESIAN_POINT('',(6.037767982852,-0.500543988291,
    -44.03700195434));
#872 = CARTESIAN_POINT('',(6.01471514986,-0.733022417967,-44.10673616571
    ));
#873 = CARTESIAN_POINT('',(5.983453149225,-0.947789167481,
    -44.20472017372));
#874 = CARTESIAN_POINT('',(5.94720152729,-1.141605422171,-44.32606642138
    ));
#875 = CARTESIAN_POINT('',(5.909392199621,-1.312176309753,-44.4654318992
    ));
#876 = CARTESIAN_POINT('',(5.872964451611,-1.458339698271,
    -44.61694269528));
#877 = CARTESIAN_POINT('',(5.811220777999,-1.686510444531,
    -44.91109864888));
#878 = CARTESIAN_POINT('',(5.784408475686,-1.776839607198,
    -45.05554190152));
#879 = CARTESIAN_POINT('',(5.760633239905,-1.851600442729,
    -45.20577185916));
#880 = CARTESIAN_POINT('',(5.740760971367,-1.911088060086,
    -45.36035945645));
#881 = CARTESIAN_POINT('',(5.725428263271,-1.955552364411,
    -45.51809927514));
#882 = CARTESIAN_POINT('',(5.715055907717,-1.985166340135,
    -45.67793203918));
#883 = CARTESIAN_POINT('',(5.709859893202,-2.,-45.83888068402));
#884 = CARTESIAN_POINT('',(5.709859893202,-2.,-46.20406325422));
#885 = CARTESIAN_POINT('',(5.718194391509,-1.976205510571,
    -46.40761481625));
#886 = CARTESIAN_POINT('',(5.734792140844,-1.928820363472,
    -46.60889269693));
#887 = CARTESIAN_POINT('',(5.759104281852,-1.857631028814,
    -46.80602325958));
#888 = CARTESIAN_POINT('',(5.790089601229,-1.762125740396,
    -46.99683593356));
#889 = CARTESIAN_POINT('',(5.826136015941,-1.641594953352,
    -47.17865346444));
#890 = CARTESIAN_POINT('',(5.86497642144,-1.495278365103,-47.34800660346
    ));
#891 = CARTESIAN_POINT('',(5.930919376617,-1.200935701601,
    -47.60750456813));
#892 = CARTESIAN_POINT('',(5.958617218032,-1.063865048091,
    -47.70830049467));
#893 = CARTESIAN_POINT('',(5.985302936703,-0.912183620284,
    -47.79879164782));
#894 = CARTESIAN_POINT('',(6.009298518753,-0.747306876957,
    -47.87570948554));
#895 = CARTESIAN_POINT('',(6.028945233115,-0.571164726875,
    -47.93630697099));
#896 = CARTESIAN_POINT('',(6.042836323691,-0.386090830766,
    -47.97833068645));
#897 = CARTESIAN_POINT('',(6.05,-0.194734583988,-48.));
#898 = CARTESIAN_POINT('',(6.05,-8.881784197001E-16,-48.));
#899 = PCURVE('',#753,#900);
#900 = DEFINITIONAL_REPRESENTATION('',(#901),#932);
#901 = B_SPLINE_CURVE_WITH_KNOTS('',8,(#902,#903,#904,#905,#906,#907,
    #908,#909,#910,#911,#912,#913,#914,#915,#916,#917,#918,#919,#920,
    #921,#922,#923,#924,#925,#926,#927,#928,#929,#930,#931),
  .UNSPECIFIED.,.F.,.F.,(9,7,7,7,9),(0.,0.266614438349,0.498757502068,
    0.792774819246,1.),.UNSPECIFIED.);
#902 = CARTESIAN_POINT('',(6.28318530718,10.));
#903 = CARTESIAN_POINT('',(6.24112464777,10.));
#904 = CARTESIAN_POINT('',(6.200450775851,9.962998045656));
#905 = CARTESIAN_POINT('',(6.161911127476,9.893263834284));
#906 = CARTESIAN_POINT('',(6.126103981455,9.795279826273));
#907 = CARTESIAN_POINT('',(6.093551384124,9.673933578618));
#908 = CARTESIAN_POINT('',(6.064690311962,9.534568100799));
#909 = CARTESIAN_POINT('',(6.039797067273,9.383057304712));
#910 = CARTESIAN_POINT('',(6.000726459199,9.088901351114));
#911 = CARTESIAN_POINT('',(5.985156742112,8.94445809848));
#912 = CARTESIAN_POINT('',(5.972192947013,8.794228140838));
#913 = CARTESIAN_POINT('',(5.961827235836,8.639640543543));
#914 = CARTESIAN_POINT('',(5.954053163369,8.481900724859));
#915 = CARTESIAN_POINT('',(5.94886674064,8.32206796082));
#916 = CARTESIAN_POINT('',(5.946268823018,8.161119315974));
#917 = CARTESIAN_POINT('',(5.946268823018,7.795936745775));
#918 = CARTESIAN_POINT('',(5.950436089666,7.592385183747));
#919 = CARTESIAN_POINT('',(5.958734907014,7.391107303063));
#920 = CARTESIAN_POINT('',(5.971168641781,7.193976740416));
#921 = CARTESIAN_POINT('',(5.987760249297,7.003164066436));
#922 = CARTESIAN_POINT('',(6.00854147675,6.821346535558));
#923 = CARTESIAN_POINT('',(6.033544519971,6.651993396533));
#924 = CARTESIAN_POINT('',(6.083402203339,6.392495431863));
#925 = CARTESIAN_POINT('',(6.106511309192,6.291699505327));
#926 = CARTESIAN_POINT('',(6.131953904425,6.201208352177));
#927 = CARTESIAN_POINT('',(6.159467542795,6.124290514454));
#928 = CARTESIAN_POINT('',(6.188727187933,6.063693029001));
#929 = CARTESIAN_POINT('',(6.219368611777,6.021669313542));
#930 = CARTESIAN_POINT('',(6.250997772636,6.));
#931 = CARTESIAN_POINT('',(6.28318530718,6.));
#932 = ( GEOMETRIC_REPRESENTATION_CONTEXT(2) 
PARAMETRIC_REPRESENTATION_CONTEXT() REPRESENTATION_CONTEXT('2D SPACE',''
  ) );
#933 = PCURVE('',#159,#934);
#934 = DEFINITIONAL_REPRESENTATION('',(#935),#966);
#935 = B_SPLINE_CURVE_WITH_KNOTS('',8,(#936,#937,#938,#939,#940,#941,
    #942,#943,#944,#945,#946,#947,#948,#949,#950,#951,#952,#953,#954,
    #955,#956,#957,#958,#959,#960,#961,#962,#963,#964,#965),
  .UNSPECIFIED.,.F.,.F.,(9,7,7,7,9),(0.,0.266614438349,0.498757502068,
    0.792774819246,1.),.UNSPECIFIED.);
#936 = CARTESIAN_POINT('',(3.14159265359,6.05));
#937 = CARTESIAN_POINT('',(3.268826148305,6.05));
#938 = CARTESIAN_POINT('',(3.391864787266,6.037767982852));
#939 = CARTESIAN_POINT('',(3.511241741152,6.01471514986));
#940 = CARTESIAN_POINT('',(3.627174420994,5.983453149225));
#941 = CARTESIAN_POINT('',(3.739669495292,5.94720152729));
#942 = CARTESIAN_POINT('',(3.848502121517,5.909392199621));
#943 = CARTESIAN_POINT('',(3.953153036117,5.872964451611));
#944 = CARTESIAN_POINT('',(4.139291166604,5.811220777999));
#945 = CARTESIAN_POINT('',(4.224039814038,5.784408475686));
#946 = CARTESIAN_POINT('',(4.307292094945,5.760633239905));
#947 = CARTESIAN_POINT('',(4.389389098858,5.740760971367));
#948 = CARTESIAN_POINT('',(4.47064282419,5.725428263271));
#949 = CARTESIAN_POINT('',(4.551354434534,5.715055907717));
#950 = CARTESIAN_POINT('',(4.631829322398,5.709859893202));
#951 = CARTESIAN_POINT('',(4.814420607497,5.709859893202));
#952 = CARTESIAN_POINT('',(4.916196048941,5.718194391509));
#953 = CARTESIAN_POINT('',(5.018454721452,5.734792140844));
#954 = CARTESIAN_POINT('',(5.121840652883,5.759104281852));
#955 = CARTESIAN_POINT('',(5.227012148377,5.790089601229));
#956 = CARTESIAN_POINT('',(5.33465821879,5.826136015941));
#957 = CARTESIAN_POINT('',(5.445532950636,5.86497642144));
#958 = CARTESIAN_POINT('',(5.641732337247,5.930919376617));
#959 = CARTESIAN_POINT('',(5.726470273189,5.958617218032));
#960 = CARTESIAN_POINT('',(5.814093594464,5.985302936703));
#961 = CARTESIAN_POINT('',(5.904110552104,6.009298518753));
#962 = CARTESIAN_POINT('',(5.996196168445,6.028945233115));
#963 = CARTESIAN_POINT('',(6.090139962206,6.042836323691));
#964 = CARTESIAN_POINT('',(6.185818015185,6.05));
#965 = CARTESIAN_POINT('',(6.28318530718,6.05));
#966 = ( GEOMETRIC_REPRESENTATION_CONTEXT(2) 
PARAMETRIC_REPRESENTATION_CONTEXT() REPRESENTATION_CONTEXT('2D SPACE',''
  ) );
#967 = ORIENTED_EDGE('',*,*,#968,.F.);
#968 = EDGE_CURVE('',#969,#865,#971,.T.);
#969 = VERTEX_POINT('',#970);
#970 = CARTESIAN_POINT('',(6.05,-7.409113134841E-16,-31.5));
#971 = SEAM_CURVE('',#972,(#976,#983),.PCURVE_S1.);
#972 = LINE('',#973,#974);
#973 = CARTESIAN_POINT('',(6.05,-7.409113134841E-16,-31.5));
#974 = VECTOR('',#975,1.);
#975 = DIRECTION('',(0.,-5.927290507873E-17,-1.));
#976 = PCURVE('',#753,#977);
#977 = DEFINITIONAL_REPRESENTATION('',(#978),#982);
#978 = LINE('',#979,#980);
#979 = CARTESIAN_POINT('',(6.28318530718,22.5));
#980 = VECTOR('',#981,1.);
#981 = DIRECTION('',(-0.,-1.));
#982 = ( GEOMETRIC_REPRESENTATION_CONTEXT(2) 
PARAMETRIC_REPRESENTATION_CONTEXT() REPRESENTATION_CONTEXT('2D SPACE',''
  ) );
#983 = PCURVE('',#753,#984);
#984 = DEFINITIONAL_REPRESENTATION('',(#985),#989);
#985 = LINE('',#986,#987);
#986 = CARTESIAN_POINT('',(0.,22.5));
#987 = VECTOR('',#988,1.);
#988 = DIRECTION('',(-0.,-1.));
#989 = ( GEOMETRIC_REPRESENTATION_CONTEXT(2) 
PARAMETRIC_REPRESENTATION_CONTEXT() REPRESENTATION_CONTEXT('2D SPACE',''
  ) );
#990 = ORIENTED_EDGE('',*,*,#991,.F.);
#991 = EDGE_CURVE('',#992,#969,#994,.T.);
#992 = VERTEX_POINT('',#993);
#993 = CARTESIAN_POINT('',(-6.05,0.,-31.5));
#994 = SURFACE_CURVE('',#995,(#1000,#1007),.PCURVE_S1.);
#995 = CIRCLE('',#996,6.05);
#996 = AXIS2_PLACEMENT_3D('',#997,#998,#999);
#997 = CARTESIAN_POINT('',(0.,0.,-31.5));
#998 = DIRECTION('',(0.,0.,1.));
#999 = DIRECTION('',(-1.,0.,0.));
#1000 = PCURVE('',#753,#1001);
#1001 = DEFINITIONAL_REPRESENTATION('',(#1002),#1006);
#1002 = LINE('',#1003,#1004);
#1003 = CARTESIAN_POINT('',(3.14159265359,22.5));
#1004 = VECTOR('',#1005,1.);
#1005 = DIRECTION('',(1.,0.));
#1006 = ( GEOMETRIC_REPRESENTATION_CONTEXT(2) 
PARAMETRIC_REPRESENTATION_CONTEXT() REPRESENTATION_CONTEXT('2D SPACE',''
  ) );
#1007 = PCURVE('',#1008,#1013);
#1008 = PLANE('',#1009);
#1009 = AXIS2_PLACEMENT_3D('',#1010,#1011,#1012);
#1010 = CARTESIAN_POINT('',(0.,0.,-31.5));
#1011 = DIRECTION('',(0.,0.,1.));
#1012 = DIRECTION('',(1.,0.,-0.));
#1013 = DEFINITIONAL_REPRESENTATION('',(#1014),#1018);
#1014 = CIRCLE('',#1015,6.05);
#1015 = AXIS2_PLACEMENT_2D('',#1016,#1017);
#1016 = CARTESIAN_POINT('',(0.,0.));
#1017 = DIRECTION('',(-1.,0.));
#1018 = ( GEOMETRIC_REPRESENTATION_CONTEXT(2) 
PARAMETRIC_REPRESENTATION_CONTEXT() REPRESENTATION_CONTEXT('2D SPACE',''
  ) );
#1019 = ORIENTED_EDGE('',*,*,#1020,.T.);
#1020 = EDGE_CURVE('',#992,#1021,#1023,.T.);
#1021 = VERTEX_POINT('',#1022);
#1022 = CARTESIAN_POINT('',(-6.05,0.,-30.12));
#1023 = SURFACE_CURVE('',#1024,(#1028,#1034),.PCURVE_S1.);
#1024 = LINE('',#1025,#1026);
#1025 = CARTESIAN_POINT('',(-6.05,0.,-55.));
#1026 = VECTOR('',#1027,1.);
#1027 = DIRECTION('',(0.,0.,1.));
#1028 = PCURVE('',#753,#1029);
#1029 = DEFINITIONAL_REPRESENTATION('',(#1030),#1033);
#1030 = B_SPLINE_CURVE_WITH_KNOTS('',1,(#1031,#1032),.UNSPECIFIED.,.F.,
  .F.,(2,2),(16.07999999982,25.680000001975),.PIECEWISE_BEZIER_KNOTS.);
#1031 = CARTESIAN_POINT('',(3.14159265359,15.07999999982));
#1032 = CARTESIAN_POINT('',(3.14159265359,24.680000001975));
#1033 = ( GEOMETRIC_REPRESENTATION_CONTEXT(2) 
PARAMETRIC_REPRESENTATION_CONTEXT() REPRESENTATION_CONTEXT('2D SPACE',''
  ) );
#1034 = PCURVE('',#1035,#1040);
#1035 = PLANE('',#1036);
#1036 = AXIS2_PLACEMENT_3D('',#1037,#1038,#1039);
#1037 = CARTESIAN_POINT('',(-7.,0.,-38.12));
#1038 = DIRECTION('',(-0.,1.,0.));
#1039 = DIRECTION('',(0.,0.,1.));
#1040 = DEFINITIONAL_REPRESENTATION('',(#1041),#1044);
#1041 = B_SPLINE_CURVE_WITH_KNOTS('',1,(#1042,#1043),.UNSPECIFIED.,.F.,
  .F.,(2,2),(16.07999999982,25.680000001975),.PIECEWISE_BEZIER_KNOTS.);
#1042 = CARTESIAN_POINT('',(-0.80000000018,0.95));
#1043 = CARTESIAN_POINT('',(8.800000001975,0.95));
#1044 = ( GEOMETRIC_REPRESENTATION_CONTEXT(2) 
PARAMETRIC_REPRESENTATION_CONTEXT() REPRESENTATION_CONTEXT('2D SPACE',''
  ) );
#1045 = ORIENTED_EDGE('',*,*,#1046,.F.);
#1046 = EDGE_CURVE('',#1047,#1021,#1049,.T.);
#1047 = VERTEX_POINT('',#1048);
#1048 = CARTESIAN_POINT('',(-1.45,5.873670062235,-30.12));
#1049 = SURFACE_CURVE('',#1050,(#1055,#1062),.PCURVE_S1.);
#1050 = CIRCLE('',#1051,6.05);
#1051 = AXIS2_PLACEMENT_3D('',#1052,#1053,#1054);
#1052 = CARTESIAN_POINT('',(0.,0.,-30.12));
#1053 = DIRECTION('',(0.,0.,1.));
#1054 = DIRECTION('',(1.,0.,-0.));
#1055 = PCURVE('',#753,#1056);
#1056 = DEFINITIONAL_REPRESENTATION('',(#1057),#1061);
#1057 = LINE('',#1058,#1059);
#1058 = CARTESIAN_POINT('',(0.,23.88));
#1059 = VECTOR('',#1060,1.);
#1060 = DIRECTION('',(1.,0.));
#1061 = ( GEOMETRIC_REPRESENTATION_CONTEXT(2) 
PARAMETRIC_REPRESENTATION_CONTEXT() REPRESENTATION_CONTEXT('2D SPACE',''
  ) );
#1062 = PCURVE('',#1063,#1068);
#1063 = PLANE('',#1064);
#1064 = AXIS2_PLACEMENT_3D('',#1065,#1066,#1067);
#1065 = CARTESIAN_POINT('',(-7.,0.,-30.12));
#1066 = DIRECTION('',(0.,0.,1.));
#1067 = DIRECTION('',(1.,0.,-0.));
#1068 = DEFINITIONAL_REPRESENTATION('',(#1069),#1073);
#1069 = CIRCLE('',#1070,6.05);
#1070 = AXIS2_PLACEMENT_2D('',#1071,#1072);
#1071 = CARTESIAN_POINT('',(7.,0.));
#1072 = DIRECTION('',(1.,0.));
#1073 = ( GEOMETRIC_REPRESENTATION_CONTEXT(2) 
PARAMETRIC_REPRESENTATION_CONTEXT() REPRESENTATION_CONTEXT('2D SPACE',''
  ) );
#1074 = ORIENTED_EDGE('',*,*,#1075,.F.);
#1075 = EDGE_CURVE('',#1076,#1047,#1078,.T.);
#1076 = VERTEX_POINT('',#1077);
#1077 = CARTESIAN_POINT('',(1.45,5.873670062235,-30.12));
#1078 = SURFACE_CURVE('',#1079,(#1136,#1196),.PCURVE_S1.);
#1079 = B_SPLINE_CURVE_WITH_KNOTS('',7,(#1080,#1081,#1082,#1083,#1084,
    #1085,#1086,#1087,#1088,#1089,#1090,#1091,#1092,#1093,#1094,#1095,
    #1096,#1097,#1098,#1099,#1100,#1101,#1102,#1103,#1104,#1105,#1106,
    #1107,#1108,#1109,#1110,#1111,#1112,#1113,#1114,#1115,#1116,#1117,
    #1118,#1119,#1120,#1121,#1122,#1123,#1124,#1125,#1126,#1127,#1128,
    #1129,#1130,#1131,#1132,#1133,#1134,#1135),.UNSPECIFIED.,.F.,.F.,(8,
    6,6,6,6,6,6,6,6,8),(0.,8.466219018938E-02,0.184738756076,
    0.350865962636,0.499998434357,0.649130906078,0.815258112637,
    0.891576984676,0.955056974495,1.),.UNSPECIFIED.);
#1080 = CARTESIAN_POINT('',(0.920922719885,5.979498419098,-28.9999994));
#1081 = CARTESIAN_POINT('',(0.98998578151,5.968861784033,-29.05678663971
    ));
#1082 = CARTESIAN_POINT('',(1.053658774581,5.95810234995,-29.11746948798
    ));
#1083 = CARTESIAN_POINT('',(1.111939795641,5.947481927819,
    -29.18148011202));
#1084 = CARTESIAN_POINT('',(1.164857762836,5.937228143133,
    -29.24832163842));
#1085 = CARTESIAN_POINT('',(1.212461683219,5.927535068147,
    -29.31755798586));
#1086 = CARTESIAN_POINT('',(1.254809920045,5.918563854116,
    -29.38880369784));
#1087 = CARTESIAN_POINT('',(1.335872786458,5.900844381873,
    -29.54789853107));
#1088 = CARTESIAN_POINT('',(1.372537809238,5.892431057837,
    -29.63643930693));
#1089 = CARTESIAN_POINT('',(1.402049943821,5.885416478551,
    -29.72678895256));
#1090 = CARTESIAN_POINT('',(1.424489105701,5.879957765818,
    -29.81846598731));
#1091 = CARTESIAN_POINT('',(1.439914267875,5.876159202498,
    -29.91103520616));
#1092 = CARTESIAN_POINT('',(1.448358018257,5.874075358899,
    -30.00408828566));
#1093 = CARTESIAN_POINT('',(1.452249862742,5.873114726818,
    -30.25183042267));
#1094 = CARTESIAN_POINT('',(1.43544065975,5.877262513264,-30.40651406501
    ));
#1095 = CARTESIAN_POINT('',(1.399465031312,5.886175514951,
    -30.55955032286));
#1096 = CARTESIAN_POINT('',(1.344080521614,5.899527243857,
    -30.70911448963));
#1097 = CARTESIAN_POINT('',(1.268860259939,5.916625398825,-30.8530726829
    ));
#1098 = CARTESIAN_POINT('',(1.173290792353,5.936315100647,
    -30.98876099012));
#1099 = CARTESIAN_POINT('',(0.952614259005,5.975472073569,
    -31.22375762983));
#1100 = CARTESIAN_POINT('',(0.829322331647,5.995147332954,-31.3277175902
    ));
#1101 = CARTESIAN_POINT('',(0.687887960078,6.014436034837,
    -31.41870056531));
#1102 = CARTESIAN_POINT('',(0.53056004575,6.03127224554,-31.49185449331)
  );
#1103 = CARTESIAN_POINT('',(0.36065334438,6.043595058032,-31.54327724256
    ));
#1104 = CARTESIAN_POINT('',(0.18224375919,6.05,-31.57));
#1105 = CARTESIAN_POINT('',(-0.18224375919,6.05,-31.57));
#1106 = CARTESIAN_POINT('',(-0.36065334438,6.043595058032,
    -31.54327724256));
#1107 = CARTESIAN_POINT('',(-0.530560045749,6.03127224554,
    -31.49185449331));
#1108 = CARTESIAN_POINT('',(-0.687887960078,6.014436034837,
    -31.41870056531));
#1109 = CARTESIAN_POINT('',(-0.829322331646,5.995147332954,
    -31.3277175902));
#1110 = CARTESIAN_POINT('',(-0.952614259005,5.975472073569,
    -31.22375762983));
#1111 = CARTESIAN_POINT('',(-1.173290792353,5.936315100647,
    -30.98876099012));
#1112 = CARTESIAN_POINT('',(-1.26886025994,5.916625398825,-30.8530726829
    ));
#1113 = CARTESIAN_POINT('',(-1.344080521614,5.899527243857,
    -30.70911448963));
#1114 = CARTESIAN_POINT('',(-1.399465031312,5.886175514951,
    -30.55955032286));
#1115 = CARTESIAN_POINT('',(-1.43544065975,5.877262513264,
    -30.40651406501));
#1116 = CARTESIAN_POINT('',(-1.452249862742,5.873114726818,
    -30.25183042267));
#1117 = CARTESIAN_POINT('',(-1.448705350862,5.873989626069,
    -30.0261983474));
#1118 = CARTESIAN_POINT('',(-1.443530135945,5.87526679923,
    -29.95521968134));
#1119 = CARTESIAN_POINT('',(-1.434293858893,5.877542599813,
    -29.88446395478));
#1120 = CARTESIAN_POINT('',(-1.420985774905,5.880797614436,
    -29.81411381653));
#1121 = CARTESIAN_POINT('',(-1.403586368859,5.884995684257,
    -29.74436051408));
#1122 = CARTESIAN_POINT('',(-1.382067716347,5.890083434069,
    -29.67540540633));
#1123 = CARTESIAN_POINT('',(-1.335039007204,5.900902559229,
    -29.55094753891));
#1124 = CARTESIAN_POINT('',(-1.310810050898,5.906381503354,
    -29.49513510005));
#1125 = CARTESIAN_POINT('',(-1.283684868712,5.91238602788,
    -29.44014506411));
#1126 = CARTESIAN_POINT('',(-1.253639373656,5.91886646575,
    -29.38611097063));
#1127 = CARTESIAN_POINT('',(-1.220648180981,5.925763728421,
    -29.33317973268));
#1128 = CARTESIAN_POINT('',(-1.18468529034,5.93300894553,-29.28151237502
    ));
#1129 = CARTESIAN_POINT('',(-1.118141213557,5.945843033638,
    -29.19572426816));
#1130 = CARTESIAN_POINT('',(-1.08905379279,5.951298019029,
    -29.16088382386));
#1131 = CARTESIAN_POINT('',(-1.058456540983,5.956859395596,
    -29.12683088036));
#1132 = CARTESIAN_POINT('',(-1.026345428872,5.962495647558,
    -29.0936372744));
#1133 = CARTESIAN_POINT('',(-0.992718603108,5.968172536151,
    -29.06137936296));
#1134 = CARTESIAN_POINT('',(-0.95757662677,5.973853227268,-29.0301381478
    ));
#1135 = CARTESIAN_POINT('',(-0.920922719885,5.979498419098,-28.9999994)
  );
#1136 = PCURVE('',#753,#1137);
#1137 = DEFINITIONAL_REPRESENTATION('',(#1138),#1195);
#1138 = B_SPLINE_CURVE_WITH_KNOTS('',7,(#1139,#1140,#1141,#1142,#1143,
    #1144,#1145,#1146,#1147,#1148,#1149,#1150,#1151,#1152,#1153,#1154,
    #1155,#1156,#1157,#1158,#1159,#1160,#1161,#1162,#1163,#1164,#1165,
    #1166,#1167,#1168,#1169,#1170,#1171,#1172,#1173,#1174,#1175,#1176,
    #1177,#1178,#1179,#1180,#1181,#1182,#1183,#1184,#1185,#1186,#1187,
    #1188,#1189,#1190,#1191,#1192,#1193,#1194),.UNSPECIFIED.,.F.,.F.,(8,
    6,6,6,6,6,6,6,6,8),(0.,8.466219018938E-02,0.184738756076,
    0.350865962636,0.499998434357,0.649130906078,0.815258112637,
    0.891576984676,0.955056974495,1.),.UNSPECIFIED.);
#1139 = CARTESIAN_POINT('',(1.417983649771,25.0000006));
#1140 = CARTESIAN_POINT('',(1.40643367404,24.943213360283));
#1141 = CARTESIAN_POINT('',(1.395761136285,24.882530512015));
#1142 = CARTESIAN_POINT('',(1.385970458228,24.818519887976));
#1143 = CARTESIAN_POINT('',(1.377061802991,24.751678361576));
#1144 = CARTESIAN_POINT('',(1.369032327588,24.682442014133));
#1145 = CARTESIAN_POINT('',(1.361877435422,24.611196302156));
#1146 = CARTESIAN_POINT('',(1.348162243274,24.452101468927));
#1147 = CARTESIAN_POINT('',(1.341944708337,24.363560693068));
#1148 = CARTESIAN_POINT('',(1.336930985377,24.273211047431));
#1149 = CARTESIAN_POINT('',(1.33311388301,24.181534012681));
#1150 = CARTESIAN_POINT('',(1.330488045339,24.088964793836));
#1151 = CARTESIAN_POINT('',(1.329050540236,23.995911714334));
#1152 = CARTESIAN_POINT('',(1.328387953611,23.748169577324));
#1153 = CARTESIAN_POINT('',(1.331249672099,23.593485934984));
#1154 = CARTESIAN_POINT('',(1.337375827603,23.440449677139));
#1155 = CARTESIAN_POINT('',(1.346792424774,23.290885510362));
#1156 = CARTESIAN_POINT('',(1.359540224653,23.146927317093));
#1157 = CARTESIAN_POINT('',(1.375662469416,23.011239009877));
#1158 = CARTESIAN_POINT('',(1.412707697284,22.776242370163));
#1159 = CARTESIAN_POINT('',(1.433341240734,22.672282409799));
#1160 = CARTESIAN_POINT('',(1.456925264837,22.581299434681));
#1161 = CARTESIAN_POINT('',(1.48305598973,22.508145506686));
#1162 = CARTESIAN_POINT('',(1.511184162385,22.456722757436));
#1163 = CARTESIAN_POINT('',(1.540673391392,22.43));
#1164 = CARTESIAN_POINT('',(1.600919262198,22.43));
#1165 = CARTESIAN_POINT('',(1.630408491205,22.456722757436));
#1166 = CARTESIAN_POINT('',(1.658536663859,22.508145506686));
#1167 = CARTESIAN_POINT('',(1.684667388753,22.581299434681));
#1168 = CARTESIAN_POINT('',(1.708251412856,22.672282409799));
#1169 = CARTESIAN_POINT('',(1.728884956305,22.776242370163));
#1170 = CARTESIAN_POINT('',(1.765930184174,23.011239009877));
#1171 = CARTESIAN_POINT('',(1.782052428937,23.146927317094));
#1172 = CARTESIAN_POINT('',(1.794800228816,23.290885510362));
#1173 = CARTESIAN_POINT('',(1.804216825987,23.44044967714));
#1174 = CARTESIAN_POINT('',(1.810342981491,23.593485934983));
#1175 = CARTESIAN_POINT('',(1.813204699979,23.748169577324));
#1176 = CARTESIAN_POINT('',(1.812601246739,23.973801652593));
#1177 = CARTESIAN_POINT('',(1.811720181358,24.044780318651));
#1178 = CARTESIAN_POINT('',(1.81014785324,24.11553604522));
#1179 = CARTESIAN_POINT('',(1.807883333226,24.185886183462));
#1180 = CARTESIAN_POINT('',(1.80492491512,24.255639485918));
#1181 = CARTESIAN_POINT('',(1.801270111217,24.324594593665));
#1182 = CARTESIAN_POINT('',(1.793293722057,24.44905246109));
#1183 = CARTESIAN_POINT('',(1.789187849418,24.504864899942));
#1184 = CARTESIAN_POINT('',(1.784595887454,24.559854935881));
#1185 = CARTESIAN_POINT('',(1.779515636118,24.613889029363));
#1186 = CARTESIAN_POINT('',(1.773944868623,24.666820267312));
#1187 = CARTESIAN_POINT('',(1.767881362283,24.718487624979));
#1188 = CARTESIAN_POINT('',(1.756679642231,24.804275731838));
#1189 = CARTESIAN_POINT('',(1.75178805279,24.839116176131));
#1190 = CARTESIAN_POINT('',(1.746647926238,24.873169119632));
#1191 = CARTESIAN_POINT('',(1.741259353598,24.906362725596));
#1192 = CARTESIAN_POINT('',(1.735622763476,24.938620637038));
#1193 = CARTESIAN_POINT('',(1.729738933842,24.969861852196));
#1194 = CARTESIAN_POINT('',(1.723609003819,25.0000006));
#1195 = ( GEOMETRIC_REPRESENTATION_CONTEXT(2) 
PARAMETRIC_REPRESENTATION_CONTEXT() REPRESENTATION_CONTEXT('2D SPACE',''
  ) );
#1196 = PCURVE('',#1197,#1202);
#1197 = CYLINDRICAL_SURFACE('',#1198,1.45);
#1198 = AXIS2_PLACEMENT_3D('',#1199,#1200,#1201);
#1199 = CARTESIAN_POINT('',(0.,3.25,-30.12));
#1200 = DIRECTION('',(0.,1.,0.));
#1201 = DIRECTION('',(0.,-0.,1.));
#1202 = DEFINITIONAL_REPRESENTATION('',(#1203),#1260);
#1203 = B_SPLINE_CURVE_WITH_KNOTS('',7,(#1204,#1205,#1206,#1207,#1208,
    #1209,#1210,#1211,#1212,#1213,#1214,#1215,#1216,#1217,#1218,#1219,
    #1220,#1221,#1222,#1223,#1224,#1225,#1226,#1227,#1228,#1229,#1230,
    #1231,#1232,#1233,#1234,#1235,#1236,#1237,#1238,#1239,#1240,#1241,
    #1242,#1243,#1244,#1245,#1246,#1247,#1248,#1249,#1250,#1251,#1252,
    #1253,#1254,#1255,#1256,#1257,#1258,#1259),.UNSPECIFIED.,.F.,.F.,(8,
    6,6,6,6,6,6,6,6,8),(0.,8.466219018938E-02,0.184738756076,
    0.350865962636,0.499998434357,0.649130906078,0.815258112637,
    0.891576984676,0.955056974495,1.),.UNSPECIFIED.);
#1204 = CARTESIAN_POINT('',(0.68816272436,2.729498419098));
#1205 = CARTESIAN_POINT('',(0.749826139206,2.718861784033));
#1206 = CARTESIAN_POINT('',(0.810324973117,2.70810234995));
#1207 = CARTESIAN_POINT('',(0.869790943426,2.697481927819));
#1208 = CARTESIAN_POINT('',(0.9283417748,2.687228143133));
#1209 = CARTESIAN_POINT('',(0.986085324801,2.677535068147));
#1210 = CARTESIAN_POINT('',(1.043123709443,2.668563854116));
#1211 = CARTESIAN_POINT('',(1.166265989171,2.650844381873));
#1212 = CARTESIAN_POINT('',(1.232153189568,2.642431057837));
#1213 = CARTESIAN_POINT('',(1.29739622932,2.635416478551));
#1214 = CARTESIAN_POINT('',(1.362157412355,2.629957765818));
#1215 = CARTESIAN_POINT('',(1.426590763098,2.626159202498));
#1216 = CARTESIAN_POINT('',(1.49084864241,2.624075358899));
#1217 = CARTESIAN_POINT('',(1.661726369385,2.623114726818));
#1218 = CARTESIAN_POINT('',(1.768209353628,2.627262513264));
#1219 = CARTESIAN_POINT('',(1.875330159575,2.636175514951));
#1220 = CARTESIAN_POINT('',(1.983780218212,2.649527243857));
#1221 = CARTESIAN_POINT('',(2.094290423807,2.666625398825));
#1222 = CARTESIAN_POINT('',(2.207624556904,2.686315100647));
#1223 = CARTESIAN_POINT('',(2.429947770801,2.725472073569));
#1224 = CARTESIAN_POINT('',(2.540418658633,2.745147332954));
#1225 = CARTESIAN_POINT('',(2.654829950071,2.764436034837));
#1226 = CARTESIAN_POINT('',(2.772446027192,2.78127224554));
#1227 = CARTESIAN_POINT('',(2.892866297959,2.793595058032));
#1228 = CARTESIAN_POINT('',(3.015907302424,2.8));
#1229 = CARTESIAN_POINT('',(3.267278004755,2.8));
#1230 = CARTESIAN_POINT('',(3.39031900922,2.793595058032));
#1231 = CARTESIAN_POINT('',(3.510739279987,2.78127224554));
#1232 = CARTESIAN_POINT('',(3.628355357108,2.764436034837));
#1233 = CARTESIAN_POINT('',(3.742766648546,2.745147332954));
#1234 = CARTESIAN_POINT('',(3.853237536378,2.725472073569));
#1235 = CARTESIAN_POINT('',(4.075560750275,2.686315100647));
#1236 = CARTESIAN_POINT('',(4.188894883372,2.666625398825));
#1237 = CARTESIAN_POINT('',(4.299405088967,2.649527243857));
#1238 = CARTESIAN_POINT('',(4.407855147605,2.636175514951));
#1239 = CARTESIAN_POINT('',(4.514975953551,2.627262513264));
#1240 = CARTESIAN_POINT('',(4.621458937795,2.623114726818));
#1241 = CARTESIAN_POINT('',(4.777086464949,2.623989626069));
#1242 = CARTESIAN_POINT('',(4.826087240592,2.62526679923));
#1243 = CARTESIAN_POINT('',(4.875170421349,2.627542599813));
#1244 = CARTESIAN_POINT('',(4.924402547342,2.630797614436));
#1245 = CARTESIAN_POINT('',(4.973849514583,2.634995684257));
#1246 = CARTESIAN_POINT('',(5.023580541516,2.640083434069));
#1247 = CARTESIAN_POINT('',(5.115336979303,2.650902559229));
#1248 = CARTESIAN_POINT('',(5.157249856471,2.656381503354));
#1249 = CARTESIAN_POINT('',(5.199456456414,2.66238602788));
#1250 = CARTESIAN_POINT('',(5.242000824421,2.66886646575));
#1251 = CARTESIAN_POINT('',(5.284927604999,2.675763728421));
#1252 = CARTESIAN_POINT('',(5.328284285145,2.68300894553));
#1253 = CARTESIAN_POINT('',(5.403161000094,2.695843033638));
#1254 = CARTESIAN_POINT('',(5.434441843543,2.701298019029));
#1255 = CARTESIAN_POINT('',(5.465980609452,2.706859395596));
#1256 = CARTESIAN_POINT('',(5.497792098619,2.712495647558));
#1257 = CARTESIAN_POINT('',(5.52989171304,2.718172536151));
#1258 = CARTESIAN_POINT('',(5.562295897775,2.723853227268));
#1259 = CARTESIAN_POINT('',(5.59502258282,2.729498419098));
#1260 = ( GEOMETRIC_REPRESENTATION_CONTEXT(2) 
PARAMETRIC_REPRESENTATION_CONTEXT() REPRESENTATION_CONTEXT('2D SPACE',''
  ) );
#1261 = ORIENTED_EDGE('',*,*,#1262,.F.);
#1262 = EDGE_CURVE('',#1263,#1076,#1265,.T.);
#1263 = VERTEX_POINT('',#1264);
#1264 = CARTESIAN_POINT('',(6.05,-7.409113134841E-16,-30.12));
#1265 = SURFACE_CURVE('',#1266,(#1271,#1278),.PCURVE_S1.);
#1266 = CIRCLE('',#1267,6.05);
#1267 = AXIS2_PLACEMENT_3D('',#1268,#1269,#1270);
#1268 = CARTESIAN_POINT('',(0.,0.,-30.12));
#1269 = DIRECTION('',(0.,0.,1.));
#1270 = DIRECTION('',(1.,0.,-0.));
#1271 = PCURVE('',#753,#1272);
#1272 = DEFINITIONAL_REPRESENTATION('',(#1273),#1277);
#1273 = LINE('',#1274,#1275);
#1274 = CARTESIAN_POINT('',(0.,23.88));
#1275 = VECTOR('',#1276,1.);
#1276 = DIRECTION('',(1.,0.));
#1277 = ( GEOMETRIC_REPRESENTATION_CONTEXT(2) 
PARAMETRIC_REPRESENTATION_CONTEXT() REPRESENTATION_CONTEXT('2D SPACE',''
  ) );
#1278 = PCURVE('',#1279,#1284);
#1279 = PLANE('',#1280);
#1280 = AXIS2_PLACEMENT_3D('',#1281,#1282,#1283);
#1281 = CARTESIAN_POINT('',(-7.,0.,-30.12));
#1282 = DIRECTION('',(0.,0.,1.));
#1283 = DIRECTION('',(1.,0.,-0.));
#1284 = DEFINITIONAL_REPRESENTATION('',(#1285),#1289);
#1285 = CIRCLE('',#1286,6.05);
#1286 = AXIS2_PLACEMENT_2D('',#1287,#1288);
#1287 = CARTESIAN_POINT('',(7.,0.));
#1288 = DIRECTION('',(1.,0.));
#1289 = ( GEOMETRIC_REPRESENTATION_CONTEXT(2) 
PARAMETRIC_REPRESENTATION_CONTEXT() REPRESENTATION_CONTEXT('2D SPACE',''
  ) );
#1290 = ORIENTED_EDGE('',*,*,#1291,.F.);
#1291 = EDGE_CURVE('',#969,#1263,#1292,.T.);
#1292 = SURFACE_CURVE('',#1293,(#1297,#1304),.PCURVE_S1.);
#1293 = LINE('',#1294,#1295);
#1294 = CARTESIAN_POINT('',(6.05,-1.481822626968E-15,-55.));
#1295 = VECTOR('',#1296,1.);
#1296 = DIRECTION('',(0.,0.,1.));
#1297 = PCURVE('',#753,#1298);
#1298 = DEFINITIONAL_REPRESENTATION('',(#1299),#1303);
#1299 = LINE('',#1300,#1301);
#1300 = CARTESIAN_POINT('',(0.,-1.));
#1301 = VECTOR('',#1302,1.);
#1302 = DIRECTION('',(0.,1.));
#1303 = ( GEOMETRIC_REPRESENTATION_CONTEXT(2) 
PARAMETRIC_REPRESENTATION_CONTEXT() REPRESENTATION_CONTEXT('2D SPACE',''
  ) );
#1304 = PCURVE('',#1305,#1310);
#1305 = PLANE('',#1306);
#1306 = AXIS2_PLACEMENT_3D('',#1307,#1308,#1309);
#1307 = CARTESIAN_POINT('',(-7.,0.,-38.12));
#1308 = DIRECTION('',(-0.,1.,0.));
#1309 = DIRECTION('',(0.,0.,1.));
#1310 = DEFINITIONAL_REPRESENTATION('',(#1311),#1315);
#1311 = LINE('',#1312,#1313);
#1312 = CARTESIAN_POINT('',(-16.88,13.05));
#1313 = VECTOR('',#1314,1.);
#1314 = DIRECTION('',(1.,0.));
#1315 = ( GEOMETRIC_REPRESENTATION_CONTEXT(2) 
PARAMETRIC_REPRESENTATION_CONTEXT() REPRESENTATION_CONTEXT('2D SPACE',''
  ) );
#1316 = ORIENTED_EDGE('',*,*,#968,.T.);
#1317 = ORIENTED_EDGE('',*,*,#1318,.F.);
#1318 = EDGE_CURVE('',#842,#865,#1319,.T.);
#1319 = SURFACE_CURVE('',#1320,(#1351,#1385),.PCURVE_S1.);
#1320 = B_SPLINE_CURVE_WITH_KNOTS('',8,(#1321,#1322,#1323,#1324,#1325,
    #1326,#1327,#1328,#1329,#1330,#1331,#1332,#1333,#1334,#1335,#1336,
    #1337,#1338,#1339,#1340,#1341,#1342,#1343,#1344,#1345,#1346,#1347,
    #1348,#1349,#1350),.UNSPECIFIED.,.F.,.F.,(9,7,7,7,9),(0.,
    0.266600769011,0.498732826011,0.792758665552,1.),.UNSPECIFIED.);
#1321 = CARTESIAN_POINT('',(6.05,-2.449293598295E-16,-48.));
#1322 = CARTESIAN_POINT('',(6.05,0.254466989431,-48.));
#1323 = CARTESIAN_POINT('',(6.037767982852,0.500543988291,
    -47.96299804565));
#1324 = CARTESIAN_POINT('',(6.01471514986,0.733022417965,-47.89326383428
    ));
#1325 = CARTESIAN_POINT('',(5.983453149225,0.947789167484,
    -47.79527982626));
#1326 = CARTESIAN_POINT('',(5.947201527291,1.141605422169,
    -47.67393357862));
#1327 = CARTESIAN_POINT('',(5.90939219962,1.312176309754,-47.53456810079
    ));
#1328 = CARTESIAN_POINT('',(5.872964451611,1.458339698271,
    -47.38305730471));
#1329 = CARTESIAN_POINT('',(5.811220667163,1.686510854118,
    -47.08890082307));
#1330 = CARTESIAN_POINT('',(5.784408936048,1.776838530995,
    -46.94445933806));
#1331 = CARTESIAN_POINT('',(5.760633408518,1.85159912624,-46.79423092297
    ));
#1332 = CARTESIAN_POINT('',(5.740760713896,1.911089002666,
    -46.63964063761));
#1333 = CARTESIAN_POINT('',(5.725427555557,1.955555302733,
    -46.48189476752));
#1334 = CARTESIAN_POINT('',(5.715054981161,1.98516842058,-46.32205646792
    ));
#1335 = CARTESIAN_POINT('',(5.709859893202,2.,-46.1611070069));
#1336 = CARTESIAN_POINT('',(5.709859893202,2.,-45.79593674577));
#1337 = CARTESIAN_POINT('',(5.718194391509,1.976205510572,
    -45.59238518374));
#1338 = CARTESIAN_POINT('',(5.734792140844,1.928820363472,
    -45.39110730306));
#1339 = CARTESIAN_POINT('',(5.759104281852,1.857631028814,
    -45.19397674041));
#1340 = CARTESIAN_POINT('',(5.790089601229,1.762125740397,
    -45.00316406643));
#1341 = CARTESIAN_POINT('',(5.826136015941,1.641594953352,
    -44.82134653555));
#1342 = CARTESIAN_POINT('',(5.86497642144,1.495278365103,-44.65199339653
    ));
#1343 = CARTESIAN_POINT('',(5.930920711518,1.200929743142,
    -44.39249017877));
#1344 = CARTESIAN_POINT('',(5.958617240003,1.063863628736,-44.2917002147
    ));
#1345 = CARTESIAN_POINT('',(5.985301139088,0.912191493978,
    -44.20121472304));
#1346 = CARTESIAN_POINT('',(6.009296015918,0.747323165818,
    -44.12429832203));
#1347 = CARTESIAN_POINT('',(6.028943376374,0.571184585572,-44.0636985919
    ));
#1348 = CARTESIAN_POINT('',(6.042835631498,0.386108026494,
    -44.02167145189));
#1349 = CARTESIAN_POINT('',(6.05,0.194744160545,-44.));
#1350 = CARTESIAN_POINT('',(6.05,3.673940397442E-16,-44.));
#1351 = PCURVE('',#753,#1352);
#1352 = DEFINITIONAL_REPRESENTATION('',(#1353),#1384);
#1353 = B_SPLINE_CURVE_WITH_KNOTS('',8,(#1354,#1355,#1356,#1357,#1358,
    #1359,#1360,#1361,#1362,#1363,#1364,#1365,#1366,#1367,#1368,#1369,
    #1370,#1371,#1372,#1373,#1374,#1375,#1376,#1377,#1378,#1379,#1380,
    #1381,#1382,#1383),.UNSPECIFIED.,.F.,.F.,(9,7,7,7,9),(0.,
    0.266600769011,0.498732826011,0.792758665552,1.),.UNSPECIFIED.);
#1354 = CARTESIAN_POINT('',(0.,6.));
#1355 = CARTESIAN_POINT('',(4.206065941006E-02,6.));
#1356 = CARTESIAN_POINT('',(8.273453132864E-02,6.037001954345));
#1357 = CARTESIAN_POINT('',(0.121274179703,6.106736165714));
#1358 = CARTESIAN_POINT('',(0.157081325725,6.204720173731));
#1359 = CARTESIAN_POINT('',(0.189633923055,6.326066421379));
#1360 = CARTESIAN_POINT('',(0.218494995217,6.465431899202));
#1361 = CARTESIAN_POINT('',(0.243388239907,6.616942695288));
#1362 = CARTESIAN_POINT('',(0.282458918116,6.911099176923));
#1363 = CARTESIAN_POINT('',(0.29802836758,7.055540661931));
#1364 = CARTESIAN_POINT('',(0.310992152052,7.205769077028));
#1365 = CARTESIAN_POINT('',(0.321358232736,7.360359362389));
#1366 = CARTESIAN_POINT('',(0.329132634427,7.518105232472));
#1367 = CARTESIAN_POINT('',(0.334318945588,7.677943532079));
#1368 = CARTESIAN_POINT('',(0.336916484162,7.838892993094));
#1369 = CARTESIAN_POINT('',(0.336916484162,8.204063254225));
#1370 = CARTESIAN_POINT('',(0.332749217514,8.407614816253));
#1371 = CARTESIAN_POINT('',(0.324450400166,8.608892696938));
#1372 = CARTESIAN_POINT('',(0.312016665398,8.806023259584));
#1373 = CARTESIAN_POINT('',(0.295425057883,8.996835933564));
#1374 = CARTESIAN_POINT('',(0.274643830429,9.178653464442));
#1375 = CARTESIAN_POINT('',(0.249640787208,9.348006603467));
#1376 = CARTESIAN_POINT('',(0.199782094558,9.607509821224));
#1377 = CARTESIAN_POINT('',(0.176673768837,9.708299785299));
#1378 = CARTESIAN_POINT('',(0.151232734432,9.798785276951));
#1379 = CARTESIAN_POINT('',(0.123720483125,9.875701677964));
#1380 = CARTESIAN_POINT('',(9.446140997634E-02,9.936301408091));
#1381 = CARTESIAN_POINT('',(6.381953641135E-02,9.978328548107));
#1382 = CARTESIAN_POINT('',(3.218911744546E-02,10.));
#1383 = CARTESIAN_POINT('',(0.,10.));
#1384 = ( GEOMETRIC_REPRESENTATION_CONTEXT(2) 
PARAMETRIC_REPRESENTATION_CONTEXT() REPRESENTATION_CONTEXT('2D SPACE',''
  ) );
#1385 = PCURVE('',#159,#1386);
#1386 = DEFINITIONAL_REPRESENTATION('',(#1387),#1418);
#1387 = B_SPLINE_CURVE_WITH_KNOTS('',8,(#1388,#1389,#1390,#1391,#1392,
    #1393,#1394,#1395,#1396,#1397,#1398,#1399,#1400,#1401,#1402,#1403,
    #1404,#1405,#1406,#1407,#1408,#1409,#1410,#1411,#1412,#1413,#1414,
    #1415,#1416,#1417),.UNSPECIFIED.,.F.,.F.,(9,7,7,7,9),(0.,
    0.266600769011,0.498732826011,0.792758665552,1.),.UNSPECIFIED.);
#1388 = CARTESIAN_POINT('',(0.,6.05));
#1389 = CARTESIAN_POINT('',(0.127233494715,6.05));
#1390 = CARTESIAN_POINT('',(0.250272133676,6.037767982852));
#1391 = CARTESIAN_POINT('',(0.369649087561,6.01471514986));
#1392 = CARTESIAN_POINT('',(0.485581767406,5.983453149225));
#1393 = CARTESIAN_POINT('',(0.598076841701,5.947201527291));
#1394 = CARTESIAN_POINT('',(0.706909467928,5.90939219962));
#1395 = CARTESIAN_POINT('',(0.811560382527,5.872964451611));
#1396 = CARTESIAN_POINT('',(0.99769884715,5.811220667163));
#1397 = CARTESIAN_POINT('',(1.082445693615,5.784408936048));
#1398 = CARTESIAN_POINT('',(1.165698977807,5.760633408518));
#1399 = CARTESIAN_POINT('',(1.247796607457,5.740760713896));
#1400 = CARTESIAN_POINT('',(1.329052350736,5.725427555557));
#1401 = CARTESIAN_POINT('',(1.409768129386,5.715054981161));
#1402 = CARTESIAN_POINT('',(1.490242823342,5.709859893202));
#1403 = CARTESIAN_POINT('',(1.672827953907,5.709859893202));
#1404 = CARTESIAN_POINT('',(1.774603395351,5.718194391509));
#1405 = CARTESIAN_POINT('',(1.876862067863,5.734792140844));
#1406 = CARTESIAN_POINT('',(1.980247999293,5.759104281852));
#1407 = CARTESIAN_POINT('',(2.085419494787,5.790089601229));
#1408 = CARTESIAN_POINT('',(2.1930655652,5.826136015941));
#1409 = CARTESIAN_POINT('',(2.303940297046,5.86497642144));
#1410 = CARTESIAN_POINT('',(2.500143655374,5.930920711518));
#1411 = CARTESIAN_POINT('',(2.584877917468,5.958617240003));
#1412 = CARTESIAN_POINT('',(2.672496001375,5.985301139088));
#1413 = CARTESIAN_POINT('',(2.762509066906,6.009296015918));
#1414 = CARTESIAN_POINT('',(2.854593379947,6.028943376374));
#1415 = CARTESIAN_POINT('',(2.94853870765,6.042835631498));
#1416 = CARTESIAN_POINT('',(3.044220573317,6.05));
#1417 = CARTESIAN_POINT('',(3.14159265359,6.05));
#1418 = ( GEOMETRIC_REPRESENTATION_CONTEXT(2) 
PARAMETRIC_REPRESENTATION_CONTEXT() REPRESENTATION_CONTEXT('2D SPACE',''
  ) );
#1419 = ORIENTED_EDGE('',*,*,#841,.F.);
#1420 = FACE_BOUND('',#1421,.F.);
#1421 = EDGE_LOOP('',(#1422));
#1422 = ORIENTED_EDGE('',*,*,#643,.F.);
#1423 = ADVANCED_FACE('',(#1424),#1305,.F.);
#1424 = FACE_BOUND('',#1425,.F.);
#1425 = EDGE_LOOP('',(#1426,#1449,#1450,#1473));
#1426 = ORIENTED_EDGE('',*,*,#1427,.T.);
#1427 = EDGE_CURVE('',#1428,#969,#1430,.T.);
#1428 = VERTEX_POINT('',#1429);
#1429 = CARTESIAN_POINT('',(7.,0.,-31.5));
#1430 = SURFACE_CURVE('',#1431,(#1435,#1442),.PCURVE_S1.);
#1431 = LINE('',#1432,#1433);
#1432 = CARTESIAN_POINT('',(7.,0.,-31.5));
#1433 = VECTOR('',#1434,1.);
#1434 = DIRECTION('',(-1.,0.,0.));
#1435 = PCURVE('',#1305,#1436);
#1436 = DEFINITIONAL_REPRESENTATION('',(#1437),#1441);
#1437 = LINE('',#1438,#1439);
#1438 = CARTESIAN_POINT('',(6.62,14.));
#1439 = VECTOR('',#1440,1.);
#1440 = DIRECTION('',(0.,-1.));
#1441 = ( GEOMETRIC_REPRESENTATION_CONTEXT(2) 
PARAMETRIC_REPRESENTATION_CONTEXT() REPRESENTATION_CONTEXT('2D SPACE',''
  ) );
#1442 = PCURVE('',#1008,#1443);
#1443 = DEFINITIONAL_REPRESENTATION('',(#1444),#1448);
#1444 = LINE('',#1445,#1446);
#1445 = CARTESIAN_POINT('',(7.,0.));
#1446 = VECTOR('',#1447,1.);
#1447 = DIRECTION('',(-1.,0.));
#1448 = ( GEOMETRIC_REPRESENTATION_CONTEXT(2) 
PARAMETRIC_REPRESENTATION_CONTEXT() REPRESENTATION_CONTEXT('2D SPACE',''
  ) );
#1449 = ORIENTED_EDGE('',*,*,#1291,.T.);
#1450 = ORIENTED_EDGE('',*,*,#1451,.T.);
#1451 = EDGE_CURVE('',#1263,#1452,#1454,.T.);
#1452 = VERTEX_POINT('',#1453);
#1453 = CARTESIAN_POINT('',(7.,0.,-30.12));
#1454 = SURFACE_CURVE('',#1455,(#1459,#1466),.PCURVE_S1.);
#1455 = LINE('',#1456,#1457);
#1456 = CARTESIAN_POINT('',(-7.,0.,-30.12));
#1457 = VECTOR('',#1458,1.);
#1458 = DIRECTION('',(1.,0.,-0.));
#1459 = PCURVE('',#1305,#1460);
#1460 = DEFINITIONAL_REPRESENTATION('',(#1461),#1465);
#1461 = LINE('',#1462,#1463);
#1462 = CARTESIAN_POINT('',(8.,0.));
#1463 = VECTOR('',#1464,1.);
#1464 = DIRECTION('',(0.,1.));
#1465 = ( GEOMETRIC_REPRESENTATION_CONTEXT(2) 
PARAMETRIC_REPRESENTATION_CONTEXT() REPRESENTATION_CONTEXT('2D SPACE',''
  ) );
#1466 = PCURVE('',#1279,#1467);
#1467 = DEFINITIONAL_REPRESENTATION('',(#1468),#1472);
#1468 = LINE('',#1469,#1470);
#1469 = CARTESIAN_POINT('',(0.,0.));
#1470 = VECTOR('',#1471,1.);
#1471 = DIRECTION('',(1.,0.));
#1472 = ( GEOMETRIC_REPRESENTATION_CONTEXT(2) 
PARAMETRIC_REPRESENTATION_CONTEXT() REPRESENTATION_CONTEXT('2D SPACE',''
  ) );
#1473 = ORIENTED_EDGE('',*,*,#1474,.F.);
#1474 = EDGE_CURVE('',#1428,#1452,#1475,.T.);
#1475 = SURFACE_CURVE('',#1476,(#1480,#1487),.PCURVE_S1.);
#1476 = LINE('',#1477,#1478);
#1477 = CARTESIAN_POINT('',(7.,0.,-38.12));
#1478 = VECTOR('',#1479,1.);
#1479 = DIRECTION('',(0.,0.,1.));
#1480 = PCURVE('',#1305,#1481);
#1481 = DEFINITIONAL_REPRESENTATION('',(#1482),#1486);
#1482 = LINE('',#1483,#1484);
#1483 = CARTESIAN_POINT('',(0.,14.));
#1484 = VECTOR('',#1485,1.);
#1485 = DIRECTION('',(1.,0.));
#1486 = ( GEOMETRIC_REPRESENTATION_CONTEXT(2) 
PARAMETRIC_REPRESENTATION_CONTEXT() REPRESENTATION_CONTEXT('2D SPACE',''
  ) );
#1487 = PCURVE('',#317,#1488);
#1488 = DEFINITIONAL_REPRESENTATION('',(#1489),#1493);
#1489 = LINE('',#1490,#1491);
#1490 = CARTESIAN_POINT('',(0.,0.));
#1491 = VECTOR('',#1492,1.);
#1492 = DIRECTION('',(1.,0.));
#1493 = ( GEOMETRIC_REPRESENTATION_CONTEXT(2) 
PARAMETRIC_REPRESENTATION_CONTEXT() REPRESENTATION_CONTEXT('2D SPACE',''
  ) );
#1494 = ADVANCED_FACE('',(#1495),#1279,.T.);
#1495 = FACE_BOUND('',#1496,.T.);
#1496 = EDGE_LOOP('',(#1497,#1518,#1519,#1520,#1543));
#1497 = ORIENTED_EDGE('',*,*,#1498,.F.);
#1498 = EDGE_CURVE('',#1076,#1499,#1501,.T.);
#1499 = VERTEX_POINT('',#1500);
#1500 = CARTESIAN_POINT('',(1.45,55.,-30.12));
#1501 = SURFACE_CURVE('',#1502,(#1506,#1512),.PCURVE_S1.);
#1502 = LINE('',#1503,#1504);
#1503 = CARTESIAN_POINT('',(1.45,3.25,-30.12));
#1504 = VECTOR('',#1505,1.);
#1505 = DIRECTION('',(0.,1.,0.));
#1506 = PCURVE('',#1279,#1507);
#1507 = DEFINITIONAL_REPRESENTATION('',(#1508),#1511);
#1508 = B_SPLINE_CURVE_WITH_KNOTS('',1,(#1509,#1510),.UNSPECIFIED.,.F.,
  .F.,(2,2),(0.,54.25),.PIECEWISE_BEZIER_KNOTS.);
#1509 = CARTESIAN_POINT('',(8.45,3.25));
#1510 = CARTESIAN_POINT('',(8.45,57.5));
#1511 = ( GEOMETRIC_REPRESENTATION_CONTEXT(2) 
PARAMETRIC_REPRESENTATION_CONTEXT() REPRESENTATION_CONTEXT('2D SPACE',''
  ) );
#1512 = PCURVE('',#1197,#1513);
#1513 = DEFINITIONAL_REPRESENTATION('',(#1514),#1517);
#1514 = B_SPLINE_CURVE_WITH_KNOTS('',1,(#1515,#1516),.UNSPECIFIED.,.F.,
  .F.,(2,2),(0.,54.25),.PIECEWISE_BEZIER_KNOTS.);
#1515 = CARTESIAN_POINT('',(1.570796326795,0.));
#1516 = CARTESIAN_POINT('',(1.570796326795,54.25));
#1517 = ( GEOMETRIC_REPRESENTATION_CONTEXT(2) 
PARAMETRIC_REPRESENTATION_CONTEXT() REPRESENTATION_CONTEXT('2D SPACE',''
  ) );
#1518 = ORIENTED_EDGE('',*,*,#1262,.F.);
#1519 = ORIENTED_EDGE('',*,*,#1451,.T.);
#1520 = ORIENTED_EDGE('',*,*,#1521,.T.);
#1521 = EDGE_CURVE('',#1452,#1522,#1524,.T.);
#1522 = VERTEX_POINT('',#1523);
#1523 = CARTESIAN_POINT('',(7.,55.,-30.12));
#1524 = SURFACE_CURVE('',#1525,(#1529,#1536),.PCURVE_S1.);
#1525 = LINE('',#1526,#1527);
#1526 = CARTESIAN_POINT('',(7.,0.,-30.12));
#1527 = VECTOR('',#1528,1.);
#1528 = DIRECTION('',(-0.,1.,0.));
#1529 = PCURVE('',#1279,#1530);
#1530 = DEFINITIONAL_REPRESENTATION('',(#1531),#1535);
#1531 = LINE('',#1532,#1533);
#1532 = CARTESIAN_POINT('',(14.,0.));
#1533 = VECTOR('',#1534,1.);
#1534 = DIRECTION('',(0.,1.));
#1535 = ( GEOMETRIC_REPRESENTATION_CONTEXT(2) 
PARAMETRIC_REPRESENTATION_CONTEXT() REPRESENTATION_CONTEXT('2D SPACE',''
  ) );
#1536 = PCURVE('',#317,#1537);
#1537 = DEFINITIONAL_REPRESENTATION('',(#1538),#1542);
#1538 = LINE('',#1539,#1540);
#1539 = CARTESIAN_POINT('',(8.,0.));
#1540 = VECTOR('',#1541,1.);
#1541 = DIRECTION('',(0.,-1.));
#1542 = ( GEOMETRIC_REPRESENTATION_CONTEXT(2) 
PARAMETRIC_REPRESENTATION_CONTEXT() REPRESENTATION_CONTEXT('2D SPACE',''
  ) );
#1543 = ORIENTED_EDGE('',*,*,#1544,.T.);
#1544 = EDGE_CURVE('',#1522,#1499,#1545,.T.);
#1545 = SURFACE_CURVE('',#1546,(#1550,#1556),.PCURVE_S1.);
#1546 = LINE('',#1547,#1548);
#1547 = CARTESIAN_POINT('',(-7.,55.,-30.12));
#1548 = VECTOR('',#1549,1.);
#1549 = DIRECTION('',(-1.,-0.,0.));
#1550 = PCURVE('',#1279,#1551);
#1551 = DEFINITIONAL_REPRESENTATION('',(#1552),#1555);
#1552 = B_SPLINE_CURVE_WITH_KNOTS('',1,(#1553,#1554),.UNSPECIFIED.,.F.,
  .F.,(2,2),(-14.,0.),.PIECEWISE_BEZIER_KNOTS.);
#1553 = CARTESIAN_POINT('',(14.,55.));
#1554 = CARTESIAN_POINT('',(0.,55.));
#1555 = ( GEOMETRIC_REPRESENTATION_CONTEXT(2) 
PARAMETRIC_REPRESENTATION_CONTEXT() REPRESENTATION_CONTEXT('2D SPACE',''
  ) );
#1556 = PCURVE('',#1557,#1562);
#1557 = PLANE('',#1558);
#1558 = AXIS2_PLACEMENT_3D('',#1559,#1560,#1561);
#1559 = CARTESIAN_POINT('',(-7.,55.,-38.12));
#1560 = DIRECTION('',(-0.,1.,0.));
#1561 = DIRECTION('',(0.,0.,1.));
#1562 = DEFINITIONAL_REPRESENTATION('',(#1563),#1566);
#1563 = B_SPLINE_CURVE_WITH_KNOTS('',1,(#1564,#1565),.UNSPECIFIED.,.F.,
  .F.,(2,2),(-14.,0.),.PIECEWISE_BEZIER_KNOTS.);
#1564 = CARTESIAN_POINT('',(8.,14.));
#1565 = CARTESIAN_POINT('',(8.,0.));
#1566 = ( GEOMETRIC_REPRESENTATION_CONTEXT(2) 
PARAMETRIC_REPRESENTATION_CONTEXT() REPRESENTATION_CONTEXT('2D SPACE',''
  ) );
#1567 = ADVANCED_FACE('',(#1568),#1557,.F.);
#1568 = FACE_BOUND('',#1569,.F.);
#1569 = EDGE_LOOP('',(#1570,#1593,#1594,#1618,#1642,#1663,#1686));
#1570 = ORIENTED_EDGE('',*,*,#1571,.F.);
#1571 = EDGE_CURVE('',#1522,#1572,#1574,.T.);
#1572 = VERTEX_POINT('',#1573);
#1573 = CARTESIAN_POINT('',(7.,55.,-13.));
#1574 = SURFACE_CURVE('',#1575,(#1579,#1586),.PCURVE_S1.);
#1575 = LINE('',#1576,#1577);
#1576 = CARTESIAN_POINT('',(7.,55.,-38.12));
#1577 = VECTOR('',#1578,1.);
#1578 = DIRECTION('',(0.,0.,1.));
#1579 = PCURVE('',#1557,#1580);
#1580 = DEFINITIONAL_REPRESENTATION('',(#1581),#1585);
#1581 = LINE('',#1582,#1583);
#1582 = CARTESIAN_POINT('',(0.,14.));
#1583 = VECTOR('',#1584,1.);
#1584 = DIRECTION('',(1.,0.));
#1585 = ( GEOMETRIC_REPRESENTATION_CONTEXT(2) 
PARAMETRIC_REPRESENTATION_CONTEXT() REPRESENTATION_CONTEXT('2D SPACE',''
  ) );
#1586 = PCURVE('',#317,#1587);
#1587 = DEFINITIONAL_REPRESENTATION('',(#1588),#1592);
#1588 = LINE('',#1589,#1590);
#1589 = CARTESIAN_POINT('',(0.,-55.));
#1590 = VECTOR('',#1591,1.);
#1591 = DIRECTION('',(1.,0.));
#1592 = ( GEOMETRIC_REPRESENTATION_CONTEXT(2) 
PARAMETRIC_REPRESENTATION_CONTEXT() REPRESENTATION_CONTEXT('2D SPACE',''
  ) );
#1593 = ORIENTED_EDGE('',*,*,#1544,.T.);
#1594 = ORIENTED_EDGE('',*,*,#1595,.F.);
#1595 = EDGE_CURVE('',#1596,#1499,#1598,.T.);
#1596 = VERTEX_POINT('',#1597);
#1597 = CARTESIAN_POINT('',(0.,55.,-28.67));
#1598 = SURFACE_CURVE('',#1599,(#1604,#1611),.PCURVE_S1.);
#1599 = CIRCLE('',#1600,1.45);
#1600 = AXIS2_PLACEMENT_3D('',#1601,#1602,#1603);
#1601 = CARTESIAN_POINT('',(0.,55.,-30.12));
#1602 = DIRECTION('',(0.,1.,0.));
#1603 = DIRECTION('',(0.,-0.,1.));
#1604 = PCURVE('',#1557,#1605);
#1605 = DEFINITIONAL_REPRESENTATION('',(#1606),#1610);
#1606 = CIRCLE('',#1607,1.45);
#1607 = AXIS2_PLACEMENT_2D('',#1608,#1609);
#1608 = CARTESIAN_POINT('',(8.,7.));
#1609 = DIRECTION('',(1.,0.));
#1610 = ( GEOMETRIC_REPRESENTATION_CONTEXT(2) 
PARAMETRIC_REPRESENTATION_CONTEXT() REPRESENTATION_CONTEXT('2D SPACE',''
  ) );
#1611 = PCURVE('',#1197,#1612);
#1612 = DEFINITIONAL_REPRESENTATION('',(#1613),#1617);
#1613 = LINE('',#1614,#1615);
#1614 = CARTESIAN_POINT('',(0.,51.75));
#1615 = VECTOR('',#1616,1.);
#1616 = DIRECTION('',(1.,0.));
#1617 = ( GEOMETRIC_REPRESENTATION_CONTEXT(2) 
PARAMETRIC_REPRESENTATION_CONTEXT() REPRESENTATION_CONTEXT('2D SPACE',''
  ) );
#1618 = ORIENTED_EDGE('',*,*,#1619,.F.);
#1619 = EDGE_CURVE('',#1620,#1596,#1622,.T.);
#1620 = VERTEX_POINT('',#1621);
#1621 = CARTESIAN_POINT('',(-1.45,55.,-30.12));
#1622 = SURFACE_CURVE('',#1623,(#1628,#1635),.PCURVE_S1.);
#1623 = CIRCLE('',#1624,1.45);
#1624 = AXIS2_PLACEMENT_3D('',#1625,#1626,#1627);
#1625 = CARTESIAN_POINT('',(0.,55.,-30.12));
#1626 = DIRECTION('',(0.,1.,0.));
#1627 = DIRECTION('',(0.,-0.,1.));
#1628 = PCURVE('',#1557,#1629);
#1629 = DEFINITIONAL_REPRESENTATION('',(#1630),#1634);
#1630 = CIRCLE('',#1631,1.45);
#1631 = AXIS2_PLACEMENT_2D('',#1632,#1633);
#1632 = CARTESIAN_POINT('',(8.,7.));
#1633 = DIRECTION('',(1.,0.));
#1634 = ( GEOMETRIC_REPRESENTATION_CONTEXT(2) 
PARAMETRIC_REPRESENTATION_CONTEXT() REPRESENTATION_CONTEXT('2D SPACE',''
  ) );
#1635 = PCURVE('',#1197,#1636);
#1636 = DEFINITIONAL_REPRESENTATION('',(#1637),#1641);
#1637 = LINE('',#1638,#1639);
#1638 = CARTESIAN_POINT('',(0.,51.75));
#1639 = VECTOR('',#1640,1.);
#1640 = DIRECTION('',(1.,0.));
#1641 = ( GEOMETRIC_REPRESENTATION_CONTEXT(2) 
PARAMETRIC_REPRESENTATION_CONTEXT() REPRESENTATION_CONTEXT('2D SPACE',''
  ) );
#1642 = ORIENTED_EDGE('',*,*,#1643,.T.);
#1643 = EDGE_CURVE('',#1620,#1644,#1646,.T.);
#1644 = VERTEX_POINT('',#1645);
#1645 = CARTESIAN_POINT('',(-7.,55.,-30.12));
#1646 = SURFACE_CURVE('',#1647,(#1651,#1657),.PCURVE_S1.);
#1647 = LINE('',#1648,#1649);
#1648 = CARTESIAN_POINT('',(-7.,55.,-30.12));
#1649 = VECTOR('',#1650,1.);
#1650 = DIRECTION('',(-1.,-0.,0.));
#1651 = PCURVE('',#1557,#1652);
#1652 = DEFINITIONAL_REPRESENTATION('',(#1653),#1656);
#1653 = B_SPLINE_CURVE_WITH_KNOTS('',1,(#1654,#1655),.UNSPECIFIED.,.F.,
  .F.,(2,2),(-14.,0.),.PIECEWISE_BEZIER_KNOTS.);
#1654 = CARTESIAN_POINT('',(8.,14.));
#1655 = CARTESIAN_POINT('',(8.,0.));
#1656 = ( GEOMETRIC_REPRESENTATION_CONTEXT(2) 
PARAMETRIC_REPRESENTATION_CONTEXT() REPRESENTATION_CONTEXT('2D SPACE',''
  ) );
#1657 = PCURVE('',#1063,#1658);
#1658 = DEFINITIONAL_REPRESENTATION('',(#1659),#1662);
#1659 = B_SPLINE_CURVE_WITH_KNOTS('',1,(#1660,#1661),.UNSPECIFIED.,.F.,
  .F.,(2,2),(-14.,0.),.PIECEWISE_BEZIER_KNOTS.);
#1660 = CARTESIAN_POINT('',(14.,55.));
#1661 = CARTESIAN_POINT('',(0.,55.));
#1662 = ( GEOMETRIC_REPRESENTATION_CONTEXT(2) 
PARAMETRIC_REPRESENTATION_CONTEXT() REPRESENTATION_CONTEXT('2D SPACE',''
  ) );
#1663 = ORIENTED_EDGE('',*,*,#1664,.T.);
#1664 = EDGE_CURVE('',#1644,#1665,#1667,.T.);
#1665 = VERTEX_POINT('',#1666);
#1666 = CARTESIAN_POINT('',(-7.,55.,-13.));
#1667 = SURFACE_CURVE('',#1668,(#1672,#1679),.PCURVE_S1.);
#1668 = LINE('',#1669,#1670);
#1669 = CARTESIAN_POINT('',(-7.,55.,-38.12));
#1670 = VECTOR('',#1671,1.);
#1671 = DIRECTION('',(0.,0.,1.));
#1672 = PCURVE('',#1557,#1673);
#1673 = DEFINITIONAL_REPRESENTATION('',(#1674),#1678);
#1674 = LINE('',#1675,#1676);
#1675 = CARTESIAN_POINT('',(0.,0.));
#1676 = VECTOR('',#1677,1.);
#1677 = DIRECTION('',(1.,0.));
#1678 = ( GEOMETRIC_REPRESENTATION_CONTEXT(2) 
PARAMETRIC_REPRESENTATION_CONTEXT() REPRESENTATION_CONTEXT('2D SPACE',''
  ) );
#1679 = PCURVE('',#261,#1680);
#1680 = DEFINITIONAL_REPRESENTATION('',(#1681),#1685);
#1681 = LINE('',#1682,#1683);
#1682 = CARTESIAN_POINT('',(0.,-55.));
#1683 = VECTOR('',#1684,1.);
#1684 = DIRECTION('',(1.,0.));
#1685 = ( GEOMETRIC_REPRESENTATION_CONTEXT(2) 
PARAMETRIC_REPRESENTATION_CONTEXT() REPRESENTATION_CONTEXT('2D SPACE',''
  ) );
#1686 = ORIENTED_EDGE('',*,*,#1687,.T.);
#1687 = EDGE_CURVE('',#1665,#1572,#1688,.T.);
#1688 = SURFACE_CURVE('',#1689,(#1693,#1700),.PCURVE_S1.);
#1689 = LINE('',#1690,#1691);
#1690 = CARTESIAN_POINT('',(-7.,55.,-13.));
#1691 = VECTOR('',#1692,1.);
#1692 = DIRECTION('',(1.,0.,-0.));
#1693 = PCURVE('',#1557,#1694);
#1694 = DEFINITIONAL_REPRESENTATION('',(#1695),#1699);
#1695 = LINE('',#1696,#1697);
#1696 = CARTESIAN_POINT('',(25.12,0.));
#1697 = VECTOR('',#1698,1.);
#1698 = DIRECTION('',(0.,1.));
#1699 = ( GEOMETRIC_REPRESENTATION_CONTEXT(2) 
PARAMETRIC_REPRESENTATION_CONTEXT() REPRESENTATION_CONTEXT('2D SPACE',''
  ) );
#1700 = PCURVE('',#1701,#1706);
#1701 = PLANE('',#1702);
#1702 = AXIS2_PLACEMENT_3D('',#1703,#1704,#1705);
#1703 = CARTESIAN_POINT('',(-7.,55.,-13.));
#1704 = DIRECTION('',(0.,0.,1.));
#1705 = DIRECTION('',(1.,0.,-0.));
#1706 = DEFINITIONAL_REPRESENTATION('',(#1707),#1711);
#1707 = LINE('',#1708,#1709);
#1708 = CARTESIAN_POINT('',(0.,0.));
#1709 = VECTOR('',#1710,1.);
#1710 = DIRECTION('',(1.,0.));
#1711 = ( GEOMETRIC_REPRESENTATION_CONTEXT(2) 
PARAMETRIC_REPRESENTATION_CONTEXT() REPRESENTATION_CONTEXT('2D SPACE',''
  ) );
#1712 = ADVANCED_FACE('',(#1713,#1788,#1819),#1701,.T.);
#1713 = FACE_BOUND('',#1714,.T.);
#1714 = EDGE_LOOP('',(#1715,#1738,#1739,#1762));
#1715 = ORIENTED_EDGE('',*,*,#1716,.F.);
#1716 = EDGE_CURVE('',#1665,#1717,#1719,.T.);
#1717 = VERTEX_POINT('',#1718);
#1718 = CARTESIAN_POINT('',(-7.,64.,-13.));
#1719 = SURFACE_CURVE('',#1720,(#1724,#1731),.PCURVE_S1.);
#1720 = LINE('',#1721,#1722);
#1721 = CARTESIAN_POINT('',(-7.,55.,-13.));
#1722 = VECTOR('',#1723,1.);
#1723 = DIRECTION('',(0.,1.,0.));
#1724 = PCURVE('',#1701,#1725);
#1725 = DEFINITIONAL_REPRESENTATION('',(#1726),#1730);
#1726 = LINE('',#1727,#1728);
#1727 = CARTESIAN_POINT('',(0.,0.));
#1728 = VECTOR('',#1729,1.);
#1729 = DIRECTION('',(0.,1.));
#1730 = ( GEOMETRIC_REPRESENTATION_CONTEXT(2) 
PARAMETRIC_REPRESENTATION_CONTEXT() REPRESENTATION_CONTEXT('2D SPACE',''
  ) );
#1731 = PCURVE('',#261,#1732);
#1732 = DEFINITIONAL_REPRESENTATION('',(#1733),#1737);
#1733 = LINE('',#1734,#1735);
#1734 = CARTESIAN_POINT('',(25.12,-55.));
#1735 = VECTOR('',#1736,1.);
#1736 = DIRECTION('',(0.,-1.));
#1737 = ( GEOMETRIC_REPRESENTATION_CONTEXT(2) 
PARAMETRIC_REPRESENTATION_CONTEXT() REPRESENTATION_CONTEXT('2D SPACE',''
  ) );
#1738 = ORIENTED_EDGE('',*,*,#1687,.T.);
#1739 = ORIENTED_EDGE('',*,*,#1740,.F.);
#1740 = EDGE_CURVE('',#1741,#1572,#1743,.T.);
#1741 = VERTEX_POINT('',#1742);
#1742 = CARTESIAN_POINT('',(7.,64.,-13.));
#1743 = SURFACE_CURVE('',#1744,(#1748,#1755),.PCURVE_S1.);
#1744 = LINE('',#1745,#1746);
#1745 = CARTESIAN_POINT('',(7.,64.,-13.));
#1746 = VECTOR('',#1747,1.);
#1747 = DIRECTION('',(0.,-1.,0.));
#1748 = PCURVE('',#1701,#1749);
#1749 = DEFINITIONAL_REPRESENTATION('',(#1750),#1754);
#1750 = LINE('',#1751,#1752);
#1751 = CARTESIAN_POINT('',(14.,9.));
#1752 = VECTOR('',#1753,1.);
#1753 = DIRECTION('',(0.,-1.));
#1754 = ( GEOMETRIC_REPRESENTATION_CONTEXT(2) 
PARAMETRIC_REPRESENTATION_CONTEXT() REPRESENTATION_CONTEXT('2D SPACE',''
  ) );
#1755 = PCURVE('',#317,#1756);
#1756 = DEFINITIONAL_REPRESENTATION('',(#1757),#1761);
#1757 = LINE('',#1758,#1759);
#1758 = CARTESIAN_POINT('',(25.12,-64.));
#1759 = VECTOR('',#1760,1.);
#1760 = DIRECTION('',(0.,1.));
#1761 = ( GEOMETRIC_REPRESENTATION_CONTEXT(2) 
PARAMETRIC_REPRESENTATION_CONTEXT() REPRESENTATION_CONTEXT('2D SPACE',''
  ) );
#1762 = ORIENTED_EDGE('',*,*,#1763,.F.);
#1763 = EDGE_CURVE('',#1717,#1741,#1764,.T.);
#1764 = SURFACE_CURVE('',#1765,(#1769,#1776),.PCURVE_S1.);
#1765 = LINE('',#1766,#1767);
#1766 = CARTESIAN_POINT('',(-7.,64.,-13.));
#1767 = VECTOR('',#1768,1.);
#1768 = DIRECTION('',(1.,0.,-0.));
#1769 = PCURVE('',#1701,#1770);
#1770 = DEFINITIONAL_REPRESENTATION('',(#1771),#1775);
#1771 = LINE('',#1772,#1773);
#1772 = CARTESIAN_POINT('',(0.,9.));
#1773 = VECTOR('',#1774,1.);
#1774 = DIRECTION('',(1.,0.));
#1775 = ( GEOMETRIC_REPRESENTATION_CONTEXT(2) 
PARAMETRIC_REPRESENTATION_CONTEXT() REPRESENTATION_CONTEXT('2D SPACE',''
  ) );
#1776 = PCURVE('',#1777,#1782);
#1777 = PLANE('',#1778);
#1778 = AXIS2_PLACEMENT_3D('',#1779,#1780,#1781);
#1779 = CARTESIAN_POINT('',(-7.,64.,-21.));
#1780 = DIRECTION('',(-0.,1.,0.));
#1781 = DIRECTION('',(0.,0.,1.));
#1782 = DEFINITIONAL_REPRESENTATION('',(#1783),#1787);
#1783 = LINE('',#1784,#1785);
#1784 = CARTESIAN_POINT('',(8.,0.));
#1785 = VECTOR('',#1786,1.);
#1786 = DIRECTION('',(0.,1.));
#1787 = ( GEOMETRIC_REPRESENTATION_CONTEXT(2) 
PARAMETRIC_REPRESENTATION_CONTEXT() REPRESENTATION_CONTEXT('2D SPACE',''
  ) );
#1788 = FACE_BOUND('',#1789,.T.);
#1789 = EDGE_LOOP('',(#1790));
#1790 = ORIENTED_EDGE('',*,*,#1791,.F.);
#1791 = EDGE_CURVE('',#1792,#1792,#1794,.T.);
#1792 = VERTEX_POINT('',#1793);
#1793 = CARTESIAN_POINT('',(-2.4,58.,-13.));
#1794 = SURFACE_CURVE('',#1795,(#1800,#1807),.PCURVE_S1.);
#1795 = CIRCLE('',#1796,1.2);
#1796 = AXIS2_PLACEMENT_3D('',#1797,#1798,#1799);
#1797 = CARTESIAN_POINT('',(-3.6,58.,-13.));
#1798 = DIRECTION('',(0.,0.,1.));
#1799 = DIRECTION('',(1.,0.,-0.));
#1800 = PCURVE('',#1701,#1801);
#1801 = DEFINITIONAL_REPRESENTATION('',(#1802),#1806);
#1802 = CIRCLE('',#1803,1.2);
#1803 = AXIS2_PLACEMENT_2D('',#1804,#1805);
#1804 = CARTESIAN_POINT('',(3.4,3.));
#1805 = DIRECTION('',(1.,0.));
#1806 = ( GEOMETRIC_REPRESENTATION_CONTEXT(2) 
PARAMETRIC_REPRESENTATION_CONTEXT() REPRESENTATION_CONTEXT('2D SPACE',''
  ) );
#1807 = PCURVE('',#1808,#1813);
#1808 = CYLINDRICAL_SURFACE('',#1809,1.2);
#1809 = AXIS2_PLACEMENT_3D('',#1810,#1811,#1812);
#1810 = CARTESIAN_POINT('',(-3.6,58.,-14.1));
#1811 = DIRECTION('',(0.,0.,1.));
#1812 = DIRECTION('',(1.,0.,-0.));
#1813 = DEFINITIONAL_REPRESENTATION('',(#1814),#1818);
#1814 = LINE('',#1815,#1816);
#1815 = CARTESIAN_POINT('',(0.,1.1));
#1816 = VECTOR('',#1817,1.);
#1817 = DIRECTION('',(1.,0.));
#1818 = ( GEOMETRIC_REPRESENTATION_CONTEXT(2) 
PARAMETRIC_REPRESENTATION_CONTEXT() REPRESENTATION_CONTEXT('2D SPACE',''
  ) );
#1819 = FACE_BOUND('',#1820,.T.);
#1820 = EDGE_LOOP('',(#1821));
#1821 = ORIENTED_EDGE('',*,*,#1822,.F.);
#1822 = EDGE_CURVE('',#1823,#1823,#1825,.T.);
#1823 = VERTEX_POINT('',#1824);
#1824 = CARTESIAN_POINT('',(4.8,58.,-13.));
#1825 = SURFACE_CURVE('',#1826,(#1831,#1838),.PCURVE_S1.);
#1826 = CIRCLE('',#1827,1.2);
#1827 = AXIS2_PLACEMENT_3D('',#1828,#1829,#1830);
#1828 = CARTESIAN_POINT('',(3.6,58.,-13.));
#1829 = DIRECTION('',(0.,0.,1.));
#1830 = DIRECTION('',(1.,0.,-0.));
#1831 = PCURVE('',#1701,#1832);
#1832 = DEFINITIONAL_REPRESENTATION('',(#1833),#1837);
#1833 = CIRCLE('',#1834,1.2);
#1834 = AXIS2_PLACEMENT_2D('',#1835,#1836);
#1835 = CARTESIAN_POINT('',(10.6,3.));
#1836 = DIRECTION('',(1.,0.));
#1837 = ( GEOMETRIC_REPRESENTATION_CONTEXT(2) 
PARAMETRIC_REPRESENTATION_CONTEXT() REPRESENTATION_CONTEXT('2D SPACE',''
  ) );
#1838 = PCURVE('',#1839,#1844);
#1839 = CYLINDRICAL_SURFACE('',#1840,1.2);
#1840 = AXIS2_PLACEMENT_3D('',#1841,#1842,#1843);
#1841 = CARTESIAN_POINT('',(3.6,58.,-14.1));
#1842 = DIRECTION('',(0.,0.,1.));
#1843 = DIRECTION('',(1.,0.,-0.));
#1844 = DEFINITIONAL_REPRESENTATION('',(#1845),#1849);
#1845 = LINE('',#1846,#1847);
#1846 = CARTESIAN_POINT('',(0.,1.1));
#1847 = VECTOR('',#1848,1.);
#1848 = DIRECTION('',(1.,0.));
#1849 = ( GEOMETRIC_REPRESENTATION_CONTEXT(2) 
PARAMETRIC_REPRESENTATION_CONTEXT() REPRESENTATION_CONTEXT('2D SPACE',''
  ) );
#1850 = ADVANCED_FACE('',(#1851),#1839,.F.);
#1851 = FACE_BOUND('',#1852,.F.);
#1852 = EDGE_LOOP('',(#1853,#1854,#1877,#1904));
#1853 = ORIENTED_EDGE('',*,*,#1822,.F.);
#1854 = ORIENTED_EDGE('',*,*,#1855,.F.);
#1855 = EDGE_CURVE('',#1856,#1823,#1858,.T.);
#1856 = VERTEX_POINT('',#1857);
#1857 = CARTESIAN_POINT('',(4.8,58.,-14.));
#1858 = SEAM_CURVE('',#1859,(#1863,#1870),.PCURVE_S1.);
#1859 = LINE('',#1860,#1861);
#1860 = CARTESIAN_POINT('',(4.8,58.,-14.1));
#1861 = VECTOR('',#1862,1.);
#1862 = DIRECTION('',(0.,0.,1.));
#1863 = PCURVE('',#1839,#1864);
#1864 = DEFINITIONAL_REPRESENTATION('',(#1865),#1869);
#1865 = LINE('',#1866,#1867);
#1866 = CARTESIAN_POINT('',(6.28318530718,-0.));
#1867 = VECTOR('',#1868,1.);
#1868 = DIRECTION('',(0.,1.));
#1869 = ( GEOMETRIC_REPRESENTATION_CONTEXT(2) 
PARAMETRIC_REPRESENTATION_CONTEXT() REPRESENTATION_CONTEXT('2D SPACE',''
  ) );
#1870 = PCURVE('',#1839,#1871);
#1871 = DEFINITIONAL_REPRESENTATION('',(#1872),#1876);
#1872 = LINE('',#1873,#1874);
#1873 = CARTESIAN_POINT('',(0.,-0.));
#1874 = VECTOR('',#1875,1.);
#1875 = DIRECTION('',(0.,1.));
#1876 = ( GEOMETRIC_REPRESENTATION_CONTEXT(2) 
PARAMETRIC_REPRESENTATION_CONTEXT() REPRESENTATION_CONTEXT('2D SPACE',''
  ) );
#1877 = ORIENTED_EDGE('',*,*,#1878,.T.);
#1878 = EDGE_CURVE('',#1856,#1856,#1879,.T.);
#1879 = SURFACE_CURVE('',#1880,(#1885,#1892),.PCURVE_S1.);
#1880 = CIRCLE('',#1881,1.2);
#1881 = AXIS2_PLACEMENT_3D('',#1882,#1883,#1884);
#1882 = CARTESIAN_POINT('',(3.6,58.,-14.));
#1883 = DIRECTION('',(0.,0.,1.));
#1884 = DIRECTION('',(1.,0.,-0.));
#1885 = PCURVE('',#1839,#1886);
#1886 = DEFINITIONAL_REPRESENTATION('',(#1887),#1891);
#1887 = LINE('',#1888,#1889);
#1888 = CARTESIAN_POINT('',(0.,1.E-01));
#1889 = VECTOR('',#1890,1.);
#1890 = DIRECTION('',(1.,0.));
#1891 = ( GEOMETRIC_REPRESENTATION_CONTEXT(2) 
PARAMETRIC_REPRESENTATION_CONTEXT() REPRESENTATION_CONTEXT('2D SPACE',''
  ) );
#1892 = PCURVE('',#1893,#1898);
#1893 = PLANE('',#1894);
#1894 = AXIS2_PLACEMENT_3D('',#1895,#1896,#1897);
#1895 = CARTESIAN_POINT('',(3.6,58.,-14.));
#1896 = DIRECTION('',(0.,0.,1.));
#1897 = DIRECTION('',(1.,0.,-0.));
#1898 = DEFINITIONAL_REPRESENTATION('',(#1899),#1903);
#1899 = CIRCLE('',#1900,1.2);
#1900 = AXIS2_PLACEMENT_2D('',#1901,#1902);
#1901 = CARTESIAN_POINT('',(0.,0.));
#1902 = DIRECTION('',(1.,0.));
#1903 = ( GEOMETRIC_REPRESENTATION_CONTEXT(2) 
PARAMETRIC_REPRESENTATION_CONTEXT() REPRESENTATION_CONTEXT('2D SPACE',''
  ) );
#1904 = ORIENTED_EDGE('',*,*,#1855,.T.);
#1905 = ADVANCED_FACE('',(#1906,#1937),#1893,.F.);
#1906 = FACE_BOUND('',#1907,.F.);
#1907 = EDGE_LOOP('',(#1908));
#1908 = ORIENTED_EDGE('',*,*,#1909,.T.);
#1909 = EDGE_CURVE('',#1910,#1910,#1912,.T.);
#1910 = VERTEX_POINT('',#1911);
#1911 = CARTESIAN_POINT('',(5.4,58.,-14.));
#1912 = SURFACE_CURVE('',#1913,(#1918,#1925),.PCURVE_S1.);
#1913 = CIRCLE('',#1914,1.8);
#1914 = AXIS2_PLACEMENT_3D('',#1915,#1916,#1917);
#1915 = CARTESIAN_POINT('',(3.6,58.,-14.));
#1916 = DIRECTION('',(0.,0.,1.));
#1917 = DIRECTION('',(1.,0.,-0.));
#1918 = PCURVE('',#1893,#1919);
#1919 = DEFINITIONAL_REPRESENTATION('',(#1920),#1924);
#1920 = CIRCLE('',#1921,1.8);
#1921 = AXIS2_PLACEMENT_2D('',#1922,#1923);
#1922 = CARTESIAN_POINT('',(0.,0.));
#1923 = DIRECTION('',(1.,0.));
#1924 = ( GEOMETRIC_REPRESENTATION_CONTEXT(2) 
PARAMETRIC_REPRESENTATION_CONTEXT() REPRESENTATION_CONTEXT('2D SPACE',''
  ) );
#1925 = PCURVE('',#1926,#1931);
#1926 = CYLINDRICAL_SURFACE('',#1927,1.8);
#1927 = AXIS2_PLACEMENT_3D('',#1928,#1929,#1930);
#1928 = CARTESIAN_POINT('',(3.6,58.,-19.75));
#1929 = DIRECTION('',(0.,0.,1.));
#1930 = DIRECTION('',(1.,0.,-0.));
#1931 = DEFINITIONAL_REPRESENTATION('',(#1932),#1936);
#1932 = LINE('',#1933,#1934);
#1933 = CARTESIAN_POINT('',(0.,5.75));
#1934 = VECTOR('',#1935,1.);
#1935 = DIRECTION('',(1.,0.));
#1936 = ( GEOMETRIC_REPRESENTATION_CONTEXT(2) 
PARAMETRIC_REPRESENTATION_CONTEXT() REPRESENTATION_CONTEXT('2D SPACE',''
  ) );
#1937 = FACE_BOUND('',#1938,.F.);
#1938 = EDGE_LOOP('',(#1939));
#1939 = ORIENTED_EDGE('',*,*,#1878,.F.);
#1940 = ADVANCED_FACE('',(#1941),#1926,.F.);
#1941 = FACE_BOUND('',#1942,.F.);
#1942 = EDGE_LOOP('',(#1943,#1944,#1967,#1994));
#1943 = ORIENTED_EDGE('',*,*,#1909,.F.);
#1944 = ORIENTED_EDGE('',*,*,#1945,.F.);
#1945 = EDGE_CURVE('',#1946,#1910,#1948,.T.);
#1946 = VERTEX_POINT('',#1947);
#1947 = CARTESIAN_POINT('',(5.4,58.,-19.75));
#1948 = SEAM_CURVE('',#1949,(#1953,#1960),.PCURVE_S1.);
#1949 = LINE('',#1950,#1951);
#1950 = CARTESIAN_POINT('',(5.4,58.,-19.75));
#1951 = VECTOR('',#1952,1.);
#1952 = DIRECTION('',(0.,0.,1.));
#1953 = PCURVE('',#1926,#1954);
#1954 = DEFINITIONAL_REPRESENTATION('',(#1955),#1959);
#1955 = LINE('',#1956,#1957);
#1956 = CARTESIAN_POINT('',(6.28318530718,-0.));
#1957 = VECTOR('',#1958,1.);
#1958 = DIRECTION('',(0.,1.));
#1959 = ( GEOMETRIC_REPRESENTATION_CONTEXT(2) 
PARAMETRIC_REPRESENTATION_CONTEXT() REPRESENTATION_CONTEXT('2D SPACE',''
  ) );
#1960 = PCURVE('',#1926,#1961);
#1961 = DEFINITIONAL_REPRESENTATION('',(#1962),#1966);
#1962 = LINE('',#1963,#1964);
#1963 = CARTESIAN_POINT('',(0.,-0.));
#1964 = VECTOR('',#1965,1.);
#1965 = DIRECTION('',(0.,1.));
#1966 = ( GEOMETRIC_REPRESENTATION_CONTEXT(2) 
PARAMETRIC_REPRESENTATION_CONTEXT() REPRESENTATION_CONTEXT('2D SPACE',''
  ) );
#1967 = ORIENTED_EDGE('',*,*,#1968,.T.);
#1968 = EDGE_CURVE('',#1946,#1946,#1969,.T.);
#1969 = SURFACE_CURVE('',#1970,(#1975,#1982),.PCURVE_S1.);
#1970 = CIRCLE('',#1971,1.8);
#1971 = AXIS2_PLACEMENT_3D('',#1972,#1973,#1974);
#1972 = CARTESIAN_POINT('',(3.6,58.,-19.75));
#1973 = DIRECTION('',(0.,0.,1.));
#1974 = DIRECTION('',(1.,0.,-0.));
#1975 = PCURVE('',#1926,#1976);
#1976 = DEFINITIONAL_REPRESENTATION('',(#1977),#1981);
#1977 = LINE('',#1978,#1979);
#1978 = CARTESIAN_POINT('',(0.,0.));
#1979 = VECTOR('',#1980,1.);
#1980 = DIRECTION('',(1.,0.));
#1981 = ( GEOMETRIC_REPRESENTATION_CONTEXT(2) 
PARAMETRIC_REPRESENTATION_CONTEXT() REPRESENTATION_CONTEXT('2D SPACE',''
  ) );
#1982 = PCURVE('',#1983,#1988);
#1983 = PLANE('',#1984);
#1984 = AXIS2_PLACEMENT_3D('',#1985,#1986,#1987);
#1985 = CARTESIAN_POINT('',(3.6,58.,-19.75));
#1986 = DIRECTION('',(0.,0.,1.));
#1987 = DIRECTION('',(1.,0.,-0.));
#1988 = DEFINITIONAL_REPRESENTATION('',(#1989),#1993);
#1989 = CIRCLE('',#1990,1.8);
#1990 = AXIS2_PLACEMENT_2D('',#1991,#1992);
#1991 = CARTESIAN_POINT('',(0.,0.));
#1992 = DIRECTION('',(1.,0.));
#1993 = ( GEOMETRIC_REPRESENTATION_CONTEXT(2) 
PARAMETRIC_REPRESENTATION_CONTEXT() REPRESENTATION_CONTEXT('2D SPACE',''
  ) );
#1994 = ORIENTED_EDGE('',*,*,#1945,.T.);
#1995 = ADVANCED_FACE('',(#1996),#1983,.T.);
#1996 = FACE_BOUND('',#1997,.F.);
#1997 = EDGE_LOOP('',(#1998));
#1998 = ORIENTED_EDGE('',*,*,#1968,.F.);
#1999 = ADVANCED_FACE('',(#2000),#1808,.F.);
#2000 = FACE_BOUND('',#2001,.F.);
#2001 = EDGE_LOOP('',(#2002,#2003,#2026,#2053));
#2002 = ORIENTED_EDGE('',*,*,#1791,.F.);
#2003 = ORIENTED_EDGE('',*,*,#2004,.F.);
#2004 = EDGE_CURVE('',#2005,#1792,#2007,.T.);
#2005 = VERTEX_POINT('',#2006);
#2006 = CARTESIAN_POINT('',(-2.4,58.,-14.));
#2007 = SEAM_CURVE('',#2008,(#2012,#2019),.PCURVE_S1.);
#2008 = LINE('',#2009,#2010);
#2009 = CARTESIAN_POINT('',(-2.4,58.,-14.1));
#2010 = VECTOR('',#2011,1.);
#2011 = DIRECTION('',(0.,0.,1.));
#2012 = PCURVE('',#1808,#2013);
#2013 = DEFINITIONAL_REPRESENTATION('',(#2014),#2018);
#2014 = LINE('',#2015,#2016);
#2015 = CARTESIAN_POINT('',(6.28318530718,-0.));
#2016 = VECTOR('',#2017,1.);
#2017 = DIRECTION('',(0.,1.));
#2018 = ( GEOMETRIC_REPRESENTATION_CONTEXT(2) 
PARAMETRIC_REPRESENTATION_CONTEXT() REPRESENTATION_CONTEXT('2D SPACE',''
  ) );
#2019 = PCURVE('',#1808,#2020);
#2020 = DEFINITIONAL_REPRESENTATION('',(#2021),#2025);
#2021 = LINE('',#2022,#2023);
#2022 = CARTESIAN_POINT('',(0.,-0.));
#2023 = VECTOR('',#2024,1.);
#2024 = DIRECTION('',(0.,1.));
#2025 = ( GEOMETRIC_REPRESENTATION_CONTEXT(2) 
PARAMETRIC_REPRESENTATION_CONTEXT() REPRESENTATION_CONTEXT('2D SPACE',''
  ) );
#2026 = ORIENTED_EDGE('',*,*,#2027,.T.);
#2027 = EDGE_CURVE('',#2005,#2005,#2028,.T.);
#2028 = SURFACE_CURVE('',#2029,(#2034,#2041),.PCURVE_S1.);
#2029 = CIRCLE('',#2030,1.2);
#2030 = AXIS2_PLACEMENT_3D('',#2031,#2032,#2033);
#2031 = CARTESIAN_POINT('',(-3.6,58.,-14.));
#2032 = DIRECTION('',(0.,0.,1.));
#2033 = DIRECTION('',(1.,0.,-0.));
#2034 = PCURVE('',#1808,#2035);
#2035 = DEFINITIONAL_REPRESENTATION('',(#2036),#2040);
#2036 = LINE('',#2037,#2038);
#2037 = CARTESIAN_POINT('',(0.,1.E-01));
#2038 = VECTOR('',#2039,1.);
#2039 = DIRECTION('',(1.,0.));
#2040 = ( GEOMETRIC_REPRESENTATION_CONTEXT(2) 
PARAMETRIC_REPRESENTATION_CONTEXT() REPRESENTATION_CONTEXT('2D SPACE',''
  ) );
#2041 = PCURVE('',#2042,#2047);
#2042 = PLANE('',#2043);
#2043 = AXIS2_PLACEMENT_3D('',#2044,#2045,#2046);
#2044 = CARTESIAN_POINT('',(-3.6,58.,-14.));
#2045 = DIRECTION('',(0.,0.,1.));
#2046 = DIRECTION('',(1.,0.,-0.));
#2047 = DEFINITIONAL_REPRESENTATION('',(#2048),#2052);
#2048 = CIRCLE('',#2049,1.2);
#2049 = AXIS2_PLACEMENT_2D('',#2050,#2051);
#2050 = CARTESIAN_POINT('',(0.,0.));
#2051 = DIRECTION('',(1.,0.));
#2052 = ( GEOMETRIC_REPRESENTATION_CONTEXT(2) 
PARAMETRIC_REPRESENTATION_CONTEXT() REPRESENTATION_CONTEXT('2D SPACE',''
  ) );
#2053 = ORIENTED_EDGE('',*,*,#2004,.T.);
#2054 = ADVANCED_FACE('',(#2055,#2086),#2042,.F.);
#2055 = FACE_BOUND('',#2056,.F.);
#2056 = EDGE_LOOP('',(#2057));
#2057 = ORIENTED_EDGE('',*,*,#2058,.T.);
#2058 = EDGE_CURVE('',#2059,#2059,#2061,.T.);
#2059 = VERTEX_POINT('',#2060);
#2060 = CARTESIAN_POINT('',(-1.8,58.,-14.));
#2061 = SURFACE_CURVE('',#2062,(#2067,#2074),.PCURVE_S1.);
#2062 = CIRCLE('',#2063,1.8);
#2063 = AXIS2_PLACEMENT_3D('',#2064,#2065,#2066);
#2064 = CARTESIAN_POINT('',(-3.6,58.,-14.));
#2065 = DIRECTION('',(0.,0.,1.));
#2066 = DIRECTION('',(1.,0.,-0.));
#2067 = PCURVE('',#2042,#2068);
#2068 = DEFINITIONAL_REPRESENTATION('',(#2069),#2073);
#2069 = CIRCLE('',#2070,1.8);
#2070 = AXIS2_PLACEMENT_2D('',#2071,#2072);
#2071 = CARTESIAN_POINT('',(0.,0.));
#2072 = DIRECTION('',(1.,0.));
#2073 = ( GEOMETRIC_REPRESENTATION_CONTEXT(2) 
PARAMETRIC_REPRESENTATION_CONTEXT() REPRESENTATION_CONTEXT('2D SPACE',''
  ) );
#2074 = PCURVE('',#2075,#2080);
#2075 = CYLINDRICAL_SURFACE('',#2076,1.8);
#2076 = AXIS2_PLACEMENT_3D('',#2077,#2078,#2079);
#2077 = CARTESIAN_POINT('',(-3.6,58.,-19.75));
#2078 = DIRECTION('',(0.,0.,1.));
#2079 = DIRECTION('',(1.,0.,-0.));
#2080 = DEFINITIONAL_REPRESENTATION('',(#2081),#2085);
#2081 = LINE('',#2082,#2083);
#2082 = CARTESIAN_POINT('',(0.,5.75));
#2083 = VECTOR('',#2084,1.);
#2084 = DIRECTION('',(1.,0.));
#2085 = ( GEOMETRIC_REPRESENTATION_CONTEXT(2) 
PARAMETRIC_REPRESENTATION_CONTEXT() REPRESENTATION_CONTEXT('2D SPACE',''
  ) );
#2086 = FACE_BOUND('',#2087,.F.);
#2087 = EDGE_LOOP('',(#2088));
#2088 = ORIENTED_EDGE('',*,*,#2027,.F.);
#2089 = ADVANCED_FACE('',(#2090),#2075,.F.);
#2090 = FACE_BOUND('',#2091,.F.);
#2091 = EDGE_LOOP('',(#2092,#2093,#2116,#2143));
#2092 = ORIENTED_EDGE('',*,*,#2058,.F.);
#2093 = ORIENTED_EDGE('',*,*,#2094,.F.);
#2094 = EDGE_CURVE('',#2095,#2059,#2097,.T.);
#2095 = VERTEX_POINT('',#2096);
#2096 = CARTESIAN_POINT('',(-1.8,58.,-19.75));
#2097 = SEAM_CURVE('',#2098,(#2102,#2109),.PCURVE_S1.);
#2098 = LINE('',#2099,#2100);
#2099 = CARTESIAN_POINT('',(-1.8,58.,-19.75));
#2100 = VECTOR('',#2101,1.);
#2101 = DIRECTION('',(0.,0.,1.));
#2102 = PCURVE('',#2075,#2103);
#2103 = DEFINITIONAL_REPRESENTATION('',(#2104),#2108);
#2104 = LINE('',#2105,#2106);
#2105 = CARTESIAN_POINT('',(6.28318530718,-0.));
#2106 = VECTOR('',#2107,1.);
#2107 = DIRECTION('',(0.,1.));
#2108 = ( GEOMETRIC_REPRESENTATION_CONTEXT(2) 
PARAMETRIC_REPRESENTATION_CONTEXT() REPRESENTATION_CONTEXT('2D SPACE',''
  ) );
#2109 = PCURVE('',#2075,#2110);
#2110 = DEFINITIONAL_REPRESENTATION('',(#2111),#2115);
#2111 = LINE('',#2112,#2113);
#2112 = CARTESIAN_POINT('',(0.,-0.));
#2113 = VECTOR('',#2114,1.);
#2114 = DIRECTION('',(0.,1.));
#2115 = ( GEOMETRIC_REPRESENTATION_CONTEXT(2) 
PARAMETRIC_REPRESENTATION_CONTEXT() REPRESENTATION_CONTEXT('2D SPACE',''
  ) );
#2116 = ORIENTED_EDGE('',*,*,#2117,.T.);
#2117 = EDGE_CURVE('',#2095,#2095,#2118,.T.);
#2118 = SURFACE_CURVE('',#2119,(#2124,#2131),.PCURVE_S1.);
#2119 = CIRCLE('',#2120,1.8);
#2120 = AXIS2_PLACEMENT_3D('',#2121,#2122,#2123);
#2121 = CARTESIAN_POINT('',(-3.6,58.,-19.75));
#2122 = DIRECTION('',(0.,0.,1.));
#2123 = DIRECTION('',(1.,0.,-0.));
#2124 = PCURVE('',#2075,#2125);
#2125 = DEFINITIONAL_REPRESENTATION('',(#2126),#2130);
#2126 = LINE('',#2127,#2128);
#2127 = CARTESIAN_POINT('',(0.,0.));
#2128 = VECTOR('',#2129,1.);
#2129 = DIRECTION('',(1.,0.));
#2130 = ( GEOMETRIC_REPRESENTATION_CONTEXT(2) 
PARAMETRIC_REPRESENTATION_CONTEXT() REPRESENTATION_CONTEXT('2D SPACE',''
  ) );
#2131 = PCURVE('',#2132,#2137);
#2132 = PLANE('',#2133);
#2133 = AXIS2_PLACEMENT_3D('',#2134,#2135,#2136);
#2134 = CARTESIAN_POINT('',(-3.6,58.,-19.75));
#2135 = DIRECTION('',(0.,0.,1.));
#2136 = DIRECTION('',(1.,0.,-0.));
#2137 = DEFINITIONAL_REPRESENTATION('',(#2138),#2142);
#2138 = CIRCLE('',#2139,1.8);
#2139 = AXIS2_PLACEMENT_2D('',#2140,#2141);
#2140 = CARTESIAN_POINT('',(0.,0.));
#2141 = DIRECTION('',(1.,0.));
#2142 = ( GEOMETRIC_REPRESENTATION_CONTEXT(2) 
PARAMETRIC_REPRESENTATION_CONTEXT() REPRESENTATION_CONTEXT('2D SPACE',''
  ) );
#2143 = ORIENTED_EDGE('',*,*,#2094,.T.);
#2144 = ADVANCED_FACE('',(#2145),#2132,.T.);
#2145 = FACE_BOUND('',#2146,.F.);
#2146 = EDGE_LOOP('',(#2147));
#2147 = ORIENTED_EDGE('',*,*,#2117,.F.);
#2148 = ADVANCED_FACE('',(#2149,#2224),#1777,.T.);
#2149 = FACE_BOUND('',#2150,.T.);
#2150 = EDGE_LOOP('',(#2151,#2181,#2202,#2203));
#2151 = ORIENTED_EDGE('',*,*,#2152,.F.);
#2152 = EDGE_CURVE('',#2153,#2155,#2157,.T.);
#2153 = VERTEX_POINT('',#2154);
#2154 = CARTESIAN_POINT('',(-7.,64.,-21.));
#2155 = VERTEX_POINT('',#2156);
#2156 = CARTESIAN_POINT('',(7.,64.,-21.));
#2157 = SURFACE_CURVE('',#2158,(#2162,#2169),.PCURVE_S1.);
#2158 = LINE('',#2159,#2160);
#2159 = CARTESIAN_POINT('',(-7.,64.,-21.));
#2160 = VECTOR('',#2161,1.);
#2161 = DIRECTION('',(1.,0.,-0.));
#2162 = PCURVE('',#1777,#2163);
#2163 = DEFINITIONAL_REPRESENTATION('',(#2164),#2168);
#2164 = LINE('',#2165,#2166);
#2165 = CARTESIAN_POINT('',(0.,0.));
#2166 = VECTOR('',#2167,1.);
#2167 = DIRECTION('',(0.,1.));
#2168 = ( GEOMETRIC_REPRESENTATION_CONTEXT(2) 
PARAMETRIC_REPRESENTATION_CONTEXT() REPRESENTATION_CONTEXT('2D SPACE',''
  ) );
#2169 = PCURVE('',#2170,#2175);
#2170 = PLANE('',#2171);
#2171 = AXIS2_PLACEMENT_3D('',#2172,#2173,#2174);
#2172 = CARTESIAN_POINT('',(-7.,58.,-21.));
#2173 = DIRECTION('',(0.,0.,1.));
#2174 = DIRECTION('',(1.,0.,-0.));
#2175 = DEFINITIONAL_REPRESENTATION('',(#2176),#2180);
#2176 = LINE('',#2177,#2178);
#2177 = CARTESIAN_POINT('',(0.,6.));
#2178 = VECTOR('',#2179,1.);
#2179 = DIRECTION('',(1.,0.));
#2180 = ( GEOMETRIC_REPRESENTATION_CONTEXT(2) 
PARAMETRIC_REPRESENTATION_CONTEXT() REPRESENTATION_CONTEXT('2D SPACE',''
  ) );
#2181 = ORIENTED_EDGE('',*,*,#2182,.T.);
#2182 = EDGE_CURVE('',#2153,#1717,#2183,.T.);
#2183 = SURFACE_CURVE('',#2184,(#2188,#2195),.PCURVE_S1.);
#2184 = LINE('',#2185,#2186);
#2185 = CARTESIAN_POINT('',(-7.,64.,-21.));
#2186 = VECTOR('',#2187,1.);
#2187 = DIRECTION('',(0.,0.,1.));
#2188 = PCURVE('',#1777,#2189);
#2189 = DEFINITIONAL_REPRESENTATION('',(#2190),#2194);
#2190 = LINE('',#2191,#2192);
#2191 = CARTESIAN_POINT('',(0.,0.));
#2192 = VECTOR('',#2193,1.);
#2193 = DIRECTION('',(1.,0.));
#2194 = ( GEOMETRIC_REPRESENTATION_CONTEXT(2) 
PARAMETRIC_REPRESENTATION_CONTEXT() REPRESENTATION_CONTEXT('2D SPACE',''
  ) );
#2195 = PCURVE('',#261,#2196);
#2196 = DEFINITIONAL_REPRESENTATION('',(#2197),#2201);
#2197 = LINE('',#2198,#2199);
#2198 = CARTESIAN_POINT('',(17.12,-64.));
#2199 = VECTOR('',#2200,1.);
#2200 = DIRECTION('',(1.,0.));
#2201 = ( GEOMETRIC_REPRESENTATION_CONTEXT(2) 
PARAMETRIC_REPRESENTATION_CONTEXT() REPRESENTATION_CONTEXT('2D SPACE',''
  ) );
#2202 = ORIENTED_EDGE('',*,*,#1763,.T.);
#2203 = ORIENTED_EDGE('',*,*,#2204,.F.);
#2204 = EDGE_CURVE('',#2155,#1741,#2205,.T.);
#2205 = SURFACE_CURVE('',#2206,(#2210,#2217),.PCURVE_S1.);
#2206 = LINE('',#2207,#2208);
#2207 = CARTESIAN_POINT('',(7.,64.,-21.));
#2208 = VECTOR('',#2209,1.);
#2209 = DIRECTION('',(0.,0.,1.));
#2210 = PCURVE('',#1777,#2211);
#2211 = DEFINITIONAL_REPRESENTATION('',(#2212),#2216);
#2212 = LINE('',#2213,#2214);
#2213 = CARTESIAN_POINT('',(0.,14.));
#2214 = VECTOR('',#2215,1.);
#2215 = DIRECTION('',(1.,0.));
#2216 = ( GEOMETRIC_REPRESENTATION_CONTEXT(2) 
PARAMETRIC_REPRESENTATION_CONTEXT() REPRESENTATION_CONTEXT('2D SPACE',''
  ) );
#2217 = PCURVE('',#317,#2218);
#2218 = DEFINITIONAL_REPRESENTATION('',(#2219),#2223);
#2219 = LINE('',#2220,#2221);
#2220 = CARTESIAN_POINT('',(17.12,-64.));
#2221 = VECTOR('',#2222,1.);
#2222 = DIRECTION('',(1.,0.));
#2223 = ( GEOMETRIC_REPRESENTATION_CONTEXT(2) 
PARAMETRIC_REPRESENTATION_CONTEXT() REPRESENTATION_CONTEXT('2D SPACE',''
  ) );
#2224 = FACE_BOUND('',#2225,.T.);
#2225 = EDGE_LOOP('',(#2226));
#2226 = ORIENTED_EDGE('',*,*,#2227,.T.);
#2227 = EDGE_CURVE('',#2228,#2228,#2230,.T.);
#2228 = VERTEX_POINT('',#2229);
#2229 = CARTESIAN_POINT('',(-8.878689293818E-17,64.,-15.55));
#2230 = SURFACE_CURVE('',#2231,(#2236,#2247),.PCURVE_S1.);
#2231 = CIRCLE('',#2232,1.45);
#2232 = AXIS2_PLACEMENT_3D('',#2233,#2234,#2235);
#2233 = CARTESIAN_POINT('',(0.,64.,-17.));
#2234 = DIRECTION('',(-0.,-1.,-4.297160187758E-15));
#2235 = DIRECTION('',(0.,-4.297160187758E-15,1.));
#2236 = PCURVE('',#1777,#2237);
#2237 = DEFINITIONAL_REPRESENTATION('',(#2238),#2246);
#2238 = ( BOUNDED_CURVE() B_SPLINE_CURVE(2,(#2239,#2240,#2241,#2242,
#2243,#2244,#2245),.UNSPECIFIED.,.T.,.F.) B_SPLINE_CURVE_WITH_KNOTS((1,2
    ,2,2,2,1),(-2.094395102393,0.,2.094395102393,4.188790204786,
6.28318530718,8.377580409573),.UNSPECIFIED.) CURVE() 
GEOMETRIC_REPRESENTATION_ITEM() RATIONAL_B_SPLINE_CURVE((1.,0.5,1.,0.5,
1.,0.5,1.)) REPRESENTATION_ITEM('') );
#2239 = CARTESIAN_POINT('',(5.45,7.));
#2240 = CARTESIAN_POINT('',(5.45,4.488526329025));
#2241 = CARTESIAN_POINT('',(3.275,5.744263164513));
#2242 = CARTESIAN_POINT('',(1.1,7.));
#2243 = CARTESIAN_POINT('',(3.275,8.255736835487));
#2244 = CARTESIAN_POINT('',(5.45,9.511473670975));
#2245 = CARTESIAN_POINT('',(5.45,7.));
#2246 = ( GEOMETRIC_REPRESENTATION_CONTEXT(2) 
PARAMETRIC_REPRESENTATION_CONTEXT() REPRESENTATION_CONTEXT('2D SPACE',''
  ) );
#2247 = PCURVE('',#2248,#2253);
#2248 = TOROIDAL_SURFACE('',#2249,3.25,1.45);
#2249 = AXIS2_PLACEMENT_3D('',#2250,#2251,#2252);
#2250 = CARTESIAN_POINT('',(0.,64.,-20.25));
#2251 = DIRECTION('',(-1.,0.,0.));
#2252 = DIRECTION('',(0.,-1.,1.0931426704E-15));
#2253 = DEFINITIONAL_REPRESENTATION('',(#2254),#2258);
#2254 = LINE('',#2255,#2256);
#2255 = CARTESIAN_POINT('',(1.570796326795,0.));
#2256 = VECTOR('',#2257,1.);
#2257 = DIRECTION('',(0.,1.));
#2258 = ( GEOMETRIC_REPRESENTATION_CONTEXT(2) 
PARAMETRIC_REPRESENTATION_CONTEXT() REPRESENTATION_CONTEXT('2D SPACE',''
  ) );
#2259 = ADVANCED_FACE('',(#2260),#2248,.F.);
#2260 = FACE_BOUND('',#2261,.F.);
#2261 = EDGE_LOOP('',(#2262,#2291,#2312,#2313));
#2262 = ORIENTED_EDGE('',*,*,#2263,.F.);
#2263 = EDGE_CURVE('',#2264,#2264,#2266,.T.);
#2264 = VERTEX_POINT('',#2265);
#2265 = CARTESIAN_POINT('',(-1.775737858764E-16,59.3,-20.25));
#2266 = SURFACE_CURVE('',#2267,(#2272,#2279),.PCURVE_S1.);
#2267 = CIRCLE('',#2268,1.45);
#2268 = AXIS2_PLACEMENT_3D('',#2269,#2270,#2271);
#2269 = CARTESIAN_POINT('',(-8.604228440845E-16,60.75,-20.25));
#2270 = DIRECTION('',(0.,0.,-1.));
#2271 = DIRECTION('',(3.484657050564E-16,-1.,0.));
#2272 = PCURVE('',#2248,#2273);
#2273 = DEFINITIONAL_REPRESENTATION('',(#2274),#2278);
#2274 = LINE('',#2275,#2276);
#2275 = CARTESIAN_POINT('',(0.,5.329070518201E-15));
#2276 = VECTOR('',#2277,1.);
#2277 = DIRECTION('',(0.,1.));
#2278 = ( GEOMETRIC_REPRESENTATION_CONTEXT(2) 
PARAMETRIC_REPRESENTATION_CONTEXT() REPRESENTATION_CONTEXT('2D SPACE',''
  ) );
#2279 = PCURVE('',#2280,#2285);
#2280 = CYLINDRICAL_SURFACE('',#2281,1.45);
#2281 = AXIS2_PLACEMENT_3D('',#2282,#2283,#2284);
#2282 = CARTESIAN_POINT('',(0.,60.75,-26.87));
#2283 = DIRECTION('',(0.,0.,1.));
#2284 = DIRECTION('',(0.,-1.,0.));
#2285 = DEFINITIONAL_REPRESENTATION('',(#2286),#2290);
#2286 = LINE('',#2287,#2288);
#2287 = CARTESIAN_POINT('',(6.28318530718,6.62));
#2288 = VECTOR('',#2289,1.);
#2289 = DIRECTION('',(-1.,-0.));
#2290 = ( GEOMETRIC_REPRESENTATION_CONTEXT(2) 
PARAMETRIC_REPRESENTATION_CONTEXT() REPRESENTATION_CONTEXT('2D SPACE',''
  ) );
#2291 = ORIENTED_EDGE('',*,*,#2292,.T.);
#2292 = EDGE_CURVE('',#2264,#2228,#2293,.T.);
#2293 = SEAM_CURVE('',#2294,(#2299,#2305),.PCURVE_S1.);
#2294 = CIRCLE('',#2295,4.7);
#2295 = AXIS2_PLACEMENT_3D('',#2296,#2297,#2298);
#2296 = CARTESIAN_POINT('',(3.551475717527E-16,64.,-20.25));
#2297 = DIRECTION('',(-1.,0.,0.));
#2298 = DIRECTION('',(0.,-1.,1.0931426704E-15));
#2299 = PCURVE('',#2248,#2300);
#2300 = DEFINITIONAL_REPRESENTATION('',(#2301),#2304);
#2301 = B_SPLINE_CURVE_WITH_KNOTS('',1,(#2302,#2303),.UNSPECIFIED.,.F.,
  .F.,(2,2),(0.,1.570796326795),.PIECEWISE_BEZIER_KNOTS.);
#2302 = CARTESIAN_POINT('',(0.,0.));
#2303 = CARTESIAN_POINT('',(1.570796326795,0.));
#2304 = ( GEOMETRIC_REPRESENTATION_CONTEXT(2) 
PARAMETRIC_REPRESENTATION_CONTEXT() REPRESENTATION_CONTEXT('2D SPACE',''
  ) );
#2305 = PCURVE('',#2248,#2306);
#2306 = DEFINITIONAL_REPRESENTATION('',(#2307),#2311);
#2307 = LINE('',#2308,#2309);
#2308 = CARTESIAN_POINT('',(0.,6.28318530718));
#2309 = VECTOR('',#2310,1.);
#2310 = DIRECTION('',(1.,0.));
#2311 = ( GEOMETRIC_REPRESENTATION_CONTEXT(2) 
PARAMETRIC_REPRESENTATION_CONTEXT() REPRESENTATION_CONTEXT('2D SPACE',''
  ) );
#2312 = ORIENTED_EDGE('',*,*,#2227,.T.);
#2313 = ORIENTED_EDGE('',*,*,#2292,.F.);
#2314 = ADVANCED_FACE('',(#2315),#2280,.F.);
#2315 = FACE_BOUND('',#2316,.F.);
#2316 = EDGE_LOOP('',(#2317,#2404,#2424,#2425,#2426,#2506,#2535,#2561,
    #2585,#2606));
#2317 = ORIENTED_EDGE('',*,*,#2318,.F.);
#2318 = EDGE_CURVE('',#2319,#2321,#2323,.T.);
#2319 = VERTEX_POINT('',#2320);
#2320 = CARTESIAN_POINT('',(1.775737858764E-16,59.3,-25.64926180592));
#2321 = VERTEX_POINT('',#2322);
#2322 = CARTESIAN_POINT('',(-1.45,60.75,-26.87));
#2323 = SURFACE_CURVE('',#2324,(#2347,#2373),.PCURVE_S1.);
#2324 = B_SPLINE_CURVE_WITH_KNOTS('',6,(#2325,#2326,#2327,#2328,#2329,
    #2330,#2331,#2332,#2333,#2334,#2335,#2336,#2337,#2338,#2339,#2340,
    #2341,#2342,#2343,#2344,#2345,#2346),.UNSPECIFIED.,.F.,.F.,(7,5,5,5,
    7),(0.,0.273771709694,0.443026797589,0.755569217544,1.),
  .UNSPECIFIED.);
#2325 = CARTESIAN_POINT('',(0.,59.3,-25.64926180592));
#2326 = CARTESIAN_POINT('',(-0.121989802808,59.3,-25.64926180592));
#2327 = CARTESIAN_POINT('',(-0.244049858777,59.31231610917,
    -25.65821523813));
#2328 = CARTESIAN_POINT('',(-0.363546303849,59.336972238312,
    -25.67613773875));
#2329 = CARTESIAN_POINT('',(-0.478296626305,59.373016930962,
    -25.70247857999));
#2330 = CARTESIAN_POINT('',(-0.586676223759,59.419042662579,
    -25.73646524242));
#2331 = CARTESIAN_POINT('',(-0.749969943097,59.506993158834,
    -25.8022833864));
#2332 = CARTESIAN_POINT('',(-0.809537139066,59.543796147639,
    -25.82999969283));
#2333 = CARTESIAN_POINT('',(-0.866064946973,59.583440151218,
    -25.86008409958));
#2334 = CARTESIAN_POINT('',(-0.919420670278,59.625560743522,
    -25.89233213483));
#2335 = CARTESIAN_POINT('',(-0.969540769214,59.669810302218,
    -25.92654916018));
#2336 = CARTESIAN_POINT('',(-1.10296124817,59.800945789445,
    -26.02906188873));
#2337 = CARTESIAN_POINT('',(-1.178395774988,59.892178256505,
    -26.10165757654));
#2338 = CARTESIAN_POINT('',(-1.242708435699,59.987664203777,
    -26.17929375068));
#2339 = CARTESIAN_POINT('',(-1.29627680456,60.085782610436,
    -26.26107310291));
#2340 = CARTESIAN_POINT('',(-1.339669806183,60.185273172876,
    -26.34627626554));
#2341 = CARTESIAN_POINT('',(-1.399938298279,60.36337195113,
    -26.50332575899));
#2342 = CARTESIAN_POINT('',(-1.420526063051,60.441788675526,
    -26.57402109512));
#2343 = CARTESIAN_POINT('',(-1.435539288271,60.520005255532,
    -26.64623602463));
#2344 = CARTESIAN_POINT('',(-1.445269011411,60.597642544319,
    -26.71975325971));
#2345 = CARTESIAN_POINT('',(-1.44999994962,60.674390632277,
    -26.79439066545));
#2346 = CARTESIAN_POINT('',(-1.45,60.75,-26.87));
#2347 = PCURVE('',#2280,#2348);
#2348 = DEFINITIONAL_REPRESENTATION('',(#2349),#2372);
#2349 = B_SPLINE_CURVE_WITH_KNOTS('',6,(#2350,#2351,#2352,#2353,#2354,
    #2355,#2356,#2357,#2358,#2359,#2360,#2361,#2362,#2363,#2364,#2365,
    #2366,#2367,#2368,#2369,#2370,#2371),.UNSPECIFIED.,.F.,.F.,(7,5,5,5,
    7),(0.,0.273771709694,0.443026797589,0.755569217544,1.),
  .UNSPECIFIED.);
#2350 = CARTESIAN_POINT('',(6.28318530718,1.220738194079));
#2351 = CARTESIAN_POINT('',(6.199054408691,1.220738194079));
#2352 = CARTESIAN_POINT('',(6.114875478,1.211784761869));
#2353 = CARTESIAN_POINT('',(6.031390139827,1.193862261242));
#2354 = CARTESIAN_POINT('',(5.949036499393,1.167521420007));
#2355 = CARTESIAN_POINT('',(5.868178544327,1.133534757579));
#2356 = CARTESIAN_POINT('',(5.740266326049,1.067716613591));
#2357 = CARTESIAN_POINT('',(5.692062422775,1.040000307168));
#2358 = CARTESIAN_POINT('',(5.644564062545,1.009915900413));
#2359 = CARTESIAN_POINT('',(5.597791500425,0.977667865169));
#2360 = CARTESIAN_POINT('',(5.551747981439,0.943450839812));
#2361 = CARTESIAN_POINT('',(5.422729846838,0.840938111265));
#2362 = CARTESIAN_POINT('',(5.34152263959,0.768342423451));
#2363 = CARTESIAN_POINT('',(5.262674088041,0.690706249313));
#2364 = CARTESIAN_POINT('',(5.186041157645,0.60892689709));
#2365 = CARTESIAN_POINT('',(5.111454869196,0.523723734452));
#2366 = CARTESIAN_POINT('',(4.981786003531,0.366674241006));
#2367 = CARTESIAN_POINT('',(4.926007841477,0.295978904871));
#2368 = CARTESIAN_POINT('',(4.871261338545,0.223763975362));
#2369 = CARTESIAN_POINT('',(4.81746298375,0.150246740283));
#2370 = CARTESIAN_POINT('',(4.764533411982,7.560933454231E-02));
#2371 = CARTESIAN_POINT('',(4.712388980385,0.));
#2372 = ( GEOMETRIC_REPRESENTATION_CONTEXT(2) 
PARAMETRIC_REPRESENTATION_CONTEXT() REPRESENTATION_CONTEXT('2D SPACE',''
  ) );
#2373 = PCURVE('',#2374,#2379);
#2374 = TOROIDAL_SURFACE('',#2375,3.25,1.45);
#2375 = AXIS2_PLACEMENT_3D('',#2376,#2377,#2378);
#2376 = CARTESIAN_POINT('',(0.,60.75,-30.12));
#2377 = DIRECTION('',(-1.,0.,0.));
#2378 = DIRECTION('',(0.,-1.,2.1862853408E-15));
#2379 = DEFINITIONAL_REPRESENTATION('',(#2380),#2403);
#2380 = B_SPLINE_CURVE_WITH_KNOTS('',6,(#2381,#2382,#2383,#2384,#2385,
    #2386,#2387,#2388,#2389,#2390,#2391,#2392,#2393,#2394,#2395,#2396,
    #2397,#2398,#2399,#2400,#2401,#2402),.UNSPECIFIED.,.F.,.F.,(7,5,5,5,
    7),(0.,0.273771709694,0.443026797589,0.755569217544,1.),
  .UNSPECIFIED.);
#2381 = CARTESIAN_POINT('',(1.257169429704,0.));
#2382 = CARTESIAN_POINT('',(1.257169429704,8.413089848813E-02));
#2383 = CARTESIAN_POINT('',(1.25907446549,0.16830982918));
#2384 = CARTESIAN_POINT('',(1.262887500656,0.251795167353));
#2385 = CARTESIAN_POINT('',(1.268530183664,0.334148807787));
#2386 = CARTESIAN_POINT('',(1.275908956456,0.415006762853));
#2387 = CARTESIAN_POINT('',(1.29044923667,0.542918981131));
#2388 = CARTESIAN_POINT('',(1.296621673855,0.591122884404));
#2389 = CARTESIAN_POINT('',(1.303386460587,0.638621244634));
#2390 = CARTESIAN_POINT('',(1.310719167894,0.685393806754));
#2391 = CARTESIAN_POINT('',(1.318597659675,0.73143732574));
#2392 = CARTESIAN_POINT('',(1.342526187119,0.860455460341));
#2393 = CARTESIAN_POINT('',(1.359841351073,0.941662667589));
#2394 = CARTESIAN_POINT('',(1.378843182147,1.020511219139));
#2395 = CARTESIAN_POINT('',(1.39945556367,1.097144149535));
#2396 = CARTESIAN_POINT('',(1.421625907572,1.171730437983));
#2397 = CARTESIAN_POINT('',(1.463902749937,1.301399303649));
#2398 = CARTESIAN_POINT('',(1.483401964508,1.357177465703));
#2399 = CARTESIAN_POINT('',(1.503840365455,1.411923968634));
#2400 = CARTESIAN_POINT('',(1.525216015911,1.46572232343));
#2401 = CARTESIAN_POINT('',(1.547531924548,1.518651895197));
#2402 = CARTESIAN_POINT('',(1.570796326795,1.570796326795));
#2403 = ( GEOMETRIC_REPRESENTATION_CONTEXT(2) 
PARAMETRIC_REPRESENTATION_CONTEXT() REPRESENTATION_CONTEXT('2D SPACE',''
  ) );
#2404 = ORIENTED_EDGE('',*,*,#2405,.T.);
#2405 = EDGE_CURVE('',#2319,#2264,#2406,.T.);
#2406 = SEAM_CURVE('',#2407,(#2411,#2418),.PCURVE_S1.);
#2407 = LINE('',#2408,#2409);
#2408 = CARTESIAN_POINT('',(0.,59.3,-26.87));
#2409 = VECTOR('',#2410,1.);
#2410 = DIRECTION('',(0.,0.,1.));
#2411 = PCURVE('',#2280,#2412);
#2412 = DEFINITIONAL_REPRESENTATION('',(#2413),#2417);
#2413 = LINE('',#2414,#2415);
#2414 = CARTESIAN_POINT('',(0.,0.));
#2415 = VECTOR('',#2416,1.);
#2416 = DIRECTION('',(0.,1.));
#2417 = ( GEOMETRIC_REPRESENTATION_CONTEXT(2) 
PARAMETRIC_REPRESENTATION_CONTEXT() REPRESENTATION_CONTEXT('2D SPACE',''
  ) );
#2418 = PCURVE('',#2280,#2419);
#2419 = DEFINITIONAL_REPRESENTATION('',(#2420),#2423);
#2420 = B_SPLINE_CURVE_WITH_KNOTS('',1,(#2421,#2422),.UNSPECIFIED.,.F.,
  .F.,(2,2),(0.,6.62),.PIECEWISE_BEZIER_KNOTS.);
#2421 = CARTESIAN_POINT('',(6.28318530718,0.));
#2422 = CARTESIAN_POINT('',(6.28318530718,6.62));
#2423 = ( GEOMETRIC_REPRESENTATION_CONTEXT(2) 
PARAMETRIC_REPRESENTATION_CONTEXT() REPRESENTATION_CONTEXT('2D SPACE',''
  ) );
#2424 = ORIENTED_EDGE('',*,*,#2263,.T.);
#2425 = ORIENTED_EDGE('',*,*,#2405,.F.);
#2426 = ORIENTED_EDGE('',*,*,#2427,.T.);
#2427 = EDGE_CURVE('',#2319,#2428,#2430,.T.);
#2428 = VERTEX_POINT('',#2429);
#2429 = CARTESIAN_POINT('',(1.45,60.75,-26.87));
#2430 = SURFACE_CURVE('',#2431,(#2454,#2480),.PCURVE_S1.);
#2431 = B_SPLINE_CURVE_WITH_KNOTS('',6,(#2432,#2433,#2434,#2435,#2436,
    #2437,#2438,#2439,#2440,#2441,#2442,#2443,#2444,#2445,#2446,#2447,
    #2448,#2449,#2450,#2451,#2452,#2453),.UNSPECIFIED.,.F.,.F.,(7,5,5,5,
    7),(0.,0.273771709696,0.443026797591,0.755569217545,1.),
  .UNSPECIFIED.);
#2432 = CARTESIAN_POINT('',(0.,59.3,-25.64926180592));
#2433 = CARTESIAN_POINT('',(0.121989802809,59.3,-25.64926180592));
#2434 = CARTESIAN_POINT('',(0.244049858778,59.31231610917,
    -25.65821523813));
#2435 = CARTESIAN_POINT('',(0.363546303851,59.336972238312,
    -25.67613773875));
#2436 = CARTESIAN_POINT('',(0.478296626308,59.373016930963,
    -25.70247857999));
#2437 = CARTESIAN_POINT('',(0.586676223762,59.41904266258,
    -25.73646524242));
#2438 = CARTESIAN_POINT('',(0.749969943101,59.506993158836,
    -25.80228338641));
#2439 = CARTESIAN_POINT('',(0.809537139069,59.543796147641,
    -25.82999969283));
#2440 = CARTESIAN_POINT('',(0.866064946976,59.58344015122,
    -25.86008409958));
#2441 = CARTESIAN_POINT('',(0.919420670281,59.625560743524,
    -25.89233213483));
#2442 = CARTESIAN_POINT('',(0.969540769217,59.669810302221,
    -25.92654916019));
#2443 = CARTESIAN_POINT('',(1.102961248172,59.800945789448,
    -26.02906188873));
#2444 = CARTESIAN_POINT('',(1.17839577499,59.892178256508,
    -26.10165757655));
#2445 = CARTESIAN_POINT('',(1.242708435701,59.98766420378,
    -26.17929375068));
#2446 = CARTESIAN_POINT('',(1.296276804561,60.085782610439,
    -26.26107310291));
#2447 = CARTESIAN_POINT('',(1.339669806184,60.185273172879,
    -26.34627626555));
#2448 = CARTESIAN_POINT('',(1.399938298279,60.363371951133,
    -26.50332575899));
#2449 = CARTESIAN_POINT('',(1.420526063051,60.441788675528,
    -26.57402109513));
#2450 = CARTESIAN_POINT('',(1.435539288271,60.520005255533,
    -26.64623602464));
#2451 = CARTESIAN_POINT('',(1.445269011411,60.597642544319,
    -26.71975325971));
#2452 = CARTESIAN_POINT('',(1.44999994962,60.674390632277,
    -26.79439066545));
#2453 = CARTESIAN_POINT('',(1.45,60.75,-26.87));
#2454 = PCURVE('',#2280,#2455);
#2455 = DEFINITIONAL_REPRESENTATION('',(#2456),#2479);
#2456 = B_SPLINE_CURVE_WITH_KNOTS('',6,(#2457,#2458,#2459,#2460,#2461,
    #2462,#2463,#2464,#2465,#2466,#2467,#2468,#2469,#2470,#2471,#2472,
    #2473,#2474,#2475,#2476,#2477,#2478),.UNSPECIFIED.,.F.,.F.,(7,5,5,5,
    7),(0.,0.273771709696,0.443026797591,0.755569217545,1.),
  .UNSPECIFIED.);
#2457 = CARTESIAN_POINT('',(0.,1.220738194079));
#2458 = CARTESIAN_POINT('',(8.413089848863E-02,1.220738194079));
#2459 = CARTESIAN_POINT('',(0.168309829181,1.211784761869));
#2460 = CARTESIAN_POINT('',(0.251795167354,1.193862261242));
#2461 = CARTESIAN_POINT('',(0.334148807789,1.167521420007));
#2462 = CARTESIAN_POINT('',(0.415006762855,1.133534757578));
#2463 = CARTESIAN_POINT('',(0.542918981133,1.06771661359));
#2464 = CARTESIAN_POINT('',(0.591122884407,1.040000307167));
#2465 = CARTESIAN_POINT('',(0.638621244637,1.009915900411));
#2466 = CARTESIAN_POINT('',(0.685393806757,0.977667865167));
#2467 = CARTESIAN_POINT('',(0.731437325743,0.94345083981));
#2468 = CARTESIAN_POINT('',(0.860455460344,0.840938111262));
#2469 = CARTESIAN_POINT('',(0.941662667592,0.768342423448));
#2470 = CARTESIAN_POINT('',(1.020511219141,0.690706249311));
#2471 = CARTESIAN_POINT('',(1.097144149537,0.608926897087));
#2472 = CARTESIAN_POINT('',(1.171730437985,0.523723734449));
#2473 = CARTESIAN_POINT('',(1.30139930365,0.366674241004));
#2474 = CARTESIAN_POINT('',(1.357177465704,0.295978904869));
#2475 = CARTESIAN_POINT('',(1.411923968635,0.22376397536));
#2476 = CARTESIAN_POINT('',(1.465722323431,0.150246740282));
#2477 = CARTESIAN_POINT('',(1.518651895198,7.560933454185E-02));
#2478 = CARTESIAN_POINT('',(1.570796326795,0.));
#2479 = ( GEOMETRIC_REPRESENTATION_CONTEXT(2) 
PARAMETRIC_REPRESENTATION_CONTEXT() REPRESENTATION_CONTEXT('2D SPACE',''
  ) );
#2480 = PCURVE('',#2374,#2481);
#2481 = DEFINITIONAL_REPRESENTATION('',(#2482),#2505);
#2482 = B_SPLINE_CURVE_WITH_KNOTS('',6,(#2483,#2484,#2485,#2486,#2487,
    #2488,#2489,#2490,#2491,#2492,#2493,#2494,#2495,#2496,#2497,#2498,
    #2499,#2500,#2501,#2502,#2503,#2504),.UNSPECIFIED.,.F.,.F.,(7,5,5,5,
    7),(0.,0.273771709696,0.443026797591,0.755569217545,1.),
  .UNSPECIFIED.);
#2483 = CARTESIAN_POINT('',(1.257169429704,6.28318530718));
#2484 = CARTESIAN_POINT('',(1.257169429704,6.199054408691));
#2485 = CARTESIAN_POINT('',(1.25907446549,6.114875477999));
#2486 = CARTESIAN_POINT('',(1.262887500656,6.031390139825));
#2487 = CARTESIAN_POINT('',(1.268530183665,5.949036499391));
#2488 = CARTESIAN_POINT('',(1.275908956456,5.868178544325));
#2489 = CARTESIAN_POINT('',(1.290449236671,5.740266326046));
#2490 = CARTESIAN_POINT('',(1.296621673855,5.692062422773));
#2491 = CARTESIAN_POINT('',(1.303386460587,5.644564062543));
#2492 = CARTESIAN_POINT('',(1.310719167894,5.597791500423));
#2493 = CARTESIAN_POINT('',(1.318597659675,5.551747981437));
#2494 = CARTESIAN_POINT('',(1.34252618712,5.422729846836));
#2495 = CARTESIAN_POINT('',(1.359841351074,5.341522639588));
#2496 = CARTESIAN_POINT('',(1.378843182148,5.262674088038));
#2497 = CARTESIAN_POINT('',(1.399455563671,5.186041157643));
#2498 = CARTESIAN_POINT('',(1.421625907572,5.111454869194));
#2499 = CARTESIAN_POINT('',(1.463902749937,4.981786003529));
#2500 = CARTESIAN_POINT('',(1.483401964508,4.926007841475));
#2501 = CARTESIAN_POINT('',(1.503840365455,4.871261338544));
#2502 = CARTESIAN_POINT('',(1.525216015911,4.817462983749));
#2503 = CARTESIAN_POINT('',(1.547531924548,4.764533411982));
#2504 = CARTESIAN_POINT('',(1.570796326795,4.712388980385));
#2505 = ( GEOMETRIC_REPRESENTATION_CONTEXT(2) 
PARAMETRIC_REPRESENTATION_CONTEXT() REPRESENTATION_CONTEXT('2D SPACE',''
  ) );
#2506 = ORIENTED_EDGE('',*,*,#2507,.T.);
#2507 = EDGE_CURVE('',#2428,#2508,#2510,.T.);
#2508 = VERTEX_POINT('',#2509);
#2509 = CARTESIAN_POINT('',(1.428285685709,61.,-26.87));
#2510 = SURFACE_CURVE('',#2511,(#2516,#2523),.PCURVE_S1.);
#2511 = CIRCLE('',#2512,1.45);
#2512 = AXIS2_PLACEMENT_3D('',#2513,#2514,#2515);
#2513 = CARTESIAN_POINT('',(0.,60.75,-26.87));
#2514 = DIRECTION('',(0.,0.,1.));
#2515 = DIRECTION('',(0.,-1.,0.));
#2516 = PCURVE('',#2280,#2517);
#2517 = DEFINITIONAL_REPRESENTATION('',(#2518),#2522);
#2518 = LINE('',#2519,#2520);
#2519 = CARTESIAN_POINT('',(0.,0.));
#2520 = VECTOR('',#2521,1.);
#2521 = DIRECTION('',(1.,0.));
#2522 = ( GEOMETRIC_REPRESENTATION_CONTEXT(2) 
PARAMETRIC_REPRESENTATION_CONTEXT() REPRESENTATION_CONTEXT('2D SPACE',''
  ) );
#2523 = PCURVE('',#2524,#2529);
#2524 = SPHERICAL_SURFACE('',#2525,1.45);
#2525 = AXIS2_PLACEMENT_3D('',#2526,#2527,#2528);
#2526 = CARTESIAN_POINT('',(0.,60.75,-26.87));
#2527 = DIRECTION('',(0.,0.,1.));
#2528 = DIRECTION('',(1.,0.,-0.));
#2529 = DEFINITIONAL_REPRESENTATION('',(#2530),#2534);
#2530 = LINE('',#2531,#2532);
#2531 = CARTESIAN_POINT('',(-1.570796326795,0.));
#2532 = VECTOR('',#2533,1.);
#2533 = DIRECTION('',(1.,0.));
#2534 = ( GEOMETRIC_REPRESENTATION_CONTEXT(2) 
PARAMETRIC_REPRESENTATION_CONTEXT() REPRESENTATION_CONTEXT('2D SPACE',''
  ) );
#2535 = ORIENTED_EDGE('',*,*,#2536,.T.);
#2536 = EDGE_CURVE('',#2508,#2537,#2539,.T.);
#2537 = VERTEX_POINT('',#2538);
#2538 = CARTESIAN_POINT('',(1.428285685709,61.,-21.));
#2539 = SURFACE_CURVE('',#2540,(#2544,#2550),.PCURVE_S1.);
#2540 = LINE('',#2541,#2542);
#2541 = CARTESIAN_POINT('',(1.428285685709,61.,-26.87));
#2542 = VECTOR('',#2543,1.);
#2543 = DIRECTION('',(0.,0.,1.));
#2544 = PCURVE('',#2280,#2545);
#2545 = DEFINITIONAL_REPRESENTATION('',(#2546),#2549);
#2546 = B_SPLINE_CURVE_WITH_KNOTS('',1,(#2547,#2548),.UNSPECIFIED.,.F.,
  .F.,(2,2),(0.,6.62),.PIECEWISE_BEZIER_KNOTS.);
#2547 = CARTESIAN_POINT('',(1.744075963212,0.));
#2548 = CARTESIAN_POINT('',(1.744075963212,6.62));
#2549 = ( GEOMETRIC_REPRESENTATION_CONTEXT(2) 
PARAMETRIC_REPRESENTATION_CONTEXT() REPRESENTATION_CONTEXT('2D SPACE',''
  ) );
#2550 = PCURVE('',#2551,#2556);
#2551 = PLANE('',#2552);
#2552 = AXIS2_PLACEMENT_3D('',#2553,#2554,#2555);
#2553 = CARTESIAN_POINT('',(-7.,61.,-38.12));
#2554 = DIRECTION('',(-0.,1.,0.));
#2555 = DIRECTION('',(0.,0.,1.));
#2556 = DEFINITIONAL_REPRESENTATION('',(#2557),#2560);
#2557 = B_SPLINE_CURVE_WITH_KNOTS('',1,(#2558,#2559),.UNSPECIFIED.,.F.,
  .F.,(2,2),(0.,6.62),.PIECEWISE_BEZIER_KNOTS.);
#2558 = CARTESIAN_POINT('',(11.25,8.428285685709));
#2559 = CARTESIAN_POINT('',(17.87,8.428285685709));
#2560 = ( GEOMETRIC_REPRESENTATION_CONTEXT(2) 
PARAMETRIC_REPRESENTATION_CONTEXT() REPRESENTATION_CONTEXT('2D SPACE',''
  ) );
#2561 = ORIENTED_EDGE('',*,*,#2562,.T.);
#2562 = EDGE_CURVE('',#2537,#2563,#2565,.T.);
#2563 = VERTEX_POINT('',#2564);
#2564 = CARTESIAN_POINT('',(-1.428285685709,61.,-21.));
#2565 = SURFACE_CURVE('',#2566,(#2571,#2578),.PCURVE_S1.);
#2566 = CIRCLE('',#2567,1.45);
#2567 = AXIS2_PLACEMENT_3D('',#2568,#2569,#2570);
#2568 = CARTESIAN_POINT('',(0.,60.75,-21.));
#2569 = DIRECTION('',(0.,0.,1.));
#2570 = DIRECTION('',(0.,-1.,0.));
#2571 = PCURVE('',#2280,#2572);
#2572 = DEFINITIONAL_REPRESENTATION('',(#2573),#2577);
#2573 = LINE('',#2574,#2575);
#2574 = CARTESIAN_POINT('',(0.,5.87));
#2575 = VECTOR('',#2576,1.);
#2576 = DIRECTION('',(1.,0.));
#2577 = ( GEOMETRIC_REPRESENTATION_CONTEXT(2) 
PARAMETRIC_REPRESENTATION_CONTEXT() REPRESENTATION_CONTEXT('2D SPACE',''
  ) );
#2578 = PCURVE('',#2170,#2579);
#2579 = DEFINITIONAL_REPRESENTATION('',(#2580),#2584);
#2580 = CIRCLE('',#2581,1.45);
#2581 = AXIS2_PLACEMENT_2D('',#2582,#2583);
#2582 = CARTESIAN_POINT('',(7.,2.75));
#2583 = DIRECTION('',(0.,-1.));
#2584 = ( GEOMETRIC_REPRESENTATION_CONTEXT(2) 
PARAMETRIC_REPRESENTATION_CONTEXT() REPRESENTATION_CONTEXT('2D SPACE',''
  ) );
#2585 = ORIENTED_EDGE('',*,*,#2586,.F.);
#2586 = EDGE_CURVE('',#2587,#2563,#2589,.T.);
#2587 = VERTEX_POINT('',#2588);
#2588 = CARTESIAN_POINT('',(-1.428285685709,61.,-26.87));
#2589 = SURFACE_CURVE('',#2590,(#2594,#2600),.PCURVE_S1.);
#2590 = LINE('',#2591,#2592);
#2591 = CARTESIAN_POINT('',(-1.428285685709,61.,-26.87));
#2592 = VECTOR('',#2593,1.);
#2593 = DIRECTION('',(0.,0.,1.));
#2594 = PCURVE('',#2280,#2595);
#2595 = DEFINITIONAL_REPRESENTATION('',(#2596),#2599);
#2596 = B_SPLINE_CURVE_WITH_KNOTS('',1,(#2597,#2598),.UNSPECIFIED.,.F.,
  .F.,(2,2),(0.,6.62),.PIECEWISE_BEZIER_KNOTS.);
#2597 = CARTESIAN_POINT('',(4.539109343967,0.));
#2598 = CARTESIAN_POINT('',(4.539109343967,6.62));
#2599 = ( GEOMETRIC_REPRESENTATION_CONTEXT(2) 
PARAMETRIC_REPRESENTATION_CONTEXT() REPRESENTATION_CONTEXT('2D SPACE',''
  ) );
#2600 = PCURVE('',#2551,#2601);
#2601 = DEFINITIONAL_REPRESENTATION('',(#2602),#2605);
#2602 = B_SPLINE_CURVE_WITH_KNOTS('',1,(#2603,#2604),.UNSPECIFIED.,.F.,
  .F.,(2,2),(0.,6.62),.PIECEWISE_BEZIER_KNOTS.);
#2603 = CARTESIAN_POINT('',(11.25,5.571714314291));
#2604 = CARTESIAN_POINT('',(17.87,5.571714314291));
#2605 = ( GEOMETRIC_REPRESENTATION_CONTEXT(2) 
PARAMETRIC_REPRESENTATION_CONTEXT() REPRESENTATION_CONTEXT('2D SPACE',''
  ) );
#2606 = ORIENTED_EDGE('',*,*,#2607,.T.);
#2607 = EDGE_CURVE('',#2587,#2321,#2608,.T.);
#2608 = SURFACE_CURVE('',#2609,(#2614,#2621),.PCURVE_S1.);
#2609 = CIRCLE('',#2610,1.45);
#2610 = AXIS2_PLACEMENT_3D('',#2611,#2612,#2613);
#2611 = CARTESIAN_POINT('',(0.,60.75,-26.87));
#2612 = DIRECTION('',(0.,0.,1.));
#2613 = DIRECTION('',(0.,-1.,0.));
#2614 = PCURVE('',#2280,#2615);
#2615 = DEFINITIONAL_REPRESENTATION('',(#2616),#2620);
#2616 = LINE('',#2617,#2618);
#2617 = CARTESIAN_POINT('',(0.,0.));
#2618 = VECTOR('',#2619,1.);
#2619 = DIRECTION('',(1.,0.));
#2620 = ( GEOMETRIC_REPRESENTATION_CONTEXT(2) 
PARAMETRIC_REPRESENTATION_CONTEXT() REPRESENTATION_CONTEXT('2D SPACE',''
  ) );
#2621 = PCURVE('',#2524,#2622);
#2622 = DEFINITIONAL_REPRESENTATION('',(#2623),#2627);
#2623 = LINE('',#2624,#2625);
#2624 = CARTESIAN_POINT('',(-1.570796326795,0.));
#2625 = VECTOR('',#2626,1.);
#2626 = DIRECTION('',(1.,0.));
#2627 = ( GEOMETRIC_REPRESENTATION_CONTEXT(2) 
PARAMETRIC_REPRESENTATION_CONTEXT() REPRESENTATION_CONTEXT('2D SPACE',''
  ) );
#2628 = ADVANCED_FACE('',(#2629),#2551,.T.);
#2629 = FACE_BOUND('',#2630,.T.);
#2630 = EDGE_LOOP('',(#2631,#2656,#2679,#2702,#2721,#2722,#2820,#2821));
#2631 = ORIENTED_EDGE('',*,*,#2632,.F.);
#2632 = EDGE_CURVE('',#2633,#2635,#2637,.T.);
#2633 = VERTEX_POINT('',#2634);
#2634 = CARTESIAN_POINT('',(7.,61.,-38.12));
#2635 = VERTEX_POINT('',#2636);
#2636 = CARTESIAN_POINT('',(7.,61.,-21.));
#2637 = SURFACE_CURVE('',#2638,(#2642,#2649),.PCURVE_S1.);
#2638 = LINE('',#2639,#2640);
#2639 = CARTESIAN_POINT('',(7.,61.,-38.12));
#2640 = VECTOR('',#2641,1.);
#2641 = DIRECTION('',(0.,0.,1.));
#2642 = PCURVE('',#2551,#2643);
#2643 = DEFINITIONAL_REPRESENTATION('',(#2644),#2648);
#2644 = LINE('',#2645,#2646);
#2645 = CARTESIAN_POINT('',(0.,14.));
#2646 = VECTOR('',#2647,1.);
#2647 = DIRECTION('',(1.,0.));
#2648 = ( GEOMETRIC_REPRESENTATION_CONTEXT(2) 
PARAMETRIC_REPRESENTATION_CONTEXT() REPRESENTATION_CONTEXT('2D SPACE',''
  ) );
#2649 = PCURVE('',#317,#2650);
#2650 = DEFINITIONAL_REPRESENTATION('',(#2651),#2655);
#2651 = LINE('',#2652,#2653);
#2652 = CARTESIAN_POINT('',(0.,-61.));
#2653 = VECTOR('',#2654,1.);
#2654 = DIRECTION('',(1.,0.));
#2655 = ( GEOMETRIC_REPRESENTATION_CONTEXT(2) 
PARAMETRIC_REPRESENTATION_CONTEXT() REPRESENTATION_CONTEXT('2D SPACE',''
  ) );
#2656 = ORIENTED_EDGE('',*,*,#2657,.F.);
#2657 = EDGE_CURVE('',#2658,#2633,#2660,.T.);
#2658 = VERTEX_POINT('',#2659);
#2659 = CARTESIAN_POINT('',(-7.,61.,-38.12));
#2660 = SURFACE_CURVE('',#2661,(#2665,#2672),.PCURVE_S1.);
#2661 = LINE('',#2662,#2663);
#2662 = CARTESIAN_POINT('',(-7.,61.,-38.12));
#2663 = VECTOR('',#2664,1.);
#2664 = DIRECTION('',(1.,0.,-0.));
#2665 = PCURVE('',#2551,#2666);
#2666 = DEFINITIONAL_REPRESENTATION('',(#2667),#2671);
#2667 = LINE('',#2668,#2669);
#2668 = CARTESIAN_POINT('',(0.,0.));
#2669 = VECTOR('',#2670,1.);
#2670 = DIRECTION('',(0.,1.));
#2671 = ( GEOMETRIC_REPRESENTATION_CONTEXT(2) 
PARAMETRIC_REPRESENTATION_CONTEXT() REPRESENTATION_CONTEXT('2D SPACE',''
  ) );
#2672 = PCURVE('',#290,#2673);
#2673 = DEFINITIONAL_REPRESENTATION('',(#2674),#2678);
#2674 = LINE('',#2675,#2676);
#2675 = CARTESIAN_POINT('',(0.,61.));
#2676 = VECTOR('',#2677,1.);
#2677 = DIRECTION('',(1.,0.));
#2678 = ( GEOMETRIC_REPRESENTATION_CONTEXT(2) 
PARAMETRIC_REPRESENTATION_CONTEXT() REPRESENTATION_CONTEXT('2D SPACE',''
  ) );
#2679 = ORIENTED_EDGE('',*,*,#2680,.T.);
#2680 = EDGE_CURVE('',#2658,#2681,#2683,.T.);
#2681 = VERTEX_POINT('',#2682);
#2682 = CARTESIAN_POINT('',(-7.,61.,-21.));
#2683 = SURFACE_CURVE('',#2684,(#2688,#2695),.PCURVE_S1.);
#2684 = LINE('',#2685,#2686);
#2685 = CARTESIAN_POINT('',(-7.,61.,-38.12));
#2686 = VECTOR('',#2687,1.);
#2687 = DIRECTION('',(0.,0.,1.));
#2688 = PCURVE('',#2551,#2689);
#2689 = DEFINITIONAL_REPRESENTATION('',(#2690),#2694);
#2690 = LINE('',#2691,#2692);
#2691 = CARTESIAN_POINT('',(0.,0.));
#2692 = VECTOR('',#2693,1.);
#2693 = DIRECTION('',(1.,0.));
#2694 = ( GEOMETRIC_REPRESENTATION_CONTEXT(2) 
PARAMETRIC_REPRESENTATION_CONTEXT() REPRESENTATION_CONTEXT('2D SPACE',''
  ) );
#2695 = PCURVE('',#261,#2696);
#2696 = DEFINITIONAL_REPRESENTATION('',(#2697),#2701);
#2697 = LINE('',#2698,#2699);
#2698 = CARTESIAN_POINT('',(0.,-61.));
#2699 = VECTOR('',#2700,1.);
#2700 = DIRECTION('',(1.,0.));
#2701 = ( GEOMETRIC_REPRESENTATION_CONTEXT(2) 
PARAMETRIC_REPRESENTATION_CONTEXT() REPRESENTATION_CONTEXT('2D SPACE',''
  ) );
#2702 = ORIENTED_EDGE('',*,*,#2703,.T.);
#2703 = EDGE_CURVE('',#2681,#2563,#2704,.T.);
#2704 = SURFACE_CURVE('',#2705,(#2709,#2715),.PCURVE_S1.);
#2705 = LINE('',#2706,#2707);
#2706 = CARTESIAN_POINT('',(-7.,61.,-21.));
#2707 = VECTOR('',#2708,1.);
#2708 = DIRECTION('',(1.,0.,-0.));
#2709 = PCURVE('',#2551,#2710);
#2710 = DEFINITIONAL_REPRESENTATION('',(#2711),#2714);
#2711 = B_SPLINE_CURVE_WITH_KNOTS('',1,(#2712,#2713),.UNSPECIFIED.,.F.,
  .F.,(2,2),(0.,14.),.PIECEWISE_BEZIER_KNOTS.);
#2712 = CARTESIAN_POINT('',(17.12,0.));
#2713 = CARTESIAN_POINT('',(17.12,14.));
#2714 = ( GEOMETRIC_REPRESENTATION_CONTEXT(2) 
PARAMETRIC_REPRESENTATION_CONTEXT() REPRESENTATION_CONTEXT('2D SPACE',''
  ) );
#2715 = PCURVE('',#2170,#2716);
#2716 = DEFINITIONAL_REPRESENTATION('',(#2717),#2720);
#2717 = B_SPLINE_CURVE_WITH_KNOTS('',1,(#2718,#2719),.UNSPECIFIED.,.F.,
  .F.,(2,2),(0.,14.),.PIECEWISE_BEZIER_KNOTS.);
#2718 = CARTESIAN_POINT('',(0.,3.));
#2719 = CARTESIAN_POINT('',(14.,3.));
#2720 = ( GEOMETRIC_REPRESENTATION_CONTEXT(2) 
PARAMETRIC_REPRESENTATION_CONTEXT() REPRESENTATION_CONTEXT('2D SPACE',''
  ) );
#2721 = ORIENTED_EDGE('',*,*,#2586,.F.);
#2722 = ORIENTED_EDGE('',*,*,#2723,.F.);
#2723 = EDGE_CURVE('',#2508,#2587,#2724,.T.);
#2724 = SURFACE_CURVE('',#2725,(#2730,#2737),.PCURVE_S1.);
#2725 = CIRCLE('',#2726,1.428285685709);
#2726 = AXIS2_PLACEMENT_3D('',#2727,#2728,#2729);
#2727 = CARTESIAN_POINT('',(0.,61.,-26.87));
#2728 = DIRECTION('',(-0.,1.,0.));
#2729 = DIRECTION('',(0.,0.,1.));
#2730 = PCURVE('',#2551,#2731);
#2731 = DEFINITIONAL_REPRESENTATION('',(#2732),#2736);
#2732 = CIRCLE('',#2733,1.428285685709);
#2733 = AXIS2_PLACEMENT_2D('',#2734,#2735);
#2734 = CARTESIAN_POINT('',(11.25,7.));
#2735 = DIRECTION('',(1.,0.));
#2736 = ( GEOMETRIC_REPRESENTATION_CONTEXT(2) 
PARAMETRIC_REPRESENTATION_CONTEXT() REPRESENTATION_CONTEXT('2D SPACE',''
  ) );
#2737 = PCURVE('',#2524,#2738);
#2738 = DEFINITIONAL_REPRESENTATION('',(#2739),#2819);
#2739 = B_SPLINE_CURVE_WITH_KNOTS('',8,(#2740,#2741,#2742,#2743,#2744,
    #2745,#2746,#2747,#2748,#2749,#2750,#2751,#2752,#2753,#2754,#2755,
    #2756,#2757,#2758,#2759,#2760,#2761,#2762,#2763,#2764,#2765,#2766,
    #2767,#2768,#2769,#2770,#2771,#2772,#2773,#2774,#2775,#2776,#2777,
    #2778,#2779,#2780,#2781,#2782,#2783,#2784,#2785,#2786,#2787,#2788,
    #2789,#2790,#2791,#2792,#2793,#2794,#2795,#2796,#2797,#2798,#2799,
    #2800,#2801,#2802,#2803,#2804,#2805,#2806,#2807,#2808,#2809,#2810,
    #2811,#2812,#2813,#2814,#2815,#2816,#2817,#2818),.UNSPECIFIED.,.F.,
  .F.,(9,7,7,7,7,7,7,7,7,7,7,9),(1.570796326795,2.356194490192,
    2.650718801466,2.908427573831,3.021175161741,3.126876025406,
    3.225970585092,3.318871734798,3.493061390496,3.797893287968,
    4.255141134177,4.712388980385),.UNSPECIFIED.);
#2740 = CARTESIAN_POINT('',(0.173279636418,0.));
#2741 = CARTESIAN_POINT('',(0.173279636418,-9.670456503124E-02));
#2742 = CARTESIAN_POINT('',(0.175151496883,-0.193409016841));
#2743 = CARTESIAN_POINT('',(0.178885483204,-0.290072109454));
#2744 = CARTESIAN_POINT('',(0.18470573715,-0.386647746708));
#2745 = CARTESIAN_POINT('',(0.192887389087,-0.483093275471));
#2746 = CARTESIAN_POINT('',(0.204270883309,-0.579318555861));
#2747 = CARTESIAN_POINT('',(0.219760331532,-0.675234223626));
#2748 = CARTESIAN_POINT('',(0.251246135128,-0.806269649918));
#2749 = CARTESIAN_POINT('',(0.26087516853,-0.841919793088));
#2750 = CARTESIAN_POINT('',(0.271722459702,-0.877466685078));
#2751 = CARTESIAN_POINT('',(0.284009213836,-0.912889922742));
#2752 = CARTESIAN_POINT('',(0.298034732958,-0.948161617358));
#2753 = CARTESIAN_POINT('',(0.31419591961,-0.983244928026));
#2754 = CARTESIAN_POINT('',(0.333056953867,-1.018087214073));
#2755 = CARTESIAN_POINT('',(0.375199477831,-1.082799343438));
#2756 = CARTESIAN_POINT('',(0.397633168791,-1.112746314667));
#2757 = CARTESIAN_POINT('',(0.423454216072,-1.142382037758));
#2758 = CARTESIAN_POINT('',(0.453462390351,-1.171626120763));
#2759 = CARTESIAN_POINT('',(0.488854012067,-1.200365046156));
#2760 = CARTESIAN_POINT('',(0.531162557338,-1.228430198463));
#2761 = CARTESIAN_POINT('',(0.583018045262,-1.255559326571));
#2762 = CARTESIAN_POINT('',(0.676871220566,-1.292471001435));
#2763 = CARTESIAN_POINT('',(0.708006318933,-1.303427164733));
#2764 = CARTESIAN_POINT('',(0.742037013875,-1.314062456642));
#2765 = CARTESIAN_POINT('',(0.77933214163,-1.324324253989));
#2766 = CARTESIAN_POINT('',(0.820300450445,-1.33414896406));
#2767 = CARTESIAN_POINT('',(0.865381371026,-1.343457764548));
#2768 = CARTESIAN_POINT('',(0.91498354404,-1.35215430319));
#2769 = CARTESIAN_POINT('',(1.020267548113,-1.367605634361));
#2770 = CARTESIAN_POINT('',(1.075375872265,-1.374447894359));
#2771 = CARTESIAN_POINT('',(1.134826700492,-1.380565467218));
#2772 = CARTESIAN_POINT('',(1.198652785906,-1.385859814399));
#2773 = CARTESIAN_POINT('',(1.266636069982,-1.390223554868));
#2774 = CARTESIAN_POINT('',(1.338120031944,-1.393557547296));
#2775 = CARTESIAN_POINT('',(1.411970862754,-1.395792170453));
#2776 = CARTESIAN_POINT('',(1.557181768585,-1.397936879785));
#2777 = CARTESIAN_POINT('',(1.628408495554,-1.397983455627));
#2778 = CARTESIAN_POINT('',(1.699547972347,-1.397015274193));
#2779 = CARTESIAN_POINT('',(1.769428816026,-1.395039020203));
#2780 = CARTESIAN_POINT('',(1.836940732477,-1.392099180221));
#2781 = CARTESIAN_POINT('',(1.901363444933,-1.388267374591));
#2782 = CARTESIAN_POINT('',(1.962283034784,-1.383623827165));
#2783 = CARTESIAN_POINT('',(2.073194541464,-1.373212311721));
#2784 = CARTESIAN_POINT('',(2.123631903691,-1.367532693048));
#2785 = CARTESIAN_POINT('',(2.170695078722,-1.361278730989));
#2786 = CARTESIAN_POINT('',(2.214432822552,-1.354517868343));
#2787 = CARTESIAN_POINT('',(2.255006642356,-1.347312413115));
#2788 = CARTESIAN_POINT('',(2.292631030412,-1.339716864349));
#2789 = CARTESIAN_POINT('',(2.327534628105,-1.331777696155));
#2790 = CARTESIAN_POINT('',(2.420706742384,-1.308081669502));
#2791 = CARTESIAN_POINT('',(2.472697013336,-1.29156253769));
#2792 = CARTESIAN_POINT('',(2.517402001219,-1.274244752581));
#2793 = CARTESIAN_POINT('',(2.556271620811,-1.256313126091));
#2794 = CARTESIAN_POINT('',(2.590342448741,-1.237893139237));
#2795 = CARTESIAN_POINT('',(2.620455036887,-1.219078977258));
#2796 = CARTESIAN_POINT('',(2.647249008649,-1.199940254309));
#2797 = CARTESIAN_POINT('',(2.713216588858,-1.146564842992));
#2798 = CARTESIAN_POINT('',(2.746603471631,-1.111770368605));
#2799 = CARTESIAN_POINT('',(2.774134909566,-1.076435276158));
#2800 = CARTESIAN_POINT('',(2.79730713113,-1.0407020402));
#2801 = CARTESIAN_POINT('',(2.817095202321,-1.004663053633));
#2802 = CARTESIAN_POINT('',(2.834205969694,-0.968386715449));
#2803 = CARTESIAN_POINT('',(2.849127766377,-0.931917158895));
#2804 = CARTESIAN_POINT('',(2.88190922965,-0.840350016778));
#2805 = CARTESIAN_POINT('',(2.89750678661,-0.785055560985));
#2806 = CARTESIAN_POINT('',(2.910294074205,-0.72952424268));
#2807 = CARTESIAN_POINT('',(2.920925035971,-0.673816347498));
#2808 = CARTESIAN_POINT('',(2.929833227312,-0.617972560058));
#2809 = CARTESIAN_POINT('',(2.937339354848,-0.562023888083));
#2810 = CARTESIAN_POINT('',(2.943652419332,-0.505991365639));
#2811 = CARTESIAN_POINT('',(2.954222073325,-0.393794258106));
#2812 = CARTESIAN_POINT('',(2.958478232551,-0.337629629363));
#2813 = CARTESIAN_POINT('',(2.961865477031,-0.281416217598));
#2814 = CARTESIAN_POINT('',(2.964487418612,-0.225166873295));
#2815 = CARTESIAN_POINT('',(2.966411056396,-0.168891841467));
#2816 = CARTESIAN_POINT('',(2.967678804219,-0.1126000782));
#2817 = CARTESIAN_POINT('',(2.968313017172,-5.63000477207E-02));
#2818 = CARTESIAN_POINT('',(2.968313017172,0.));
#2819 = ( GEOMETRIC_REPRESENTATION_CONTEXT(2) 
PARAMETRIC_REPRESENTATION_CONTEXT() REPRESENTATION_CONTEXT('2D SPACE',''
  ) );
#2820 = ORIENTED_EDGE('',*,*,#2536,.T.);
#2821 = ORIENTED_EDGE('',*,*,#2822,.T.);
#2822 = EDGE_CURVE('',#2537,#2635,#2823,.T.);
#2823 = SURFACE_CURVE('',#2824,(#2828,#2834),.PCURVE_S1.);
#2824 = LINE('',#2825,#2826);
#2825 = CARTESIAN_POINT('',(-7.,61.,-21.));
#2826 = VECTOR('',#2827,1.);
#2827 = DIRECTION('',(1.,0.,-0.));
#2828 = PCURVE('',#2551,#2829);
#2829 = DEFINITIONAL_REPRESENTATION('',(#2830),#2833);
#2830 = B_SPLINE_CURVE_WITH_KNOTS('',1,(#2831,#2832),.UNSPECIFIED.,.F.,
  .F.,(2,2),(0.,14.),.PIECEWISE_BEZIER_KNOTS.);
#2831 = CARTESIAN_POINT('',(17.12,0.));
#2832 = CARTESIAN_POINT('',(17.12,14.));
#2833 = ( GEOMETRIC_REPRESENTATION_CONTEXT(2) 
PARAMETRIC_REPRESENTATION_CONTEXT() REPRESENTATION_CONTEXT('2D SPACE',''
  ) );
#2834 = PCURVE('',#2170,#2835);
#2835 = DEFINITIONAL_REPRESENTATION('',(#2836),#2839);
#2836 = B_SPLINE_CURVE_WITH_KNOTS('',1,(#2837,#2838),.UNSPECIFIED.,.F.,
  .F.,(2,2),(0.,14.),.PIECEWISE_BEZIER_KNOTS.);
#2837 = CARTESIAN_POINT('',(0.,3.));
#2838 = CARTESIAN_POINT('',(14.,3.));
#2839 = ( GEOMETRIC_REPRESENTATION_CONTEXT(2) 
PARAMETRIC_REPRESENTATION_CONTEXT() REPRESENTATION_CONTEXT('2D SPACE',''
  ) );
#2840 = ADVANCED_FACE('',(#2841),#2524,.F.);
#2841 = FACE_BOUND('',#2842,.F.);
#2842 = EDGE_LOOP('',(#2843,#2844,#2867,#2889,#2890));
#2843 = ORIENTED_EDGE('',*,*,#2507,.F.);
#2844 = ORIENTED_EDGE('',*,*,#2845,.F.);
#2845 = EDGE_CURVE('',#2846,#2428,#2848,.T.);
#2846 = VERTEX_POINT('',#2847);
#2847 = CARTESIAN_POINT('',(8.878689293818E-17,60.75,-28.32));
#2848 = SURFACE_CURVE('',#2849,(#2854,#2860),.PCURVE_S1.);
#2849 = CIRCLE('',#2850,1.45);
#2850 = AXIS2_PLACEMENT_3D('',#2851,#2852,#2853);
#2851 = CARTESIAN_POINT('',(0.,60.75,-26.87));
#2852 = DIRECTION('',(-0.,-1.,-2.093794492733E-15));
#2853 = DIRECTION('',(0.,-2.093794492733E-15,1.));
#2854 = PCURVE('',#2524,#2855);
#2855 = DEFINITIONAL_REPRESENTATION('',(#2856),#2859);
#2856 = B_SPLINE_CURVE_WITH_KNOTS('',1,(#2857,#2858),.UNSPECIFIED.,.F.,
  .F.,(2,2),(3.14159265359,4.712388980385),.PIECEWISE_BEZIER_KNOTS.);
#2857 = CARTESIAN_POINT('',(0.,-1.570796326795));
#2858 = CARTESIAN_POINT('',(0.,0.));
#2859 = ( GEOMETRIC_REPRESENTATION_CONTEXT(2) 
PARAMETRIC_REPRESENTATION_CONTEXT() REPRESENTATION_CONTEXT('2D SPACE',''
  ) );
#2860 = PCURVE('',#2374,#2861);
#2861 = DEFINITIONAL_REPRESENTATION('',(#2862),#2866);
#2862 = LINE('',#2863,#2864);
#2863 = CARTESIAN_POINT('',(1.570796326795,0.));
#2864 = VECTOR('',#2865,1.);
#2865 = DIRECTION('',(0.,1.));
#2866 = ( GEOMETRIC_REPRESENTATION_CONTEXT(2) 
PARAMETRIC_REPRESENTATION_CONTEXT() REPRESENTATION_CONTEXT('2D SPACE',''
  ) );
#2867 = ORIENTED_EDGE('',*,*,#2868,.F.);
#2868 = EDGE_CURVE('',#2321,#2846,#2869,.T.);
#2869 = SURFACE_CURVE('',#2870,(#2875,#2882),.PCURVE_S1.);
#2870 = CIRCLE('',#2871,1.45);
#2871 = AXIS2_PLACEMENT_3D('',#2872,#2873,#2874);
#2872 = CARTESIAN_POINT('',(0.,60.75,-26.87));
#2873 = DIRECTION('',(-0.,-1.,-2.093794492733E-15));
#2874 = DIRECTION('',(0.,-2.093794492733E-15,1.));
#2875 = PCURVE('',#2524,#2876);
#2876 = DEFINITIONAL_REPRESENTATION('',(#2877),#2881);
#2877 = LINE('',#2878,#2879);
#2878 = CARTESIAN_POINT('',(3.14159265359,1.570796326795));
#2879 = VECTOR('',#2880,1.);
#2880 = DIRECTION('',(0.,-1.));
#2881 = ( GEOMETRIC_REPRESENTATION_CONTEXT(2) 
PARAMETRIC_REPRESENTATION_CONTEXT() REPRESENTATION_CONTEXT('2D SPACE',''
  ) );
#2882 = PCURVE('',#2374,#2883);
#2883 = DEFINITIONAL_REPRESENTATION('',(#2884),#2888);
#2884 = LINE('',#2885,#2886);
#2885 = CARTESIAN_POINT('',(1.570796326795,0.));
#2886 = VECTOR('',#2887,1.);
#2887 = DIRECTION('',(0.,1.));
#2888 = ( GEOMETRIC_REPRESENTATION_CONTEXT(2) 
PARAMETRIC_REPRESENTATION_CONTEXT() REPRESENTATION_CONTEXT('2D SPACE',''
  ) );
#2889 = ORIENTED_EDGE('',*,*,#2607,.F.);
#2890 = ORIENTED_EDGE('',*,*,#2723,.F.);
#2891 = ADVANCED_FACE('',(#2892),#2374,.F.);
#2892 = FACE_BOUND('',#2893,.F.);
#2893 = EDGE_LOOP('',(#2894,#2976,#2997,#2998,#2999,#3000,#3001,#3002,
    #3082));
#2894 = ORIENTED_EDGE('',*,*,#2895,.F.);
#2895 = EDGE_CURVE('',#2896,#2898,#2900,.T.);
#2896 = VERTEX_POINT('',#2897);
#2897 = CARTESIAN_POINT('',(1.775737858764E-16,56.279261805921,-28.67));
#2898 = VERTEX_POINT('',#2899);
#2899 = CARTESIAN_POINT('',(-1.45,57.5,-30.12));
#2900 = SURFACE_CURVE('',#2901,(#2924,#2950),.PCURVE_S1.);
#2901 = B_SPLINE_CURVE_WITH_KNOTS('',6,(#2902,#2903,#2904,#2905,#2906,
    #2907,#2908,#2909,#2910,#2911,#2912,#2913,#2914,#2915,#2916,#2917,
    #2918,#2919,#2920,#2921,#2922,#2923),.UNSPECIFIED.,.F.,.F.,(7,5,5,5,
    7),(0.,0.273771709695,0.44302679759,0.755569217545,1.),
  .UNSPECIFIED.);
#2902 = CARTESIAN_POINT('',(0.,56.279261805921,-28.67));
#2903 = CARTESIAN_POINT('',(-0.121989802808,56.279261805921,-28.67));
#2904 = CARTESIAN_POINT('',(-0.244049858777,56.288215238131,
    -28.68231610917));
#2905 = CARTESIAN_POINT('',(-0.36354630385,56.306137738758,
    -28.70697223831));
#2906 = CARTESIAN_POINT('',(-0.478296626307,56.332478579993,
    -28.74301693096));
#2907 = CARTESIAN_POINT('',(-0.58667622376,56.366465242421,
    -28.78904266257));
#2908 = CARTESIAN_POINT('',(-0.749969943099,56.43228338641,
    -28.87699315883));
#2909 = CARTESIAN_POINT('',(-0.809537139067,56.459999692833,
    -28.91379614764));
#2910 = CARTESIAN_POINT('',(-0.866064946975,56.490084099588,
    -28.95344015121));
#2911 = CARTESIAN_POINT('',(-0.919420670279,56.522332134832,
    -28.99556074352));
#2912 = CARTESIAN_POINT('',(-0.969540769216,56.556549160189,
    -29.03981030222));
#2913 = CARTESIAN_POINT('',(-1.102961248171,56.659061888737,
    -29.17094578944));
#2914 = CARTESIAN_POINT('',(-1.178395774989,56.73165757655,
    -29.2621782565));
#2915 = CARTESIAN_POINT('',(-1.2427084357,56.809293750688,
    -29.35766420377));
#2916 = CARTESIAN_POINT('',(-1.296276804561,56.891073102911,
    -29.45578261043));
#2917 = CARTESIAN_POINT('',(-1.339669806183,56.97627626555,
    -29.55527317287));
#2918 = CARTESIAN_POINT('',(-1.399938298279,57.133325758995,
    -29.73337195113));
#2919 = CARTESIAN_POINT('',(-1.420526063051,57.20402109513,
    -29.81178867552));
#2920 = CARTESIAN_POINT('',(-1.435539288271,57.276236024639,
    -29.89000525553));
#2921 = CARTESIAN_POINT('',(-1.445269011411,57.349753259718,
    -29.96764254431));
#2922 = CARTESIAN_POINT('',(-1.44999994962,57.424390665458,
    -30.04439063227));
#2923 = CARTESIAN_POINT('',(-1.45,57.5,-30.12));
#2924 = PCURVE('',#2374,#2925);
#2925 = DEFINITIONAL_REPRESENTATION('',(#2926),#2949);
#2926 = B_SPLINE_CURVE_WITH_KNOTS('',6,(#2927,#2928,#2929,#2930,#2931,
    #2932,#2933,#2934,#2935,#2936,#2937,#2938,#2939,#2940,#2941,#2942,
    #2943,#2944,#2945,#2946,#2947,#2948),.UNSPECIFIED.,.F.,.F.,(7,5,5,5,
    7),(0.,0.273771709695,0.44302679759,0.755569217545,1.),
  .UNSPECIFIED.);
#2927 = CARTESIAN_POINT('',(0.31362689709,0.));
#2928 = CARTESIAN_POINT('',(0.31362689709,8.413089848839E-02));
#2929 = CARTESIAN_POINT('',(0.311721861305,0.16830982918));
#2930 = CARTESIAN_POINT('',(0.307908826139,0.251795167354));
#2931 = CARTESIAN_POINT('',(0.30226614313,0.334148807788));
#2932 = CARTESIAN_POINT('',(0.294887370339,0.415006762854));
#2933 = CARTESIAN_POINT('',(0.280347090124,0.542918981132));
#2934 = CARTESIAN_POINT('',(0.27417465294,0.591122884406));
#2935 = CARTESIAN_POINT('',(0.267409866208,0.638621244636));
#2936 = CARTESIAN_POINT('',(0.260077158901,0.685393806755));
#2937 = CARTESIAN_POINT('',(0.25219866712,0.731437325742));
#2938 = CARTESIAN_POINT('',(0.228270139675,0.860455460343));
#2939 = CARTESIAN_POINT('',(0.210954975721,0.941662667591));
#2940 = CARTESIAN_POINT('',(0.191953144647,1.02051121914));
#2941 = CARTESIAN_POINT('',(0.171340763124,1.097144149536));
#2942 = CARTESIAN_POINT('',(0.149170419223,1.171730437984));
#2943 = CARTESIAN_POINT('',(0.106893576858,1.301399303649));
#2944 = CARTESIAN_POINT('',(8.739436228683E-02,1.357177465704));
#2945 = CARTESIAN_POINT('',(6.695596133981E-02,1.411923968635));
#2946 = CARTESIAN_POINT('',(4.558031088361E-02,1.46572232343));
#2947 = CARTESIAN_POINT('',(2.326440224732E-02,1.518651895198));
#2948 = CARTESIAN_POINT('',(0.,1.570796326795));
#2949 = ( GEOMETRIC_REPRESENTATION_CONTEXT(2) 
PARAMETRIC_REPRESENTATION_CONTEXT() REPRESENTATION_CONTEXT('2D SPACE',''
  ) );
#2950 = PCURVE('',#1197,#2951);
#2951 = DEFINITIONAL_REPRESENTATION('',(#2952),#2975);
#2952 = B_SPLINE_CURVE_WITH_KNOTS('',6,(#2953,#2954,#2955,#2956,#2957,
    #2958,#2959,#2960,#2961,#2962,#2963,#2964,#2965,#2966,#2967,#2968,
    #2969,#2970,#2971,#2972,#2973,#2974),.UNSPECIFIED.,.F.,.F.,(7,5,5,5,
    7),(0.,0.273771709695,0.44302679759,0.755569217545,1.),
  .UNSPECIFIED.);
#2953 = CARTESIAN_POINT('',(6.28318530718,53.029261805921));
#2954 = CARTESIAN_POINT('',(6.199054408691,53.029261805921));
#2955 = CARTESIAN_POINT('',(6.114875477999,53.038215238131));
#2956 = CARTESIAN_POINT('',(6.031390139826,53.056137738758));
#2957 = CARTESIAN_POINT('',(5.949036499392,53.082478579993));
#2958 = CARTESIAN_POINT('',(5.868178544326,53.116465242421));
#2959 = CARTESIAN_POINT('',(5.740266326047,53.18228338641));
#2960 = CARTESIAN_POINT('',(5.692062422774,53.209999692833));
#2961 = CARTESIAN_POINT('',(5.644564062544,53.240084099588));
#2962 = CARTESIAN_POINT('',(5.597791500424,53.272332134832));
#2963 = CARTESIAN_POINT('',(5.551747981438,53.306549160189));
#2964 = CARTESIAN_POINT('',(5.422729846837,53.409061888737));
#2965 = CARTESIAN_POINT('',(5.341522639589,53.48165757655));
#2966 = CARTESIAN_POINT('',(5.26267408804,53.559293750688));
#2967 = CARTESIAN_POINT('',(5.186041157644,53.641073102911));
#2968 = CARTESIAN_POINT('',(5.111454869195,53.72627626555));
#2969 = CARTESIAN_POINT('',(4.98178600353,53.883325758995));
#2970 = CARTESIAN_POINT('',(4.926007841476,53.95402109513));
#2971 = CARTESIAN_POINT('',(4.871261338545,54.026236024639));
#2972 = CARTESIAN_POINT('',(4.817462983749,54.099753259718));
#2973 = CARTESIAN_POINT('',(4.764533411982,54.174390665458));
#2974 = CARTESIAN_POINT('',(4.712388980385,54.25));
#2975 = ( GEOMETRIC_REPRESENTATION_CONTEXT(2) 
PARAMETRIC_REPRESENTATION_CONTEXT() REPRESENTATION_CONTEXT('2D SPACE',''
  ) );
#2976 = ORIENTED_EDGE('',*,*,#2977,.T.);
#2977 = EDGE_CURVE('',#2896,#2319,#2978,.T.);
#2978 = SEAM_CURVE('',#2979,(#2984,#2991),.PCURVE_S1.);
#2979 = CIRCLE('',#2980,4.7);
#2980 = AXIS2_PLACEMENT_3D('',#2981,#2982,#2983);
#2981 = CARTESIAN_POINT('',(3.551475717527E-16,60.75,-30.12));
#2982 = DIRECTION('',(-1.,0.,0.));
#2983 = DIRECTION('',(0.,-1.,2.1862853408E-15));
#2984 = PCURVE('',#2374,#2985);
#2985 = DEFINITIONAL_REPRESENTATION('',(#2986),#2990);
#2986 = LINE('',#2987,#2988);
#2987 = CARTESIAN_POINT('',(0.,6.28318530718));
#2988 = VECTOR('',#2989,1.);
#2989 = DIRECTION('',(1.,0.));
#2990 = ( GEOMETRIC_REPRESENTATION_CONTEXT(2) 
PARAMETRIC_REPRESENTATION_CONTEXT() REPRESENTATION_CONTEXT('2D SPACE',''
  ) );
#2991 = PCURVE('',#2374,#2992);
#2992 = DEFINITIONAL_REPRESENTATION('',(#2993),#2996);
#2993 = B_SPLINE_CURVE_WITH_KNOTS('',1,(#2994,#2995),.UNSPECIFIED.,.F.,
  .F.,(2,2),(0.,1.570796326795),.PIECEWISE_BEZIER_KNOTS.);
#2994 = CARTESIAN_POINT('',(0.,0.));
#2995 = CARTESIAN_POINT('',(1.570796326795,0.));
#2996 = ( GEOMETRIC_REPRESENTATION_CONTEXT(2) 
PARAMETRIC_REPRESENTATION_CONTEXT() REPRESENTATION_CONTEXT('2D SPACE',''
  ) );
#2997 = ORIENTED_EDGE('',*,*,#2318,.T.);
#2998 = ORIENTED_EDGE('',*,*,#2868,.T.);
#2999 = ORIENTED_EDGE('',*,*,#2845,.T.);
#3000 = ORIENTED_EDGE('',*,*,#2427,.F.);
#3001 = ORIENTED_EDGE('',*,*,#2977,.F.);
#3002 = ORIENTED_EDGE('',*,*,#3003,.T.);
#3003 = EDGE_CURVE('',#2896,#3004,#3006,.T.);
#3004 = VERTEX_POINT('',#3005);
#3005 = CARTESIAN_POINT('',(1.45,57.5,-30.12));
#3006 = SURFACE_CURVE('',#3007,(#3030,#3056),.PCURVE_S1.);
#3007 = B_SPLINE_CURVE_WITH_KNOTS('',6,(#3008,#3009,#3010,#3011,#3012,
    #3013,#3014,#3015,#3016,#3017,#3018,#3019,#3020,#3021,#3022,#3023,
    #3024,#3025,#3026,#3027,#3028,#3029),.UNSPECIFIED.,.F.,.F.,(7,5,5,5,
    7),(0.,0.273771709695,0.44302679759,0.755569217545,1.),
  .UNSPECIFIED.);
#3008 = CARTESIAN_POINT('',(0.,56.279261805921,-28.67));
#3009 = CARTESIAN_POINT('',(0.121989802808,56.279261805921,-28.67));
#3010 = CARTESIAN_POINT('',(0.244049858777,56.288215238131,
    -28.68231610917));
#3011 = CARTESIAN_POINT('',(0.36354630385,56.306137738758,
    -28.70697223831));
#3012 = CARTESIAN_POINT('',(0.478296626307,56.332478579993,
    -28.74301693096));
#3013 = CARTESIAN_POINT('',(0.58667622376,56.366465242421,
    -28.78904266257));
#3014 = CARTESIAN_POINT('',(0.749969943099,56.43228338641,
    -28.87699315883));
#3015 = CARTESIAN_POINT('',(0.809537139068,56.459999692833,
    -28.91379614764));
#3016 = CARTESIAN_POINT('',(0.866064946975,56.490084099588,
    -28.95344015121));
#3017 = CARTESIAN_POINT('',(0.919420670279,56.522332134832,
    -28.99556074352));
#3018 = CARTESIAN_POINT('',(0.969540769216,56.556549160189,
    -29.03981030222));
#3019 = CARTESIAN_POINT('',(1.102961248171,56.659061888737,
    -29.17094578944));
#3020 = CARTESIAN_POINT('',(1.178395774989,56.73165757655,-29.2621782565
    ));
#3021 = CARTESIAN_POINT('',(1.2427084357,56.809293750688,-29.35766420377
    ));
#3022 = CARTESIAN_POINT('',(1.296276804561,56.891073102911,
    -29.45578261043));
#3023 = CARTESIAN_POINT('',(1.339669806183,56.97627626555,
    -29.55527317287));
#3024 = CARTESIAN_POINT('',(1.399938298279,57.133325758995,
    -29.73337195113));
#3025 = CARTESIAN_POINT('',(1.420526063051,57.20402109513,
    -29.81178867552));
#3026 = CARTESIAN_POINT('',(1.435539288271,57.276236024639,
    -29.89000525553));
#3027 = CARTESIAN_POINT('',(1.445269011411,57.349753259718,
    -29.96764254431));
#3028 = CARTESIAN_POINT('',(1.44999994962,57.424390665458,
    -30.04439063227));
#3029 = CARTESIAN_POINT('',(1.45,57.5,-30.12));
#3030 = PCURVE('',#2374,#3031);
#3031 = DEFINITIONAL_REPRESENTATION('',(#3032),#3055);
#3032 = B_SPLINE_CURVE_WITH_KNOTS('',6,(#3033,#3034,#3035,#3036,#3037,
    #3038,#3039,#3040,#3041,#3042,#3043,#3044,#3045,#3046,#3047,#3048,
    #3049,#3050,#3051,#3052,#3053,#3054),.UNSPECIFIED.,.F.,.F.,(7,5,5,5,
    7),(0.,0.273771709695,0.44302679759,0.755569217545,1.),
  .UNSPECIFIED.);
#3033 = CARTESIAN_POINT('',(0.31362689709,6.28318530718));
#3034 = CARTESIAN_POINT('',(0.31362689709,6.199054408691));
#3035 = CARTESIAN_POINT('',(0.311721861305,6.114875477999));
#3036 = CARTESIAN_POINT('',(0.307908826139,6.031390139826));
#3037 = CARTESIAN_POINT('',(0.30226614313,5.949036499392));
#3038 = CARTESIAN_POINT('',(0.294887370339,5.868178544326));
#3039 = CARTESIAN_POINT('',(0.280347090124,5.740266326047));
#3040 = CARTESIAN_POINT('',(0.27417465294,5.692062422774));
#3041 = CARTESIAN_POINT('',(0.267409866208,5.644564062544));
#3042 = CARTESIAN_POINT('',(0.260077158901,5.597791500424));
#3043 = CARTESIAN_POINT('',(0.25219866712,5.551747981438));
#3044 = CARTESIAN_POINT('',(0.228270139675,5.422729846837));
#3045 = CARTESIAN_POINT('',(0.210954975721,5.341522639589));
#3046 = CARTESIAN_POINT('',(0.191953144647,5.262674088039));
#3047 = CARTESIAN_POINT('',(0.171340763124,5.186041157644));
#3048 = CARTESIAN_POINT('',(0.149170419223,5.111454869195));
#3049 = CARTESIAN_POINT('',(0.106893576858,4.98178600353));
#3050 = CARTESIAN_POINT('',(8.739436228681E-02,4.926007841476));
#3051 = CARTESIAN_POINT('',(6.69559613398E-02,4.871261338545));
#3052 = CARTESIAN_POINT('',(4.558031088361E-02,4.817462983749));
#3053 = CARTESIAN_POINT('',(2.326440224731E-02,4.764533411982));
#3054 = CARTESIAN_POINT('',(0.,4.712388980385));
#3055 = ( GEOMETRIC_REPRESENTATION_CONTEXT(2) 
PARAMETRIC_REPRESENTATION_CONTEXT() REPRESENTATION_CONTEXT('2D SPACE',''
  ) );
#3056 = PCURVE('',#1197,#3057);
#3057 = DEFINITIONAL_REPRESENTATION('',(#3058),#3081);
#3058 = B_SPLINE_CURVE_WITH_KNOTS('',6,(#3059,#3060,#3061,#3062,#3063,
    #3064,#3065,#3066,#3067,#3068,#3069,#3070,#3071,#3072,#3073,#3074,
    #3075,#3076,#3077,#3078,#3079,#3080),.UNSPECIFIED.,.F.,.F.,(7,5,5,5,
    7),(0.,0.273771709695,0.44302679759,0.755569217545,1.),
  .UNSPECIFIED.);
#3059 = CARTESIAN_POINT('',(0.,53.029261805921));
#3060 = CARTESIAN_POINT('',(8.413089848841E-02,53.029261805921));
#3061 = CARTESIAN_POINT('',(0.16830982918,53.038215238131));
#3062 = CARTESIAN_POINT('',(0.251795167354,53.056137738758));
#3063 = CARTESIAN_POINT('',(0.334148807788,53.082478579993));
#3064 = CARTESIAN_POINT('',(0.415006762854,53.116465242421));
#3065 = CARTESIAN_POINT('',(0.542918981132,53.18228338641));
#3066 = CARTESIAN_POINT('',(0.591122884406,53.209999692833));
#3067 = CARTESIAN_POINT('',(0.638621244636,53.240084099588));
#3068 = CARTESIAN_POINT('',(0.685393806756,53.272332134832));
#3069 = CARTESIAN_POINT('',(0.731437325742,53.306549160189));
#3070 = CARTESIAN_POINT('',(0.860455460343,53.409061888737));
#3071 = CARTESIAN_POINT('',(0.941662667591,53.48165757655));
#3072 = CARTESIAN_POINT('',(1.02051121914,53.559293750688));
#3073 = CARTESIAN_POINT('',(1.097144149536,53.641073102911));
#3074 = CARTESIAN_POINT('',(1.171730437984,53.72627626555));
#3075 = CARTESIAN_POINT('',(1.301399303649,53.883325758995));
#3076 = CARTESIAN_POINT('',(1.357177465704,53.95402109513));
#3077 = CARTESIAN_POINT('',(1.411923968635,54.026236024639));
#3078 = CARTESIAN_POINT('',(1.46572232343,54.099753259718));
#3079 = CARTESIAN_POINT('',(1.518651895198,54.174390665458));
#3080 = CARTESIAN_POINT('',(1.570796326795,54.25));
#3081 = ( GEOMETRIC_REPRESENTATION_CONTEXT(2) 
PARAMETRIC_REPRESENTATION_CONTEXT() REPRESENTATION_CONTEXT('2D SPACE',''
  ) );
#3082 = ORIENTED_EDGE('',*,*,#3083,.F.);
#3083 = EDGE_CURVE('',#2898,#3004,#3084,.T.);
#3084 = SURFACE_CURVE('',#3085,(#3090,#3097),.PCURVE_S1.);
#3085 = CIRCLE('',#3086,1.45);
#3086 = AXIS2_PLACEMENT_3D('',#3087,#3088,#3089);
#3087 = CARTESIAN_POINT('',(0.,57.5,-30.12));
#3088 = DIRECTION('',(-0.,-2.1862853408E-15,-1.));
#3089 = DIRECTION('',(0.,-1.,2.1862853408E-15));
#3090 = PCURVE('',#2374,#3091);
#3091 = DEFINITIONAL_REPRESENTATION('',(#3092),#3096);
#3092 = LINE('',#3093,#3094);
#3093 = CARTESIAN_POINT('',(0.,0.));
#3094 = VECTOR('',#3095,1.);
#3095 = DIRECTION('',(0.,1.));
#3096 = ( GEOMETRIC_REPRESENTATION_CONTEXT(2) 
PARAMETRIC_REPRESENTATION_CONTEXT() REPRESENTATION_CONTEXT('2D SPACE',''
  ) );
#3097 = PCURVE('',#3098,#3103);
#3098 = SPHERICAL_SURFACE('',#3099,1.45);
#3099 = AXIS2_PLACEMENT_3D('',#3100,#3101,#3102);
#3100 = CARTESIAN_POINT('',(0.,57.5,-30.12));
#3101 = DIRECTION('',(0.,0.,1.));
#3102 = DIRECTION('',(1.,0.,-0.));
#3103 = DEFINITIONAL_REPRESENTATION('',(#3104),#3108);
#3104 = LINE('',#3105,#3106);
#3105 = CARTESIAN_POINT('',(4.712388980385,0.));
#3106 = VECTOR('',#3107,1.);
#3107 = DIRECTION('',(-1.,0.));
#3108 = ( GEOMETRIC_REPRESENTATION_CONTEXT(2) 
PARAMETRIC_REPRESENTATION_CONTEXT() REPRESENTATION_CONTEXT('2D SPACE',''
  ) );
#3109 = ADVANCED_FACE('',(#3110),#3098,.F.);
#3110 = FACE_BOUND('',#3111,.F.);
#3111 = EDGE_LOOP('',(#3112,#3113,#3136));
#3112 = ORIENTED_EDGE('',*,*,#3083,.T.);
#3113 = ORIENTED_EDGE('',*,*,#3114,.T.);
#3114 = EDGE_CURVE('',#3004,#3115,#3117,.T.);
#3115 = VERTEX_POINT('',#3116);
#3116 = CARTESIAN_POINT('',(8.878689293818E-17,57.5,-31.57));
#3117 = SURFACE_CURVE('',#3118,(#3123,#3129),.PCURVE_S1.);
#3118 = CIRCLE('',#3119,1.45);
#3119 = AXIS2_PLACEMENT_3D('',#3120,#3121,#3122);
#3120 = CARTESIAN_POINT('',(0.,57.5,-30.12));
#3121 = DIRECTION('',(0.,1.,0.));
#3122 = DIRECTION('',(0.,-0.,1.));
#3123 = PCURVE('',#3098,#3124);
#3124 = DEFINITIONAL_REPRESENTATION('',(#3125),#3128);
#3125 = B_SPLINE_CURVE_WITH_KNOTS('',1,(#3126,#3127),.UNSPECIFIED.,.F.,
  .F.,(2,2),(1.570796326795,3.14159265359),.PIECEWISE_BEZIER_KNOTS.);
#3126 = CARTESIAN_POINT('',(0.,0.));
#3127 = CARTESIAN_POINT('',(0.,-1.570796326795));
#3128 = ( GEOMETRIC_REPRESENTATION_CONTEXT(2) 
PARAMETRIC_REPRESENTATION_CONTEXT() REPRESENTATION_CONTEXT('2D SPACE',''
  ) );
#3129 = PCURVE('',#1197,#3130);
#3130 = DEFINITIONAL_REPRESENTATION('',(#3131),#3135);
#3131 = LINE('',#3132,#3133);
#3132 = CARTESIAN_POINT('',(0.,54.25));
#3133 = VECTOR('',#3134,1.);
#3134 = DIRECTION('',(1.,0.));
#3135 = ( GEOMETRIC_REPRESENTATION_CONTEXT(2) 
PARAMETRIC_REPRESENTATION_CONTEXT() REPRESENTATION_CONTEXT('2D SPACE',''
  ) );
#3136 = ORIENTED_EDGE('',*,*,#3137,.T.);
#3137 = EDGE_CURVE('',#3115,#2898,#3138,.T.);
#3138 = SURFACE_CURVE('',#3139,(#3144,#3151),.PCURVE_S1.);
#3139 = CIRCLE('',#3140,1.45);
#3140 = AXIS2_PLACEMENT_3D('',#3141,#3142,#3143);
#3141 = CARTESIAN_POINT('',(0.,57.5,-30.12));
#3142 = DIRECTION('',(0.,1.,0.));
#3143 = DIRECTION('',(0.,-0.,1.));
#3144 = PCURVE('',#3098,#3145);
#3145 = DEFINITIONAL_REPRESENTATION('',(#3146),#3150);
#3146 = LINE('',#3147,#3148);
#3147 = CARTESIAN_POINT('',(3.14159265359,-4.712388980385));
#3148 = VECTOR('',#3149,1.);
#3149 = DIRECTION('',(-0.,1.));
#3150 = ( GEOMETRIC_REPRESENTATION_CONTEXT(2) 
PARAMETRIC_REPRESENTATION_CONTEXT() REPRESENTATION_CONTEXT('2D SPACE',''
  ) );
#3151 = PCURVE('',#1197,#3152);
#3152 = DEFINITIONAL_REPRESENTATION('',(#3153),#3157);
#3153 = LINE('',#3154,#3155);
#3154 = CARTESIAN_POINT('',(0.,54.25));
#3155 = VECTOR('',#3156,1.);
#3156 = DIRECTION('',(1.,0.));
#3157 = ( GEOMETRIC_REPRESENTATION_CONTEXT(2) 
PARAMETRIC_REPRESENTATION_CONTEXT() REPRESENTATION_CONTEXT('2D SPACE',''
  ) );
#3158 = ADVANCED_FACE('',(#3159),#2170,.F.);
#3159 = FACE_BOUND('',#3160,.F.);
#3160 = EDGE_LOOP('',(#3161,#3182,#3183,#3184,#3185,#3206));
#3161 = ORIENTED_EDGE('',*,*,#3162,.F.);
#3162 = EDGE_CURVE('',#2681,#2153,#3163,.T.);
#3163 = SURFACE_CURVE('',#3164,(#3168,#3175),.PCURVE_S1.);
#3164 = LINE('',#3165,#3166);
#3165 = CARTESIAN_POINT('',(-7.,58.,-21.));
#3166 = VECTOR('',#3167,1.);
#3167 = DIRECTION('',(-0.,1.,0.));
#3168 = PCURVE('',#2170,#3169);
#3169 = DEFINITIONAL_REPRESENTATION('',(#3170),#3174);
#3170 = LINE('',#3171,#3172);
#3171 = CARTESIAN_POINT('',(0.,0.));
#3172 = VECTOR('',#3173,1.);
#3173 = DIRECTION('',(0.,1.));
#3174 = ( GEOMETRIC_REPRESENTATION_CONTEXT(2) 
PARAMETRIC_REPRESENTATION_CONTEXT() REPRESENTATION_CONTEXT('2D SPACE',''
  ) );
#3175 = PCURVE('',#261,#3176);
#3176 = DEFINITIONAL_REPRESENTATION('',(#3177),#3181);
#3177 = LINE('',#3178,#3179);
#3178 = CARTESIAN_POINT('',(17.12,-58.));
#3179 = VECTOR('',#3180,1.);
#3180 = DIRECTION('',(0.,-1.));
#3181 = ( GEOMETRIC_REPRESENTATION_CONTEXT(2) 
PARAMETRIC_REPRESENTATION_CONTEXT() REPRESENTATION_CONTEXT('2D SPACE',''
  ) );
#3182 = ORIENTED_EDGE('',*,*,#2703,.T.);
#3183 = ORIENTED_EDGE('',*,*,#2562,.F.);
#3184 = ORIENTED_EDGE('',*,*,#2822,.T.);
#3185 = ORIENTED_EDGE('',*,*,#3186,.T.);
#3186 = EDGE_CURVE('',#2635,#2155,#3187,.T.);
#3187 = SURFACE_CURVE('',#3188,(#3192,#3199),.PCURVE_S1.);
#3188 = LINE('',#3189,#3190);
#3189 = CARTESIAN_POINT('',(7.,58.,-21.));
#3190 = VECTOR('',#3191,1.);
#3191 = DIRECTION('',(-0.,1.,0.));
#3192 = PCURVE('',#2170,#3193);
#3193 = DEFINITIONAL_REPRESENTATION('',(#3194),#3198);
#3194 = LINE('',#3195,#3196);
#3195 = CARTESIAN_POINT('',(14.,0.));
#3196 = VECTOR('',#3197,1.);
#3197 = DIRECTION('',(0.,1.));
#3198 = ( GEOMETRIC_REPRESENTATION_CONTEXT(2) 
PARAMETRIC_REPRESENTATION_CONTEXT() REPRESENTATION_CONTEXT('2D SPACE',''
  ) );
#3199 = PCURVE('',#317,#3200);
#3200 = DEFINITIONAL_REPRESENTATION('',(#3201),#3205);
#3201 = LINE('',#3202,#3203);
#3202 = CARTESIAN_POINT('',(17.12,-58.));
#3203 = VECTOR('',#3204,1.);
#3204 = DIRECTION('',(0.,-1.));
#3205 = ( GEOMETRIC_REPRESENTATION_CONTEXT(2) 
PARAMETRIC_REPRESENTATION_CONTEXT() REPRESENTATION_CONTEXT('2D SPACE',''
  ) );
#3206 = ORIENTED_EDGE('',*,*,#2152,.F.);
#3207 = ADVANCED_FACE('',(#3208,#3258,#3446,#3634),#1197,.F.);
#3208 = FACE_BOUND('',#3209,.F.);
#3209 = EDGE_LOOP('',(#3210,#3211,#3230,#3231,#3251,#3252,#3253,#3254,
    #3255,#3256,#3257));
#3210 = ORIENTED_EDGE('',*,*,#1075,.T.);
#3211 = ORIENTED_EDGE('',*,*,#3212,.T.);
#3212 = EDGE_CURVE('',#1047,#1620,#3213,.T.);
#3213 = SURFACE_CURVE('',#3214,(#3218,#3224),.PCURVE_S1.);
#3214 = LINE('',#3215,#3216);
#3215 = CARTESIAN_POINT('',(-1.45,3.25,-30.12));
#3216 = VECTOR('',#3217,1.);
#3217 = DIRECTION('',(0.,1.,0.));
#3218 = PCURVE('',#1197,#3219);
#3219 = DEFINITIONAL_REPRESENTATION('',(#3220),#3223);
#3220 = B_SPLINE_CURVE_WITH_KNOTS('',1,(#3221,#3222),.UNSPECIFIED.,.F.,
  .F.,(2,2),(0.,54.25),.PIECEWISE_BEZIER_KNOTS.);
#3221 = CARTESIAN_POINT('',(4.712388980385,0.));
#3222 = CARTESIAN_POINT('',(4.712388980385,54.25));
#3223 = ( GEOMETRIC_REPRESENTATION_CONTEXT(2) 
PARAMETRIC_REPRESENTATION_CONTEXT() REPRESENTATION_CONTEXT('2D SPACE',''
  ) );
#3224 = PCURVE('',#1063,#3225);
#3225 = DEFINITIONAL_REPRESENTATION('',(#3226),#3229);
#3226 = B_SPLINE_CURVE_WITH_KNOTS('',1,(#3227,#3228),.UNSPECIFIED.,.F.,
  .F.,(2,2),(0.,54.25),.PIECEWISE_BEZIER_KNOTS.);
#3227 = CARTESIAN_POINT('',(5.55,3.25));
#3228 = CARTESIAN_POINT('',(5.55,57.5));
#3229 = ( GEOMETRIC_REPRESENTATION_CONTEXT(2) 
PARAMETRIC_REPRESENTATION_CONTEXT() REPRESENTATION_CONTEXT('2D SPACE',''
  ) );
#3230 = ORIENTED_EDGE('',*,*,#1619,.T.);
#3231 = ORIENTED_EDGE('',*,*,#3232,.T.);
#3232 = EDGE_CURVE('',#1596,#2896,#3233,.T.);
#3233 = SEAM_CURVE('',#3234,(#3238,#3245),.PCURVE_S1.);
#3234 = LINE('',#3235,#3236);
#3235 = CARTESIAN_POINT('',(0.,3.25,-28.67));
#3236 = VECTOR('',#3237,1.);
#3237 = DIRECTION('',(0.,1.,0.));
#3238 = PCURVE('',#1197,#3239);
#3239 = DEFINITIONAL_REPRESENTATION('',(#3240),#3244);
#3240 = LINE('',#3241,#3242);
#3241 = CARTESIAN_POINT('',(0.,0.));
#3242 = VECTOR('',#3243,1.);
#3243 = DIRECTION('',(0.,1.));
#3244 = ( GEOMETRIC_REPRESENTATION_CONTEXT(2) 
PARAMETRIC_REPRESENTATION_CONTEXT() REPRESENTATION_CONTEXT('2D SPACE',''
  ) );
#3245 = PCURVE('',#1197,#3246);
#3246 = DEFINITIONAL_REPRESENTATION('',(#3247),#3250);
#3247 = B_SPLINE_CURVE_WITH_KNOTS('',1,(#3248,#3249),.UNSPECIFIED.,.F.,
  .F.,(2,2),(0.,54.25),.PIECEWISE_BEZIER_KNOTS.);
#3248 = CARTESIAN_POINT('',(6.28318530718,0.));
#3249 = CARTESIAN_POINT('',(6.28318530718,54.25));
#3250 = ( GEOMETRIC_REPRESENTATION_CONTEXT(2) 
PARAMETRIC_REPRESENTATION_CONTEXT() REPRESENTATION_CONTEXT('2D SPACE',''
  ) );
#3251 = ORIENTED_EDGE('',*,*,#2895,.T.);
#3252 = ORIENTED_EDGE('',*,*,#3137,.F.);
#3253 = ORIENTED_EDGE('',*,*,#3114,.F.);
#3254 = ORIENTED_EDGE('',*,*,#3003,.F.);
#3255 = ORIENTED_EDGE('',*,*,#3232,.F.);
#3256 = ORIENTED_EDGE('',*,*,#1595,.T.);
#3257 = ORIENTED_EDGE('',*,*,#1498,.F.);
#3258 = FACE_BOUND('',#3259,.F.);
#3259 = EDGE_LOOP('',(#3260,#3422));
#3260 = ORIENTED_EDGE('',*,*,#3261,.F.);
#3261 = EDGE_CURVE('',#3262,#3264,#3266,.T.);
#3262 = VERTEX_POINT('',#3263);
#3263 = CARTESIAN_POINT('',(1.393735986477,14.187647909549,-30.52));
#3264 = VERTEX_POINT('',#3265);
#3265 = CARTESIAN_POINT('',(1.393735986477,15.812352090451,-30.52));
#3266 = SURFACE_CURVE('',#3267,(#3315,#3366),.PCURVE_S1.);
#3267 = B_SPLINE_CURVE_WITH_KNOTS('',6,(#3268,#3269,#3270,#3271,#3272,
    #3273,#3274,#3275,#3276,#3277,#3278,#3279,#3280,#3281,#3282,#3283,
    #3284,#3285,#3286,#3287,#3288,#3289,#3290,#3291,#3292,#3293,#3294,
    #3295,#3296,#3297,#3298,#3299,#3300,#3301,#3302,#3303,#3304,#3305,
    #3306,#3307,#3308,#3309,#3310,#3311,#3312,#3313,#3314),
  .UNSPECIFIED.,.F.,.F.,(7,5,5,5,5,5,5,5,5,7),(0.,2.666606366082E-02,
    0.256360702714,0.334873438654,0.499927108353,0.613099196319,
    0.665008425008,0.743548865435,0.973324529821,1.),.UNSPECIFIED.);
#3268 = CARTESIAN_POINT('',(1.393736158676,14.18764756906,-30.5199994));
#3269 = CARTESIAN_POINT('',(1.391656924188,14.191758837825,
    -30.52724417158));
#3270 = CARTESIAN_POINT('',(1.389545216712,14.195965667289,
    -30.53443165753));
#3271 = CARTESIAN_POINT('',(1.387402607187,14.200267509369,
    -30.54156030166));
#3272 = CARTESIAN_POINT('',(1.385230710097,14.204663756685,
    -30.54862859207));
#3273 = CARTESIAN_POINT('',(1.383031183474,14.209153742561,
    -30.5556350612));
#3274 = CARTESIAN_POINT('',(1.361636233426,14.253213515356,
    -30.6223854431));
#3275 = CARTESIAN_POINT('',(1.340568673509,14.299538592505,
    -30.67742022474));
#3276 = CARTESIAN_POINT('',(1.318682926142,14.352241989732,
    -30.72684218587));
#3277 = CARTESIAN_POINT('',(1.297218326077,14.410616066708,
    -30.7701633981));
#3278 = CARTESIAN_POINT('',(1.277309693132,14.473647599428,
    -30.80719307444));
#3279 = CARTESIAN_POINT('',(1.253778703625,14.562665646112,
    -30.84848165314));
#3280 = CARTESIAN_POINT('',(1.248055421758,14.585751849119,
    -30.85827891514));
#3281 = CARTESIAN_POINT('',(1.242632457475,14.609212500514,
    -30.86736221183));
#3282 = CARTESIAN_POINT('',(1.237535772115,14.633010931004,
    -30.87573839477));
#3283 = CARTESIAN_POINT('',(1.232787972352,14.657109102519,
    -30.88341454324));
#3284 = CARTESIAN_POINT('',(1.219201150337,14.732675360745,
    -30.90507888536));
#3285 = CARTESIAN_POINT('',(1.211623415577,14.785018786905,
    -30.91669389639));
#3286 = CARTESIAN_POINT('',(1.205835822346,14.838213413903,
    -30.9253373152));
#3287 = CARTESIAN_POINT('',(1.201944253673,14.891970111356,
    -30.93107455701));
#3288 = CARTESIAN_POINT('',(1.2,14.945996773265,-30.9339410298));
#3289 = CARTESIAN_POINT('',(1.2,15.037028306839,-30.9339410298));
#3290 = CARTESIAN_POINT('',(1.200914046009,15.074059849573,
    -30.93259343319));
#3291 = CARTESIAN_POINT('',(1.202742478431,15.111003927534,
    -30.92989776902));
#3292 = CARTESIAN_POINT('',(1.205474161725,15.147770101871,
    -30.92584600372));
#3293 = CARTESIAN_POINT('',(1.209086484405,15.184268195554,
    -30.92042254107));
#3294 = CARTESIAN_POINT('',(1.215590534197,15.236984859518,
    -30.91047682856));
#3295 = CARTESIAN_POINT('',(1.217813662314,15.253485042984,
    -30.90705620852));
#3296 = CARTESIAN_POINT('',(1.220211360056,15.269899595336,
    -30.90334025651));
#3297 = CARTESIAN_POINT('',(1.222779595591,15.28621896217,
    -30.89932677436));
#3298 = CARTESIAN_POINT('',(1.225513688583,15.302433283105,
    -30.89501347138));
#3299 = CARTESIAN_POINT('',(1.232787971812,15.342890894477,
    -30.8834145441));
#3300 = CARTESIAN_POINT('',(1.237535772339,15.366989069565,
    -30.87573839435));
#3301 = CARTESIAN_POINT('',(1.242632458093,15.390787502269,
    -30.86736221079));
#3302 = CARTESIAN_POINT('',(1.248055421869,15.41424815179,
    -30.85827891499));
#3303 = CARTESIAN_POINT('',(1.253778702943,15.437334351309,
    -30.84848165433));
#3304 = CARTESIAN_POINT('',(1.277309693132,15.526352400572,
    -30.80719307444));
#3305 = CARTESIAN_POINT('',(1.297218326077,15.589383933292,
    -30.7701633981));
#3306 = CARTESIAN_POINT('',(1.318682926142,15.647758010268,
    -30.72684218587));
#3307 = CARTESIAN_POINT('',(1.34056867351,15.700461407495,
    -30.67742022474));
#3308 = CARTESIAN_POINT('',(1.361636233426,15.746786484644,
    -30.6223854431));
#3309 = CARTESIAN_POINT('',(1.383031183474,15.790846257439,
    -30.5556350612));
#3310 = CARTESIAN_POINT('',(1.385230710097,15.795336243315,
    -30.54862859207));
#3311 = CARTESIAN_POINT('',(1.387402607187,15.799732490631,
    -30.54156030166));
#3312 = CARTESIAN_POINT('',(1.389545216712,15.804034332711,
    -30.53443165753));
#3313 = CARTESIAN_POINT('',(1.391656924188,15.808241162175,
    -30.52724417158));
#3314 = CARTESIAN_POINT('',(1.393736158676,15.81235243094,-30.5199994));
#3315 = PCURVE('',#1197,#3316);
#3316 = DEFINITIONAL_REPRESENTATION('',(#3317),#3365);
#3317 = B_SPLINE_CURVE_WITH_KNOTS('',6,(#3318,#3319,#3320,#3321,#3322,
    #3323,#3324,#3325,#3326,#3327,#3328,#3329,#3330,#3331,#3332,#3333,
    #3334,#3335,#3336,#3337,#3338,#3339,#3340,#3341,#3342,#3343,#3344,
    #3345,#3346,#3347,#3348,#3349,#3350,#3351,#3352,#3353,#3354,#3355,
    #3356,#3357,#3358,#3359,#3360,#3361,#3362,#3363,#3364),
  .UNSPECIFIED.,.F.,.F.,(7,5,5,5,5,5,5,5,5,7),(0.,2.666606366082E-02,
    0.256360702714,0.334873438654,0.499927108353,0.613099196319,
    0.665008425008,0.743548865435,0.973324529821,1.),.UNSPECIFIED.);
#3318 = CARTESIAN_POINT('',(1.850282353416,10.93764756906));
#3319 = CARTESIAN_POINT('',(1.855480447432,10.941758837825));
#3320 = CARTESIAN_POINT('',(1.860646744863,10.945965667289));
#3321 = CARTESIAN_POINT('',(1.865780168696,10.950267509369));
#3322 = CARTESIAN_POINT('',(1.870879646451,10.954663756685));
#3323 = CARTESIAN_POINT('',(1.875944110179,10.959153742561));
#3324 = CARTESIAN_POINT('',(1.924285727323,11.003213515356));
#3325 = CARTESIAN_POINT('',(1.96486412275,11.049538592505));
#3326 = CARTESIAN_POINT('',(2.002075679558,11.102241989732));
#3327 = CARTESIAN_POINT('',(2.035389605229,11.160616066708));
#3328 = CARTESIAN_POINT('',(2.064375251844,11.223647599428));
#3329 = CARTESIAN_POINT('',(2.097149870063,11.312665646112));
#3330 = CARTESIAN_POINT('',(2.104974615083,11.335751849119));
#3331 = CARTESIAN_POINT('',(2.112269973083,11.359212500514));
#3332 = CARTESIAN_POINT('',(2.119031667066,11.383010931004));
#3333 = CARTESIAN_POINT('',(2.125256269983,11.407109102519));
#3334 = CARTESIAN_POINT('',(2.142892378389,11.482675360745));
#3335 = CARTESIAN_POINT('',(2.152455304921,11.535018786905));
#3336 = CARTESIAN_POINT('',(2.159628773259,11.588213413903));
#3337 = CARTESIAN_POINT('',(2.164410185792,11.641970111356));
#3338 = CARTESIAN_POINT('',(2.166798765982,11.695996773265));
#3339 = CARTESIAN_POINT('',(2.166798765982,11.787028306839));
#3340 = CARTESIAN_POINT('',(2.16567569822,11.824059849573));
#3341 = CARTESIAN_POINT('',(2.16342935215,11.861003927534));
#3342 = CARTESIAN_POINT('',(2.16005941048,11.897770101871));
#3343 = CARTESIAN_POINT('',(2.155565449172,11.934268195554));
#3344 = CARTESIAN_POINT('',(2.147369865517,11.986984859518));
#3345 = CARTESIAN_POINT('',(2.144556372295,12.003485042984));
#3346 = CARTESIAN_POINT('',(2.141506499992,12.019899595336));
#3347 = CARTESIAN_POINT('',(2.138220435754,12.03621896217));
#3348 = CARTESIAN_POINT('',(2.134698511663,12.052433283105));
#3349 = CARTESIAN_POINT('',(2.125256270684,12.092890894477));
#3350 = CARTESIAN_POINT('',(2.11903166674,12.116989069565));
#3351 = CARTESIAN_POINT('',(2.112269972248,12.140787502269));
#3352 = CARTESIAN_POINT('',(2.104974614956,12.16424815179));
#3353 = CARTESIAN_POINT('',(2.097149871012,12.187334351309));
#3354 = CARTESIAN_POINT('',(2.064375251844,12.276352400572));
#3355 = CARTESIAN_POINT('',(2.035389605229,12.339383933292));
#3356 = CARTESIAN_POINT('',(2.002075679558,12.397758010268));
#3357 = CARTESIAN_POINT('',(1.96486412275,12.450461407495));
#3358 = CARTESIAN_POINT('',(1.924285727323,12.496786484644));
#3359 = CARTESIAN_POINT('',(1.875944110179,12.540846257439));
#3360 = CARTESIAN_POINT('',(1.870879646451,12.545336243315));
#3361 = CARTESIAN_POINT('',(1.865780168696,12.549732490631));
#3362 = CARTESIAN_POINT('',(1.860646744863,12.554034332711));
#3363 = CARTESIAN_POINT('',(1.855480447432,12.558241162175));
#3364 = CARTESIAN_POINT('',(1.850282353416,12.56235243094));
#3365 = ( GEOMETRIC_REPRESENTATION_CONTEXT(2) 
PARAMETRIC_REPRESENTATION_CONTEXT() REPRESENTATION_CONTEXT('2D SPACE',''
  ) );
#3366 = PCURVE('',#3367,#3372);
#3367 = CYLINDRICAL_SURFACE('',#3368,1.8);
#3368 = AXIS2_PLACEMENT_3D('',#3369,#3370,#3371);
#3369 = CARTESIAN_POINT('',(3.,15.,-34.52));
#3370 = DIRECTION('',(0.,0.,1.));
#3371 = DIRECTION('',(1.,0.,-0.));
#3372 = DEFINITIONAL_REPRESENTATION('',(#3373),#3421);
#3373 = B_SPLINE_CURVE_WITH_KNOTS('',6,(#3374,#3375,#3376,#3377,#3378,
    #3379,#3380,#3381,#3382,#3383,#3384,#3385,#3386,#3387,#3388,#3389,
    #3390,#3391,#3392,#3393,#3394,#3395,#3396,#3397,#3398,#3399,#3400,
    #3401,#3402,#3403,#3404,#3405,#3406,#3407,#3408,#3409,#3410,#3411,
    #3412,#3413,#3414,#3415,#3416,#3417,#3418,#3419,#3420),
  .UNSPECIFIED.,.F.,.F.,(7,5,5,5,5,5,5,5,5,7),(0.,2.666606366082E-02,
    0.256360702714,0.334873438654,0.499927108353,0.613099196319,
    0.665008425008,0.743548865435,0.973324529821,1.),.UNSPECIFIED.);
#3374 = CARTESIAN_POINT('',(3.609821987013,4.0000006));
#3375 = CARTESIAN_POINT('',(3.607262464313,3.992755828413));
#3376 = CARTESIAN_POINT('',(3.604647424459,3.985568342461));
#3377 = CARTESIAN_POINT('',(3.601977503211,3.978439698336));
#3378 = CARTESIAN_POINT('',(3.599253369502,3.971371407922));
#3379 = CARTESIAN_POINT('',(3.596475725437,3.964364938792));
#3380 = CARTESIAN_POINT('',(3.569264801101,3.897614556896));
#3381 = CARTESIAN_POINT('',(3.541001274977,3.842579775253));
#3382 = CARTESIAN_POINT('',(3.509325284363,3.79315781413));
#3383 = CARTESIAN_POINT('',(3.474824793014,3.749836601891));
#3384 = CARTESIAN_POINT('',(3.438143538933,3.712806925553));
#3385 = CARTESIAN_POINT('',(3.386990415793,3.671518346859));
#3386 = CARTESIAN_POINT('',(3.373778103331,3.661721084856));
#3387 = CARTESIAN_POINT('',(3.36040325874,3.652637788161));
#3388 = CARTESIAN_POINT('',(3.346884790007,3.64426160523));
#3389 = CARTESIAN_POINT('',(3.33324147757,3.636585456757));
#3390 = CARTESIAN_POINT('',(3.290587033738,3.614921114632));
#3391 = CARTESIAN_POINT('',(3.261221306949,3.60330610361));
#3392 = CARTESIAN_POINT('',(3.231522706833,3.594662684792));
#3393 = CARTESIAN_POINT('',(3.201609252285,3.588925442986));
#3394 = CARTESIAN_POINT('',(3.17159444622,3.586058970195));
#3395 = CARTESIAN_POINT('',(3.121021372013,3.586058970195));
#3396 = CARTESIAN_POINT('',(3.100448488919,3.587406566808));
#3397 = CARTESIAN_POINT('',(3.079908154107,3.590102230977));
#3398 = CARTESIAN_POINT('',(3.059435289754,3.594153996278));
#3399 = CARTESIAN_POINT('',(3.039065590409,3.599577458923));
#3400 = CARTESIAN_POINT('',(3.00955649303,3.609523171432));
#3401 = CARTESIAN_POINT('',(3.000307477218,3.612943791472));
#3402 = CARTESIAN_POINT('',(2.991092354188,3.616659743487));
#3403 = CARTESIAN_POINT('',(2.981915282887,3.620673225632));
#3404 = CARTESIAN_POINT('',(2.97278070258,3.624986528611));
#3405 = CARTESIAN_POINT('',(2.949943831305,3.636585455895));
#3406 = CARTESIAN_POINT('',(2.936300516837,3.644261605647));
#3407 = CARTESIAN_POINT('',(2.922782046855,3.652637789202));
#3408 = CARTESIAN_POINT('',(2.909407203342,3.661721085005));
#3409 = CARTESIAN_POINT('',(2.896194892868,3.671518345663));
#3410 = CARTESIAN_POINT('',(2.845041768246,3.712806925553));
#3411 = CARTESIAN_POINT('',(2.808360514166,3.749836601891));
#3412 = CARTESIAN_POINT('',(2.773860022817,3.79315781413));
#3413 = CARTESIAN_POINT('',(2.742184032203,3.842579775253));
#3414 = CARTESIAN_POINT('',(2.713920506079,3.897614556896));
#3415 = CARTESIAN_POINT('',(2.686709581743,3.964364938792));
#3416 = CARTESIAN_POINT('',(2.683931937678,3.971371407922));
#3417 = CARTESIAN_POINT('',(2.681207803969,3.978439698336));
#3418 = CARTESIAN_POINT('',(2.678537882721,3.985568342461));
#3419 = CARTESIAN_POINT('',(2.675922842867,3.992755828413));
#3420 = CARTESIAN_POINT('',(2.673363320166,4.0000006));
#3421 = ( GEOMETRIC_REPRESENTATION_CONTEXT(2) 
PARAMETRIC_REPRESENTATION_CONTEXT() REPRESENTATION_CONTEXT('2D SPACE',''
  ) );
#3422 = ORIENTED_EDGE('',*,*,#3423,.T.);
#3423 = EDGE_CURVE('',#3262,#3264,#3424,.T.);
#3424 = SURFACE_CURVE('',#3425,(#3429,#3435),.PCURVE_S1.);
#3425 = LINE('',#3426,#3427);
#3426 = CARTESIAN_POINT('',(1.393735986477,3.25,-30.52));
#3427 = VECTOR('',#3428,1.);
#3428 = DIRECTION('',(0.,1.,0.));
#3429 = PCURVE('',#1197,#3430);
#3430 = DEFINITIONAL_REPRESENTATION('',(#3431),#3434);
#3431 = B_SPLINE_CURVE_WITH_KNOTS('',1,(#3432,#3433),.UNSPECIFIED.,.F.,
  .F.,(2,2),(9.59,13.91),.PIECEWISE_BEZIER_KNOTS.);
#3432 = CARTESIAN_POINT('',(1.850282783913,9.59));
#3433 = CARTESIAN_POINT('',(1.850282783913,13.91));
#3434 = ( GEOMETRIC_REPRESENTATION_CONTEXT(2) 
PARAMETRIC_REPRESENTATION_CONTEXT() REPRESENTATION_CONTEXT('2D SPACE',''
  ) );
#3435 = PCURVE('',#3436,#3441);
#3436 = PLANE('',#3437);
#3437 = AXIS2_PLACEMENT_3D('',#3438,#3439,#3440);
#3438 = CARTESIAN_POINT('',(3.,15.,-30.52));
#3439 = DIRECTION('',(0.,0.,1.));
#3440 = DIRECTION('',(1.,0.,-0.));
#3441 = DEFINITIONAL_REPRESENTATION('',(#3442),#3445);
#3442 = B_SPLINE_CURVE_WITH_KNOTS('',1,(#3443,#3444),.UNSPECIFIED.,.F.,
  .F.,(2,2),(9.59,13.91),.PIECEWISE_BEZIER_KNOTS.);
#3443 = CARTESIAN_POINT('',(-1.606264013523,-2.16));
#3444 = CARTESIAN_POINT('',(-1.606264013523,2.16));
#3445 = ( GEOMETRIC_REPRESENTATION_CONTEXT(2) 
PARAMETRIC_REPRESENTATION_CONTEXT() REPRESENTATION_CONTEXT('2D SPACE',''
  ) );
#3446 = FACE_BOUND('',#3447,.F.);
#3447 = EDGE_LOOP('',(#3448,#3610));
#3448 = ORIENTED_EDGE('',*,*,#3449,.F.);
#3449 = EDGE_CURVE('',#3450,#3452,#3454,.T.);
#3450 = VERTEX_POINT('',#3451);
#3451 = CARTESIAN_POINT('',(1.393735986477,51.187647909549,-30.52));
#3452 = VERTEX_POINT('',#3453);
#3453 = CARTESIAN_POINT('',(1.393735986477,52.812352090451,-30.52));
#3454 = SURFACE_CURVE('',#3455,(#3503,#3554),.PCURVE_S1.);
#3455 = B_SPLINE_CURVE_WITH_KNOTS('',6,(#3456,#3457,#3458,#3459,#3460,
    #3461,#3462,#3463,#3464,#3465,#3466,#3467,#3468,#3469,#3470,#3471,
    #3472,#3473,#3474,#3475,#3476,#3477,#3478,#3479,#3480,#3481,#3482,
    #3483,#3484,#3485,#3486,#3487,#3488,#3489,#3490,#3491,#3492,#3493,
    #3494,#3495,#3496,#3497,#3498,#3499,#3500,#3501,#3502),
  .UNSPECIFIED.,.F.,.F.,(7,5,5,5,5,5,5,5,5,7),(0.,2.667547462151E-02,
    0.256451177278,0.334991621856,0.386900846886,0.500072926875,
    0.665126584942,0.74363931535,0.973333938218,1.),.UNSPECIFIED.);
#3456 = CARTESIAN_POINT('',(1.393736158676,51.18764756906,-30.5199994));
#3457 = CARTESIAN_POINT('',(1.391656924188,51.191758837825,
    -30.52724417158));
#3458 = CARTESIAN_POINT('',(1.389545216712,51.195965667289,
    -30.53443165753));
#3459 = CARTESIAN_POINT('',(1.387402607187,51.200267509369,
    -30.54156030166));
#3460 = CARTESIAN_POINT('',(1.385230710097,51.204663756685,
    -30.54862859207));
#3461 = CARTESIAN_POINT('',(1.383031183474,51.209153742561,
    -30.5556350612));
#3462 = CARTESIAN_POINT('',(1.361636233426,51.253213515356,
    -30.6223854431));
#3463 = CARTESIAN_POINT('',(1.340568673509,51.299538592505,
    -30.67742022474));
#3464 = CARTESIAN_POINT('',(1.318682926142,51.352241989732,
    -30.72684218587));
#3465 = CARTESIAN_POINT('',(1.297218326077,51.410616066708,
    -30.7701633981));
#3466 = CARTESIAN_POINT('',(1.277309693132,51.473647599428,
    -30.80719307444));
#3467 = CARTESIAN_POINT('',(1.253778703625,51.562665646112,
    -30.84848165314));
#3468 = CARTESIAN_POINT('',(1.248055421758,51.585751849119,
    -30.85827891514));
#3469 = CARTESIAN_POINT('',(1.242632457475,51.609212500514,
    -30.86736221183));
#3470 = CARTESIAN_POINT('',(1.237535772115,51.633010931004,
    -30.87573839477));
#3471 = CARTESIAN_POINT('',(1.232787972352,51.657109102519,
    -30.88341454324));
#3472 = CARTESIAN_POINT('',(1.225513688583,51.697566716895,
    -30.89501347138));
#3473 = CARTESIAN_POINT('',(1.222779595591,51.71378103783,
    -30.89932677436));
#3474 = CARTESIAN_POINT('',(1.220211360056,51.730100404664,
    -30.90334025651));
#3475 = CARTESIAN_POINT('',(1.217813662314,51.746514957016,
    -30.90705620852));
#3476 = CARTESIAN_POINT('',(1.215590534197,51.763015140482,
    -30.91047682856));
#3477 = CARTESIAN_POINT('',(1.209086484405,51.815731804446,
    -30.92042254107));
#3478 = CARTESIAN_POINT('',(1.205474161725,51.852229898129,
    -30.92584600372));
#3479 = CARTESIAN_POINT('',(1.202742478431,51.888996072466,
    -30.92989776902));
#3480 = CARTESIAN_POINT('',(1.200914046009,51.925940150427,
    -30.93259343319));
#3481 = CARTESIAN_POINT('',(1.2,51.962971693161,-30.9339410298));
#3482 = CARTESIAN_POINT('',(1.2,52.054003226736,-30.9339410298));
#3483 = CARTESIAN_POINT('',(1.201944253673,52.108029888644,
    -30.93107455701));
#3484 = CARTESIAN_POINT('',(1.205835822346,52.161786586096,
    -30.9253373152));
#3485 = CARTESIAN_POINT('',(1.211623415577,52.214981213095,
    -30.91669389639));
#3486 = CARTESIAN_POINT('',(1.219201150338,52.267324639256,
    -30.90507888536));
#3487 = CARTESIAN_POINT('',(1.232787972352,52.342890897481,
    -30.88341454324));
#3488 = CARTESIAN_POINT('',(1.237535772115,52.366989068996,
    -30.87573839477));
#3489 = CARTESIAN_POINT('',(1.242632457475,52.390787499486,
    -30.86736221183));
#3490 = CARTESIAN_POINT('',(1.248055421758,52.414248150881,
    -30.85827891514));
#3491 = CARTESIAN_POINT('',(1.253778703625,52.437334353888,
    -30.84848165314));
#3492 = CARTESIAN_POINT('',(1.277309693132,52.526352400572,
    -30.80719307444));
#3493 = CARTESIAN_POINT('',(1.297218326077,52.589383933292,
    -30.7701633981));
#3494 = CARTESIAN_POINT('',(1.318682926142,52.647758010267,
    -30.72684218587));
#3495 = CARTESIAN_POINT('',(1.34056867351,52.700461407495,
    -30.67742022474));
#3496 = CARTESIAN_POINT('',(1.361636233426,52.746786484644,
    -30.6223854431));
#3497 = CARTESIAN_POINT('',(1.383031183474,52.79084625744,-30.5556350612
    ));
#3498 = CARTESIAN_POINT('',(1.385230710097,52.795336243315,
    -30.54862859207));
#3499 = CARTESIAN_POINT('',(1.387402607187,52.799732490631,
    -30.54156030166));
#3500 = CARTESIAN_POINT('',(1.389545216712,52.804034332711,
    -30.53443165753));
#3501 = CARTESIAN_POINT('',(1.391656924188,52.808241162175,
    -30.52724417158));
#3502 = CARTESIAN_POINT('',(1.393736158676,52.81235243094,-30.5199994));
#3503 = PCURVE('',#1197,#3504);
#3504 = DEFINITIONAL_REPRESENTATION('',(#3505),#3553);
#3505 = B_SPLINE_CURVE_WITH_KNOTS('',6,(#3506,#3507,#3508,#3509,#3510,
    #3511,#3512,#3513,#3514,#3515,#3516,#3517,#3518,#3519,#3520,#3521,
    #3522,#3523,#3524,#3525,#3526,#3527,#3528,#3529,#3530,#3531,#3532,
    #3533,#3534,#3535,#3536,#3537,#3538,#3539,#3540,#3541,#3542,#3543,
    #3544,#3545,#3546,#3547,#3548,#3549,#3550,#3551,#3552),
  .UNSPECIFIED.,.F.,.F.,(7,5,5,5,5,5,5,5,5,7),(0.,2.667547462151E-02,
    0.256451177278,0.334991621856,0.386900846886,0.500072926875,
    0.665126584942,0.74363931535,0.973333938218,1.),.UNSPECIFIED.);
#3506 = CARTESIAN_POINT('',(1.850282353416,47.93764756906));
#3507 = CARTESIAN_POINT('',(1.855480447432,47.941758837825));
#3508 = CARTESIAN_POINT('',(1.860646744863,47.945965667289));
#3509 = CARTESIAN_POINT('',(1.865780168696,47.950267509369));
#3510 = CARTESIAN_POINT('',(1.870879646451,47.954663756685));
#3511 = CARTESIAN_POINT('',(1.875944110179,47.959153742561));
#3512 = CARTESIAN_POINT('',(1.924285727323,48.003213515356));
#3513 = CARTESIAN_POINT('',(1.96486412275,48.049538592505));
#3514 = CARTESIAN_POINT('',(2.002075679558,48.102241989732));
#3515 = CARTESIAN_POINT('',(2.035389605229,48.160616066708));
#3516 = CARTESIAN_POINT('',(2.064375251844,48.223647599428));
#3517 = CARTESIAN_POINT('',(2.097149870063,48.312665646112));
#3518 = CARTESIAN_POINT('',(2.104974615083,48.335751849119));
#3519 = CARTESIAN_POINT('',(2.112269973083,48.359212500514));
#3520 = CARTESIAN_POINT('',(2.119031667066,48.383010931004));
#3521 = CARTESIAN_POINT('',(2.125256269983,48.407109102519));
#3522 = CARTESIAN_POINT('',(2.134698511663,48.447566716895));
#3523 = CARTESIAN_POINT('',(2.138220435754,48.46378103783));
#3524 = CARTESIAN_POINT('',(2.141506499992,48.480100404664));
#3525 = CARTESIAN_POINT('',(2.144556372295,48.496514957016));
#3526 = CARTESIAN_POINT('',(2.147369865517,48.513015140482));
#3527 = CARTESIAN_POINT('',(2.155565449172,48.565731804446));
#3528 = CARTESIAN_POINT('',(2.16005941048,48.602229898129));
#3529 = CARTESIAN_POINT('',(2.16342935215,48.638996072466));
#3530 = CARTESIAN_POINT('',(2.16567569822,48.675940150427));
#3531 = CARTESIAN_POINT('',(2.166798765982,48.712971693161));
#3532 = CARTESIAN_POINT('',(2.166798765982,48.804003226736));
#3533 = CARTESIAN_POINT('',(2.164410185792,48.858029888644));
#3534 = CARTESIAN_POINT('',(2.15962877326,48.911786586096));
#3535 = CARTESIAN_POINT('',(2.152455304922,48.964981213095));
#3536 = CARTESIAN_POINT('',(2.142892378389,49.017324639256));
#3537 = CARTESIAN_POINT('',(2.125256269983,49.092890897481));
#3538 = CARTESIAN_POINT('',(2.119031667066,49.116989068996));
#3539 = CARTESIAN_POINT('',(2.112269973083,49.140787499486));
#3540 = CARTESIAN_POINT('',(2.104974615083,49.164248150881));
#3541 = CARTESIAN_POINT('',(2.097149870063,49.187334353888));
#3542 = CARTESIAN_POINT('',(2.064375251844,49.276352400572));
#3543 = CARTESIAN_POINT('',(2.035389605229,49.339383933292));
#3544 = CARTESIAN_POINT('',(2.002075679558,49.397758010267));
#3545 = CARTESIAN_POINT('',(1.96486412275,49.450461407495));
#3546 = CARTESIAN_POINT('',(1.924285727323,49.496786484644));
#3547 = CARTESIAN_POINT('',(1.875944110179,49.54084625744));
#3548 = CARTESIAN_POINT('',(1.870879646451,49.545336243315));
#3549 = CARTESIAN_POINT('',(1.865780168696,49.549732490631));
#3550 = CARTESIAN_POINT('',(1.860646744863,49.554034332711));
#3551 = CARTESIAN_POINT('',(1.855480447432,49.558241162175));
#3552 = CARTESIAN_POINT('',(1.850282353416,49.56235243094));
#3553 = ( GEOMETRIC_REPRESENTATION_CONTEXT(2) 
PARAMETRIC_REPRESENTATION_CONTEXT() REPRESENTATION_CONTEXT('2D SPACE',''
  ) );
#3554 = PCURVE('',#3555,#3560);
#3555 = CYLINDRICAL_SURFACE('',#3556,1.8);
#3556 = AXIS2_PLACEMENT_3D('',#3557,#3558,#3559);
#3557 = CARTESIAN_POINT('',(3.,52.,-34.52));
#3558 = DIRECTION('',(0.,0.,1.));
#3559 = DIRECTION('',(1.,0.,-0.));
#3560 = DEFINITIONAL_REPRESENTATION('',(#3561),#3609);
#3561 = B_SPLINE_CURVE_WITH_KNOTS('',6,(#3562,#3563,#3564,#3565,#3566,
    #3567,#3568,#3569,#3570,#3571,#3572,#3573,#3574,#3575,#3576,#3577,
    #3578,#3579,#3580,#3581,#3582,#3583,#3584,#3585,#3586,#3587,#3588,
    #3589,#3590,#3591,#3592,#3593,#3594,#3595,#3596,#3597,#3598,#3599,
    #3600,#3601,#3602,#3603,#3604,#3605,#3606,#3607,#3608),
  .UNSPECIFIED.,.F.,.F.,(7,5,5,5,5,5,5,5,5,7),(0.,2.667547462151E-02,
    0.256451177278,0.334991621856,0.386900846886,0.500072926875,
    0.665126584942,0.74363931535,0.973333938218,1.),.UNSPECIFIED.);
#3562 = CARTESIAN_POINT('',(3.609821987013,4.0000006));
#3563 = CARTESIAN_POINT('',(3.607262464313,3.992755828413));
#3564 = CARTESIAN_POINT('',(3.604647424459,3.985568342461));
#3565 = CARTESIAN_POINT('',(3.601977503211,3.978439698336));
#3566 = CARTESIAN_POINT('',(3.599253369502,3.971371407922));
#3567 = CARTESIAN_POINT('',(3.596475725437,3.964364938792));
#3568 = CARTESIAN_POINT('',(3.569264801101,3.897614556896));
#3569 = CARTESIAN_POINT('',(3.541001274977,3.842579775253));
#3570 = CARTESIAN_POINT('',(3.509325284363,3.79315781413));
#3571 = CARTESIAN_POINT('',(3.474824793014,3.749836601891));
#3572 = CARTESIAN_POINT('',(3.438143538933,3.712806925553));
#3573 = CARTESIAN_POINT('',(3.386990415793,3.671518346859));
#3574 = CARTESIAN_POINT('',(3.373778103331,3.661721084856));
#3575 = CARTESIAN_POINT('',(3.36040325874,3.652637788161));
#3576 = CARTESIAN_POINT('',(3.346884790007,3.64426160523));
#3577 = CARTESIAN_POINT('',(3.33324147757,3.636585456757));
#3578 = CARTESIAN_POINT('',(3.310404604599,3.624986528611));
#3579 = CARTESIAN_POINT('',(3.301270024293,3.620673225632));
#3580 = CARTESIAN_POINT('',(3.292092952991,3.616659743487));
#3581 = CARTESIAN_POINT('',(3.282877829962,3.612943791472));
#3582 = CARTESIAN_POINT('',(3.27362881415,3.609523171432));
#3583 = CARTESIAN_POINT('',(3.24411971677,3.599577458923));
#3584 = CARTESIAN_POINT('',(3.223750017425,3.594153996278));
#3585 = CARTESIAN_POINT('',(3.203277153072,3.590102230977));
#3586 = CARTESIAN_POINT('',(3.182736818261,3.587406566808));
#3587 = CARTESIAN_POINT('',(3.162163935167,3.586058970195));
#3588 = CARTESIAN_POINT('',(3.111590860959,3.586058970195));
#3589 = CARTESIAN_POINT('',(3.081576054895,3.588925442986));
#3590 = CARTESIAN_POINT('',(3.051662600347,3.594662684792));
#3591 = CARTESIAN_POINT('',(3.021964000231,3.60330610361));
#3592 = CARTESIAN_POINT('',(2.992598273441,3.614921114632));
#3593 = CARTESIAN_POINT('',(2.94994382961,3.636585456757));
#3594 = CARTESIAN_POINT('',(2.936300517173,3.64426160523));
#3595 = CARTESIAN_POINT('',(2.92278204844,3.652637788161));
#3596 = CARTESIAN_POINT('',(2.909407203849,3.661721084856));
#3597 = CARTESIAN_POINT('',(2.896194891386,3.671518346859));
#3598 = CARTESIAN_POINT('',(2.845041768246,3.712806925553));
#3599 = CARTESIAN_POINT('',(2.808360514166,3.749836601891));
#3600 = CARTESIAN_POINT('',(2.773860022817,3.79315781413));
#3601 = CARTESIAN_POINT('',(2.742184032203,3.842579775253));
#3602 = CARTESIAN_POINT('',(2.713920506079,3.897614556896));
#3603 = CARTESIAN_POINT('',(2.686709581743,3.964364938792));
#3604 = CARTESIAN_POINT('',(2.683931937678,3.971371407922));
#3605 = CARTESIAN_POINT('',(2.681207803969,3.978439698336));
#3606 = CARTESIAN_POINT('',(2.678537882721,3.985568342461));
#3607 = CARTESIAN_POINT('',(2.675922842867,3.992755828413));
#3608 = CARTESIAN_POINT('',(2.673363320166,4.0000006));
#3609 = ( GEOMETRIC_REPRESENTATION_CONTEXT(2) 
PARAMETRIC_REPRESENTATION_CONTEXT() REPRESENTATION_CONTEXT('2D SPACE',''
  ) );
#3610 = ORIENTED_EDGE('',*,*,#3611,.T.);
#3611 = EDGE_CURVE('',#3450,#3452,#3612,.T.);
#3612 = SURFACE_CURVE('',#3613,(#3617,#3623),.PCURVE_S1.);
#3613 = LINE('',#3614,#3615);
#3614 = CARTESIAN_POINT('',(1.393735986477,3.25,-30.52));
#3615 = VECTOR('',#3616,1.);
#3616 = DIRECTION('',(0.,1.,0.));
#3617 = PCURVE('',#1197,#3618);
#3618 = DEFINITIONAL_REPRESENTATION('',(#3619),#3622);
#3619 = B_SPLINE_CURVE_WITH_KNOTS('',1,(#3620,#3621),.UNSPECIFIED.,.F.,
  .F.,(2,2),(46.59,50.91),.PIECEWISE_BEZIER_KNOTS.);
#3620 = CARTESIAN_POINT('',(1.850282783913,46.59));
#3621 = CARTESIAN_POINT('',(1.850282783913,50.91));
#3622 = ( GEOMETRIC_REPRESENTATION_CONTEXT(2) 
PARAMETRIC_REPRESENTATION_CONTEXT() REPRESENTATION_CONTEXT('2D SPACE',''
  ) );
#3623 = PCURVE('',#3624,#3629);
#3624 = PLANE('',#3625);
#3625 = AXIS2_PLACEMENT_3D('',#3626,#3627,#3628);
#3626 = CARTESIAN_POINT('',(3.,52.,-30.52));
#3627 = DIRECTION('',(0.,0.,1.));
#3628 = DIRECTION('',(1.,0.,-0.));
#3629 = DEFINITIONAL_REPRESENTATION('',(#3630),#3633);
#3630 = B_SPLINE_CURVE_WITH_KNOTS('',1,(#3631,#3632),.UNSPECIFIED.,.F.,
  .F.,(2,2),(46.59,50.91),.PIECEWISE_BEZIER_KNOTS.);
#3631 = CARTESIAN_POINT('',(-1.606264013523,-2.16));
#3632 = CARTESIAN_POINT('',(-1.606264013523,2.16));
#3633 = ( GEOMETRIC_REPRESENTATION_CONTEXT(2) 
PARAMETRIC_REPRESENTATION_CONTEXT() REPRESENTATION_CONTEXT('2D SPACE',''
  ) );
#3634 = FACE_BOUND('',#3635,.F.);
#3635 = EDGE_LOOP('',(#3636,#3708,#3773));
#3636 = ORIENTED_EDGE('',*,*,#3637,.F.);
#3637 = EDGE_CURVE('',#3638,#3640,#3642,.T.);
#3638 = VERTEX_POINT('',#3639);
#3639 = CARTESIAN_POINT('',(-1.2,35.,-30.9339410298));
#3640 = VERTEX_POINT('',#3641);
#3641 = CARTESIAN_POINT('',(-1.393735986477,34.187647909549,-30.52));
#3642 = SURFACE_CURVE('',#3643,(#3661,#3682),.PCURVE_S1.);
#3643 = B_SPLINE_CURVE_WITH_KNOTS('',6,(#3644,#3645,#3646,#3647,#3648,
    #3649,#3650,#3651,#3652,#3653,#3654,#3655,#3656,#3657,#3658,#3659,
    #3660),.UNSPECIFIED.,.F.,.F.,(7,5,5,7),(0.,0.488016223797,
    0.947616081346,1.),.UNSPECIFIED.);
#3644 = CARTESIAN_POINT('',(-1.2,35.,-30.9339410298));
#3645 = CARTESIAN_POINT('',(-1.2,34.920279935642,-30.9339410298));
#3646 = CARTESIAN_POINT('',(-1.204236912857,34.84037921951,
    -30.92769419036));
#3647 = CARTESIAN_POINT('',(-1.21274642352,34.761339105229,
    -30.91514990367));
#3648 = CARTESIAN_POINT('',(-1.225271394813,34.684190946161,
    -30.89615624504));
#3649 = CARTESIAN_POINT('',(-1.241264214604,34.609920649767,
    -30.87045512728));
#3650 = CARTESIAN_POINT('',(-1.277479170926,34.473089492217,
    -30.80688149701));
#3651 = CARTESIAN_POINT('',(-1.297414765041,34.410045815304,
    -30.76977962074));
#3652 = CARTESIAN_POINT('',(-1.318902519076,34.351672484156,
    -30.72637771592));
#3653 = CARTESIAN_POINT('',(-1.340804011835,34.298984005159,
    -30.67686846173));
#3654 = CARTESIAN_POINT('',(-1.361876885154,34.252688218718,
    -30.62174309847));
#3655 = CARTESIAN_POINT('',(-1.383224119083,34.208760009663,
    -30.55502001364));
#3656 = CARTESIAN_POINT('',(-1.385383132924,34.204355294712,
    -30.54813225458));
#3657 = CARTESIAN_POINT('',(-1.387515394336,34.200041090622,
    -30.54118489994));
#3658 = CARTESIAN_POINT('',(-1.389619332437,34.195818027591,
    -30.53417934295));
#3659 = CARTESIAN_POINT('',(-1.391693417044,34.191686680529,
    -30.52711701786));
#3660 = CARTESIAN_POINT('',(-1.393736158676,34.18764756906,-30.5199994)
  );
#3661 = PCURVE('',#1197,#3662);
#3662 = DEFINITIONAL_REPRESENTATION('',(#3663),#3681);
#3663 = B_SPLINE_CURVE_WITH_KNOTS('',6,(#3664,#3665,#3666,#3667,#3668,
    #3669,#3670,#3671,#3672,#3673,#3674,#3675,#3676,#3677,#3678,#3679,
    #3680),.UNSPECIFIED.,.F.,.F.,(7,5,5,7),(0.,0.488016223797,
    0.947616081346,1.),.UNSPECIFIED.);
#3664 = CARTESIAN_POINT('',(4.116386541197,31.75));
#3665 = CARTESIAN_POINT('',(4.116386541197,31.670279935642));
#3666 = CARTESIAN_POINT('',(4.121592127784,31.59037921951));
#3667 = CARTESIAN_POINT('',(4.132046174318,31.511339105229));
#3668 = CARTESIAN_POINT('',(4.14773532206,31.434190946161));
#3669 = CARTESIAN_POINT('',(4.168595941116,31.359920649767));
#3670 = CARTESIAN_POINT('',(4.219054619788,31.223089492217));
#3671 = CARTESIAN_POINT('',(4.248092875622,31.160045815304));
#3672 = CARTESIAN_POINT('',(4.28146359612,31.101672484156));
#3673 = CARTESIAN_POINT('',(4.318734275085,31.048984005159));
#3674 = CARTESIAN_POINT('',(4.359372087649,31.002688218718));
#3675 = CARTESIAN_POINT('',(4.407685740078,30.958760009663));
#3676 = CARTESIAN_POINT('',(4.412663729867,30.954355294712));
#3677 = CARTESIAN_POINT('',(4.417675461071,30.950041090622));
#3678 = CARTESIAN_POINT('',(4.422719920782,30.945818027591));
#3679 = CARTESIAN_POINT('',(4.427796092024,30.941686680529));
#3680 = CARTESIAN_POINT('',(4.432902953764,30.93764756906));
#3681 = ( GEOMETRIC_REPRESENTATION_CONTEXT(2) 
PARAMETRIC_REPRESENTATION_CONTEXT() REPRESENTATION_CONTEXT('2D SPACE',''
  ) );
#3682 = PCURVE('',#3683,#3688);
#3683 = CYLINDRICAL_SURFACE('',#3684,1.8);
#3684 = AXIS2_PLACEMENT_3D('',#3685,#3686,#3687);
#3685 = CARTESIAN_POINT('',(-3.,35.,-34.52));
#3686 = DIRECTION('',(0.,0.,1.));
#3687 = DIRECTION('',(1.,0.,-0.));
#3688 = DEFINITIONAL_REPRESENTATION('',(#3689),#3707);
#3689 = B_SPLINE_CURVE_WITH_KNOTS('',6,(#3690,#3691,#3692,#3693,#3694,
    #3695,#3696,#3697,#3698,#3699,#3700,#3701,#3702,#3703,#3704,#3705,
    #3706),.UNSPECIFIED.,.F.,.F.,(7,5,5,7),(0.,0.488016223797,
    0.947616081346,1.),.UNSPECIFIED.);
#3690 = CARTESIAN_POINT('',(6.28318530718,3.586058970195));
#3691 = CARTESIAN_POINT('',(6.238896382536,3.586058970195));
#3692 = CARTESIAN_POINT('',(6.194507050928,3.592305809636));
#3693 = CARTESIAN_POINT('',(6.150439696749,3.604850096326));
#3694 = CARTESIAN_POINT('',(6.107106500275,3.623843754951));
#3695 = CARTESIAN_POINT('',(6.064945335181,3.649544872712));
#3696 = CARTESIAN_POINT('',(5.986310594449,3.713118502987));
#3697 = CARTESIAN_POINT('',(5.949618451313,3.75022037926));
#3698 = CARTESIAN_POINT('',(5.915113944955,3.793622284078));
#3699 = CARTESIAN_POINT('',(5.883442209267,3.84313153827));
#3700 = CARTESIAN_POINT('',(5.855192243177,3.898256901525));
#3701 = CARTESIAN_POINT('',(5.828058646244,3.964979986354));
#3702 = CARTESIAN_POINT('',(5.825333444964,3.971867745419));
#3703 = CARTESIAN_POINT('',(5.822659927862,3.978815100053));
#3704 = CARTESIAN_POINT('',(5.820038759635,3.985820657047));
#3705 = CARTESIAN_POINT('',(5.817470574013,3.992882982136));
#3706 = CARTESIAN_POINT('',(5.814955973756,4.0000006));
#3707 = ( GEOMETRIC_REPRESENTATION_CONTEXT(2) 
PARAMETRIC_REPRESENTATION_CONTEXT() REPRESENTATION_CONTEXT('2D SPACE',''
  ) );
#3708 = ORIENTED_EDGE('',*,*,#3709,.T.);
#3709 = EDGE_CURVE('',#3638,#3710,#3712,.T.);
#3710 = VERTEX_POINT('',#3711);
#3711 = CARTESIAN_POINT('',(-1.393735986477,35.812352090451,-30.52));
#3712 = SURFACE_CURVE('',#3713,(#3731,#3752),.PCURVE_S1.);
#3713 = B_SPLINE_CURVE_WITH_KNOTS('',6,(#3714,#3715,#3716,#3717,#3718,
    #3719,#3720,#3721,#3722,#3723,#3724,#3725,#3726,#3727,#3728,#3729,
    #3730),.UNSPECIFIED.,.F.,.F.,(7,5,5,7),(0.,0.488016223798,
    0.947616081346,1.),.UNSPECIFIED.);
#3714 = CARTESIAN_POINT('',(-1.2,35.,-30.9339410298));
#3715 = CARTESIAN_POINT('',(-1.2,35.079720064358,-30.9339410298));
#3716 = CARTESIAN_POINT('',(-1.204236912857,35.15962078049,
    -30.92769419036));
#3717 = CARTESIAN_POINT('',(-1.212746423521,35.238660894771,
    -30.91514990367));
#3718 = CARTESIAN_POINT('',(-1.225271394813,35.315809053839,
    -30.89615624504));
#3719 = CARTESIAN_POINT('',(-1.241264214604,35.390079350233,
    -30.87045512728));
#3720 = CARTESIAN_POINT('',(-1.277479170926,35.526910507783,
    -30.80688149701));
#3721 = CARTESIAN_POINT('',(-1.297414765041,35.589954184696,
    -30.76977962074));
#3722 = CARTESIAN_POINT('',(-1.318902519076,35.648327515844,
    -30.72637771592));
#3723 = CARTESIAN_POINT('',(-1.340804011835,35.701015994841,
    -30.67686846173));
#3724 = CARTESIAN_POINT('',(-1.361876885154,35.747311781282,
    -30.62174309847));
#3725 = CARTESIAN_POINT('',(-1.383224119083,35.791239990337,
    -30.55502001364));
#3726 = CARTESIAN_POINT('',(-1.385383132924,35.795644705288,
    -30.54813225458));
#3727 = CARTESIAN_POINT('',(-1.387515394336,35.799958909378,
    -30.54118489994));
#3728 = CARTESIAN_POINT('',(-1.389619332437,35.804181972409,
    -30.53417934295));
#3729 = CARTESIAN_POINT('',(-1.391693417044,35.808313319471,
    -30.52711701786));
#3730 = CARTESIAN_POINT('',(-1.393736158676,35.81235243094,-30.5199994)
  );
#3731 = PCURVE('',#1197,#3732);
#3732 = DEFINITIONAL_REPRESENTATION('',(#3733),#3751);
#3733 = B_SPLINE_CURVE_WITH_KNOTS('',6,(#3734,#3735,#3736,#3737,#3738,
    #3739,#3740,#3741,#3742,#3743,#3744,#3745,#3746,#3747,#3748,#3749,
    #3750),.UNSPECIFIED.,.F.,.F.,(7,5,5,7),(0.,0.488016223798,
    0.947616081346,1.),.UNSPECIFIED.);
#3734 = CARTESIAN_POINT('',(4.116386541197,31.75));
#3735 = CARTESIAN_POINT('',(4.116386541197,31.829720064358));
#3736 = CARTESIAN_POINT('',(4.121592127784,31.90962078049));
#3737 = CARTESIAN_POINT('',(4.132046174318,31.988660894771));
#3738 = CARTESIAN_POINT('',(4.14773532206,32.065809053839));
#3739 = CARTESIAN_POINT('',(4.168595941116,32.140079350233));
#3740 = CARTESIAN_POINT('',(4.219054619788,32.276910507783));
#3741 = CARTESIAN_POINT('',(4.248092875622,32.339954184696));
#3742 = CARTESIAN_POINT('',(4.28146359612,32.398327515844));
#3743 = CARTESIAN_POINT('',(4.318734275085,32.451015994841));
#3744 = CARTESIAN_POINT('',(4.359372087649,32.497311781282));
#3745 = CARTESIAN_POINT('',(4.407685740078,32.541239990337));
#3746 = CARTESIAN_POINT('',(4.412663729867,32.545644705288));
#3747 = CARTESIAN_POINT('',(4.417675461071,32.549958909378));
#3748 = CARTESIAN_POINT('',(4.422719920782,32.554181972409));
#3749 = CARTESIAN_POINT('',(4.427796092024,32.558313319471));
#3750 = CARTESIAN_POINT('',(4.432902953764,32.56235243094));
#3751 = ( GEOMETRIC_REPRESENTATION_CONTEXT(2) 
PARAMETRIC_REPRESENTATION_CONTEXT() REPRESENTATION_CONTEXT('2D SPACE',''
  ) );
#3752 = PCURVE('',#3683,#3753);
#3753 = DEFINITIONAL_REPRESENTATION('',(#3754),#3772);
#3754 = B_SPLINE_CURVE_WITH_KNOTS('',6,(#3755,#3756,#3757,#3758,#3759,
    #3760,#3761,#3762,#3763,#3764,#3765,#3766,#3767,#3768,#3769,#3770,
    #3771),.UNSPECIFIED.,.F.,.F.,(7,5,5,7),(0.,0.488016223798,
    0.947616081346,1.),.UNSPECIFIED.);
#3755 = CARTESIAN_POINT('',(0.,3.586058970195));
#3756 = CARTESIAN_POINT('',(4.428892464323E-02,3.586058970195));
#3757 = CARTESIAN_POINT('',(8.867825625116E-02,3.592305809636));
#3758 = CARTESIAN_POINT('',(0.13274561043,3.604850096326));
#3759 = CARTESIAN_POINT('',(0.176078806904,3.623843754951));
#3760 = CARTESIAN_POINT('',(0.218239971998,3.649544872712));
#3761 = CARTESIAN_POINT('',(0.296874712731,3.713118502987));
#3762 = CARTESIAN_POINT('',(0.333566855867,3.75022037926));
#3763 = CARTESIAN_POINT('',(0.368071362225,3.793622284078));
#3764 = CARTESIAN_POINT('',(0.399743097913,3.84313153827));
#3765 = CARTESIAN_POINT('',(0.427993064003,3.898256901525));
#3766 = CARTESIAN_POINT('',(0.455126660935,3.964979986354));
#3767 = CARTESIAN_POINT('',(0.457851862216,3.971867745419));
#3768 = CARTESIAN_POINT('',(0.460525379318,3.978815100053));
#3769 = CARTESIAN_POINT('',(0.463146547544,3.985820657047));
#3770 = CARTESIAN_POINT('',(0.465714733167,3.992882982136));
#3771 = CARTESIAN_POINT('',(0.468229333424,4.0000006));
#3772 = ( GEOMETRIC_REPRESENTATION_CONTEXT(2) 
PARAMETRIC_REPRESENTATION_CONTEXT() REPRESENTATION_CONTEXT('2D SPACE',''
  ) );
#3773 = ORIENTED_EDGE('',*,*,#3774,.F.);
#3774 = EDGE_CURVE('',#3640,#3710,#3775,.T.);
#3775 = SURFACE_CURVE('',#3776,(#3780,#3786),.PCURVE_S1.);
#3776 = LINE('',#3777,#3778);
#3777 = CARTESIAN_POINT('',(-1.393735986477,3.25,-30.52));
#3778 = VECTOR('',#3779,1.);
#3779 = DIRECTION('',(0.,1.,0.));
#3780 = PCURVE('',#1197,#3781);
#3781 = DEFINITIONAL_REPRESENTATION('',(#3782),#3785);
#3782 = B_SPLINE_CURVE_WITH_KNOTS('',1,(#3783,#3784),.UNSPECIFIED.,.F.,
  .F.,(2,2),(29.59,33.91),.PIECEWISE_BEZIER_KNOTS.);
#3783 = CARTESIAN_POINT('',(4.432902523266,29.59));
#3784 = CARTESIAN_POINT('',(4.432902523266,33.91));
#3785 = ( GEOMETRIC_REPRESENTATION_CONTEXT(2) 
PARAMETRIC_REPRESENTATION_CONTEXT() REPRESENTATION_CONTEXT('2D SPACE',''
  ) );
#3786 = PCURVE('',#3787,#3792);
#3787 = PLANE('',#3788);
#3788 = AXIS2_PLACEMENT_3D('',#3789,#3790,#3791);
#3789 = CARTESIAN_POINT('',(-3.,35.,-30.52));
#3790 = DIRECTION('',(0.,0.,1.));
#3791 = DIRECTION('',(1.,0.,-0.));
#3792 = DEFINITIONAL_REPRESENTATION('',(#3793),#3796);
#3793 = B_SPLINE_CURVE_WITH_KNOTS('',1,(#3794,#3795),.UNSPECIFIED.,.F.,
  .F.,(2,2),(29.59,33.91),.PIECEWISE_BEZIER_KNOTS.);
#3794 = CARTESIAN_POINT('',(1.606264013523,-2.16));
#3795 = CARTESIAN_POINT('',(1.606264013523,2.16));
#3796 = ( GEOMETRIC_REPRESENTATION_CONTEXT(2) 
PARAMETRIC_REPRESENTATION_CONTEXT() REPRESENTATION_CONTEXT('2D SPACE',''
  ) );
#3797 = ADVANCED_FACE('',(#3798),#3787,.F.);
#3798 = FACE_BOUND('',#3799,.F.);
#3799 = EDGE_LOOP('',(#3800,#3801));
#3800 = ORIENTED_EDGE('',*,*,#3774,.T.);
#3801 = ORIENTED_EDGE('',*,*,#3802,.T.);
#3802 = EDGE_CURVE('',#3710,#3640,#3803,.T.);
#3803 = SURFACE_CURVE('',#3804,(#3809,#3816),.PCURVE_S1.);
#3804 = CIRCLE('',#3805,1.8);
#3805 = AXIS2_PLACEMENT_3D('',#3806,#3807,#3808);
#3806 = CARTESIAN_POINT('',(-3.,35.,-30.52));
#3807 = DIRECTION('',(0.,0.,1.));
#3808 = DIRECTION('',(1.,0.,-0.));
#3809 = PCURVE('',#3787,#3810);
#3810 = DEFINITIONAL_REPRESENTATION('',(#3811),#3815);
#3811 = CIRCLE('',#3812,1.8);
#3812 = AXIS2_PLACEMENT_2D('',#3813,#3814);
#3813 = CARTESIAN_POINT('',(0.,0.));
#3814 = DIRECTION('',(1.,0.));
#3815 = ( GEOMETRIC_REPRESENTATION_CONTEXT(2) 
PARAMETRIC_REPRESENTATION_CONTEXT() REPRESENTATION_CONTEXT('2D SPACE',''
  ) );
#3816 = PCURVE('',#3683,#3817);
#3817 = DEFINITIONAL_REPRESENTATION('',(#3818),#3822);
#3818 = LINE('',#3819,#3820);
#3819 = CARTESIAN_POINT('',(0.,4.));
#3820 = VECTOR('',#3821,1.);
#3821 = DIRECTION('',(1.,0.));
#3822 = ( GEOMETRIC_REPRESENTATION_CONTEXT(2) 
PARAMETRIC_REPRESENTATION_CONTEXT() REPRESENTATION_CONTEXT('2D SPACE',''
  ) );
#3823 = ADVANCED_FACE('',(#3824),#3683,.F.);
#3824 = FACE_BOUND('',#3825,.F.);
#3825 = EDGE_LOOP('',(#3826,#3827,#3828,#3851,#3878,#3879));
#3826 = ORIENTED_EDGE('',*,*,#3802,.F.);
#3827 = ORIENTED_EDGE('',*,*,#3709,.F.);
#3828 = ORIENTED_EDGE('',*,*,#3829,.F.);
#3829 = EDGE_CURVE('',#3830,#3638,#3832,.T.);
#3830 = VERTEX_POINT('',#3831);
#3831 = CARTESIAN_POINT('',(-1.2,35.,-34.52));
#3832 = SEAM_CURVE('',#3833,(#3837,#3844),.PCURVE_S1.);
#3833 = LINE('',#3834,#3835);
#3834 = CARTESIAN_POINT('',(-1.2,35.,-34.52));
#3835 = VECTOR('',#3836,1.);
#3836 = DIRECTION('',(0.,0.,1.));
#3837 = PCURVE('',#3683,#3838);
#3838 = DEFINITIONAL_REPRESENTATION('',(#3839),#3843);
#3839 = LINE('',#3840,#3841);
#3840 = CARTESIAN_POINT('',(6.28318530718,-0.));
#3841 = VECTOR('',#3842,1.);
#3842 = DIRECTION('',(0.,1.));
#3843 = ( GEOMETRIC_REPRESENTATION_CONTEXT(2) 
PARAMETRIC_REPRESENTATION_CONTEXT() REPRESENTATION_CONTEXT('2D SPACE',''
  ) );
#3844 = PCURVE('',#3683,#3845);
#3845 = DEFINITIONAL_REPRESENTATION('',(#3846),#3850);
#3846 = LINE('',#3847,#3848);
#3847 = CARTESIAN_POINT('',(0.,-0.));
#3848 = VECTOR('',#3849,1.);
#3849 = DIRECTION('',(0.,1.));
#3850 = ( GEOMETRIC_REPRESENTATION_CONTEXT(2) 
PARAMETRIC_REPRESENTATION_CONTEXT() REPRESENTATION_CONTEXT('2D SPACE',''
  ) );
#3851 = ORIENTED_EDGE('',*,*,#3852,.T.);
#3852 = EDGE_CURVE('',#3830,#3830,#3853,.T.);
#3853 = SURFACE_CURVE('',#3854,(#3859,#3866),.PCURVE_S1.);
#3854 = CIRCLE('',#3855,1.8);
#3855 = AXIS2_PLACEMENT_3D('',#3856,#3857,#3858);
#3856 = CARTESIAN_POINT('',(-3.,35.,-34.52));
#3857 = DIRECTION('',(0.,0.,1.));
#3858 = DIRECTION('',(1.,0.,-0.));
#3859 = PCURVE('',#3683,#3860);
#3860 = DEFINITIONAL_REPRESENTATION('',(#3861),#3865);
#3861 = LINE('',#3862,#3863);
#3862 = CARTESIAN_POINT('',(0.,0.));
#3863 = VECTOR('',#3864,1.);
#3864 = DIRECTION('',(1.,0.));
#3865 = ( GEOMETRIC_REPRESENTATION_CONTEXT(2) 
PARAMETRIC_REPRESENTATION_CONTEXT() REPRESENTATION_CONTEXT('2D SPACE',''
  ) );
#3866 = PCURVE('',#3867,#3872);
#3867 = PLANE('',#3868);
#3868 = AXIS2_PLACEMENT_3D('',#3869,#3870,#3871);
#3869 = CARTESIAN_POINT('',(-3.,35.,-34.52));
#3870 = DIRECTION('',(0.,0.,1.));
#3871 = DIRECTION('',(1.,0.,-0.));
#3872 = DEFINITIONAL_REPRESENTATION('',(#3873),#3877);
#3873 = CIRCLE('',#3874,1.8);
#3874 = AXIS2_PLACEMENT_2D('',#3875,#3876);
#3875 = CARTESIAN_POINT('',(0.,0.));
#3876 = DIRECTION('',(1.,0.));
#3877 = ( GEOMETRIC_REPRESENTATION_CONTEXT(2) 
PARAMETRIC_REPRESENTATION_CONTEXT() REPRESENTATION_CONTEXT('2D SPACE',''
  ) );
#3878 = ORIENTED_EDGE('',*,*,#3829,.T.);
#3879 = ORIENTED_EDGE('',*,*,#3637,.T.);
#3880 = ADVANCED_FACE('',(#3881),#3867,.T.);
#3881 = FACE_BOUND('',#3882,.F.);
#3882 = EDGE_LOOP('',(#3883));
#3883 = ORIENTED_EDGE('',*,*,#3852,.F.);
#3884 = ADVANCED_FACE('',(#3885),#3624,.F.);
#3885 = FACE_BOUND('',#3886,.F.);
#3886 = EDGE_LOOP('',(#3887,#3911,#3933));
#3887 = ORIENTED_EDGE('',*,*,#3888,.T.);
#3888 = EDGE_CURVE('',#3450,#3889,#3891,.T.);
#3889 = VERTEX_POINT('',#3890);
#3890 = CARTESIAN_POINT('',(4.8,52.,-30.52));
#3891 = SURFACE_CURVE('',#3892,(#3897,#3904),.PCURVE_S1.);
#3892 = CIRCLE('',#3893,1.8);
#3893 = AXIS2_PLACEMENT_3D('',#3894,#3895,#3896);
#3894 = CARTESIAN_POINT('',(3.,52.,-30.52));
#3895 = DIRECTION('',(0.,0.,1.));
#3896 = DIRECTION('',(1.,0.,-0.));
#3897 = PCURVE('',#3624,#3898);
#3898 = DEFINITIONAL_REPRESENTATION('',(#3899),#3903);
#3899 = CIRCLE('',#3900,1.8);
#3900 = AXIS2_PLACEMENT_2D('',#3901,#3902);
#3901 = CARTESIAN_POINT('',(0.,0.));
#3902 = DIRECTION('',(1.,0.));
#3903 = ( GEOMETRIC_REPRESENTATION_CONTEXT(2) 
PARAMETRIC_REPRESENTATION_CONTEXT() REPRESENTATION_CONTEXT('2D SPACE',''
  ) );
#3904 = PCURVE('',#3555,#3905);
#3905 = DEFINITIONAL_REPRESENTATION('',(#3906),#3910);
#3906 = LINE('',#3907,#3908);
#3907 = CARTESIAN_POINT('',(0.,4.));
#3908 = VECTOR('',#3909,1.);
#3909 = DIRECTION('',(1.,0.));
#3910 = ( GEOMETRIC_REPRESENTATION_CONTEXT(2) 
PARAMETRIC_REPRESENTATION_CONTEXT() REPRESENTATION_CONTEXT('2D SPACE',''
  ) );
#3911 = ORIENTED_EDGE('',*,*,#3912,.T.);
#3912 = EDGE_CURVE('',#3889,#3452,#3913,.T.);
#3913 = SURFACE_CURVE('',#3914,(#3919,#3926),.PCURVE_S1.);
#3914 = CIRCLE('',#3915,1.8);
#3915 = AXIS2_PLACEMENT_3D('',#3916,#3917,#3918);
#3916 = CARTESIAN_POINT('',(3.,52.,-30.52));
#3917 = DIRECTION('',(0.,0.,1.));
#3918 = DIRECTION('',(1.,0.,-0.));
#3919 = PCURVE('',#3624,#3920);
#3920 = DEFINITIONAL_REPRESENTATION('',(#3921),#3925);
#3921 = CIRCLE('',#3922,1.8);
#3922 = AXIS2_PLACEMENT_2D('',#3923,#3924);
#3923 = CARTESIAN_POINT('',(0.,0.));
#3924 = DIRECTION('',(1.,0.));
#3925 = ( GEOMETRIC_REPRESENTATION_CONTEXT(2) 
PARAMETRIC_REPRESENTATION_CONTEXT() REPRESENTATION_CONTEXT('2D SPACE',''
  ) );
#3926 = PCURVE('',#3555,#3927);
#3927 = DEFINITIONAL_REPRESENTATION('',(#3928),#3932);
#3928 = LINE('',#3929,#3930);
#3929 = CARTESIAN_POINT('',(0.,4.));
#3930 = VECTOR('',#3931,1.);
#3931 = DIRECTION('',(1.,0.));
#3932 = ( GEOMETRIC_REPRESENTATION_CONTEXT(2) 
PARAMETRIC_REPRESENTATION_CONTEXT() REPRESENTATION_CONTEXT('2D SPACE',''
  ) );
#3933 = ORIENTED_EDGE('',*,*,#3611,.F.);
#3934 = ADVANCED_FACE('',(#3935),#3555,.F.);
#3935 = FACE_BOUND('',#3936,.F.);
#3936 = EDGE_LOOP('',(#3937,#3960,#3961,#3962,#3963,#3964));
#3937 = ORIENTED_EDGE('',*,*,#3938,.T.);
#3938 = EDGE_CURVE('',#3939,#3889,#3941,.T.);
#3939 = VERTEX_POINT('',#3940);
#3940 = CARTESIAN_POINT('',(4.8,52.,-34.52));
#3941 = SEAM_CURVE('',#3942,(#3946,#3953),.PCURVE_S1.);
#3942 = LINE('',#3943,#3944);
#3943 = CARTESIAN_POINT('',(4.8,52.,-34.52));
#3944 = VECTOR('',#3945,1.);
#3945 = DIRECTION('',(0.,0.,1.));
#3946 = PCURVE('',#3555,#3947);
#3947 = DEFINITIONAL_REPRESENTATION('',(#3948),#3952);
#3948 = LINE('',#3949,#3950);
#3949 = CARTESIAN_POINT('',(6.28318530718,-0.));
#3950 = VECTOR('',#3951,1.);
#3951 = DIRECTION('',(0.,1.));
#3952 = ( GEOMETRIC_REPRESENTATION_CONTEXT(2) 
PARAMETRIC_REPRESENTATION_CONTEXT() REPRESENTATION_CONTEXT('2D SPACE',''
  ) );
#3953 = PCURVE('',#3555,#3954);
#3954 = DEFINITIONAL_REPRESENTATION('',(#3955),#3959);
#3955 = LINE('',#3956,#3957);
#3956 = CARTESIAN_POINT('',(0.,-0.));
#3957 = VECTOR('',#3958,1.);
#3958 = DIRECTION('',(0.,1.));
#3959 = ( GEOMETRIC_REPRESENTATION_CONTEXT(2) 
PARAMETRIC_REPRESENTATION_CONTEXT() REPRESENTATION_CONTEXT('2D SPACE',''
  ) );
#3960 = ORIENTED_EDGE('',*,*,#3888,.F.);
#3961 = ORIENTED_EDGE('',*,*,#3449,.T.);
#3962 = ORIENTED_EDGE('',*,*,#3912,.F.);
#3963 = ORIENTED_EDGE('',*,*,#3938,.F.);
#3964 = ORIENTED_EDGE('',*,*,#3965,.T.);
#3965 = EDGE_CURVE('',#3939,#3939,#3966,.T.);
#3966 = SURFACE_CURVE('',#3967,(#3972,#3979),.PCURVE_S1.);
#3967 = CIRCLE('',#3968,1.8);
#3968 = AXIS2_PLACEMENT_3D('',#3969,#3970,#3971);
#3969 = CARTESIAN_POINT('',(3.,52.,-34.52));
#3970 = DIRECTION('',(0.,0.,1.));
#3971 = DIRECTION('',(1.,0.,-0.));
#3972 = PCURVE('',#3555,#3973);
#3973 = DEFINITIONAL_REPRESENTATION('',(#3974),#3978);
#3974 = LINE('',#3975,#3976);
#3975 = CARTESIAN_POINT('',(0.,0.));
#3976 = VECTOR('',#3977,1.);
#3977 = DIRECTION('',(1.,0.));
#3978 = ( GEOMETRIC_REPRESENTATION_CONTEXT(2) 
PARAMETRIC_REPRESENTATION_CONTEXT() REPRESENTATION_CONTEXT('2D SPACE',''
  ) );
#3979 = PCURVE('',#3980,#3985);
#3980 = PLANE('',#3981);
#3981 = AXIS2_PLACEMENT_3D('',#3982,#3983,#3984);
#3982 = CARTESIAN_POINT('',(3.,52.,-34.52));
#3983 = DIRECTION('',(0.,0.,1.));
#3984 = DIRECTION('',(1.,0.,-0.));
#3985 = DEFINITIONAL_REPRESENTATION('',(#3986),#3990);
#3986 = CIRCLE('',#3987,1.8);
#3987 = AXIS2_PLACEMENT_2D('',#3988,#3989);
#3988 = CARTESIAN_POINT('',(0.,0.));
#3989 = DIRECTION('',(1.,0.));
#3990 = ( GEOMETRIC_REPRESENTATION_CONTEXT(2) 
PARAMETRIC_REPRESENTATION_CONTEXT() REPRESENTATION_CONTEXT('2D SPACE',''
  ) );
#3991 = ADVANCED_FACE('',(#3992),#3980,.T.);
#3992 = FACE_BOUND('',#3993,.F.);
#3993 = EDGE_LOOP('',(#3994));
#3994 = ORIENTED_EDGE('',*,*,#3965,.F.);
#3995 = ADVANCED_FACE('',(#3996),#3436,.F.);
#3996 = FACE_BOUND('',#3997,.F.);
#3997 = EDGE_LOOP('',(#3998,#4022,#4044));
#3998 = ORIENTED_EDGE('',*,*,#3999,.T.);
#3999 = EDGE_CURVE('',#3262,#4000,#4002,.T.);
#4000 = VERTEX_POINT('',#4001);
#4001 = CARTESIAN_POINT('',(4.8,15.,-30.52));
#4002 = SURFACE_CURVE('',#4003,(#4008,#4015),.PCURVE_S1.);
#4003 = CIRCLE('',#4004,1.8);
#4004 = AXIS2_PLACEMENT_3D('',#4005,#4006,#4007);
#4005 = CARTESIAN_POINT('',(3.,15.,-30.52));
#4006 = DIRECTION('',(0.,0.,1.));
#4007 = DIRECTION('',(1.,0.,-0.));
#4008 = PCURVE('',#3436,#4009);
#4009 = DEFINITIONAL_REPRESENTATION('',(#4010),#4014);
#4010 = CIRCLE('',#4011,1.8);
#4011 = AXIS2_PLACEMENT_2D('',#4012,#4013);
#4012 = CARTESIAN_POINT('',(0.,0.));
#4013 = DIRECTION('',(1.,0.));
#4014 = ( GEOMETRIC_REPRESENTATION_CONTEXT(2) 
PARAMETRIC_REPRESENTATION_CONTEXT() REPRESENTATION_CONTEXT('2D SPACE',''
  ) );
#4015 = PCURVE('',#3367,#4016);
#4016 = DEFINITIONAL_REPRESENTATION('',(#4017),#4021);
#4017 = LINE('',#4018,#4019);
#4018 = CARTESIAN_POINT('',(0.,4.));
#4019 = VECTOR('',#4020,1.);
#4020 = DIRECTION('',(1.,0.));
#4021 = ( GEOMETRIC_REPRESENTATION_CONTEXT(2) 
PARAMETRIC_REPRESENTATION_CONTEXT() REPRESENTATION_CONTEXT('2D SPACE',''
  ) );
#4022 = ORIENTED_EDGE('',*,*,#4023,.T.);
#4023 = EDGE_CURVE('',#4000,#3264,#4024,.T.);
#4024 = SURFACE_CURVE('',#4025,(#4030,#4037),.PCURVE_S1.);
#4025 = CIRCLE('',#4026,1.8);
#4026 = AXIS2_PLACEMENT_3D('',#4027,#4028,#4029);
#4027 = CARTESIAN_POINT('',(3.,15.,-30.52));
#4028 = DIRECTION('',(0.,0.,1.));
#4029 = DIRECTION('',(1.,0.,-0.));
#4030 = PCURVE('',#3436,#4031);
#4031 = DEFINITIONAL_REPRESENTATION('',(#4032),#4036);
#4032 = CIRCLE('',#4033,1.8);
#4033 = AXIS2_PLACEMENT_2D('',#4034,#4035);
#4034 = CARTESIAN_POINT('',(0.,0.));
#4035 = DIRECTION('',(1.,0.));
#4036 = ( GEOMETRIC_REPRESENTATION_CONTEXT(2) 
PARAMETRIC_REPRESENTATION_CONTEXT() REPRESENTATION_CONTEXT('2D SPACE',''
  ) );
#4037 = PCURVE('',#3367,#4038);
#4038 = DEFINITIONAL_REPRESENTATION('',(#4039),#4043);
#4039 = LINE('',#4040,#4041);
#4040 = CARTESIAN_POINT('',(0.,4.));
#4041 = VECTOR('',#4042,1.);
#4042 = DIRECTION('',(1.,0.));
#4043 = ( GEOMETRIC_REPRESENTATION_CONTEXT(2) 
PARAMETRIC_REPRESENTATION_CONTEXT() REPRESENTATION_CONTEXT('2D SPACE',''
  ) );
#4044 = ORIENTED_EDGE('',*,*,#3423,.F.);
#4045 = ADVANCED_FACE('',(#4046),#3367,.F.);
#4046 = FACE_BOUND('',#4047,.F.);
#4047 = EDGE_LOOP('',(#4048,#4071,#4072,#4073,#4074,#4075));
#4048 = ORIENTED_EDGE('',*,*,#4049,.T.);
#4049 = EDGE_CURVE('',#4050,#4000,#4052,.T.);
#4050 = VERTEX_POINT('',#4051);
#4051 = CARTESIAN_POINT('',(4.8,15.,-34.52));
#4052 = SEAM_CURVE('',#4053,(#4057,#4064),.PCURVE_S1.);
#4053 = LINE('',#4054,#4055);
#4054 = CARTESIAN_POINT('',(4.8,15.,-34.52));
#4055 = VECTOR('',#4056,1.);
#4056 = DIRECTION('',(0.,0.,1.));
#4057 = PCURVE('',#3367,#4058);
#4058 = DEFINITIONAL_REPRESENTATION('',(#4059),#4063);
#4059 = LINE('',#4060,#4061);
#4060 = CARTESIAN_POINT('',(6.28318530718,-0.));
#4061 = VECTOR('',#4062,1.);
#4062 = DIRECTION('',(0.,1.));
#4063 = ( GEOMETRIC_REPRESENTATION_CONTEXT(2) 
PARAMETRIC_REPRESENTATION_CONTEXT() REPRESENTATION_CONTEXT('2D SPACE',''
  ) );
#4064 = PCURVE('',#3367,#4065);
#4065 = DEFINITIONAL_REPRESENTATION('',(#4066),#4070);
#4066 = LINE('',#4067,#4068);
#4067 = CARTESIAN_POINT('',(0.,-0.));
#4068 = VECTOR('',#4069,1.);
#4069 = DIRECTION('',(0.,1.));
#4070 = ( GEOMETRIC_REPRESENTATION_CONTEXT(2) 
PARAMETRIC_REPRESENTATION_CONTEXT() REPRESENTATION_CONTEXT('2D SPACE',''
  ) );
#4071 = ORIENTED_EDGE('',*,*,#3999,.F.);
#4072 = ORIENTED_EDGE('',*,*,#3261,.T.);
#4073 = ORIENTED_EDGE('',*,*,#4023,.F.);
#4074 = ORIENTED_EDGE('',*,*,#4049,.F.);
#4075 = ORIENTED_EDGE('',*,*,#4076,.T.);
#4076 = EDGE_CURVE('',#4050,#4050,#4077,.T.);
#4077 = SURFACE_CURVE('',#4078,(#4083,#4090),.PCURVE_S1.);
#4078 = CIRCLE('',#4079,1.8);
#4079 = AXIS2_PLACEMENT_3D('',#4080,#4081,#4082);
#4080 = CARTESIAN_POINT('',(3.,15.,-34.52));
#4081 = DIRECTION('',(0.,0.,1.));
#4082 = DIRECTION('',(1.,0.,-0.));
#4083 = PCURVE('',#3367,#4084);
#4084 = DEFINITIONAL_REPRESENTATION('',(#4085),#4089);
#4085 = LINE('',#4086,#4087);
#4086 = CARTESIAN_POINT('',(0.,0.));
#4087 = VECTOR('',#4088,1.);
#4088 = DIRECTION('',(1.,0.));
#4089 = ( GEOMETRIC_REPRESENTATION_CONTEXT(2) 
PARAMETRIC_REPRESENTATION_CONTEXT() REPRESENTATION_CONTEXT('2D SPACE',''
  ) );
#4090 = PCURVE('',#4091,#4096);
#4091 = PLANE('',#4092);
#4092 = AXIS2_PLACEMENT_3D('',#4093,#4094,#4095);
#4093 = CARTESIAN_POINT('',(3.,15.,-34.52));
#4094 = DIRECTION('',(0.,0.,1.));
#4095 = DIRECTION('',(1.,0.,-0.));
#4096 = DEFINITIONAL_REPRESENTATION('',(#4097),#4101);
#4097 = CIRCLE('',#4098,1.8);
#4098 = AXIS2_PLACEMENT_2D('',#4099,#4100);
#4099 = CARTESIAN_POINT('',(0.,0.));
#4100 = DIRECTION('',(1.,0.));
#4101 = ( GEOMETRIC_REPRESENTATION_CONTEXT(2) 
PARAMETRIC_REPRESENTATION_CONTEXT() REPRESENTATION_CONTEXT('2D SPACE',''
  ) );
#4102 = ADVANCED_FACE('',(#4103),#4091,.T.);
#4103 = FACE_BOUND('',#4104,.F.);
#4104 = EDGE_LOOP('',(#4105));
#4105 = ORIENTED_EDGE('',*,*,#4076,.F.);
#4106 = ADVANCED_FACE('',(#4107),#1063,.T.);
#4107 = FACE_BOUND('',#4108,.T.);
#4108 = EDGE_LOOP('',(#4109,#4132,#4153,#4154,#4155));
#4109 = ORIENTED_EDGE('',*,*,#4110,.F.);
#4110 = EDGE_CURVE('',#4111,#1644,#4113,.T.);
#4111 = VERTEX_POINT('',#4112);
#4112 = CARTESIAN_POINT('',(-7.,0.,-30.12));
#4113 = SURFACE_CURVE('',#4114,(#4118,#4125),.PCURVE_S1.);
#4114 = LINE('',#4115,#4116);
#4115 = CARTESIAN_POINT('',(-7.,0.,-30.12));
#4116 = VECTOR('',#4117,1.);
#4117 = DIRECTION('',(-0.,1.,0.));
#4118 = PCURVE('',#1063,#4119);
#4119 = DEFINITIONAL_REPRESENTATION('',(#4120),#4124);
#4120 = LINE('',#4121,#4122);
#4121 = CARTESIAN_POINT('',(0.,0.));
#4122 = VECTOR('',#4123,1.);
#4123 = DIRECTION('',(0.,1.));
#4124 = ( GEOMETRIC_REPRESENTATION_CONTEXT(2) 
PARAMETRIC_REPRESENTATION_CONTEXT() REPRESENTATION_CONTEXT('2D SPACE',''
  ) );
#4125 = PCURVE('',#261,#4126);
#4126 = DEFINITIONAL_REPRESENTATION('',(#4127),#4131);
#4127 = LINE('',#4128,#4129);
#4128 = CARTESIAN_POINT('',(8.,0.));
#4129 = VECTOR('',#4130,1.);
#4130 = DIRECTION('',(0.,-1.));
#4131 = ( GEOMETRIC_REPRESENTATION_CONTEXT(2) 
PARAMETRIC_REPRESENTATION_CONTEXT() REPRESENTATION_CONTEXT('2D SPACE',''
  ) );
#4132 = ORIENTED_EDGE('',*,*,#4133,.T.);
#4133 = EDGE_CURVE('',#4111,#1021,#4134,.T.);
#4134 = SURFACE_CURVE('',#4135,(#4139,#4146),.PCURVE_S1.);
#4135 = LINE('',#4136,#4137);
#4136 = CARTESIAN_POINT('',(-7.,0.,-30.12));
#4137 = VECTOR('',#4138,1.);
#4138 = DIRECTION('',(1.,0.,-0.));
#4139 = PCURVE('',#1063,#4140);
#4140 = DEFINITIONAL_REPRESENTATION('',(#4141),#4145);
#4141 = LINE('',#4142,#4143);
#4142 = CARTESIAN_POINT('',(0.,0.));
#4143 = VECTOR('',#4144,1.);
#4144 = DIRECTION('',(1.,0.));
#4145 = ( GEOMETRIC_REPRESENTATION_CONTEXT(2) 
PARAMETRIC_REPRESENTATION_CONTEXT() REPRESENTATION_CONTEXT('2D SPACE',''
  ) );
#4146 = PCURVE('',#1035,#4147);
#4147 = DEFINITIONAL_REPRESENTATION('',(#4148),#4152);
#4148 = LINE('',#4149,#4150);
#4149 = CARTESIAN_POINT('',(8.,0.));
#4150 = VECTOR('',#4151,1.);
#4151 = DIRECTION('',(0.,1.));
#4152 = ( GEOMETRIC_REPRESENTATION_CONTEXT(2) 
PARAMETRIC_REPRESENTATION_CONTEXT() REPRESENTATION_CONTEXT('2D SPACE',''
  ) );
#4153 = ORIENTED_EDGE('',*,*,#1046,.F.);
#4154 = ORIENTED_EDGE('',*,*,#3212,.T.);
#4155 = ORIENTED_EDGE('',*,*,#1643,.T.);
#4156 = ADVANCED_FACE('',(#4157),#1035,.F.);
#4157 = FACE_BOUND('',#4158,.F.);
#4158 = EDGE_LOOP('',(#4159,#4160,#4183,#4204));
#4159 = ORIENTED_EDGE('',*,*,#1020,.F.);
#4160 = ORIENTED_EDGE('',*,*,#4161,.T.);
#4161 = EDGE_CURVE('',#992,#4162,#4164,.T.);
#4162 = VERTEX_POINT('',#4163);
#4163 = CARTESIAN_POINT('',(-7.,0.,-31.5));
#4164 = SURFACE_CURVE('',#4165,(#4169,#4176),.PCURVE_S1.);
#4165 = LINE('',#4166,#4167);
#4166 = CARTESIAN_POINT('',(-6.,0.,-31.5));
#4167 = VECTOR('',#4168,1.);
#4168 = DIRECTION('',(-1.,0.,0.));
#4169 = PCURVE('',#1035,#4170);
#4170 = DEFINITIONAL_REPRESENTATION('',(#4171),#4175);
#4171 = LINE('',#4172,#4173);
#4172 = CARTESIAN_POINT('',(6.62,1.));
#4173 = VECTOR('',#4174,1.);
#4174 = DIRECTION('',(0.,-1.));
#4175 = ( GEOMETRIC_REPRESENTATION_CONTEXT(2) 
PARAMETRIC_REPRESENTATION_CONTEXT() REPRESENTATION_CONTEXT('2D SPACE',''
  ) );
#4176 = PCURVE('',#1008,#4177);
#4177 = DEFINITIONAL_REPRESENTATION('',(#4178),#4182);
#4178 = LINE('',#4179,#4180);
#4179 = CARTESIAN_POINT('',(-6.,0.));
#4180 = VECTOR('',#4181,1.);
#4181 = DIRECTION('',(-1.,0.));
#4182 = ( GEOMETRIC_REPRESENTATION_CONTEXT(2) 
PARAMETRIC_REPRESENTATION_CONTEXT() REPRESENTATION_CONTEXT('2D SPACE',''
  ) );
#4183 = ORIENTED_EDGE('',*,*,#4184,.T.);
#4184 = EDGE_CURVE('',#4162,#4111,#4185,.T.);
#4185 = SURFACE_CURVE('',#4186,(#4190,#4197),.PCURVE_S1.);
#4186 = LINE('',#4187,#4188);
#4187 = CARTESIAN_POINT('',(-7.,0.,-38.12));
#4188 = VECTOR('',#4189,1.);
#4189 = DIRECTION('',(0.,0.,1.));
#4190 = PCURVE('',#1035,#4191);
#4191 = DEFINITIONAL_REPRESENTATION('',(#4192),#4196);
#4192 = LINE('',#4193,#4194);
#4193 = CARTESIAN_POINT('',(0.,0.));
#4194 = VECTOR('',#4195,1.);
#4195 = DIRECTION('',(1.,0.));
#4196 = ( GEOMETRIC_REPRESENTATION_CONTEXT(2) 
PARAMETRIC_REPRESENTATION_CONTEXT() REPRESENTATION_CONTEXT('2D SPACE',''
  ) );
#4197 = PCURVE('',#261,#4198);
#4198 = DEFINITIONAL_REPRESENTATION('',(#4199),#4203);
#4199 = LINE('',#4200,#4201);
#4200 = CARTESIAN_POINT('',(0.,0.));
#4201 = VECTOR('',#4202,1.);
#4202 = DIRECTION('',(1.,0.));
#4203 = ( GEOMETRIC_REPRESENTATION_CONTEXT(2) 
PARAMETRIC_REPRESENTATION_CONTEXT() REPRESENTATION_CONTEXT('2D SPACE',''
  ) );
#4204 = ORIENTED_EDGE('',*,*,#4133,.T.);
#4205 = ADVANCED_FACE('',(#4206,#4695,#4776),#1008,.T.);
#4206 = FACE_BOUND('',#4207,.T.);
#4207 = EDGE_LOOP('',(#4208,#4231,#4232,#4233,#4234,#4257,#4285,#4313,
    #4341,#4369,#4397,#4426,#4450,#4478,#4505,#4533,#4562,#4590,#4618,
    #4646,#4674));
#4208 = ORIENTED_EDGE('',*,*,#4209,.F.);
#4209 = EDGE_CURVE('',#1428,#4210,#4212,.T.);
#4210 = VERTEX_POINT('',#4211);
#4211 = CARTESIAN_POINT('',(7.,5.656854249492,-31.5));
#4212 = SURFACE_CURVE('',#4213,(#4217,#4224),.PCURVE_S1.);
#4213 = LINE('',#4214,#4215);
#4214 = CARTESIAN_POINT('',(7.,0.,-31.5));
#4215 = VECTOR('',#4216,1.);
#4216 = DIRECTION('',(-1.570092458684E-16,1.,0.));
#4217 = PCURVE('',#1008,#4218);
#4218 = DEFINITIONAL_REPRESENTATION('',(#4219),#4223);
#4219 = LINE('',#4220,#4221);
#4220 = CARTESIAN_POINT('',(7.,0.));
#4221 = VECTOR('',#4222,1.);
#4222 = DIRECTION('',(-1.570092458684E-16,1.));
#4223 = ( GEOMETRIC_REPRESENTATION_CONTEXT(2) 
PARAMETRIC_REPRESENTATION_CONTEXT() REPRESENTATION_CONTEXT('2D SPACE',''
  ) );
#4224 = PCURVE('',#317,#4225);
#4225 = DEFINITIONAL_REPRESENTATION('',(#4226),#4230);
#4226 = LINE('',#4227,#4228);
#4227 = CARTESIAN_POINT('',(6.62,0.));
#4228 = VECTOR('',#4229,1.);
#4229 = DIRECTION('',(0.,-1.));
#4230 = ( GEOMETRIC_REPRESENTATION_CONTEXT(2) 
PARAMETRIC_REPRESENTATION_CONTEXT() REPRESENTATION_CONTEXT('2D SPACE',''
  ) );
#4231 = ORIENTED_EDGE('',*,*,#1427,.T.);
#4232 = ORIENTED_EDGE('',*,*,#991,.F.);
#4233 = ORIENTED_EDGE('',*,*,#4161,.T.);
#4234 = ORIENTED_EDGE('',*,*,#4235,.F.);
#4235 = EDGE_CURVE('',#4236,#4162,#4238,.T.);
#4236 = VERTEX_POINT('',#4237);
#4237 = CARTESIAN_POINT('',(-7.,5.656854249492,-31.5));
#4238 = SURFACE_CURVE('',#4239,(#4243,#4250),.PCURVE_S1.);
#4239 = LINE('',#4240,#4241);
#4240 = CARTESIAN_POINT('',(-7.,5.656854249492,-31.5));
#4241 = VECTOR('',#4242,1.);
#4242 = DIRECTION('',(-3.140184917368E-16,-1.,0.));
#4243 = PCURVE('',#1008,#4244);
#4244 = DEFINITIONAL_REPRESENTATION('',(#4245),#4249);
#4245 = LINE('',#4246,#4247);
#4246 = CARTESIAN_POINT('',(-7.,5.656854249492));
#4247 = VECTOR('',#4248,1.);
#4248 = DIRECTION('',(-3.140184917368E-16,-1.));
#4249 = ( GEOMETRIC_REPRESENTATION_CONTEXT(2) 
PARAMETRIC_REPRESENTATION_CONTEXT() REPRESENTATION_CONTEXT('2D SPACE',''
  ) );
#4250 = PCURVE('',#261,#4251);
#4251 = DEFINITIONAL_REPRESENTATION('',(#4252),#4256);
#4252 = LINE('',#4253,#4254);
#4253 = CARTESIAN_POINT('',(6.62,-5.656854249492));
#4254 = VECTOR('',#4255,1.);
#4255 = DIRECTION('',(0.,1.));
#4256 = ( GEOMETRIC_REPRESENTATION_CONTEXT(2) 
PARAMETRIC_REPRESENTATION_CONTEXT() REPRESENTATION_CONTEXT('2D SPACE',''
  ) );
#4257 = ORIENTED_EDGE('',*,*,#4258,.T.);
#4258 = EDGE_CURVE('',#4236,#4259,#4261,.T.);
#4259 = VERTEX_POINT('',#4260);
#4260 = CARTESIAN_POINT('',(-8.062257748299,4.,-31.5));
#4261 = SURFACE_CURVE('',#4262,(#4267,#4274),.PCURVE_S1.);
#4262 = CIRCLE('',#4263,9.);
#4263 = AXIS2_PLACEMENT_3D('',#4264,#4265,#4266);
#4264 = CARTESIAN_POINT('',(0.,0.,-31.5));
#4265 = DIRECTION('',(0.,0.,1.));
#4266 = DIRECTION('',(1.,0.,-0.));
#4267 = PCURVE('',#1008,#4268);
#4268 = DEFINITIONAL_REPRESENTATION('',(#4269),#4273);
#4269 = CIRCLE('',#4270,9.);
#4270 = AXIS2_PLACEMENT_2D('',#4271,#4272);
#4271 = CARTESIAN_POINT('',(0.,0.));
#4272 = DIRECTION('',(1.,0.));
#4273 = ( GEOMETRIC_REPRESENTATION_CONTEXT(2) 
PARAMETRIC_REPRESENTATION_CONTEXT() REPRESENTATION_CONTEXT('2D SPACE',''
  ) );
#4274 = PCURVE('',#4275,#4280);
#4275 = CYLINDRICAL_SURFACE('',#4276,9.);
#4276 = AXIS2_PLACEMENT_3D('',#4277,#4278,#4279);
#4277 = CARTESIAN_POINT('',(0.,0.,-43.));
#4278 = DIRECTION('',(0.,0.,1.));
#4279 = DIRECTION('',(1.,0.,-0.));
#4280 = DEFINITIONAL_REPRESENTATION('',(#4281),#4284);
#4281 = B_SPLINE_CURVE_WITH_KNOTS('',1,(#4282,#4283),.UNSPECIFIED.,.F.,
  .F.,(2,2),(2.461918834682,2.681038661908),.PIECEWISE_BEZIER_KNOTS.);
#4282 = CARTESIAN_POINT('',(2.461918834682,11.5));
#4283 = CARTESIAN_POINT('',(2.681038661908,11.5));
#4284 = ( GEOMETRIC_REPRESENTATION_CONTEXT(2) 
PARAMETRIC_REPRESENTATION_CONTEXT() REPRESENTATION_CONTEXT('2D SPACE',''
  ) );
#4285 = ORIENTED_EDGE('',*,*,#4286,.F.);
#4286 = EDGE_CURVE('',#4287,#4259,#4289,.T.);
#4287 = VERTEX_POINT('',#4288);
#4288 = CARTESIAN_POINT('',(-9.,4.,-31.5));
#4289 = SURFACE_CURVE('',#4290,(#4294,#4301),.PCURVE_S1.);
#4290 = LINE('',#4291,#4292);
#4291 = CARTESIAN_POINT('',(-9.,4.,-31.5));
#4292 = VECTOR('',#4293,1.);
#4293 = DIRECTION('',(1.,0.,-0.));
#4294 = PCURVE('',#1008,#4295);
#4295 = DEFINITIONAL_REPRESENTATION('',(#4296),#4300);
#4296 = LINE('',#4297,#4298);
#4297 = CARTESIAN_POINT('',(-9.,4.));
#4298 = VECTOR('',#4299,1.);
#4299 = DIRECTION('',(1.,0.));
#4300 = ( GEOMETRIC_REPRESENTATION_CONTEXT(2) 
PARAMETRIC_REPRESENTATION_CONTEXT() REPRESENTATION_CONTEXT('2D SPACE',''
  ) );
#4301 = PCURVE('',#4302,#4307);
#4302 = PLANE('',#4303);
#4303 = AXIS2_PLACEMENT_3D('',#4304,#4305,#4306);
#4304 = CARTESIAN_POINT('',(-9.,4.,-34.5));
#4305 = DIRECTION('',(-0.,1.,0.));
#4306 = DIRECTION('',(0.,0.,1.));
#4307 = DEFINITIONAL_REPRESENTATION('',(#4308),#4312);
#4308 = LINE('',#4309,#4310);
#4309 = CARTESIAN_POINT('',(3.,0.));
#4310 = VECTOR('',#4311,1.);
#4311 = DIRECTION('',(0.,1.));
#4312 = ( GEOMETRIC_REPRESENTATION_CONTEXT(2) 
PARAMETRIC_REPRESENTATION_CONTEXT() REPRESENTATION_CONTEXT('2D SPACE',''
  ) );
#4313 = ORIENTED_EDGE('',*,*,#4314,.T.);
#4314 = EDGE_CURVE('',#4287,#4315,#4317,.T.);
#4315 = VERTEX_POINT('',#4316);
#4316 = CARTESIAN_POINT('',(-9.,-10.,-31.5));
#4317 = SURFACE_CURVE('',#4318,(#4322,#4329),.PCURVE_S1.);
#4318 = LINE('',#4319,#4320);
#4319 = CARTESIAN_POINT('',(-9.,4.,-31.5));
#4320 = VECTOR('',#4321,1.);
#4321 = DIRECTION('',(0.,-1.,0.));
#4322 = PCURVE('',#1008,#4323);
#4323 = DEFINITIONAL_REPRESENTATION('',(#4324),#4328);
#4324 = LINE('',#4325,#4326);
#4325 = CARTESIAN_POINT('',(-9.,4.));
#4326 = VECTOR('',#4327,1.);
#4327 = DIRECTION('',(0.,-1.));
#4328 = ( GEOMETRIC_REPRESENTATION_CONTEXT(2) 
PARAMETRIC_REPRESENTATION_CONTEXT() REPRESENTATION_CONTEXT('2D SPACE',''
  ) );
#4329 = PCURVE('',#4330,#4335);
#4330 = PLANE('',#4331);
#4331 = AXIS2_PLACEMENT_3D('',#4332,#4333,#4334);
#4332 = CARTESIAN_POINT('',(-9.,-10.,-34.5));
#4333 = DIRECTION('',(1.,0.,-0.));
#4334 = DIRECTION('',(0.,0.,1.));
#4335 = DEFINITIONAL_REPRESENTATION('',(#4336),#4340);
#4336 = LINE('',#4337,#4338);
#4337 = CARTESIAN_POINT('',(3.,-14.));
#4338 = VECTOR('',#4339,1.);
#4339 = DIRECTION('',(0.,1.));
#4340 = ( GEOMETRIC_REPRESENTATION_CONTEXT(2) 
PARAMETRIC_REPRESENTATION_CONTEXT() REPRESENTATION_CONTEXT('2D SPACE',''
  ) );
#4341 = ORIENTED_EDGE('',*,*,#4342,.T.);
#4342 = EDGE_CURVE('',#4315,#4343,#4345,.T.);
#4343 = VERTEX_POINT('',#4344);
#4344 = CARTESIAN_POINT('',(-2.,-10.,-31.5));
#4345 = SURFACE_CURVE('',#4346,(#4350,#4357),.PCURVE_S1.);
#4346 = LINE('',#4347,#4348);
#4347 = CARTESIAN_POINT('',(-9.,-10.,-31.5));
#4348 = VECTOR('',#4349,1.);
#4349 = DIRECTION('',(1.,0.,-0.));
#4350 = PCURVE('',#1008,#4351);
#4351 = DEFINITIONAL_REPRESENTATION('',(#4352),#4356);
#4352 = LINE('',#4353,#4354);
#4353 = CARTESIAN_POINT('',(-9.,-10.));
#4354 = VECTOR('',#4355,1.);
#4355 = DIRECTION('',(1.,0.));
#4356 = ( GEOMETRIC_REPRESENTATION_CONTEXT(2) 
PARAMETRIC_REPRESENTATION_CONTEXT() REPRESENTATION_CONTEXT('2D SPACE',''
  ) );
#4357 = PCURVE('',#4358,#4363);
#4358 = PLANE('',#4359);
#4359 = AXIS2_PLACEMENT_3D('',#4360,#4361,#4362);
#4360 = CARTESIAN_POINT('',(-9.,-10.,-34.5));
#4361 = DIRECTION('',(-0.,1.,0.));
#4362 = DIRECTION('',(0.,0.,1.));
#4363 = DEFINITIONAL_REPRESENTATION('',(#4364),#4368);
#4364 = LINE('',#4365,#4366);
#4365 = CARTESIAN_POINT('',(3.,0.));
#4366 = VECTOR('',#4367,1.);
#4367 = DIRECTION('',(0.,1.));
#4368 = ( GEOMETRIC_REPRESENTATION_CONTEXT(2) 
PARAMETRIC_REPRESENTATION_CONTEXT() REPRESENTATION_CONTEXT('2D SPACE',''
  ) );
#4369 = ORIENTED_EDGE('',*,*,#4370,.F.);
#4370 = EDGE_CURVE('',#4371,#4343,#4373,.T.);
#4371 = VERTEX_POINT('',#4372);
#4372 = CARTESIAN_POINT('',(-2.,-19.66708334961,-31.5));
#4373 = SURFACE_CURVE('',#4374,(#4378,#4385),.PCURVE_S1.);
#4374 = LINE('',#4375,#4376);
#4375 = CARTESIAN_POINT('',(-2.,-58.,-31.5));
#4376 = VECTOR('',#4377,1.);
#4377 = DIRECTION('',(-0.,1.,0.));
#4378 = PCURVE('',#1008,#4379);
#4379 = DEFINITIONAL_REPRESENTATION('',(#4380),#4384);
#4380 = LINE('',#4381,#4382);
#4381 = CARTESIAN_POINT('',(-2.,-58.));
#4382 = VECTOR('',#4383,1.);
#4383 = DIRECTION('',(0.,1.));
#4384 = ( GEOMETRIC_REPRESENTATION_CONTEXT(2) 
PARAMETRIC_REPRESENTATION_CONTEXT() REPRESENTATION_CONTEXT('2D SPACE',''
  ) );
#4385 = PCURVE('',#4386,#4391);
#4386 = PLANE('',#4387);
#4387 = AXIS2_PLACEMENT_3D('',#4388,#4389,#4390);
#4388 = CARTESIAN_POINT('',(-2.,-58.,-34.5));
#4389 = DIRECTION('',(1.,0.,-0.));
#4390 = DIRECTION('',(0.,0.,1.));
#4391 = DEFINITIONAL_REPRESENTATION('',(#4392),#4396);
#4392 = LINE('',#4393,#4394);
#4393 = CARTESIAN_POINT('',(3.,0.));
#4394 = VECTOR('',#4395,1.);
#4395 = DIRECTION('',(0.,-1.));
#4396 = ( GEOMETRIC_REPRESENTATION_CONTEXT(2) 
PARAMETRIC_REPRESENTATION_CONTEXT() REPRESENTATION_CONTEXT('2D SPACE',''
  ) );
#4397 = ORIENTED_EDGE('',*,*,#4398,.F.);
#4398 = EDGE_CURVE('',#4399,#4371,#4401,.T.);
#4399 = VERTEX_POINT('',#4400);
#4400 = CARTESIAN_POINT('',(-0.2,-25.,-31.5));
#4401 = SURFACE_CURVE('',#4402,(#4407,#4414),.PCURVE_S1.);
#4402 = CIRCLE('',#4403,8.8);
#4403 = AXIS2_PLACEMENT_3D('',#4404,#4405,#4406);
#4404 = CARTESIAN_POINT('',(-9.,-25.,-31.5));
#4405 = DIRECTION('',(0.,0.,1.));
#4406 = DIRECTION('',(1.,0.,-0.));
#4407 = PCURVE('',#1008,#4408);
#4408 = DEFINITIONAL_REPRESENTATION('',(#4409),#4413);
#4409 = CIRCLE('',#4410,8.8);
#4410 = AXIS2_PLACEMENT_2D('',#4411,#4412);
#4411 = CARTESIAN_POINT('',(-9.,-25.));
#4412 = DIRECTION('',(1.,0.));
#4413 = ( GEOMETRIC_REPRESENTATION_CONTEXT(2) 
PARAMETRIC_REPRESENTATION_CONTEXT() REPRESENTATION_CONTEXT('2D SPACE',''
  ) );
#4414 = PCURVE('',#4415,#4420);
#4415 = CYLINDRICAL_SURFACE('',#4416,8.8);
#4416 = AXIS2_PLACEMENT_3D('',#4417,#4418,#4419);
#4417 = CARTESIAN_POINT('',(-9.,-25.,-38.12));
#4418 = DIRECTION('',(0.,0.,1.));
#4419 = DIRECTION('',(1.,0.,-0.));
#4420 = DEFINITIONAL_REPRESENTATION('',(#4421),#4425);
#4421 = LINE('',#4422,#4423);
#4422 = CARTESIAN_POINT('',(0.,6.62));
#4423 = VECTOR('',#4424,1.);
#4424 = DIRECTION('',(1.,0.));
#4425 = ( GEOMETRIC_REPRESENTATION_CONTEXT(2) 
PARAMETRIC_REPRESENTATION_CONTEXT() REPRESENTATION_CONTEXT('2D SPACE',''
  ) );
#4426 = ORIENTED_EDGE('',*,*,#4427,.F.);
#4427 = EDGE_CURVE('',#4428,#4399,#4430,.T.);
#4428 = VERTEX_POINT('',#4429);
#4429 = CARTESIAN_POINT('',(-2.,-30.33291665038,-31.5));
#4430 = SURFACE_CURVE('',#4431,(#4436,#4443),.PCURVE_S1.);
#4431 = CIRCLE('',#4432,8.8);
#4432 = AXIS2_PLACEMENT_3D('',#4433,#4434,#4435);
#4433 = CARTESIAN_POINT('',(-9.,-25.,-31.5));
#4434 = DIRECTION('',(0.,0.,1.));
#4435 = DIRECTION('',(1.,0.,-0.));
#4436 = PCURVE('',#1008,#4437);
#4437 = DEFINITIONAL_REPRESENTATION('',(#4438),#4442);
#4438 = CIRCLE('',#4439,8.8);
#4439 = AXIS2_PLACEMENT_2D('',#4440,#4441);
#4440 = CARTESIAN_POINT('',(-9.,-25.));
#4441 = DIRECTION('',(1.,0.));
#4442 = ( GEOMETRIC_REPRESENTATION_CONTEXT(2) 
PARAMETRIC_REPRESENTATION_CONTEXT() REPRESENTATION_CONTEXT('2D SPACE',''
  ) );
#4443 = PCURVE('',#4415,#4444);
#4444 = DEFINITIONAL_REPRESENTATION('',(#4445),#4449);
#4445 = LINE('',#4446,#4447);
#4446 = CARTESIAN_POINT('',(0.,6.62));
#4447 = VECTOR('',#4448,1.);
#4448 = DIRECTION('',(1.,0.));
#4449 = ( GEOMETRIC_REPRESENTATION_CONTEXT(2) 
PARAMETRIC_REPRESENTATION_CONTEXT() REPRESENTATION_CONTEXT('2D SPACE',''
  ) );
#4450 = ORIENTED_EDGE('',*,*,#4451,.F.);
#4451 = EDGE_CURVE('',#4452,#4428,#4454,.T.);
#4452 = VERTEX_POINT('',#4453);
#4453 = CARTESIAN_POINT('',(-2.,-56.,-31.5));
#4454 = SURFACE_CURVE('',#4455,(#4459,#4466),.PCURVE_S1.);
#4455 = LINE('',#4456,#4457);
#4456 = CARTESIAN_POINT('',(-2.,-58.,-31.5));
#4457 = VECTOR('',#4458,1.);
#4458 = DIRECTION('',(-0.,1.,0.));
#4459 = PCURVE('',#1008,#4460);
#4460 = DEFINITIONAL_REPRESENTATION('',(#4461),#4465);
#4461 = LINE('',#4462,#4463);
#4462 = CARTESIAN_POINT('',(-2.,-58.));
#4463 = VECTOR('',#4464,1.);
#4464 = DIRECTION('',(0.,1.));
#4465 = ( GEOMETRIC_REPRESENTATION_CONTEXT(2) 
PARAMETRIC_REPRESENTATION_CONTEXT() REPRESENTATION_CONTEXT('2D SPACE',''
  ) );
#4466 = PCURVE('',#4467,#4472);
#4467 = PLANE('',#4468);
#4468 = AXIS2_PLACEMENT_3D('',#4469,#4470,#4471);
#4469 = CARTESIAN_POINT('',(-2.,-58.,-34.5));
#4470 = DIRECTION('',(1.,0.,-0.));
#4471 = DIRECTION('',(0.,0.,1.));
#4472 = DEFINITIONAL_REPRESENTATION('',(#4473),#4477);
#4473 = LINE('',#4474,#4475);
#4474 = CARTESIAN_POINT('',(3.,0.));
#4475 = VECTOR('',#4476,1.);
#4476 = DIRECTION('',(0.,-1.));
#4477 = ( GEOMETRIC_REPRESENTATION_CONTEXT(2) 
PARAMETRIC_REPRESENTATION_CONTEXT() REPRESENTATION_CONTEXT('2D SPACE',''
  ) );
#4478 = ORIENTED_EDGE('',*,*,#4479,.F.);
#4479 = EDGE_CURVE('',#4480,#4452,#4482,.T.);
#4480 = VERTEX_POINT('',#4481);
#4481 = CARTESIAN_POINT('',(2.,-56.,-31.5));
#4482 = SURFACE_CURVE('',#4483,(#4487,#4494),.PCURVE_S1.);
#4483 = LINE('',#4484,#4485);
#4484 = CARTESIAN_POINT('',(-2.,-56.,-31.5));
#4485 = VECTOR('',#4486,1.);
#4486 = DIRECTION('',(-1.,-0.,0.));
#4487 = PCURVE('',#1008,#4488);
#4488 = DEFINITIONAL_REPRESENTATION('',(#4489),#4493);
#4489 = LINE('',#4490,#4491);
#4490 = CARTESIAN_POINT('',(-2.,-56.));
#4491 = VECTOR('',#4492,1.);
#4492 = DIRECTION('',(-1.,0.));
#4493 = ( GEOMETRIC_REPRESENTATION_CONTEXT(2) 
PARAMETRIC_REPRESENTATION_CONTEXT() REPRESENTATION_CONTEXT('2D SPACE',''
  ) );
#4494 = PCURVE('',#4495,#4500);
#4495 = PLANE('',#4496);
#4496 = AXIS2_PLACEMENT_3D('',#4497,#4498,#4499);
#4497 = CARTESIAN_POINT('',(-2.,-56.,-34.5));
#4498 = DIRECTION('',(-0.,1.,0.));
#4499 = DIRECTION('',(0.,0.,1.));
#4500 = DEFINITIONAL_REPRESENTATION('',(#4501),#4504);
#4501 = B_SPLINE_CURVE_WITH_KNOTS('',1,(#4502,#4503),.UNSPECIFIED.,.F.,
  .F.,(2,2),(-4.,0.),.PIECEWISE_BEZIER_KNOTS.);
#4502 = CARTESIAN_POINT('',(3.,4.));
#4503 = CARTESIAN_POINT('',(3.,0.));
#4504 = ( GEOMETRIC_REPRESENTATION_CONTEXT(2) 
PARAMETRIC_REPRESENTATION_CONTEXT() REPRESENTATION_CONTEXT('2D SPACE',''
  ) );
#4505 = ORIENTED_EDGE('',*,*,#4506,.T.);
#4506 = EDGE_CURVE('',#4480,#4507,#4509,.T.);
#4507 = VERTEX_POINT('',#4508);
#4508 = CARTESIAN_POINT('',(2.,-30.33291665038,-31.5));
#4509 = SURFACE_CURVE('',#4510,(#4514,#4521),.PCURVE_S1.);
#4510 = LINE('',#4511,#4512);
#4511 = CARTESIAN_POINT('',(2.,-58.,-31.5));
#4512 = VECTOR('',#4513,1.);
#4513 = DIRECTION('',(-0.,1.,0.));
#4514 = PCURVE('',#1008,#4515);
#4515 = DEFINITIONAL_REPRESENTATION('',(#4516),#4520);
#4516 = LINE('',#4517,#4518);
#4517 = CARTESIAN_POINT('',(2.,-58.));
#4518 = VECTOR('',#4519,1.);
#4519 = DIRECTION('',(0.,1.));
#4520 = ( GEOMETRIC_REPRESENTATION_CONTEXT(2) 
PARAMETRIC_REPRESENTATION_CONTEXT() REPRESENTATION_CONTEXT('2D SPACE',''
  ) );
#4521 = PCURVE('',#4522,#4527);
#4522 = PLANE('',#4523);
#4523 = AXIS2_PLACEMENT_3D('',#4524,#4525,#4526);
#4524 = CARTESIAN_POINT('',(2.,-58.,-34.5));
#4525 = DIRECTION('',(1.,0.,-0.));
#4526 = DIRECTION('',(0.,0.,1.));
#4527 = DEFINITIONAL_REPRESENTATION('',(#4528),#4532);
#4528 = LINE('',#4529,#4530);
#4529 = CARTESIAN_POINT('',(3.,0.));
#4530 = VECTOR('',#4531,1.);
#4531 = DIRECTION('',(0.,-1.));
#4532 = ( GEOMETRIC_REPRESENTATION_CONTEXT(2) 
PARAMETRIC_REPRESENTATION_CONTEXT() REPRESENTATION_CONTEXT('2D SPACE',''
  ) );
#4533 = ORIENTED_EDGE('',*,*,#4534,.F.);
#4534 = EDGE_CURVE('',#4535,#4507,#4537,.T.);
#4535 = VERTEX_POINT('',#4536);
#4536 = CARTESIAN_POINT('',(2.,-19.66708334961,-31.5));
#4537 = SURFACE_CURVE('',#4538,(#4543,#4550),.PCURVE_S1.);
#4538 = CIRCLE('',#4539,8.8);
#4539 = AXIS2_PLACEMENT_3D('',#4540,#4541,#4542);
#4540 = CARTESIAN_POINT('',(9.,-25.,-31.5));
#4541 = DIRECTION('',(0.,0.,1.));
#4542 = DIRECTION('',(1.,0.,-0.));
#4543 = PCURVE('',#1008,#4544);
#4544 = DEFINITIONAL_REPRESENTATION('',(#4545),#4549);
#4545 = CIRCLE('',#4546,8.8);
#4546 = AXIS2_PLACEMENT_2D('',#4547,#4548);
#4547 = CARTESIAN_POINT('',(9.,-25.));
#4548 = DIRECTION('',(1.,0.));
#4549 = ( GEOMETRIC_REPRESENTATION_CONTEXT(2) 
PARAMETRIC_REPRESENTATION_CONTEXT() REPRESENTATION_CONTEXT('2D SPACE',''
  ) );
#4550 = PCURVE('',#4551,#4556);
#4551 = CYLINDRICAL_SURFACE('',#4552,8.8);
#4552 = AXIS2_PLACEMENT_3D('',#4553,#4554,#4555);
#4553 = CARTESIAN_POINT('',(9.,-25.,-38.12));
#4554 = DIRECTION('',(0.,0.,1.));
#4555 = DIRECTION('',(1.,0.,-0.));
#4556 = DEFINITIONAL_REPRESENTATION('',(#4557),#4561);
#4557 = LINE('',#4558,#4559);
#4558 = CARTESIAN_POINT('',(0.,6.62));
#4559 = VECTOR('',#4560,1.);
#4560 = DIRECTION('',(1.,0.));
#4561 = ( GEOMETRIC_REPRESENTATION_CONTEXT(2) 
PARAMETRIC_REPRESENTATION_CONTEXT() REPRESENTATION_CONTEXT('2D SPACE',''
  ) );
#4562 = ORIENTED_EDGE('',*,*,#4563,.T.);
#4563 = EDGE_CURVE('',#4535,#4564,#4566,.T.);
#4564 = VERTEX_POINT('',#4565);
#4565 = CARTESIAN_POINT('',(2.,-10.,-31.5));
#4566 = SURFACE_CURVE('',#4567,(#4571,#4578),.PCURVE_S1.);
#4567 = LINE('',#4568,#4569);
#4568 = CARTESIAN_POINT('',(2.,-58.,-31.5));
#4569 = VECTOR('',#4570,1.);
#4570 = DIRECTION('',(-0.,1.,0.));
#4571 = PCURVE('',#1008,#4572);
#4572 = DEFINITIONAL_REPRESENTATION('',(#4573),#4577);
#4573 = LINE('',#4574,#4575);
#4574 = CARTESIAN_POINT('',(2.,-58.));
#4575 = VECTOR('',#4576,1.);
#4576 = DIRECTION('',(0.,1.));
#4577 = ( GEOMETRIC_REPRESENTATION_CONTEXT(2) 
PARAMETRIC_REPRESENTATION_CONTEXT() REPRESENTATION_CONTEXT('2D SPACE',''
  ) );
#4578 = PCURVE('',#4579,#4584);
#4579 = PLANE('',#4580);
#4580 = AXIS2_PLACEMENT_3D('',#4581,#4582,#4583);
#4581 = CARTESIAN_POINT('',(2.,-58.,-34.5));
#4582 = DIRECTION('',(1.,0.,-0.));
#4583 = DIRECTION('',(0.,0.,1.));
#4584 = DEFINITIONAL_REPRESENTATION('',(#4585),#4589);
#4585 = LINE('',#4586,#4587);
#4586 = CARTESIAN_POINT('',(3.,0.));
#4587 = VECTOR('',#4588,1.);
#4588 = DIRECTION('',(0.,-1.));
#4589 = ( GEOMETRIC_REPRESENTATION_CONTEXT(2) 
PARAMETRIC_REPRESENTATION_CONTEXT() REPRESENTATION_CONTEXT('2D SPACE',''
  ) );
#4590 = ORIENTED_EDGE('',*,*,#4591,.T.);
#4591 = EDGE_CURVE('',#4564,#4592,#4594,.T.);
#4592 = VERTEX_POINT('',#4593);
#4593 = CARTESIAN_POINT('',(9.,-10.,-31.5));
#4594 = SURFACE_CURVE('',#4595,(#4599,#4606),.PCURVE_S1.);
#4595 = LINE('',#4596,#4597);
#4596 = CARTESIAN_POINT('',(-9.,-10.,-31.5));
#4597 = VECTOR('',#4598,1.);
#4598 = DIRECTION('',(1.,0.,-0.));
#4599 = PCURVE('',#1008,#4600);
#4600 = DEFINITIONAL_REPRESENTATION('',(#4601),#4605);
#4601 = LINE('',#4602,#4603);
#4602 = CARTESIAN_POINT('',(-9.,-10.));
#4603 = VECTOR('',#4604,1.);
#4604 = DIRECTION('',(1.,0.));
#4605 = ( GEOMETRIC_REPRESENTATION_CONTEXT(2) 
PARAMETRIC_REPRESENTATION_CONTEXT() REPRESENTATION_CONTEXT('2D SPACE',''
  ) );
#4606 = PCURVE('',#4607,#4612);
#4607 = PLANE('',#4608);
#4608 = AXIS2_PLACEMENT_3D('',#4609,#4610,#4611);
#4609 = CARTESIAN_POINT('',(-9.,-10.,-34.5));
#4610 = DIRECTION('',(-0.,1.,0.));
#4611 = DIRECTION('',(0.,0.,1.));
#4612 = DEFINITIONAL_REPRESENTATION('',(#4613),#4617);
#4613 = LINE('',#4614,#4615);
#4614 = CARTESIAN_POINT('',(3.,0.));
#4615 = VECTOR('',#4616,1.);
#4616 = DIRECTION('',(0.,1.));
#4617 = ( GEOMETRIC_REPRESENTATION_CONTEXT(2) 
PARAMETRIC_REPRESENTATION_CONTEXT() REPRESENTATION_CONTEXT('2D SPACE',''
  ) );
#4618 = ORIENTED_EDGE('',*,*,#4619,.T.);
#4619 = EDGE_CURVE('',#4592,#4620,#4622,.T.);
#4620 = VERTEX_POINT('',#4621);
#4621 = CARTESIAN_POINT('',(9.,4.,-31.5));
#4622 = SURFACE_CURVE('',#4623,(#4627,#4634),.PCURVE_S1.);
#4623 = LINE('',#4624,#4625);
#4624 = CARTESIAN_POINT('',(9.,-10.,-31.5));
#4625 = VECTOR('',#4626,1.);
#4626 = DIRECTION('',(0.,1.,0.));
#4627 = PCURVE('',#1008,#4628);
#4628 = DEFINITIONAL_REPRESENTATION('',(#4629),#4633);
#4629 = LINE('',#4630,#4631);
#4630 = CARTESIAN_POINT('',(9.,-10.));
#4631 = VECTOR('',#4632,1.);
#4632 = DIRECTION('',(0.,1.));
#4633 = ( GEOMETRIC_REPRESENTATION_CONTEXT(2) 
PARAMETRIC_REPRESENTATION_CONTEXT() REPRESENTATION_CONTEXT('2D SPACE',''
  ) );
#4634 = PCURVE('',#4635,#4640);
#4635 = PLANE('',#4636);
#4636 = AXIS2_PLACEMENT_3D('',#4637,#4638,#4639);
#4637 = CARTESIAN_POINT('',(9.,-9.,-34.5));
#4638 = DIRECTION('',(1.,0.,-0.));
#4639 = DIRECTION('',(0.,0.,1.));
#4640 = DEFINITIONAL_REPRESENTATION('',(#4641),#4645);
#4641 = LINE('',#4642,#4643);
#4642 = CARTESIAN_POINT('',(3.,1.));
#4643 = VECTOR('',#4644,1.);
#4644 = DIRECTION('',(0.,-1.));
#4645 = ( GEOMETRIC_REPRESENTATION_CONTEXT(2) 
PARAMETRIC_REPRESENTATION_CONTEXT() REPRESENTATION_CONTEXT('2D SPACE',''
  ) );
#4646 = ORIENTED_EDGE('',*,*,#4647,.F.);
#4647 = EDGE_CURVE('',#4648,#4620,#4650,.T.);
#4648 = VERTEX_POINT('',#4649);
#4649 = CARTESIAN_POINT('',(8.062257748299,4.,-31.5));
#4650 = SURFACE_CURVE('',#4651,(#4655,#4662),.PCURVE_S1.);
#4651 = LINE('',#4652,#4653);
#4652 = CARTESIAN_POINT('',(6.,4.,-31.5));
#4653 = VECTOR('',#4654,1.);
#4654 = DIRECTION('',(1.,0.,-0.));
#4655 = PCURVE('',#1008,#4656);
#4656 = DEFINITIONAL_REPRESENTATION('',(#4657),#4661);
#4657 = LINE('',#4658,#4659);
#4658 = CARTESIAN_POINT('',(6.,4.));
#4659 = VECTOR('',#4660,1.);
#4660 = DIRECTION('',(1.,0.));
#4661 = ( GEOMETRIC_REPRESENTATION_CONTEXT(2) 
PARAMETRIC_REPRESENTATION_CONTEXT() REPRESENTATION_CONTEXT('2D SPACE',''
  ) );
#4662 = PCURVE('',#4663,#4668);
#4663 = PLANE('',#4664);
#4664 = AXIS2_PLACEMENT_3D('',#4665,#4666,#4667);
#4665 = CARTESIAN_POINT('',(6.,4.,-34.5));
#4666 = DIRECTION('',(-0.,1.,0.));
#4667 = DIRECTION('',(0.,0.,1.));
#4668 = DEFINITIONAL_REPRESENTATION('',(#4669),#4673);
#4669 = LINE('',#4670,#4671);
#4670 = CARTESIAN_POINT('',(3.,0.));
#4671 = VECTOR('',#4672,1.);
#4672 = DIRECTION('',(0.,1.));
#4673 = ( GEOMETRIC_REPRESENTATION_CONTEXT(2) 
PARAMETRIC_REPRESENTATION_CONTEXT() REPRESENTATION_CONTEXT('2D SPACE',''
  ) );
#4674 = ORIENTED_EDGE('',*,*,#4675,.T.);
#4675 = EDGE_CURVE('',#4648,#4210,#4676,.T.);
#4676 = SURFACE_CURVE('',#4677,(#4682,#4689),.PCURVE_S1.);
#4677 = CIRCLE('',#4678,9.);
#4678 = AXIS2_PLACEMENT_3D('',#4679,#4680,#4681);
#4679 = CARTESIAN_POINT('',(0.,0.,-31.5));
#4680 = DIRECTION('',(0.,0.,1.));
#4681 = DIRECTION('',(1.,0.,-0.));
#4682 = PCURVE('',#1008,#4683);
#4683 = DEFINITIONAL_REPRESENTATION('',(#4684),#4688);
#4684 = CIRCLE('',#4685,9.);
#4685 = AXIS2_PLACEMENT_2D('',#4686,#4687);
#4686 = CARTESIAN_POINT('',(0.,0.));
#4687 = DIRECTION('',(1.,0.));
#4688 = ( GEOMETRIC_REPRESENTATION_CONTEXT(2) 
PARAMETRIC_REPRESENTATION_CONTEXT() REPRESENTATION_CONTEXT('2D SPACE',''
  ) );
#4689 = PCURVE('',#4275,#4690);
#4690 = DEFINITIONAL_REPRESENTATION('',(#4691),#4694);
#4691 = B_SPLINE_CURVE_WITH_KNOTS('',1,(#4692,#4693),.UNSPECIFIED.,.F.,
  .F.,(2,2),(0.460553991681,0.679673818908),.PIECEWISE_BEZIER_KNOTS.);
#4692 = CARTESIAN_POINT('',(6.743739298861,11.5));
#4693 = CARTESIAN_POINT('',(6.962859126088,11.5));
#4694 = ( GEOMETRIC_REPRESENTATION_CONTEXT(2) 
PARAMETRIC_REPRESENTATION_CONTEXT() REPRESENTATION_CONTEXT('2D SPACE',''
  ) );
#4695 = FACE_BOUND('',#4696,.T.);
#4696 = EDGE_LOOP('',(#4697,#4722,#4750));
#4697 = ORIENTED_EDGE('',*,*,#4698,.T.);
#4698 = EDGE_CURVE('',#4699,#4701,#4703,.T.);
#4699 = VERTEX_POINT('',#4700);
#4700 = CARTESIAN_POINT('',(5.656854249492,-7.,-31.5));
#4701 = VERTEX_POINT('',#4702);
#4702 = CARTESIAN_POINT('',(6.,-6.7082039325,-31.5));
#4703 = SURFACE_CURVE('',#4704,(#4709,#4716),.PCURVE_S1.);
#4704 = CIRCLE('',#4705,9.);
#4705 = AXIS2_PLACEMENT_3D('',#4706,#4707,#4708);
#4706 = CARTESIAN_POINT('',(0.,0.,-31.5));
#4707 = DIRECTION('',(0.,0.,1.));
#4708 = DIRECTION('',(1.,0.,-0.));
#4709 = PCURVE('',#1008,#4710);
#4710 = DEFINITIONAL_REPRESENTATION('',(#4711),#4715);
#4711 = CIRCLE('',#4712,9.);
#4712 = AXIS2_PLACEMENT_2D('',#4713,#4714);
#4713 = CARTESIAN_POINT('',(0.,0.));
#4714 = DIRECTION('',(1.,0.));
#4715 = ( GEOMETRIC_REPRESENTATION_CONTEXT(2) 
PARAMETRIC_REPRESENTATION_CONTEXT() REPRESENTATION_CONTEXT('2D SPACE',''
  ) );
#4716 = PCURVE('',#4275,#4717);
#4717 = DEFINITIONAL_REPRESENTATION('',(#4718),#4721);
#4718 = B_SPLINE_CURVE_WITH_KNOTS('',1,(#4719,#4720),.UNSPECIFIED.,.F.,
  .F.,(2,2),(5.392062799293,5.442116636612),.PIECEWISE_BEZIER_KNOTS.);
#4719 = CARTESIAN_POINT('',(5.392062799293,11.5));
#4720 = CARTESIAN_POINT('',(5.442116636612,11.5));
#4721 = ( GEOMETRIC_REPRESENTATION_CONTEXT(2) 
PARAMETRIC_REPRESENTATION_CONTEXT() REPRESENTATION_CONTEXT('2D SPACE',''
  ) );
#4722 = ORIENTED_EDGE('',*,*,#4723,.F.);
#4723 = EDGE_CURVE('',#4724,#4701,#4726,.T.);
#4724 = VERTEX_POINT('',#4725);
#4725 = CARTESIAN_POINT('',(6.,-7.,-31.5));
#4726 = SURFACE_CURVE('',#4727,(#4731,#4738),.PCURVE_S1.);
#4727 = LINE('',#4728,#4729);
#4728 = CARTESIAN_POINT('',(6.,-9.,-31.5));
#4729 = VECTOR('',#4730,1.);
#4730 = DIRECTION('',(-0.,1.,0.));
#4731 = PCURVE('',#1008,#4732);
#4732 = DEFINITIONAL_REPRESENTATION('',(#4733),#4737);
#4733 = LINE('',#4734,#4735);
#4734 = CARTESIAN_POINT('',(6.,-9.));
#4735 = VECTOR('',#4736,1.);
#4736 = DIRECTION('',(0.,1.));
#4737 = ( GEOMETRIC_REPRESENTATION_CONTEXT(2) 
PARAMETRIC_REPRESENTATION_CONTEXT() REPRESENTATION_CONTEXT('2D SPACE',''
  ) );
#4738 = PCURVE('',#4739,#4744);
#4739 = PLANE('',#4740);
#4740 = AXIS2_PLACEMENT_3D('',#4741,#4742,#4743);
#4741 = CARTESIAN_POINT('',(6.,-9.,-34.5));
#4742 = DIRECTION('',(1.,0.,-0.));
#4743 = DIRECTION('',(0.,0.,1.));
#4744 = DEFINITIONAL_REPRESENTATION('',(#4745),#4749);
#4745 = LINE('',#4746,#4747);
#4746 = CARTESIAN_POINT('',(3.,0.));
#4747 = VECTOR('',#4748,1.);
#4748 = DIRECTION('',(0.,-1.));
#4749 = ( GEOMETRIC_REPRESENTATION_CONTEXT(2) 
PARAMETRIC_REPRESENTATION_CONTEXT() REPRESENTATION_CONTEXT('2D SPACE',''
  ) );
#4750 = ORIENTED_EDGE('',*,*,#4751,.F.);
#4751 = EDGE_CURVE('',#4699,#4724,#4752,.T.);
#4752 = SURFACE_CURVE('',#4753,(#4757,#4764),.PCURVE_S1.);
#4753 = LINE('',#4754,#4755);
#4754 = CARTESIAN_POINT('',(-9.,-7.,-31.5));
#4755 = VECTOR('',#4756,1.);
#4756 = DIRECTION('',(1.,0.,-0.));
#4757 = PCURVE('',#1008,#4758);
#4758 = DEFINITIONAL_REPRESENTATION('',(#4759),#4763);
#4759 = LINE('',#4760,#4761);
#4760 = CARTESIAN_POINT('',(-9.,-7.));
#4761 = VECTOR('',#4762,1.);
#4762 = DIRECTION('',(1.,0.));
#4763 = ( GEOMETRIC_REPRESENTATION_CONTEXT(2) 
PARAMETRIC_REPRESENTATION_CONTEXT() REPRESENTATION_CONTEXT('2D SPACE',''
  ) );
#4764 = PCURVE('',#4765,#4770);
#4765 = PLANE('',#4766);
#4766 = AXIS2_PLACEMENT_3D('',#4767,#4768,#4769);
#4767 = CARTESIAN_POINT('',(-9.,-7.,-34.5));
#4768 = DIRECTION('',(-0.,1.,0.));
#4769 = DIRECTION('',(0.,0.,1.));
#4770 = DEFINITIONAL_REPRESENTATION('',(#4771),#4775);
#4771 = LINE('',#4772,#4773);
#4772 = CARTESIAN_POINT('',(3.,0.));
#4773 = VECTOR('',#4774,1.);
#4774 = DIRECTION('',(0.,1.));
#4775 = ( GEOMETRIC_REPRESENTATION_CONTEXT(2) 
PARAMETRIC_REPRESENTATION_CONTEXT() REPRESENTATION_CONTEXT('2D SPACE',''
  ) );
#4776 = FACE_BOUND('',#4777,.T.);
#4777 = EDGE_LOOP('',(#4778,#4808,#4831));
#4778 = ORIENTED_EDGE('',*,*,#4779,.T.);
#4779 = EDGE_CURVE('',#4780,#4782,#4784,.T.);
#4780 = VERTEX_POINT('',#4781);
#4781 = CARTESIAN_POINT('',(-6.,-7.,-31.5));
#4782 = VERTEX_POINT('',#4783);
#4783 = CARTESIAN_POINT('',(-6.,-6.708203932499,-31.5));
#4784 = SURFACE_CURVE('',#4785,(#4789,#4796),.PCURVE_S1.);
#4785 = LINE('',#4786,#4787);
#4786 = CARTESIAN_POINT('',(-6.,-9.,-31.5));
#4787 = VECTOR('',#4788,1.);
#4788 = DIRECTION('',(-0.,1.,0.));
#4789 = PCURVE('',#1008,#4790);
#4790 = DEFINITIONAL_REPRESENTATION('',(#4791),#4795);
#4791 = LINE('',#4792,#4793);
#4792 = CARTESIAN_POINT('',(-6.,-9.));
#4793 = VECTOR('',#4794,1.);
#4794 = DIRECTION('',(0.,1.));
#4795 = ( GEOMETRIC_REPRESENTATION_CONTEXT(2) 
PARAMETRIC_REPRESENTATION_CONTEXT() REPRESENTATION_CONTEXT('2D SPACE',''
  ) );
#4796 = PCURVE('',#4797,#4802);
#4797 = PLANE('',#4798);
#4798 = AXIS2_PLACEMENT_3D('',#4799,#4800,#4801);
#4799 = CARTESIAN_POINT('',(-6.,-9.,-34.5));
#4800 = DIRECTION('',(1.,0.,-0.));
#4801 = DIRECTION('',(0.,0.,1.));
#4802 = DEFINITIONAL_REPRESENTATION('',(#4803),#4807);
#4803 = LINE('',#4804,#4805);
#4804 = CARTESIAN_POINT('',(3.,0.));
#4805 = VECTOR('',#4806,1.);
#4806 = DIRECTION('',(0.,-1.));
#4807 = ( GEOMETRIC_REPRESENTATION_CONTEXT(2) 
PARAMETRIC_REPRESENTATION_CONTEXT() REPRESENTATION_CONTEXT('2D SPACE',''
  ) );
#4808 = ORIENTED_EDGE('',*,*,#4809,.T.);
#4809 = EDGE_CURVE('',#4782,#4810,#4812,.T.);
#4810 = VERTEX_POINT('',#4811);
#4811 = CARTESIAN_POINT('',(-5.656854249493,-7.,-31.5));
#4812 = SURFACE_CURVE('',#4813,(#4818,#4825),.PCURVE_S1.);
#4813 = CIRCLE('',#4814,9.);
#4814 = AXIS2_PLACEMENT_3D('',#4815,#4816,#4817);
#4815 = CARTESIAN_POINT('',(0.,0.,-31.5));
#4816 = DIRECTION('',(0.,0.,1.));
#4817 = DIRECTION('',(1.,0.,-0.));
#4818 = PCURVE('',#1008,#4819);
#4819 = DEFINITIONAL_REPRESENTATION('',(#4820),#4824);
#4820 = CIRCLE('',#4821,9.);
#4821 = AXIS2_PLACEMENT_2D('',#4822,#4823);
#4822 = CARTESIAN_POINT('',(0.,0.));
#4823 = DIRECTION('',(1.,0.));
#4824 = ( GEOMETRIC_REPRESENTATION_CONTEXT(2) 
PARAMETRIC_REPRESENTATION_CONTEXT() REPRESENTATION_CONTEXT('2D SPACE',''
  ) );
#4825 = PCURVE('',#4275,#4826);
#4826 = DEFINITIONAL_REPRESENTATION('',(#4827),#4830);
#4827 = B_SPLINE_CURVE_WITH_KNOTS('',1,(#4828,#4829),.UNSPECIFIED.,.F.,
  .F.,(2,2),(3.982661324158,4.032715161476),.PIECEWISE_BEZIER_KNOTS.);
#4828 = CARTESIAN_POINT('',(3.982661324158,11.5));
#4829 = CARTESIAN_POINT('',(4.032715161476,11.5));
#4830 = ( GEOMETRIC_REPRESENTATION_CONTEXT(2) 
PARAMETRIC_REPRESENTATION_CONTEXT() REPRESENTATION_CONTEXT('2D SPACE',''
  ) );
#4831 = ORIENTED_EDGE('',*,*,#4832,.F.);
#4832 = EDGE_CURVE('',#4780,#4810,#4833,.T.);
#4833 = SURFACE_CURVE('',#4834,(#4838,#4845),.PCURVE_S1.);
#4834 = LINE('',#4835,#4836);
#4835 = CARTESIAN_POINT('',(-9.,-7.,-31.5));
#4836 = VECTOR('',#4837,1.);
#4837 = DIRECTION('',(1.,0.,-0.));
#4838 = PCURVE('',#1008,#4839);
#4839 = DEFINITIONAL_REPRESENTATION('',(#4840),#4844);
#4840 = LINE('',#4841,#4842);
#4841 = CARTESIAN_POINT('',(-9.,-7.));
#4842 = VECTOR('',#4843,1.);
#4843 = DIRECTION('',(1.,0.));
#4844 = ( GEOMETRIC_REPRESENTATION_CONTEXT(2) 
PARAMETRIC_REPRESENTATION_CONTEXT() REPRESENTATION_CONTEXT('2D SPACE',''
  ) );
#4845 = PCURVE('',#4846,#4851);
#4846 = PLANE('',#4847);
#4847 = AXIS2_PLACEMENT_3D('',#4848,#4849,#4850);
#4848 = CARTESIAN_POINT('',(-9.,-7.,-34.5));
#4849 = DIRECTION('',(-0.,1.,0.));
#4850 = DIRECTION('',(0.,0.,1.));
#4851 = DEFINITIONAL_REPRESENTATION('',(#4852),#4856);
#4852 = LINE('',#4853,#4854);
#4853 = CARTESIAN_POINT('',(3.,0.));
#4854 = VECTOR('',#4855,1.);
#4855 = DIRECTION('',(0.,1.));
#4856 = ( GEOMETRIC_REPRESENTATION_CONTEXT(2) 
PARAMETRIC_REPRESENTATION_CONTEXT() REPRESENTATION_CONTEXT('2D SPACE',''
  ) );
#4857 = ADVANCED_FACE('',(#4858),#4846,.T.);
#4858 = FACE_BOUND('',#4859,.T.);
#4859 = EDGE_LOOP('',(#4860,#4890,#4909,#4910));
#4860 = ORIENTED_EDGE('',*,*,#4861,.F.);
#4861 = EDGE_CURVE('',#4862,#4864,#4866,.T.);
#4862 = VERTEX_POINT('',#4863);
#4863 = CARTESIAN_POINT('',(-6.,-7.,-34.5));
#4864 = VERTEX_POINT('',#4865);
#4865 = CARTESIAN_POINT('',(-5.656854249492,-7.,-34.5));
#4866 = SURFACE_CURVE('',#4867,(#4871,#4878),.PCURVE_S1.);
#4867 = LINE('',#4868,#4869);
#4868 = CARTESIAN_POINT('',(-9.,-7.,-34.5));
#4869 = VECTOR('',#4870,1.);
#4870 = DIRECTION('',(1.,0.,-0.));
#4871 = PCURVE('',#4846,#4872);
#4872 = DEFINITIONAL_REPRESENTATION('',(#4873),#4877);
#4873 = LINE('',#4874,#4875);
#4874 = CARTESIAN_POINT('',(0.,0.));
#4875 = VECTOR('',#4876,1.);
#4876 = DIRECTION('',(0.,1.));
#4877 = ( GEOMETRIC_REPRESENTATION_CONTEXT(2) 
PARAMETRIC_REPRESENTATION_CONTEXT() REPRESENTATION_CONTEXT('2D SPACE',''
  ) );
#4878 = PCURVE('',#4879,#4884);
#4879 = PLANE('',#4880);
#4880 = AXIS2_PLACEMENT_3D('',#4881,#4882,#4883);
#4881 = CARTESIAN_POINT('',(6.,-9.,-34.5));
#4882 = DIRECTION('',(0.,0.,1.));
#4883 = DIRECTION('',(1.,0.,-0.));
#4884 = DEFINITIONAL_REPRESENTATION('',(#4885),#4889);
#4885 = LINE('',#4886,#4887);
#4886 = CARTESIAN_POINT('',(-15.,2.));
#4887 = VECTOR('',#4888,1.);
#4888 = DIRECTION('',(1.,0.));
#4889 = ( GEOMETRIC_REPRESENTATION_CONTEXT(2) 
PARAMETRIC_REPRESENTATION_CONTEXT() REPRESENTATION_CONTEXT('2D SPACE',''
  ) );
#4890 = ORIENTED_EDGE('',*,*,#4891,.F.);
#4891 = EDGE_CURVE('',#4780,#4862,#4892,.T.);
#4892 = SURFACE_CURVE('',#4893,(#4897,#4903),.PCURVE_S1.);
#4893 = LINE('',#4894,#4895);
#4894 = CARTESIAN_POINT('',(-6.,-7.,-34.5));
#4895 = VECTOR('',#4896,1.);
#4896 = DIRECTION('',(-0.,0.,-1.));
#4897 = PCURVE('',#4846,#4898);
#4898 = DEFINITIONAL_REPRESENTATION('',(#4899),#4902);
#4899 = B_SPLINE_CURVE_WITH_KNOTS('',1,(#4900,#4901),.UNSPECIFIED.,.F.,
  .F.,(2,2),(-3.,-0.),.PIECEWISE_BEZIER_KNOTS.);
#4900 = CARTESIAN_POINT('',(3.,3.));
#4901 = CARTESIAN_POINT('',(0.,3.));
#4902 = ( GEOMETRIC_REPRESENTATION_CONTEXT(2) 
PARAMETRIC_REPRESENTATION_CONTEXT() REPRESENTATION_CONTEXT('2D SPACE',''
  ) );
#4903 = PCURVE('',#4797,#4904);
#4904 = DEFINITIONAL_REPRESENTATION('',(#4905),#4908);
#4905 = B_SPLINE_CURVE_WITH_KNOTS('',1,(#4906,#4907),.UNSPECIFIED.,.F.,
  .F.,(2,2),(-3.,-0.),.PIECEWISE_BEZIER_KNOTS.);
#4906 = CARTESIAN_POINT('',(3.,-2.));
#4907 = CARTESIAN_POINT('',(0.,-2.));
#4908 = ( GEOMETRIC_REPRESENTATION_CONTEXT(2) 
PARAMETRIC_REPRESENTATION_CONTEXT() REPRESENTATION_CONTEXT('2D SPACE',''
  ) );
#4909 = ORIENTED_EDGE('',*,*,#4832,.T.);
#4910 = ORIENTED_EDGE('',*,*,#4911,.F.);
#4911 = EDGE_CURVE('',#4864,#4810,#4912,.T.);
#4912 = SURFACE_CURVE('',#4913,(#4917,#4923),.PCURVE_S1.);
#4913 = LINE('',#4914,#4915);
#4914 = CARTESIAN_POINT('',(-5.656854249492,-7.,-43.));
#4915 = VECTOR('',#4916,1.);
#4916 = DIRECTION('',(0.,0.,1.));
#4917 = PCURVE('',#4846,#4918);
#4918 = DEFINITIONAL_REPRESENTATION('',(#4919),#4922);
#4919 = B_SPLINE_CURVE_WITH_KNOTS('',1,(#4920,#4921),.UNSPECIFIED.,.F.,
  .F.,(2,2),(8.2,11.5000006),.PIECEWISE_BEZIER_KNOTS.);
#4920 = CARTESIAN_POINT('',(-0.3,3.343145750508));
#4921 = CARTESIAN_POINT('',(3.0000006,3.343145750508));
#4922 = ( GEOMETRIC_REPRESENTATION_CONTEXT(2) 
PARAMETRIC_REPRESENTATION_CONTEXT() REPRESENTATION_CONTEXT('2D SPACE',''
  ) );
#4923 = PCURVE('',#4275,#4924);
#4924 = DEFINITIONAL_REPRESENTATION('',(#4925),#4928);
#4925 = B_SPLINE_CURVE_WITH_KNOTS('',1,(#4926,#4927),.UNSPECIFIED.,.F.,
  .F.,(2,2),(8.5,11.5),.PIECEWISE_BEZIER_KNOTS.);
#4926 = CARTESIAN_POINT('',(4.032715161476,8.5));
#4927 = CARTESIAN_POINT('',(4.032715161476,11.5));
#4928 = ( GEOMETRIC_REPRESENTATION_CONTEXT(2) 
PARAMETRIC_REPRESENTATION_CONTEXT() REPRESENTATION_CONTEXT('2D SPACE',''
  ) );
#4929 = ADVANCED_FACE('',(#4930),#4879,.F.);
#4930 = FACE_BOUND('',#4931,.F.);
#4931 = EDGE_LOOP('',(#4932,#4957,#4980,#5001,#5002,#5025,#5048,#5071,
    #5094,#5117,#5141,#5165,#5188,#5216,#5239,#5263,#5286,#5309,#5332));
#4932 = ORIENTED_EDGE('',*,*,#4933,.F.);
#4933 = EDGE_CURVE('',#4934,#4936,#4938,.T.);
#4934 = VERTEX_POINT('',#4935);
#4935 = CARTESIAN_POINT('',(6.,-7.,-34.5));
#4936 = VERTEX_POINT('',#4937);
#4937 = CARTESIAN_POINT('',(6.,-6.708203932499,-34.5));
#4938 = SURFACE_CURVE('',#4939,(#4943,#4950),.PCURVE_S1.);
#4939 = LINE('',#4940,#4941);
#4940 = CARTESIAN_POINT('',(6.,-9.,-34.5));
#4941 = VECTOR('',#4942,1.);
#4942 = DIRECTION('',(-0.,1.,0.));
#4943 = PCURVE('',#4879,#4944);
#4944 = DEFINITIONAL_REPRESENTATION('',(#4945),#4949);
#4945 = LINE('',#4946,#4947);
#4946 = CARTESIAN_POINT('',(0.,0.));
#4947 = VECTOR('',#4948,1.);
#4948 = DIRECTION('',(0.,1.));
#4949 = ( GEOMETRIC_REPRESENTATION_CONTEXT(2) 
PARAMETRIC_REPRESENTATION_CONTEXT() REPRESENTATION_CONTEXT('2D SPACE',''
  ) );
#4950 = PCURVE('',#4739,#4951);
#4951 = DEFINITIONAL_REPRESENTATION('',(#4952),#4956);
#4952 = LINE('',#4953,#4954);
#4953 = CARTESIAN_POINT('',(0.,0.));
#4954 = VECTOR('',#4955,1.);
#4955 = DIRECTION('',(0.,-1.));
#4956 = ( GEOMETRIC_REPRESENTATION_CONTEXT(2) 
PARAMETRIC_REPRESENTATION_CONTEXT() REPRESENTATION_CONTEXT('2D SPACE',''
  ) );
#4957 = ORIENTED_EDGE('',*,*,#4958,.F.);
#4958 = EDGE_CURVE('',#4959,#4934,#4961,.T.);
#4959 = VERTEX_POINT('',#4960);
#4960 = CARTESIAN_POINT('',(5.656854249492,-7.,-34.5));
#4961 = SURFACE_CURVE('',#4962,(#4966,#4973),.PCURVE_S1.);
#4962 = LINE('',#4963,#4964);
#4963 = CARTESIAN_POINT('',(-9.,-7.,-34.5));
#4964 = VECTOR('',#4965,1.);
#4965 = DIRECTION('',(1.,0.,-0.));
#4966 = PCURVE('',#4879,#4967);
#4967 = DEFINITIONAL_REPRESENTATION('',(#4968),#4972);
#4968 = LINE('',#4969,#4970);
#4969 = CARTESIAN_POINT('',(-15.,2.));
#4970 = VECTOR('',#4971,1.);
#4971 = DIRECTION('',(1.,0.));
#4972 = ( GEOMETRIC_REPRESENTATION_CONTEXT(2) 
PARAMETRIC_REPRESENTATION_CONTEXT() REPRESENTATION_CONTEXT('2D SPACE',''
  ) );
#4973 = PCURVE('',#4765,#4974);
#4974 = DEFINITIONAL_REPRESENTATION('',(#4975),#4979);
#4975 = LINE('',#4976,#4977);
#4976 = CARTESIAN_POINT('',(0.,0.));
#4977 = VECTOR('',#4978,1.);
#4978 = DIRECTION('',(0.,1.));
#4979 = ( GEOMETRIC_REPRESENTATION_CONTEXT(2) 
PARAMETRIC_REPRESENTATION_CONTEXT() REPRESENTATION_CONTEXT('2D SPACE',''
  ) );
#4980 = ORIENTED_EDGE('',*,*,#4981,.F.);
#4981 = EDGE_CURVE('',#4864,#4959,#4982,.T.);
#4982 = SURFACE_CURVE('',#4983,(#4988,#4995),.PCURVE_S1.);
#4983 = CIRCLE('',#4984,9.);
#4984 = AXIS2_PLACEMENT_3D('',#4985,#4986,#4987);
#4985 = CARTESIAN_POINT('',(0.,0.,-34.5));
#4986 = DIRECTION('',(0.,0.,1.));
#4987 = DIRECTION('',(1.,0.,-0.));
#4988 = PCURVE('',#4879,#4989);
#4989 = DEFINITIONAL_REPRESENTATION('',(#4990),#4994);
#4990 = CIRCLE('',#4991,9.);
#4991 = AXIS2_PLACEMENT_2D('',#4992,#4993);
#4992 = CARTESIAN_POINT('',(-6.,9.));
#4993 = DIRECTION('',(1.,0.));
#4994 = ( GEOMETRIC_REPRESENTATION_CONTEXT(2) 
PARAMETRIC_REPRESENTATION_CONTEXT() REPRESENTATION_CONTEXT('2D SPACE',''
  ) );
#4995 = PCURVE('',#4275,#4996);
#4996 = DEFINITIONAL_REPRESENTATION('',(#4997),#5000);
#4997 = B_SPLINE_CURVE_WITH_KNOTS('',1,(#4998,#4999),.UNSPECIFIED.,.F.,
  .F.,(2,2),(4.032715161476,5.392062799293),.PIECEWISE_BEZIER_KNOTS.);
#4998 = CARTESIAN_POINT('',(4.032715161476,8.5));
#4999 = CARTESIAN_POINT('',(5.392062799293,8.5));
#5000 = ( GEOMETRIC_REPRESENTATION_CONTEXT(2) 
PARAMETRIC_REPRESENTATION_CONTEXT() REPRESENTATION_CONTEXT('2D SPACE',''
  ) );
#5001 = ORIENTED_EDGE('',*,*,#4861,.F.);
#5002 = ORIENTED_EDGE('',*,*,#5003,.T.);
#5003 = EDGE_CURVE('',#4862,#5004,#5006,.T.);
#5004 = VERTEX_POINT('',#5005);
#5005 = CARTESIAN_POINT('',(-6.,-6.708203932499,-34.5));
#5006 = SURFACE_CURVE('',#5007,(#5011,#5018),.PCURVE_S1.);
#5007 = LINE('',#5008,#5009);
#5008 = CARTESIAN_POINT('',(-6.,-9.,-34.5));
#5009 = VECTOR('',#5010,1.);
#5010 = DIRECTION('',(-0.,1.,0.));
#5011 = PCURVE('',#4879,#5012);
#5012 = DEFINITIONAL_REPRESENTATION('',(#5013),#5017);
#5013 = LINE('',#5014,#5015);
#5014 = CARTESIAN_POINT('',(-12.,0.));
#5015 = VECTOR('',#5016,1.);
#5016 = DIRECTION('',(0.,1.));
#5017 = ( GEOMETRIC_REPRESENTATION_CONTEXT(2) 
PARAMETRIC_REPRESENTATION_CONTEXT() REPRESENTATION_CONTEXT('2D SPACE',''
  ) );
#5018 = PCURVE('',#4797,#5019);
#5019 = DEFINITIONAL_REPRESENTATION('',(#5020),#5024);
#5020 = LINE('',#5021,#5022);
#5021 = CARTESIAN_POINT('',(0.,0.));
#5022 = VECTOR('',#5023,1.);
#5023 = DIRECTION('',(0.,-1.));
#5024 = ( GEOMETRIC_REPRESENTATION_CONTEXT(2) 
PARAMETRIC_REPRESENTATION_CONTEXT() REPRESENTATION_CONTEXT('2D SPACE',''
  ) );
#5025 = ORIENTED_EDGE('',*,*,#5026,.F.);
#5026 = EDGE_CURVE('',#5027,#5004,#5029,.T.);
#5027 = VERTEX_POINT('',#5028);
#5028 = CARTESIAN_POINT('',(-9.,0.,-34.5));
#5029 = SURFACE_CURVE('',#5030,(#5035,#5042),.PCURVE_S1.);
#5030 = CIRCLE('',#5031,9.);
#5031 = AXIS2_PLACEMENT_3D('',#5032,#5033,#5034);
#5032 = CARTESIAN_POINT('',(0.,0.,-34.5));
#5033 = DIRECTION('',(0.,0.,1.));
#5034 = DIRECTION('',(1.,0.,-0.));
#5035 = PCURVE('',#4879,#5036);
#5036 = DEFINITIONAL_REPRESENTATION('',(#5037),#5041);
#5037 = CIRCLE('',#5038,9.);
#5038 = AXIS2_PLACEMENT_2D('',#5039,#5040);
#5039 = CARTESIAN_POINT('',(-6.,9.));
#5040 = DIRECTION('',(1.,0.));
#5041 = ( GEOMETRIC_REPRESENTATION_CONTEXT(2) 
PARAMETRIC_REPRESENTATION_CONTEXT() REPRESENTATION_CONTEXT('2D SPACE',''
  ) );
#5042 = PCURVE('',#4275,#5043);
#5043 = DEFINITIONAL_REPRESENTATION('',(#5044),#5047);
#5044 = B_SPLINE_CURVE_WITH_KNOTS('',1,(#5045,#5046),.UNSPECIFIED.,.F.,
  .F.,(2,2),(3.14159265359,3.982661324158),.PIECEWISE_BEZIER_KNOTS.);
#5045 = CARTESIAN_POINT('',(3.14159265359,8.5));
#5046 = CARTESIAN_POINT('',(3.982661324158,8.5));
#5047 = ( GEOMETRIC_REPRESENTATION_CONTEXT(2) 
PARAMETRIC_REPRESENTATION_CONTEXT() REPRESENTATION_CONTEXT('2D SPACE',''
  ) );
#5048 = ORIENTED_EDGE('',*,*,#5049,.F.);
#5049 = EDGE_CURVE('',#5050,#5027,#5052,.T.);
#5050 = VERTEX_POINT('',#5051);
#5051 = CARTESIAN_POINT('',(-9.,-10.,-34.5));
#5052 = SURFACE_CURVE('',#5053,(#5057,#5064),.PCURVE_S1.);
#5053 = LINE('',#5054,#5055);
#5054 = CARTESIAN_POINT('',(-9.,-10.,-34.5));
#5055 = VECTOR('',#5056,1.);
#5056 = DIRECTION('',(0.,1.,0.));
#5057 = PCURVE('',#4879,#5058);
#5058 = DEFINITIONAL_REPRESENTATION('',(#5059),#5063);
#5059 = LINE('',#5060,#5061);
#5060 = CARTESIAN_POINT('',(-15.,-1.));
#5061 = VECTOR('',#5062,1.);
#5062 = DIRECTION('',(0.,1.));
#5063 = ( GEOMETRIC_REPRESENTATION_CONTEXT(2) 
PARAMETRIC_REPRESENTATION_CONTEXT() REPRESENTATION_CONTEXT('2D SPACE',''
  ) );
#5064 = PCURVE('',#4330,#5065);
#5065 = DEFINITIONAL_REPRESENTATION('',(#5066),#5070);
#5066 = LINE('',#5067,#5068);
#5067 = CARTESIAN_POINT('',(0.,0.));
#5068 = VECTOR('',#5069,1.);
#5069 = DIRECTION('',(0.,-1.));
#5070 = ( GEOMETRIC_REPRESENTATION_CONTEXT(2) 
PARAMETRIC_REPRESENTATION_CONTEXT() REPRESENTATION_CONTEXT('2D SPACE',''
  ) );
#5071 = ORIENTED_EDGE('',*,*,#5072,.T.);
#5072 = EDGE_CURVE('',#5050,#5073,#5075,.T.);
#5073 = VERTEX_POINT('',#5074);
#5074 = CARTESIAN_POINT('',(-2.,-10.,-34.5));
#5075 = SURFACE_CURVE('',#5076,(#5080,#5087),.PCURVE_S1.);
#5076 = LINE('',#5077,#5078);
#5077 = CARTESIAN_POINT('',(-9.,-10.,-34.5));
#5078 = VECTOR('',#5079,1.);
#5079 = DIRECTION('',(1.,0.,-0.));
#5080 = PCURVE('',#4879,#5081);
#5081 = DEFINITIONAL_REPRESENTATION('',(#5082),#5086);
#5082 = LINE('',#5083,#5084);
#5083 = CARTESIAN_POINT('',(-15.,-1.));
#5084 = VECTOR('',#5085,1.);
#5085 = DIRECTION('',(1.,0.));
#5086 = ( GEOMETRIC_REPRESENTATION_CONTEXT(2) 
PARAMETRIC_REPRESENTATION_CONTEXT() REPRESENTATION_CONTEXT('2D SPACE',''
  ) );
#5087 = PCURVE('',#4358,#5088);
#5088 = DEFINITIONAL_REPRESENTATION('',(#5089),#5093);
#5089 = LINE('',#5090,#5091);
#5090 = CARTESIAN_POINT('',(0.,0.));
#5091 = VECTOR('',#5092,1.);
#5092 = DIRECTION('',(0.,1.));
#5093 = ( GEOMETRIC_REPRESENTATION_CONTEXT(2) 
PARAMETRIC_REPRESENTATION_CONTEXT() REPRESENTATION_CONTEXT('2D SPACE',''
  ) );
#5094 = ORIENTED_EDGE('',*,*,#5095,.F.);
#5095 = EDGE_CURVE('',#5096,#5073,#5098,.T.);
#5096 = VERTEX_POINT('',#5097);
#5097 = CARTESIAN_POINT('',(-2.,-19.66708334961,-34.5));
#5098 = SURFACE_CURVE('',#5099,(#5103,#5110),.PCURVE_S1.);
#5099 = LINE('',#5100,#5101);
#5100 = CARTESIAN_POINT('',(-2.,-60.,-34.5));
#5101 = VECTOR('',#5102,1.);
#5102 = DIRECTION('',(0.,1.,0.));
#5103 = PCURVE('',#4879,#5104);
#5104 = DEFINITIONAL_REPRESENTATION('',(#5105),#5109);
#5105 = LINE('',#5106,#5107);
#5106 = CARTESIAN_POINT('',(-8.,-51.));
#5107 = VECTOR('',#5108,1.);
#5108 = DIRECTION('',(0.,1.));
#5109 = ( GEOMETRIC_REPRESENTATION_CONTEXT(2) 
PARAMETRIC_REPRESENTATION_CONTEXT() REPRESENTATION_CONTEXT('2D SPACE',''
  ) );
#5110 = PCURVE('',#4386,#5111);
#5111 = DEFINITIONAL_REPRESENTATION('',(#5112),#5116);
#5112 = LINE('',#5113,#5114);
#5113 = CARTESIAN_POINT('',(0.,2.));
#5114 = VECTOR('',#5115,1.);
#5115 = DIRECTION('',(0.,-1.));
#5116 = ( GEOMETRIC_REPRESENTATION_CONTEXT(2) 
PARAMETRIC_REPRESENTATION_CONTEXT() REPRESENTATION_CONTEXT('2D SPACE',''
  ) );
#5117 = ORIENTED_EDGE('',*,*,#5118,.F.);
#5118 = EDGE_CURVE('',#5119,#5096,#5121,.T.);
#5119 = VERTEX_POINT('',#5120);
#5120 = CARTESIAN_POINT('',(-0.2,-25.,-34.5));
#5121 = SURFACE_CURVE('',#5122,(#5127,#5134),.PCURVE_S1.);
#5122 = CIRCLE('',#5123,8.8);
#5123 = AXIS2_PLACEMENT_3D('',#5124,#5125,#5126);
#5124 = CARTESIAN_POINT('',(-9.,-25.,-34.5));
#5125 = DIRECTION('',(0.,0.,1.));
#5126 = DIRECTION('',(1.,0.,-0.));
#5127 = PCURVE('',#4879,#5128);
#5128 = DEFINITIONAL_REPRESENTATION('',(#5129),#5133);
#5129 = CIRCLE('',#5130,8.8);
#5130 = AXIS2_PLACEMENT_2D('',#5131,#5132);
#5131 = CARTESIAN_POINT('',(-15.,-16.));
#5132 = DIRECTION('',(1.,0.));
#5133 = ( GEOMETRIC_REPRESENTATION_CONTEXT(2) 
PARAMETRIC_REPRESENTATION_CONTEXT() REPRESENTATION_CONTEXT('2D SPACE',''
  ) );
#5134 = PCURVE('',#4415,#5135);
#5135 = DEFINITIONAL_REPRESENTATION('',(#5136),#5140);
#5136 = LINE('',#5137,#5138);
#5137 = CARTESIAN_POINT('',(0.,3.62));
#5138 = VECTOR('',#5139,1.);
#5139 = DIRECTION('',(1.,0.));
#5140 = ( GEOMETRIC_REPRESENTATION_CONTEXT(2) 
PARAMETRIC_REPRESENTATION_CONTEXT() REPRESENTATION_CONTEXT('2D SPACE',''
  ) );
#5141 = ORIENTED_EDGE('',*,*,#5142,.F.);
#5142 = EDGE_CURVE('',#5143,#5119,#5145,.T.);
#5143 = VERTEX_POINT('',#5144);
#5144 = CARTESIAN_POINT('',(-2.,-30.33291665038,-34.5));
#5145 = SURFACE_CURVE('',#5146,(#5151,#5158),.PCURVE_S1.);
#5146 = CIRCLE('',#5147,8.8);
#5147 = AXIS2_PLACEMENT_3D('',#5148,#5149,#5150);
#5148 = CARTESIAN_POINT('',(-9.,-25.,-34.5));
#5149 = DIRECTION('',(0.,0.,1.));
#5150 = DIRECTION('',(1.,0.,-0.));
#5151 = PCURVE('',#4879,#5152);
#5152 = DEFINITIONAL_REPRESENTATION('',(#5153),#5157);
#5153 = CIRCLE('',#5154,8.8);
#5154 = AXIS2_PLACEMENT_2D('',#5155,#5156);
#5155 = CARTESIAN_POINT('',(-15.,-16.));
#5156 = DIRECTION('',(1.,0.));
#5157 = ( GEOMETRIC_REPRESENTATION_CONTEXT(2) 
PARAMETRIC_REPRESENTATION_CONTEXT() REPRESENTATION_CONTEXT('2D SPACE',''
  ) );
#5158 = PCURVE('',#4415,#5159);
#5159 = DEFINITIONAL_REPRESENTATION('',(#5160),#5164);
#5160 = LINE('',#5161,#5162);
#5161 = CARTESIAN_POINT('',(0.,3.62));
#5162 = VECTOR('',#5163,1.);
#5163 = DIRECTION('',(1.,0.));
#5164 = ( GEOMETRIC_REPRESENTATION_CONTEXT(2) 
PARAMETRIC_REPRESENTATION_CONTEXT() REPRESENTATION_CONTEXT('2D SPACE',''
  ) );
#5165 = ORIENTED_EDGE('',*,*,#5166,.F.);
#5166 = EDGE_CURVE('',#5167,#5143,#5169,.T.);
#5167 = VERTEX_POINT('',#5168);
#5168 = CARTESIAN_POINT('',(-2.,-60.,-34.5));
#5169 = SURFACE_CURVE('',#5170,(#5174,#5181),.PCURVE_S1.);
#5170 = LINE('',#5171,#5172);
#5171 = CARTESIAN_POINT('',(-2.,-60.,-34.5));
#5172 = VECTOR('',#5173,1.);
#5173 = DIRECTION('',(0.,1.,0.));
#5174 = PCURVE('',#4879,#5175);
#5175 = DEFINITIONAL_REPRESENTATION('',(#5176),#5180);
#5176 = LINE('',#5177,#5178);
#5177 = CARTESIAN_POINT('',(-8.,-51.));
#5178 = VECTOR('',#5179,1.);
#5179 = DIRECTION('',(0.,1.));
#5180 = ( GEOMETRIC_REPRESENTATION_CONTEXT(2) 
PARAMETRIC_REPRESENTATION_CONTEXT() REPRESENTATION_CONTEXT('2D SPACE',''
  ) );
#5181 = PCURVE('',#4467,#5182);
#5182 = DEFINITIONAL_REPRESENTATION('',(#5183),#5187);
#5183 = LINE('',#5184,#5185);
#5184 = CARTESIAN_POINT('',(0.,2.));
#5185 = VECTOR('',#5186,1.);
#5186 = DIRECTION('',(0.,-1.));
#5187 = ( GEOMETRIC_REPRESENTATION_CONTEXT(2) 
PARAMETRIC_REPRESENTATION_CONTEXT() REPRESENTATION_CONTEXT('2D SPACE',''
  ) );
#5188 = ORIENTED_EDGE('',*,*,#5189,.T.);
#5189 = EDGE_CURVE('',#5167,#5190,#5192,.T.);
#5190 = VERTEX_POINT('',#5191);
#5191 = CARTESIAN_POINT('',(2.,-60.,-34.5));
#5192 = SURFACE_CURVE('',#5193,(#5197,#5204),.PCURVE_S1.);
#5193 = LINE('',#5194,#5195);
#5194 = CARTESIAN_POINT('',(-2.,-60.,-34.5));
#5195 = VECTOR('',#5196,1.);
#5196 = DIRECTION('',(1.,0.,-0.));
#5197 = PCURVE('',#4879,#5198);
#5198 = DEFINITIONAL_REPRESENTATION('',(#5199),#5203);
#5199 = LINE('',#5200,#5201);
#5200 = CARTESIAN_POINT('',(-8.,-51.));
#5201 = VECTOR('',#5202,1.);
#5202 = DIRECTION('',(1.,0.));
#5203 = ( GEOMETRIC_REPRESENTATION_CONTEXT(2) 
PARAMETRIC_REPRESENTATION_CONTEXT() REPRESENTATION_CONTEXT('2D SPACE',''
  ) );
#5204 = PCURVE('',#5205,#5210);
#5205 = PLANE('',#5206);
#5206 = AXIS2_PLACEMENT_3D('',#5207,#5208,#5209);
#5207 = CARTESIAN_POINT('',(-2.,-60.,-34.5));
#5208 = DIRECTION('',(-0.,1.,0.));
#5209 = DIRECTION('',(0.,0.,1.));
#5210 = DEFINITIONAL_REPRESENTATION('',(#5211),#5215);
#5211 = LINE('',#5212,#5213);
#5212 = CARTESIAN_POINT('',(0.,0.));
#5213 = VECTOR('',#5214,1.);
#5214 = DIRECTION('',(0.,1.));
#5215 = ( GEOMETRIC_REPRESENTATION_CONTEXT(2) 
PARAMETRIC_REPRESENTATION_CONTEXT() REPRESENTATION_CONTEXT('2D SPACE',''
  ) );
#5216 = ORIENTED_EDGE('',*,*,#5217,.T.);
#5217 = EDGE_CURVE('',#5190,#5218,#5220,.T.);
#5218 = VERTEX_POINT('',#5219);
#5219 = CARTESIAN_POINT('',(2.,-30.33291665038,-34.5));
#5220 = SURFACE_CURVE('',#5221,(#5225,#5232),.PCURVE_S1.);
#5221 = LINE('',#5222,#5223);
#5222 = CARTESIAN_POINT('',(2.,-60.,-34.5));
#5223 = VECTOR('',#5224,1.);
#5224 = DIRECTION('',(0.,1.,0.));
#5225 = PCURVE('',#4879,#5226);
#5226 = DEFINITIONAL_REPRESENTATION('',(#5227),#5231);
#5227 = LINE('',#5228,#5229);
#5228 = CARTESIAN_POINT('',(-4.,-51.));
#5229 = VECTOR('',#5230,1.);
#5230 = DIRECTION('',(0.,1.));
#5231 = ( GEOMETRIC_REPRESENTATION_CONTEXT(2) 
PARAMETRIC_REPRESENTATION_CONTEXT() REPRESENTATION_CONTEXT('2D SPACE',''
  ) );
#5232 = PCURVE('',#4522,#5233);
#5233 = DEFINITIONAL_REPRESENTATION('',(#5234),#5238);
#5234 = LINE('',#5235,#5236);
#5235 = CARTESIAN_POINT('',(0.,2.));
#5236 = VECTOR('',#5237,1.);
#5237 = DIRECTION('',(0.,-1.));
#5238 = ( GEOMETRIC_REPRESENTATION_CONTEXT(2) 
PARAMETRIC_REPRESENTATION_CONTEXT() REPRESENTATION_CONTEXT('2D SPACE',''
  ) );
#5239 = ORIENTED_EDGE('',*,*,#5240,.F.);
#5240 = EDGE_CURVE('',#5241,#5218,#5243,.T.);
#5241 = VERTEX_POINT('',#5242);
#5242 = CARTESIAN_POINT('',(2.,-19.66708334961,-34.5));
#5243 = SURFACE_CURVE('',#5244,(#5249,#5256),.PCURVE_S1.);
#5244 = CIRCLE('',#5245,8.8);
#5245 = AXIS2_PLACEMENT_3D('',#5246,#5247,#5248);
#5246 = CARTESIAN_POINT('',(9.,-25.,-34.5));
#5247 = DIRECTION('',(0.,0.,1.));
#5248 = DIRECTION('',(1.,0.,-0.));
#5249 = PCURVE('',#4879,#5250);
#5250 = DEFINITIONAL_REPRESENTATION('',(#5251),#5255);
#5251 = CIRCLE('',#5252,8.8);
#5252 = AXIS2_PLACEMENT_2D('',#5253,#5254);
#5253 = CARTESIAN_POINT('',(3.,-16.));
#5254 = DIRECTION('',(1.,0.));
#5255 = ( GEOMETRIC_REPRESENTATION_CONTEXT(2) 
PARAMETRIC_REPRESENTATION_CONTEXT() REPRESENTATION_CONTEXT('2D SPACE',''
  ) );
#5256 = PCURVE('',#4551,#5257);
#5257 = DEFINITIONAL_REPRESENTATION('',(#5258),#5262);
#5258 = LINE('',#5259,#5260);
#5259 = CARTESIAN_POINT('',(0.,3.62));
#5260 = VECTOR('',#5261,1.);
#5261 = DIRECTION('',(1.,0.));
#5262 = ( GEOMETRIC_REPRESENTATION_CONTEXT(2) 
PARAMETRIC_REPRESENTATION_CONTEXT() REPRESENTATION_CONTEXT('2D SPACE',''
  ) );
#5263 = ORIENTED_EDGE('',*,*,#5264,.T.);
#5264 = EDGE_CURVE('',#5241,#5265,#5267,.T.);
#5265 = VERTEX_POINT('',#5266);
#5266 = CARTESIAN_POINT('',(2.,-10.,-34.5));
#5267 = SURFACE_CURVE('',#5268,(#5272,#5279),.PCURVE_S1.);
#5268 = LINE('',#5269,#5270);
#5269 = CARTESIAN_POINT('',(2.,-60.,-34.5));
#5270 = VECTOR('',#5271,1.);
#5271 = DIRECTION('',(0.,1.,0.));
#5272 = PCURVE('',#4879,#5273);
#5273 = DEFINITIONAL_REPRESENTATION('',(#5274),#5278);
#5274 = LINE('',#5275,#5276);
#5275 = CARTESIAN_POINT('',(-4.,-51.));
#5276 = VECTOR('',#5277,1.);
#5277 = DIRECTION('',(0.,1.));
#5278 = ( GEOMETRIC_REPRESENTATION_CONTEXT(2) 
PARAMETRIC_REPRESENTATION_CONTEXT() REPRESENTATION_CONTEXT('2D SPACE',''
  ) );
#5279 = PCURVE('',#4579,#5280);
#5280 = DEFINITIONAL_REPRESENTATION('',(#5281),#5285);
#5281 = LINE('',#5282,#5283);
#5282 = CARTESIAN_POINT('',(0.,2.));
#5283 = VECTOR('',#5284,1.);
#5284 = DIRECTION('',(0.,-1.));
#5285 = ( GEOMETRIC_REPRESENTATION_CONTEXT(2) 
PARAMETRIC_REPRESENTATION_CONTEXT() REPRESENTATION_CONTEXT('2D SPACE',''
  ) );
#5286 = ORIENTED_EDGE('',*,*,#5287,.T.);
#5287 = EDGE_CURVE('',#5265,#5288,#5290,.T.);
#5288 = VERTEX_POINT('',#5289);
#5289 = CARTESIAN_POINT('',(9.,-10.,-34.5));
#5290 = SURFACE_CURVE('',#5291,(#5295,#5302),.PCURVE_S1.);
#5291 = LINE('',#5292,#5293);
#5292 = CARTESIAN_POINT('',(-9.,-10.,-34.5));
#5293 = VECTOR('',#5294,1.);
#5294 = DIRECTION('',(1.,0.,-0.));
#5295 = PCURVE('',#4879,#5296);
#5296 = DEFINITIONAL_REPRESENTATION('',(#5297),#5301);
#5297 = LINE('',#5298,#5299);
#5298 = CARTESIAN_POINT('',(-15.,-1.));
#5299 = VECTOR('',#5300,1.);
#5300 = DIRECTION('',(1.,0.));
#5301 = ( GEOMETRIC_REPRESENTATION_CONTEXT(2) 
PARAMETRIC_REPRESENTATION_CONTEXT() REPRESENTATION_CONTEXT('2D SPACE',''
  ) );
#5302 = PCURVE('',#4607,#5303);
#5303 = DEFINITIONAL_REPRESENTATION('',(#5304),#5308);
#5304 = LINE('',#5305,#5306);
#5305 = CARTESIAN_POINT('',(0.,0.));
#5306 = VECTOR('',#5307,1.);
#5307 = DIRECTION('',(0.,1.));
#5308 = ( GEOMETRIC_REPRESENTATION_CONTEXT(2) 
PARAMETRIC_REPRESENTATION_CONTEXT() REPRESENTATION_CONTEXT('2D SPACE',''
  ) );
#5309 = ORIENTED_EDGE('',*,*,#5310,.F.);
#5310 = EDGE_CURVE('',#5311,#5288,#5313,.T.);
#5311 = VERTEX_POINT('',#5312);
#5312 = CARTESIAN_POINT('',(9.,-1.990360538933E-15,-34.5));
#5313 = SURFACE_CURVE('',#5314,(#5318,#5325),.PCURVE_S1.);
#5314 = LINE('',#5315,#5316);
#5315 = CARTESIAN_POINT('',(9.,4.,-34.5));
#5316 = VECTOR('',#5317,1.);
#5317 = DIRECTION('',(0.,-1.,0.));
#5318 = PCURVE('',#4879,#5319);
#5319 = DEFINITIONAL_REPRESENTATION('',(#5320),#5324);
#5320 = LINE('',#5321,#5322);
#5321 = CARTESIAN_POINT('',(3.,13.));
#5322 = VECTOR('',#5323,1.);
#5323 = DIRECTION('',(0.,-1.));
#5324 = ( GEOMETRIC_REPRESENTATION_CONTEXT(2) 
PARAMETRIC_REPRESENTATION_CONTEXT() REPRESENTATION_CONTEXT('2D SPACE',''
  ) );
#5325 = PCURVE('',#4635,#5326);
#5326 = DEFINITIONAL_REPRESENTATION('',(#5327),#5331);
#5327 = LINE('',#5328,#5329);
#5328 = CARTESIAN_POINT('',(0.,-13.));
#5329 = VECTOR('',#5330,1.);
#5330 = DIRECTION('',(0.,1.));
#5331 = ( GEOMETRIC_REPRESENTATION_CONTEXT(2) 
PARAMETRIC_REPRESENTATION_CONTEXT() REPRESENTATION_CONTEXT('2D SPACE',''
  ) );
#5332 = ORIENTED_EDGE('',*,*,#5333,.F.);
#5333 = EDGE_CURVE('',#4936,#5311,#5334,.T.);
#5334 = SURFACE_CURVE('',#5335,(#5340,#5347),.PCURVE_S1.);
#5335 = CIRCLE('',#5336,9.);
#5336 = AXIS2_PLACEMENT_3D('',#5337,#5338,#5339);
#5337 = CARTESIAN_POINT('',(0.,0.,-34.5));
#5338 = DIRECTION('',(0.,0.,1.));
#5339 = DIRECTION('',(1.,0.,-0.));
#5340 = PCURVE('',#4879,#5341);
#5341 = DEFINITIONAL_REPRESENTATION('',(#5342),#5346);
#5342 = CIRCLE('',#5343,9.);
#5343 = AXIS2_PLACEMENT_2D('',#5344,#5345);
#5344 = CARTESIAN_POINT('',(-6.,9.));
#5345 = DIRECTION('',(1.,0.));
#5346 = ( GEOMETRIC_REPRESENTATION_CONTEXT(2) 
PARAMETRIC_REPRESENTATION_CONTEXT() REPRESENTATION_CONTEXT('2D SPACE',''
  ) );
#5347 = PCURVE('',#4275,#5348);
#5348 = DEFINITIONAL_REPRESENTATION('',(#5349),#5352);
#5349 = B_SPLINE_CURVE_WITH_KNOTS('',1,(#5350,#5351),.UNSPECIFIED.,.F.,
  .F.,(2,2),(5.442116636612,6.28318530718),.PIECEWISE_BEZIER_KNOTS.);
#5350 = CARTESIAN_POINT('',(5.442116636612,8.5));
#5351 = CARTESIAN_POINT('',(6.28318530718,8.5));
#5352 = ( GEOMETRIC_REPRESENTATION_CONTEXT(2) 
PARAMETRIC_REPRESENTATION_CONTEXT() REPRESENTATION_CONTEXT('2D SPACE',''
  ) );
#5353 = ADVANCED_FACE('',(#5354),#5205,.F.);
#5354 = FACE_BOUND('',#5355,.F.);
#5355 = EDGE_LOOP('',(#5356,#5379,#5380,#5403));
#5356 = ORIENTED_EDGE('',*,*,#5357,.F.);
#5357 = EDGE_CURVE('',#5190,#5358,#5360,.T.);
#5358 = VERTEX_POINT('',#5359);
#5359 = CARTESIAN_POINT('',(2.,-60.,-20.5));
#5360 = SURFACE_CURVE('',#5361,(#5365,#5372),.PCURVE_S1.);
#5361 = LINE('',#5362,#5363);
#5362 = CARTESIAN_POINT('',(2.,-60.,-34.5));
#5363 = VECTOR('',#5364,1.);
#5364 = DIRECTION('',(0.,0.,1.));
#5365 = PCURVE('',#5205,#5366);
#5366 = DEFINITIONAL_REPRESENTATION('',(#5367),#5371);
#5367 = LINE('',#5368,#5369);
#5368 = CARTESIAN_POINT('',(0.,4.));
#5369 = VECTOR('',#5370,1.);
#5370 = DIRECTION('',(1.,0.));
#5371 = ( GEOMETRIC_REPRESENTATION_CONTEXT(2) 
PARAMETRIC_REPRESENTATION_CONTEXT() REPRESENTATION_CONTEXT('2D SPACE',''
  ) );
#5372 = PCURVE('',#4522,#5373);
#5373 = DEFINITIONAL_REPRESENTATION('',(#5374),#5378);
#5374 = LINE('',#5375,#5376);
#5375 = CARTESIAN_POINT('',(0.,2.));
#5376 = VECTOR('',#5377,1.);
#5377 = DIRECTION('',(1.,0.));
#5378 = ( GEOMETRIC_REPRESENTATION_CONTEXT(2) 
PARAMETRIC_REPRESENTATION_CONTEXT() REPRESENTATION_CONTEXT('2D SPACE',''
  ) );
#5379 = ORIENTED_EDGE('',*,*,#5189,.F.);
#5380 = ORIENTED_EDGE('',*,*,#5381,.T.);
#5381 = EDGE_CURVE('',#5167,#5382,#5384,.T.);
#5382 = VERTEX_POINT('',#5383);
#5383 = CARTESIAN_POINT('',(-2.,-60.,-20.5));
#5384 = SURFACE_CURVE('',#5385,(#5389,#5396),.PCURVE_S1.);
#5385 = LINE('',#5386,#5387);
#5386 = CARTESIAN_POINT('',(-2.,-60.,-34.5));
#5387 = VECTOR('',#5388,1.);
#5388 = DIRECTION('',(0.,0.,1.));
#5389 = PCURVE('',#5205,#5390);
#5390 = DEFINITIONAL_REPRESENTATION('',(#5391),#5395);
#5391 = LINE('',#5392,#5393);
#5392 = CARTESIAN_POINT('',(0.,0.));
#5393 = VECTOR('',#5394,1.);
#5394 = DIRECTION('',(1.,0.));
#5395 = ( GEOMETRIC_REPRESENTATION_CONTEXT(2) 
PARAMETRIC_REPRESENTATION_CONTEXT() REPRESENTATION_CONTEXT('2D SPACE',''
  ) );
#5396 = PCURVE('',#4467,#5397);
#5397 = DEFINITIONAL_REPRESENTATION('',(#5398),#5402);
#5398 = LINE('',#5399,#5400);
#5399 = CARTESIAN_POINT('',(0.,2.));
#5400 = VECTOR('',#5401,1.);
#5401 = DIRECTION('',(1.,0.));
#5402 = ( GEOMETRIC_REPRESENTATION_CONTEXT(2) 
PARAMETRIC_REPRESENTATION_CONTEXT() REPRESENTATION_CONTEXT('2D SPACE',''
  ) );
#5403 = ORIENTED_EDGE('',*,*,#5404,.F.);
#5404 = EDGE_CURVE('',#5358,#5382,#5405,.T.);
#5405 = SURFACE_CURVE('',#5406,(#5410,#5417),.PCURVE_S1.);
#5406 = LINE('',#5407,#5408);
#5407 = CARTESIAN_POINT('',(2.,-60.,-20.5));
#5408 = VECTOR('',#5409,1.);
#5409 = DIRECTION('',(-1.,0.,0.));
#5410 = PCURVE('',#5205,#5411);
#5411 = DEFINITIONAL_REPRESENTATION('',(#5412),#5416);
#5412 = LINE('',#5413,#5414);
#5413 = CARTESIAN_POINT('',(14.,4.));
#5414 = VECTOR('',#5415,1.);
#5415 = DIRECTION('',(0.,-1.));
#5416 = ( GEOMETRIC_REPRESENTATION_CONTEXT(2) 
PARAMETRIC_REPRESENTATION_CONTEXT() REPRESENTATION_CONTEXT('2D SPACE',''
  ) );
#5417 = PCURVE('',#5418,#5423);
#5418 = PLANE('',#5419);
#5419 = AXIS2_PLACEMENT_3D('',#5420,#5421,#5422);
#5420 = CARTESIAN_POINT('',(7.,-58.,-20.5));
#5421 = DIRECTION('',(0.,0.,1.));
#5422 = DIRECTION('',(1.,0.,-0.));
#5423 = DEFINITIONAL_REPRESENTATION('',(#5424),#5428);
#5424 = LINE('',#5425,#5426);
#5425 = CARTESIAN_POINT('',(-5.,-2.));
#5426 = VECTOR('',#5427,1.);
#5427 = DIRECTION('',(-1.,0.));
#5428 = ( GEOMETRIC_REPRESENTATION_CONTEXT(2) 
PARAMETRIC_REPRESENTATION_CONTEXT() REPRESENTATION_CONTEXT('2D SPACE',''
  ) );
#5429 = ADVANCED_FACE('',(#5430,#5494,#5525,#5593),#5418,.F.);
#5430 = FACE_BOUND('',#5431,.F.);
#5431 = EDGE_LOOP('',(#5432,#5467));
#5432 = ORIENTED_EDGE('',*,*,#5433,.F.);
#5433 = EDGE_CURVE('',#5434,#5436,#5438,.T.);
#5434 = VERTEX_POINT('',#5435);
#5435 = CARTESIAN_POINT('',(1.42108547152E-14,-54.02476415794,-20.5));
#5436 = VERTEX_POINT('',#5437);
#5437 = CARTESIAN_POINT('',(1.50990331349E-14,-61.97523584206,-20.5));
#5438 = SURFACE_CURVE('',#5439,(#5444,#5455),.PCURVE_S1.);
#5439 = CIRCLE('',#5440,8.05);
#5440 = AXIS2_PLACEMENT_3D('',#5441,#5442,#5443);
#5441 = CARTESIAN_POINT('',(7.,-58.,-20.5));
#5442 = DIRECTION('',(0.,0.,-1.));
#5443 = DIRECTION('',(-0.869565217391,0.493818117026,0.));
#5444 = PCURVE('',#5418,#5445);
#5445 = DEFINITIONAL_REPRESENTATION('',(#5446),#5454);
#5446 = ( BOUNDED_CURVE() B_SPLINE_CURVE(2,(#5447,#5448,#5449,#5450,
#5451,#5452,#5453),.UNSPECIFIED.,.T.,.F.) B_SPLINE_CURVE_WITH_KNOTS((1,2
    ,2,2,2,1),(-2.094395102393,0.,2.094395102393,4.188790204786,
6.28318530718,8.377580409573),.UNSPECIFIED.) CURVE() 
GEOMETRIC_REPRESENTATION_ITEM() RATIONAL_B_SPLINE_CURVE((1.,0.5,1.,0.5,
1.,0.5,1.)) REPRESENTATION_ITEM('') );
#5447 = CARTESIAN_POINT('',(-7.,3.97523584206));
#5448 = CARTESIAN_POINT('',(-0.114689549483,16.099591495042));
#5449 = CARTESIAN_POINT('',(6.942655225259,4.074559905461));
#5450 = CARTESIAN_POINT('',(14.,-7.950471684121));
#5451 = CARTESIAN_POINT('',(5.734477474138E-02,-8.049795747521));
#5452 = CARTESIAN_POINT('',(-13.88531045051,-8.149119810922));
#5453 = CARTESIAN_POINT('',(-7.,3.97523584206));
#5454 = ( GEOMETRIC_REPRESENTATION_CONTEXT(2) 
PARAMETRIC_REPRESENTATION_CONTEXT() REPRESENTATION_CONTEXT('2D SPACE',''
  ) );
#5455 = PCURVE('',#5456,#5461);
#5456 = CYLINDRICAL_SURFACE('',#5457,8.05);
#5457 = AXIS2_PLACEMENT_3D('',#5458,#5459,#5460);
#5458 = CARTESIAN_POINT('',(7.,-58.,-20.5));
#5459 = DIRECTION('',(0.,0.,1.));
#5460 = DIRECTION('',(1.,0.,-0.));
#5461 = DEFINITIONAL_REPRESENTATION('',(#5462),#5466);
#5462 = LINE('',#5463,#5464);
#5463 = CARTESIAN_POINT('',(8.908302819922,0.));
#5464 = VECTOR('',#5465,1.);
#5465 = DIRECTION('',(-1.,-0.));
#5466 = ( GEOMETRIC_REPRESENTATION_CONTEXT(2) 
PARAMETRIC_REPRESENTATION_CONTEXT() REPRESENTATION_CONTEXT('2D SPACE',''
  ) );
#5467 = ORIENTED_EDGE('',*,*,#5468,.T.);
#5468 = EDGE_CURVE('',#5434,#5436,#5469,.T.);
#5469 = SURFACE_CURVE('',#5470,(#5475,#5482),.PCURVE_S1.);
#5470 = CIRCLE('',#5471,8.05);
#5471 = AXIS2_PLACEMENT_3D('',#5472,#5473,#5474);
#5472 = CARTESIAN_POINT('',(-7.,-58.,-20.5));
#5473 = DIRECTION('',(0.,0.,1.));
#5474 = DIRECTION('',(1.,0.,-0.));
#5475 = PCURVE('',#5418,#5476);
#5476 = DEFINITIONAL_REPRESENTATION('',(#5477),#5481);
#5477 = CIRCLE('',#5478,8.05);
#5478 = AXIS2_PLACEMENT_2D('',#5479,#5480);
#5479 = CARTESIAN_POINT('',(-14.,0.));
#5480 = DIRECTION('',(1.,0.));
#5481 = ( GEOMETRIC_REPRESENTATION_CONTEXT(2) 
PARAMETRIC_REPRESENTATION_CONTEXT() REPRESENTATION_CONTEXT('2D SPACE',''
  ) );
#5482 = PCURVE('',#5483,#5488);
#5483 = CYLINDRICAL_SURFACE('',#5484,8.05);
#5484 = AXIS2_PLACEMENT_3D('',#5485,#5486,#5487);
#5485 = CARTESIAN_POINT('',(-7.,-58.,-20.5));
#5486 = DIRECTION('',(0.,0.,1.));
#5487 = DIRECTION('',(1.,0.,-0.));
#5488 = DEFINITIONAL_REPRESENTATION('',(#5489),#5493);
#5489 = LINE('',#5490,#5491);
#5490 = CARTESIAN_POINT('',(0.,0.));
#5491 = VECTOR('',#5492,1.);
#5492 = DIRECTION('',(1.,0.));
#5493 = ( GEOMETRIC_REPRESENTATION_CONTEXT(2) 
PARAMETRIC_REPRESENTATION_CONTEXT() REPRESENTATION_CONTEXT('2D SPACE',''
  ) );
#5494 = FACE_BOUND('',#5495,.F.);
#5495 = EDGE_LOOP('',(#5496));
#5496 = ORIENTED_EDGE('',*,*,#5497,.F.);
#5497 = EDGE_CURVE('',#5498,#5498,#5500,.T.);
#5498 = VERTEX_POINT('',#5499);
#5499 = CARTESIAN_POINT('',(-4.,-58.,-20.5));
#5500 = SURFACE_CURVE('',#5501,(#5506,#5513),.PCURVE_S1.);
#5501 = CIRCLE('',#5502,3.);
#5502 = AXIS2_PLACEMENT_3D('',#5503,#5504,#5505);
#5503 = CARTESIAN_POINT('',(-7.,-58.,-20.5));
#5504 = DIRECTION('',(0.,0.,1.));
#5505 = DIRECTION('',(1.,0.,-0.));
#5506 = PCURVE('',#5418,#5507);
#5507 = DEFINITIONAL_REPRESENTATION('',(#5508),#5512);
#5508 = CIRCLE('',#5509,3.);
#5509 = AXIS2_PLACEMENT_2D('',#5510,#5511);
#5510 = CARTESIAN_POINT('',(-14.,0.));
#5511 = DIRECTION('',(1.,0.));
#5512 = ( GEOMETRIC_REPRESENTATION_CONTEXT(2) 
PARAMETRIC_REPRESENTATION_CONTEXT() REPRESENTATION_CONTEXT('2D SPACE',''
  ) );
#5513 = PCURVE('',#5514,#5519);
#5514 = CYLINDRICAL_SURFACE('',#5515,3.);
#5515 = AXIS2_PLACEMENT_3D('',#5516,#5517,#5518);
#5516 = CARTESIAN_POINT('',(-7.,-58.,-20.55));
#5517 = DIRECTION('',(0.,0.,1.));
#5518 = DIRECTION('',(1.,0.,-0.));
#5519 = DEFINITIONAL_REPRESENTATION('',(#5520),#5524);
#5520 = LINE('',#5521,#5522);
#5521 = CARTESIAN_POINT('',(0.,5.E-02));
#5522 = VECTOR('',#5523,1.);
#5523 = DIRECTION('',(1.,0.));
#5524 = ( GEOMETRIC_REPRESENTATION_CONTEXT(2) 
PARAMETRIC_REPRESENTATION_CONTEXT() REPRESENTATION_CONTEXT('2D SPACE',''
  ) );
#5525 = FACE_BOUND('',#5526,.F.);
#5526 = EDGE_LOOP('',(#5527,#5528,#5550,#5573));
#5527 = ORIENTED_EDGE('',*,*,#5404,.T.);
#5528 = ORIENTED_EDGE('',*,*,#5529,.F.);
#5529 = EDGE_CURVE('',#5530,#5382,#5532,.T.);
#5530 = VERTEX_POINT('',#5531);
#5531 = CARTESIAN_POINT('',(-2.,-56.,-20.5));
#5532 = SURFACE_CURVE('',#5533,(#5537,#5544),.PCURVE_S1.);
#5533 = LINE('',#5534,#5535);
#5534 = CARTESIAN_POINT('',(-2.,-58.,-20.5));
#5535 = VECTOR('',#5536,1.);
#5536 = DIRECTION('',(0.,-1.,0.));
#5537 = PCURVE('',#5418,#5538);
#5538 = DEFINITIONAL_REPRESENTATION('',(#5539),#5543);
#5539 = LINE('',#5540,#5541);
#5540 = CARTESIAN_POINT('',(-9.,0.));
#5541 = VECTOR('',#5542,1.);
#5542 = DIRECTION('',(0.,-1.));
#5543 = ( GEOMETRIC_REPRESENTATION_CONTEXT(2) 
PARAMETRIC_REPRESENTATION_CONTEXT() REPRESENTATION_CONTEXT('2D SPACE',''
  ) );
#5544 = PCURVE('',#4467,#5545);
#5545 = DEFINITIONAL_REPRESENTATION('',(#5546),#5549);
#5546 = B_SPLINE_CURVE_WITH_KNOTS('',1,(#5547,#5548),.UNSPECIFIED.,.F.,
  .F.,(2,2),(-8.05,2.),.PIECEWISE_BEZIER_KNOTS.);
#5547 = CARTESIAN_POINT('',(14.,-8.05));
#5548 = CARTESIAN_POINT('',(14.,2.));
#5549 = ( GEOMETRIC_REPRESENTATION_CONTEXT(2) 
PARAMETRIC_REPRESENTATION_CONTEXT() REPRESENTATION_CONTEXT('2D SPACE',''
  ) );
#5550 = ORIENTED_EDGE('',*,*,#5551,.T.);
#5551 = EDGE_CURVE('',#5530,#5552,#5554,.T.);
#5552 = VERTEX_POINT('',#5553);
#5553 = CARTESIAN_POINT('',(2.,-56.,-20.5));
#5554 = SURFACE_CURVE('',#5555,(#5559,#5566),.PCURVE_S1.);
#5555 = LINE('',#5556,#5557);
#5556 = CARTESIAN_POINT('',(-2.,-56.,-20.5));
#5557 = VECTOR('',#5558,1.);
#5558 = DIRECTION('',(1.,0.,0.));
#5559 = PCURVE('',#5418,#5560);
#5560 = DEFINITIONAL_REPRESENTATION('',(#5561),#5565);
#5561 = LINE('',#5562,#5563);
#5562 = CARTESIAN_POINT('',(-9.,2.));
#5563 = VECTOR('',#5564,1.);
#5564 = DIRECTION('',(1.,0.));
#5565 = ( GEOMETRIC_REPRESENTATION_CONTEXT(2) 
PARAMETRIC_REPRESENTATION_CONTEXT() REPRESENTATION_CONTEXT('2D SPACE',''
  ) );
#5566 = PCURVE('',#4495,#5567);
#5567 = DEFINITIONAL_REPRESENTATION('',(#5568),#5572);
#5568 = LINE('',#5569,#5570);
#5569 = CARTESIAN_POINT('',(14.,0.));
#5570 = VECTOR('',#5571,1.);
#5571 = DIRECTION('',(0.,1.));
#5572 = ( GEOMETRIC_REPRESENTATION_CONTEXT(2) 
PARAMETRIC_REPRESENTATION_CONTEXT() REPRESENTATION_CONTEXT('2D SPACE',''
  ) );
#5573 = ORIENTED_EDGE('',*,*,#5574,.T.);
#5574 = EDGE_CURVE('',#5552,#5358,#5575,.T.);
#5575 = SURFACE_CURVE('',#5576,(#5580,#5587),.PCURVE_S1.);
#5576 = LINE('',#5577,#5578);
#5577 = CARTESIAN_POINT('',(2.,-58.,-20.5));
#5578 = VECTOR('',#5579,1.);
#5579 = DIRECTION('',(0.,-1.,0.));
#5580 = PCURVE('',#5418,#5581);
#5581 = DEFINITIONAL_REPRESENTATION('',(#5582),#5586);
#5582 = LINE('',#5583,#5584);
#5583 = CARTESIAN_POINT('',(-5.,0.));
#5584 = VECTOR('',#5585,1.);
#5585 = DIRECTION('',(0.,-1.));
#5586 = ( GEOMETRIC_REPRESENTATION_CONTEXT(2) 
PARAMETRIC_REPRESENTATION_CONTEXT() REPRESENTATION_CONTEXT('2D SPACE',''
  ) );
#5587 = PCURVE('',#4522,#5588);
#5588 = DEFINITIONAL_REPRESENTATION('',(#5589),#5592);
#5589 = B_SPLINE_CURVE_WITH_KNOTS('',1,(#5590,#5591),.UNSPECIFIED.,.F.,
  .F.,(2,2),(-8.05,2.),.PIECEWISE_BEZIER_KNOTS.);
#5590 = CARTESIAN_POINT('',(14.,-8.05));
#5591 = CARTESIAN_POINT('',(14.,2.));
#5592 = ( GEOMETRIC_REPRESENTATION_CONTEXT(2) 
PARAMETRIC_REPRESENTATION_CONTEXT() REPRESENTATION_CONTEXT('2D SPACE',''
  ) );
#5593 = FACE_BOUND('',#5594,.F.);
#5594 = EDGE_LOOP('',(#5595));
#5595 = ORIENTED_EDGE('',*,*,#5596,.F.);
#5596 = EDGE_CURVE('',#5597,#5597,#5599,.T.);
#5597 = VERTEX_POINT('',#5598);
#5598 = CARTESIAN_POINT('',(10.,-58.,-20.5));
#5599 = SURFACE_CURVE('',#5600,(#5605,#5612),.PCURVE_S1.);
#5600 = CIRCLE('',#5601,3.);
#5601 = AXIS2_PLACEMENT_3D('',#5602,#5603,#5604);
#5602 = CARTESIAN_POINT('',(7.,-58.,-20.5));
#5603 = DIRECTION('',(0.,0.,1.));
#5604 = DIRECTION('',(1.,0.,-0.));
#5605 = PCURVE('',#5418,#5606);
#5606 = DEFINITIONAL_REPRESENTATION('',(#5607),#5611);
#5607 = CIRCLE('',#5608,3.);
#5608 = AXIS2_PLACEMENT_2D('',#5609,#5610);
#5609 = CARTESIAN_POINT('',(0.,0.));
#5610 = DIRECTION('',(1.,0.));
#5611 = ( GEOMETRIC_REPRESENTATION_CONTEXT(2) 
PARAMETRIC_REPRESENTATION_CONTEXT() REPRESENTATION_CONTEXT('2D SPACE',''
  ) );
#5612 = PCURVE('',#5613,#5618);
#5613 = CYLINDRICAL_SURFACE('',#5614,3.);
#5614 = AXIS2_PLACEMENT_3D('',#5615,#5616,#5617);
#5615 = CARTESIAN_POINT('',(7.,-58.,-20.55));
#5616 = DIRECTION('',(0.,0.,1.));
#5617 = DIRECTION('',(1.,0.,-0.));
#5618 = DEFINITIONAL_REPRESENTATION('',(#5619),#5623);
#5619 = LINE('',#5620,#5621);
#5620 = CARTESIAN_POINT('',(0.,5.E-02));
#5621 = VECTOR('',#5622,1.);
#5622 = DIRECTION('',(1.,0.));
#5623 = ( GEOMETRIC_REPRESENTATION_CONTEXT(2) 
PARAMETRIC_REPRESENTATION_CONTEXT() REPRESENTATION_CONTEXT('2D SPACE',''
  ) );
#5624 = ADVANCED_FACE('',(#5625),#5613,.F.);
#5625 = FACE_BOUND('',#5626,.F.);
#5626 = EDGE_LOOP('',(#5627,#5650,#5677,#5678));
#5627 = ORIENTED_EDGE('',*,*,#5628,.F.);
#5628 = EDGE_CURVE('',#5629,#5597,#5631,.T.);
#5629 = VERTEX_POINT('',#5630);
#5630 = CARTESIAN_POINT('',(10.,-58.,-20.499));
#5631 = SEAM_CURVE('',#5632,(#5636,#5643),.PCURVE_S1.);
#5632 = LINE('',#5633,#5634);
#5633 = CARTESIAN_POINT('',(10.,-58.,-20.499));
#5634 = VECTOR('',#5635,1.);
#5635 = DIRECTION('',(0.,0.,-1.));
#5636 = PCURVE('',#5613,#5637);
#5637 = DEFINITIONAL_REPRESENTATION('',(#5638),#5642);
#5638 = LINE('',#5639,#5640);
#5639 = CARTESIAN_POINT('',(6.28318530718,5.1E-02));
#5640 = VECTOR('',#5641,1.);
#5641 = DIRECTION('',(-0.,-1.));
#5642 = ( GEOMETRIC_REPRESENTATION_CONTEXT(2) 
PARAMETRIC_REPRESENTATION_CONTEXT() REPRESENTATION_CONTEXT('2D SPACE',''
  ) );
#5643 = PCURVE('',#5613,#5644);
#5644 = DEFINITIONAL_REPRESENTATION('',(#5645),#5649);
#5645 = LINE('',#5646,#5647);
#5646 = CARTESIAN_POINT('',(0.,5.1E-02));
#5647 = VECTOR('',#5648,1.);
#5648 = DIRECTION('',(-0.,-1.));
#5649 = ( GEOMETRIC_REPRESENTATION_CONTEXT(2) 
PARAMETRIC_REPRESENTATION_CONTEXT() REPRESENTATION_CONTEXT('2D SPACE',''
  ) );
#5650 = ORIENTED_EDGE('',*,*,#5651,.F.);
#5651 = EDGE_CURVE('',#5629,#5629,#5652,.T.);
#5652 = SURFACE_CURVE('',#5653,(#5658,#5665),.PCURVE_S1.);
#5653 = CIRCLE('',#5654,3.);
#5654 = AXIS2_PLACEMENT_3D('',#5655,#5656,#5657);
#5655 = CARTESIAN_POINT('',(7.,-58.,-20.499));
#5656 = DIRECTION('',(0.,0.,1.));
#5657 = DIRECTION('',(1.,0.,-0.));
#5658 = PCURVE('',#5613,#5659);
#5659 = DEFINITIONAL_REPRESENTATION('',(#5660),#5664);
#5660 = LINE('',#5661,#5662);
#5661 = CARTESIAN_POINT('',(0.,5.1E-02));
#5662 = VECTOR('',#5663,1.);
#5663 = DIRECTION('',(1.,0.));
#5664 = ( GEOMETRIC_REPRESENTATION_CONTEXT(2) 
PARAMETRIC_REPRESENTATION_CONTEXT() REPRESENTATION_CONTEXT('2D SPACE',''
  ) );
#5665 = PCURVE('',#5666,#5671);
#5666 = PLANE('',#5667);
#5667 = AXIS2_PLACEMENT_3D('',#5668,#5669,#5670);
#5668 = CARTESIAN_POINT('',(7.,-58.,-20.499));
#5669 = DIRECTION('',(0.,0.,1.));
#5670 = DIRECTION('',(1.,0.,-0.));
#5671 = DEFINITIONAL_REPRESENTATION('',(#5672),#5676);
#5672 = CIRCLE('',#5673,3.);
#5673 = AXIS2_PLACEMENT_2D('',#5674,#5675);
#5674 = CARTESIAN_POINT('',(0.,0.));
#5675 = DIRECTION('',(1.,0.));
#5676 = ( GEOMETRIC_REPRESENTATION_CONTEXT(2) 
PARAMETRIC_REPRESENTATION_CONTEXT() REPRESENTATION_CONTEXT('2D SPACE',''
  ) );
#5677 = ORIENTED_EDGE('',*,*,#5628,.T.);
#5678 = ORIENTED_EDGE('',*,*,#5596,.T.);
#5679 = ADVANCED_FACE('',(#5680,#5683),#5666,.F.);
#5680 = FACE_BOUND('',#5681,.F.);
#5681 = EDGE_LOOP('',(#5682));
#5682 = ORIENTED_EDGE('',*,*,#5651,.T.);
#5683 = FACE_BOUND('',#5684,.F.);
#5684 = EDGE_LOOP('',(#5685));
#5685 = ORIENTED_EDGE('',*,*,#5686,.F.);
#5686 = EDGE_CURVE('',#5687,#5687,#5689,.T.);
#5687 = VERTEX_POINT('',#5688);
#5688 = CARTESIAN_POINT('',(9.999117647059,-58.,-20.499));
#5689 = SURFACE_CURVE('',#5690,(#5695,#5702),.PCURVE_S1.);
#5690 = CIRCLE('',#5691,2.999117647059);
#5691 = AXIS2_PLACEMENT_3D('',#5692,#5693,#5694);
#5692 = CARTESIAN_POINT('',(7.,-58.,-20.499));
#5693 = DIRECTION('',(0.,0.,1.));
#5694 = DIRECTION('',(1.,0.,-0.));
#5695 = PCURVE('',#5666,#5696);
#5696 = DEFINITIONAL_REPRESENTATION('',(#5697),#5701);
#5697 = CIRCLE('',#5698,2.999117647059);
#5698 = AXIS2_PLACEMENT_2D('',#5699,#5700);
#5699 = CARTESIAN_POINT('',(0.,0.));
#5700 = DIRECTION('',(1.,0.));
#5701 = ( GEOMETRIC_REPRESENTATION_CONTEXT(2) 
PARAMETRIC_REPRESENTATION_CONTEXT() REPRESENTATION_CONTEXT('2D SPACE',''
  ) );
#5702 = PCURVE('',#5703,#5708);
#5703 = CONICAL_SURFACE('',#5704,3.,0.722979353401);
#5704 = AXIS2_PLACEMENT_3D('',#5705,#5706,#5707);
#5705 = CARTESIAN_POINT('',(7.,-58.,-20.5));
#5706 = DIRECTION('',(-0.,-0.,-1.));
#5707 = DIRECTION('',(1.,0.,-0.));
#5708 = DEFINITIONAL_REPRESENTATION('',(#5709),#5713);
#5709 = LINE('',#5710,#5711);
#5710 = CARTESIAN_POINT('',(-0.,-1.E-03));
#5711 = VECTOR('',#5712,1.);
#5712 = DIRECTION('',(-1.,-0.));
#5713 = ( GEOMETRIC_REPRESENTATION_CONTEXT(2) 
PARAMETRIC_REPRESENTATION_CONTEXT() REPRESENTATION_CONTEXT('2D SPACE',''
  ) );
#5714 = ADVANCED_FACE('',(#5715),#5703,.F.);
#5715 = FACE_BOUND('',#5716,.F.);
#5716 = EDGE_LOOP('',(#5717,#5740,#5741,#5742));
#5717 = ORIENTED_EDGE('',*,*,#5718,.F.);
#5718 = EDGE_CURVE('',#5687,#5719,#5721,.T.);
#5719 = VERTEX_POINT('',#5720);
#5720 = CARTESIAN_POINT('',(9.117647058824,-58.,-19.5));
#5721 = SEAM_CURVE('',#5722,(#5726,#5733),.PCURVE_S1.);
#5722 = LINE('',#5723,#5724);
#5723 = CARTESIAN_POINT('',(10.,-58.,-20.5));
#5724 = VECTOR('',#5725,1.);
#5725 = DIRECTION('',(-0.661621637087,1.62050564021E-16,0.749837855365)
  );
#5726 = PCURVE('',#5703,#5727);
#5727 = DEFINITIONAL_REPRESENTATION('',(#5728),#5732);
#5728 = LINE('',#5729,#5730);
#5729 = CARTESIAN_POINT('',(0.,-0.));
#5730 = VECTOR('',#5731,1.);
#5731 = DIRECTION('',(-0.,-1.));
#5732 = ( GEOMETRIC_REPRESENTATION_CONTEXT(2) 
PARAMETRIC_REPRESENTATION_CONTEXT() REPRESENTATION_CONTEXT('2D SPACE',''
  ) );
#5733 = PCURVE('',#5703,#5734);
#5734 = DEFINITIONAL_REPRESENTATION('',(#5735),#5739);
#5735 = LINE('',#5736,#5737);
#5736 = CARTESIAN_POINT('',(-6.28318530718,0.));
#5737 = VECTOR('',#5738,1.);
#5738 = DIRECTION('',(-0.,-1.));
#5739 = ( GEOMETRIC_REPRESENTATION_CONTEXT(2) 
PARAMETRIC_REPRESENTATION_CONTEXT() REPRESENTATION_CONTEXT('2D SPACE',''
  ) );
#5740 = ORIENTED_EDGE('',*,*,#5686,.T.);
#5741 = ORIENTED_EDGE('',*,*,#5718,.T.);
#5742 = ORIENTED_EDGE('',*,*,#5743,.F.);
#5743 = EDGE_CURVE('',#5719,#5719,#5744,.T.);
#5744 = SURFACE_CURVE('',#5745,(#5750,#5757),.PCURVE_S1.);
#5745 = CIRCLE('',#5746,2.117647058824);
#5746 = AXIS2_PLACEMENT_3D('',#5747,#5748,#5749);
#5747 = CARTESIAN_POINT('',(7.,-58.,-19.5));
#5748 = DIRECTION('',(0.,0.,1.));
#5749 = DIRECTION('',(1.,0.,-0.));
#5750 = PCURVE('',#5703,#5751);
#5751 = DEFINITIONAL_REPRESENTATION('',(#5752),#5756);
#5752 = LINE('',#5753,#5754);
#5753 = CARTESIAN_POINT('',(-0.,-1.));
#5754 = VECTOR('',#5755,1.);
#5755 = DIRECTION('',(-1.,-0.));
#5756 = ( GEOMETRIC_REPRESENTATION_CONTEXT(2) 
PARAMETRIC_REPRESENTATION_CONTEXT() REPRESENTATION_CONTEXT('2D SPACE',''
  ) );
#5757 = PCURVE('',#5758,#5763);
#5758 = PLANE('',#5759);
#5759 = AXIS2_PLACEMENT_3D('',#5760,#5761,#5762);
#5760 = CARTESIAN_POINT('',(7.,-58.,-19.5));
#5761 = DIRECTION('',(0.,0.,1.));
#5762 = DIRECTION('',(1.,0.,-0.));
#5763 = DEFINITIONAL_REPRESENTATION('',(#5764),#5768);
#5764 = CIRCLE('',#5765,2.117647058824);
#5765 = AXIS2_PLACEMENT_2D('',#5766,#5767);
#5766 = CARTESIAN_POINT('',(0.,0.));
#5767 = DIRECTION('',(1.,0.));
#5768 = ( GEOMETRIC_REPRESENTATION_CONTEXT(2) 
PARAMETRIC_REPRESENTATION_CONTEXT() REPRESENTATION_CONTEXT('2D SPACE',''
  ) );
#5769 = ADVANCED_FACE('',(#5770,#5801),#5758,.T.);
#5770 = FACE_BOUND('',#5771,.T.);
#5771 = EDGE_LOOP('',(#5772));
#5772 = ORIENTED_EDGE('',*,*,#5773,.T.);
#5773 = EDGE_CURVE('',#5774,#5774,#5776,.T.);
#5774 = VERTEX_POINT('',#5775);
#5775 = CARTESIAN_POINT('',(12.65,-58.,-19.5));
#5776 = SURFACE_CURVE('',#5777,(#5782,#5789),.PCURVE_S1.);
#5777 = CIRCLE('',#5778,5.65);
#5778 = AXIS2_PLACEMENT_3D('',#5779,#5780,#5781);
#5779 = CARTESIAN_POINT('',(7.,-58.,-19.5));
#5780 = DIRECTION('',(0.,0.,1.));
#5781 = DIRECTION('',(1.,0.,-0.));
#5782 = PCURVE('',#5758,#5783);
#5783 = DEFINITIONAL_REPRESENTATION('',(#5784),#5788);
#5784 = CIRCLE('',#5785,5.65);
#5785 = AXIS2_PLACEMENT_2D('',#5786,#5787);
#5786 = CARTESIAN_POINT('',(0.,0.));
#5787 = DIRECTION('',(1.,0.));
#5788 = ( GEOMETRIC_REPRESENTATION_CONTEXT(2) 
PARAMETRIC_REPRESENTATION_CONTEXT() REPRESENTATION_CONTEXT('2D SPACE',''
  ) );
#5789 = PCURVE('',#5790,#5795);
#5790 = CYLINDRICAL_SURFACE('',#5791,5.65);
#5791 = AXIS2_PLACEMENT_3D('',#5792,#5793,#5794);
#5792 = CARTESIAN_POINT('',(7.,-58.,-19.5));
#5793 = DIRECTION('',(0.,0.,1.));
#5794 = DIRECTION('',(1.,0.,-0.));
#5795 = DEFINITIONAL_REPRESENTATION('',(#5796),#5800);
#5796 = LINE('',#5797,#5798);
#5797 = CARTESIAN_POINT('',(0.,0.));
#5798 = VECTOR('',#5799,1.);
#5799 = DIRECTION('',(1.,0.));
#5800 = ( GEOMETRIC_REPRESENTATION_CONTEXT(2) 
PARAMETRIC_REPRESENTATION_CONTEXT() REPRESENTATION_CONTEXT('2D SPACE',''
  ) );
#5801 = FACE_BOUND('',#5802,.T.);
#5802 = EDGE_LOOP('',(#5803));
#5803 = ORIENTED_EDGE('',*,*,#5743,.F.);
#5804 = ADVANCED_FACE('',(#5805),#5790,.F.);
#5805 = FACE_BOUND('',#5806,.F.);
#5806 = EDGE_LOOP('',(#5807,#5838,#5864,#5893,#5914,#5915,#5916,#5940));
#5807 = ORIENTED_EDGE('',*,*,#5808,.F.);
#5808 = EDGE_CURVE('',#5809,#5811,#5813,.T.);
#5809 = VERTEX_POINT('',#5810);
#5810 = CARTESIAN_POINT('',(1.715825513857,-56.,-12.3));
#5811 = VERTEX_POINT('',#5812);
#5812 = CARTESIAN_POINT('',(1.715825513857,-60.,-12.3));
#5813 = SURFACE_CURVE('',#5814,(#5819,#5826),.PCURVE_S1.);
#5814 = CIRCLE('',#5815,5.65);
#5815 = AXIS2_PLACEMENT_3D('',#5816,#5817,#5818);
#5816 = CARTESIAN_POINT('',(7.,-58.,-12.3));
#5817 = DIRECTION('',(0.,0.,1.));
#5818 = DIRECTION('',(1.,0.,-0.));
#5819 = PCURVE('',#5790,#5820);
#5820 = DEFINITIONAL_REPRESENTATION('',(#5821),#5825);
#5821 = LINE('',#5822,#5823);
#5822 = CARTESIAN_POINT('',(0.,7.2));
#5823 = VECTOR('',#5824,1.);
#5824 = DIRECTION('',(1.,0.));
#5825 = ( GEOMETRIC_REPRESENTATION_CONTEXT(2) 
PARAMETRIC_REPRESENTATION_CONTEXT() REPRESENTATION_CONTEXT('2D SPACE',''
  ) );
#5826 = PCURVE('',#5827,#5832);
#5827 = PLANE('',#5828);
#5828 = AXIS2_PLACEMENT_3D('',#5829,#5830,#5831);
#5829 = CARTESIAN_POINT('',(7.,-58.,-12.3));
#5830 = DIRECTION('',(0.,0.,1.));
#5831 = DIRECTION('',(1.,0.,-0.));
#5832 = DEFINITIONAL_REPRESENTATION('',(#5833),#5837);
#5833 = CIRCLE('',#5834,5.65);
#5834 = AXIS2_PLACEMENT_2D('',#5835,#5836);
#5835 = CARTESIAN_POINT('',(0.,0.));
#5836 = DIRECTION('',(1.,0.));
#5837 = ( GEOMETRIC_REPRESENTATION_CONTEXT(2) 
PARAMETRIC_REPRESENTATION_CONTEXT() REPRESENTATION_CONTEXT('2D SPACE',''
  ) );
#5838 = ORIENTED_EDGE('',*,*,#5839,.F.);
#5839 = EDGE_CURVE('',#5840,#5809,#5842,.T.);
#5840 = VERTEX_POINT('',#5841);
#5841 = CARTESIAN_POINT('',(1.715825513857,-56.,-12.5));
#5842 = SURFACE_CURVE('',#5843,(#5847,#5853),.PCURVE_S1.);
#5843 = LINE('',#5844,#5845);
#5844 = CARTESIAN_POINT('',(1.715825513857,-56.,-19.5));
#5845 = VECTOR('',#5846,1.);
#5846 = DIRECTION('',(0.,0.,1.));
#5847 = PCURVE('',#5790,#5848);
#5848 = DEFINITIONAL_REPRESENTATION('',(#5849),#5852);
#5849 = B_SPLINE_CURVE_WITH_KNOTS('',1,(#5850,#5851),.UNSPECIFIED.,.F.,
  .F.,(2,2),(6.95,7.2000006),.PIECEWISE_BEZIER_KNOTS.);
#5850 = CARTESIAN_POINT('',(2.779766965539,6.95));
#5851 = CARTESIAN_POINT('',(2.779766965539,7.2000006));
#5852 = ( GEOMETRIC_REPRESENTATION_CONTEXT(2) 
PARAMETRIC_REPRESENTATION_CONTEXT() REPRESENTATION_CONTEXT('2D SPACE',''
  ) );
#5853 = PCURVE('',#5854,#5859);
#5854 = PLANE('',#5855);
#5855 = AXIS2_PLACEMENT_3D('',#5856,#5857,#5858);
#5856 = CARTESIAN_POINT('',(-2.,-56.,-34.5));
#5857 = DIRECTION('',(-0.,1.,0.));
#5858 = DIRECTION('',(0.,0.,1.));
#5859 = DEFINITIONAL_REPRESENTATION('',(#5860),#5863);
#5860 = B_SPLINE_CURVE_WITH_KNOTS('',1,(#5861,#5862),.UNSPECIFIED.,.F.,
  .F.,(2,2),(6.95,7.2000006),.PIECEWISE_BEZIER_KNOTS.);
#5861 = CARTESIAN_POINT('',(21.95,3.715825513857));
#5862 = CARTESIAN_POINT('',(22.2000006,3.715825513857));
#5863 = ( GEOMETRIC_REPRESENTATION_CONTEXT(2) 
PARAMETRIC_REPRESENTATION_CONTEXT() REPRESENTATION_CONTEXT('2D SPACE',''
  ) );
#5864 = ORIENTED_EDGE('',*,*,#5865,.F.);
#5865 = EDGE_CURVE('',#5866,#5840,#5868,.T.);
#5866 = VERTEX_POINT('',#5867);
#5867 = CARTESIAN_POINT('',(12.65,-58.,-12.5));
#5868 = SURFACE_CURVE('',#5869,(#5874,#5881),.PCURVE_S1.);
#5869 = CIRCLE('',#5870,5.65);
#5870 = AXIS2_PLACEMENT_3D('',#5871,#5872,#5873);
#5871 = CARTESIAN_POINT('',(7.,-58.,-12.5));
#5872 = DIRECTION('',(0.,0.,1.));
#5873 = DIRECTION('',(1.,0.,-0.));
#5874 = PCURVE('',#5790,#5875);
#5875 = DEFINITIONAL_REPRESENTATION('',(#5876),#5880);
#5876 = LINE('',#5877,#5878);
#5877 = CARTESIAN_POINT('',(0.,7.));
#5878 = VECTOR('',#5879,1.);
#5879 = DIRECTION('',(1.,0.));
#5880 = ( GEOMETRIC_REPRESENTATION_CONTEXT(2) 
PARAMETRIC_REPRESENTATION_CONTEXT() REPRESENTATION_CONTEXT('2D SPACE',''
  ) );
#5881 = PCURVE('',#5882,#5887);
#5882 = PLANE('',#5883);
#5883 = AXIS2_PLACEMENT_3D('',#5884,#5885,#5886);
#5884 = CARTESIAN_POINT('',(7.,-58.,-12.5));
#5885 = DIRECTION('',(0.,0.,1.));
#5886 = DIRECTION('',(1.,0.,-0.));
#5887 = DEFINITIONAL_REPRESENTATION('',(#5888),#5892);
#5888 = CIRCLE('',#5889,5.65);
#5889 = AXIS2_PLACEMENT_2D('',#5890,#5891);
#5890 = CARTESIAN_POINT('',(0.,0.));
#5891 = DIRECTION('',(1.,0.));
#5892 = ( GEOMETRIC_REPRESENTATION_CONTEXT(2) 
PARAMETRIC_REPRESENTATION_CONTEXT() REPRESENTATION_CONTEXT('2D SPACE',''
  ) );
#5893 = ORIENTED_EDGE('',*,*,#5894,.F.);
#5894 = EDGE_CURVE('',#5774,#5866,#5895,.T.);
#5895 = SEAM_CURVE('',#5896,(#5900,#5907),.PCURVE_S1.);
#5896 = LINE('',#5897,#5898);
#5897 = CARTESIAN_POINT('',(12.65,-58.,-19.5));
#5898 = VECTOR('',#5899,1.);
#5899 = DIRECTION('',(0.,0.,1.));
#5900 = PCURVE('',#5790,#5901);
#5901 = DEFINITIONAL_REPRESENTATION('',(#5902),#5906);
#5902 = LINE('',#5903,#5904);
#5903 = CARTESIAN_POINT('',(6.28318530718,-0.));
#5904 = VECTOR('',#5905,1.);
#5905 = DIRECTION('',(0.,1.));
#5906 = ( GEOMETRIC_REPRESENTATION_CONTEXT(2) 
PARAMETRIC_REPRESENTATION_CONTEXT() REPRESENTATION_CONTEXT('2D SPACE',''
  ) );
#5907 = PCURVE('',#5790,#5908);
#5908 = DEFINITIONAL_REPRESENTATION('',(#5909),#5913);
#5909 = LINE('',#5910,#5911);
#5910 = CARTESIAN_POINT('',(0.,-0.));
#5911 = VECTOR('',#5912,1.);
#5912 = DIRECTION('',(0.,1.));
#5913 = ( GEOMETRIC_REPRESENTATION_CONTEXT(2) 
PARAMETRIC_REPRESENTATION_CONTEXT() REPRESENTATION_CONTEXT('2D SPACE',''
  ) );
#5914 = ORIENTED_EDGE('',*,*,#5773,.T.);
#5915 = ORIENTED_EDGE('',*,*,#5894,.T.);
#5916 = ORIENTED_EDGE('',*,*,#5917,.F.);
#5917 = EDGE_CURVE('',#5918,#5866,#5920,.T.);
#5918 = VERTEX_POINT('',#5919);
#5919 = CARTESIAN_POINT('',(1.715825513857,-60.,-12.5));
#5920 = SURFACE_CURVE('',#5921,(#5926,#5933),.PCURVE_S1.);
#5921 = CIRCLE('',#5922,5.65);
#5922 = AXIS2_PLACEMENT_3D('',#5923,#5924,#5925);
#5923 = CARTESIAN_POINT('',(7.,-58.,-12.5));
#5924 = DIRECTION('',(0.,0.,1.));
#5925 = DIRECTION('',(1.,0.,-0.));
#5926 = PCURVE('',#5790,#5927);
#5927 = DEFINITIONAL_REPRESENTATION('',(#5928),#5932);
#5928 = LINE('',#5929,#5930);
#5929 = CARTESIAN_POINT('',(0.,7.));
#5930 = VECTOR('',#5931,1.);
#5931 = DIRECTION('',(1.,0.));
#5932 = ( GEOMETRIC_REPRESENTATION_CONTEXT(2) 
PARAMETRIC_REPRESENTATION_CONTEXT() REPRESENTATION_CONTEXT('2D SPACE',''
  ) );
#5933 = PCURVE('',#5882,#5934);
#5934 = DEFINITIONAL_REPRESENTATION('',(#5935),#5939);
#5935 = CIRCLE('',#5936,5.65);
#5936 = AXIS2_PLACEMENT_2D('',#5937,#5938);
#5937 = CARTESIAN_POINT('',(0.,0.));
#5938 = DIRECTION('',(1.,0.));
#5939 = ( GEOMETRIC_REPRESENTATION_CONTEXT(2) 
PARAMETRIC_REPRESENTATION_CONTEXT() REPRESENTATION_CONTEXT('2D SPACE',''
  ) );
#5940 = ORIENTED_EDGE('',*,*,#5941,.T.);
#5941 = EDGE_CURVE('',#5918,#5811,#5942,.T.);
#5942 = SURFACE_CURVE('',#5943,(#5947,#5953),.PCURVE_S1.);
#5943 = LINE('',#5944,#5945);
#5944 = CARTESIAN_POINT('',(1.715825513857,-60.,-19.5));
#5945 = VECTOR('',#5946,1.);
#5946 = DIRECTION('',(0.,0.,1.));
#5947 = PCURVE('',#5790,#5948);
#5948 = DEFINITIONAL_REPRESENTATION('',(#5949),#5952);
#5949 = B_SPLINE_CURVE_WITH_KNOTS('',1,(#5950,#5951),.UNSPECIFIED.,.F.,
  .F.,(2,2),(6.95,7.2000006),.PIECEWISE_BEZIER_KNOTS.);
#5950 = CARTESIAN_POINT('',(3.503418341641,6.95));
#5951 = CARTESIAN_POINT('',(3.503418341641,7.2000006));
#5952 = ( GEOMETRIC_REPRESENTATION_CONTEXT(2) 
PARAMETRIC_REPRESENTATION_CONTEXT() REPRESENTATION_CONTEXT('2D SPACE',''
  ) );
#5953 = PCURVE('',#5954,#5959);
#5954 = PLANE('',#5955);
#5955 = AXIS2_PLACEMENT_3D('',#5956,#5957,#5958);
#5956 = CARTESIAN_POINT('',(-2.,-60.,-34.5));
#5957 = DIRECTION('',(-0.,1.,0.));
#5958 = DIRECTION('',(0.,0.,1.));
#5959 = DEFINITIONAL_REPRESENTATION('',(#5960),#5963);
#5960 = B_SPLINE_CURVE_WITH_KNOTS('',1,(#5961,#5962),.UNSPECIFIED.,.F.,
  .F.,(2,2),(6.95,7.2000006),.PIECEWISE_BEZIER_KNOTS.);
#5961 = CARTESIAN_POINT('',(21.95,3.715825513857));
#5962 = CARTESIAN_POINT('',(22.2000006,3.715825513857));
#5963 = ( GEOMETRIC_REPRESENTATION_CONTEXT(2) 
PARAMETRIC_REPRESENTATION_CONTEXT() REPRESENTATION_CONTEXT('2D SPACE',''
  ) );
#5964 = ADVANCED_FACE('',(#5965),#5854,.T.);
#5965 = FACE_BOUND('',#5966,.T.);
#5966 = EDGE_LOOP('',(#5967,#5997,#6016,#6017,#6040,#6066,#6092,#6120));
#5967 = ORIENTED_EDGE('',*,*,#5968,.F.);
#5968 = EDGE_CURVE('',#5969,#5971,#5973,.T.);
#5969 = VERTEX_POINT('',#5970);
#5970 = CARTESIAN_POINT('',(2.,-56.,-12.3));
#5971 = VERTEX_POINT('',#5972);
#5972 = CARTESIAN_POINT('',(2.,-56.,-12.));
#5973 = SURFACE_CURVE('',#5974,(#5978,#5985),.PCURVE_S1.);
#5974 = LINE('',#5975,#5976);
#5975 = CARTESIAN_POINT('',(2.,-56.,-34.5));
#5976 = VECTOR('',#5977,1.);
#5977 = DIRECTION('',(0.,0.,1.));
#5978 = PCURVE('',#5854,#5979);
#5979 = DEFINITIONAL_REPRESENTATION('',(#5980),#5984);
#5980 = LINE('',#5981,#5982);
#5981 = CARTESIAN_POINT('',(0.,4.));
#5982 = VECTOR('',#5983,1.);
#5983 = DIRECTION('',(1.,0.));
#5984 = ( GEOMETRIC_REPRESENTATION_CONTEXT(2) 
PARAMETRIC_REPRESENTATION_CONTEXT() REPRESENTATION_CONTEXT('2D SPACE',''
  ) );
#5985 = PCURVE('',#5986,#5991);
#5986 = PLANE('',#5987);
#5987 = AXIS2_PLACEMENT_3D('',#5988,#5989,#5990);
#5988 = CARTESIAN_POINT('',(2.,-58.,-34.5));
#5989 = DIRECTION('',(1.,0.,-0.));
#5990 = DIRECTION('',(0.,0.,1.));
#5991 = DEFINITIONAL_REPRESENTATION('',(#5992),#5996);
#5992 = LINE('',#5993,#5994);
#5993 = CARTESIAN_POINT('',(0.,-2.));
#5994 = VECTOR('',#5995,1.);
#5995 = DIRECTION('',(1.,0.));
#5996 = ( GEOMETRIC_REPRESENTATION_CONTEXT(2) 
PARAMETRIC_REPRESENTATION_CONTEXT() REPRESENTATION_CONTEXT('2D SPACE',''
  ) );
#5997 = ORIENTED_EDGE('',*,*,#5998,.F.);
#5998 = EDGE_CURVE('',#5809,#5969,#5999,.T.);
#5999 = SURFACE_CURVE('',#6000,(#6004,#6010),.PCURVE_S1.);
#6000 = LINE('',#6001,#6002);
#6001 = CARTESIAN_POINT('',(2.5,-56.,-12.3));
#6002 = VECTOR('',#6003,1.);
#6003 = DIRECTION('',(1.,0.,-0.));
#6004 = PCURVE('',#5854,#6005);
#6005 = DEFINITIONAL_REPRESENTATION('',(#6006),#6009);
#6006 = B_SPLINE_CURVE_WITH_KNOTS('',1,(#6007,#6008),.UNSPECIFIED.,.F.,
  .F.,(2,2),(-1.15,-0.5),.PIECEWISE_BEZIER_KNOTS.);
#6007 = CARTESIAN_POINT('',(22.2,3.35));
#6008 = CARTESIAN_POINT('',(22.2,4.));
#6009 = ( GEOMETRIC_REPRESENTATION_CONTEXT(2) 
PARAMETRIC_REPRESENTATION_CONTEXT() REPRESENTATION_CONTEXT('2D SPACE',''
  ) );
#6010 = PCURVE('',#5827,#6011);
#6011 = DEFINITIONAL_REPRESENTATION('',(#6012),#6015);
#6012 = B_SPLINE_CURVE_WITH_KNOTS('',1,(#6013,#6014),.UNSPECIFIED.,.F.,
  .F.,(2,2),(-1.15,-0.5),.PIECEWISE_BEZIER_KNOTS.);
#6013 = CARTESIAN_POINT('',(-5.65,2.));
#6014 = CARTESIAN_POINT('',(-5.,2.));
#6015 = ( GEOMETRIC_REPRESENTATION_CONTEXT(2) 
PARAMETRIC_REPRESENTATION_CONTEXT() REPRESENTATION_CONTEXT('2D SPACE',''
  ) );
#6016 = ORIENTED_EDGE('',*,*,#5839,.F.);
#6017 = ORIENTED_EDGE('',*,*,#6018,.F.);
#6018 = EDGE_CURVE('',#6019,#5840,#6021,.T.);
#6019 = VERTEX_POINT('',#6020);
#6020 = CARTESIAN_POINT('',(-1.715825513857,-56.,-12.5));
#6021 = SURFACE_CURVE('',#6022,(#6026,#6033),.PCURVE_S1.);
#6022 = LINE('',#6023,#6024);
#6023 = CARTESIAN_POINT('',(-2.,-56.,-12.5));
#6024 = VECTOR('',#6025,1.);
#6025 = DIRECTION('',(1.,0.,0.));
#6026 = PCURVE('',#5854,#6027);
#6027 = DEFINITIONAL_REPRESENTATION('',(#6028),#6032);
#6028 = LINE('',#6029,#6030);
#6029 = CARTESIAN_POINT('',(22.,0.));
#6030 = VECTOR('',#6031,1.);
#6031 = DIRECTION('',(0.,1.));
#6032 = ( GEOMETRIC_REPRESENTATION_CONTEXT(2) 
PARAMETRIC_REPRESENTATION_CONTEXT() REPRESENTATION_CONTEXT('2D SPACE',''
  ) );
#6033 = PCURVE('',#5882,#6034);
#6034 = DEFINITIONAL_REPRESENTATION('',(#6035),#6039);
#6035 = LINE('',#6036,#6037);
#6036 = CARTESIAN_POINT('',(-9.,2.));
#6037 = VECTOR('',#6038,1.);
#6038 = DIRECTION('',(1.,0.));
#6039 = ( GEOMETRIC_REPRESENTATION_CONTEXT(2) 
PARAMETRIC_REPRESENTATION_CONTEXT() REPRESENTATION_CONTEXT('2D SPACE',''
  ) );
#6040 = ORIENTED_EDGE('',*,*,#6041,.T.);
#6041 = EDGE_CURVE('',#6019,#6042,#6044,.T.);
#6042 = VERTEX_POINT('',#6043);
#6043 = CARTESIAN_POINT('',(-1.715825513857,-56.,-12.3));
#6044 = SURFACE_CURVE('',#6045,(#6049,#6055),.PCURVE_S1.);
#6045 = LINE('',#6046,#6047);
#6046 = CARTESIAN_POINT('',(-1.715825513857,-56.,-19.5));
#6047 = VECTOR('',#6048,1.);
#6048 = DIRECTION('',(0.,0.,1.));
#6049 = PCURVE('',#5854,#6050);
#6050 = DEFINITIONAL_REPRESENTATION('',(#6051),#6054);
#6051 = B_SPLINE_CURVE_WITH_KNOTS('',1,(#6052,#6053),.UNSPECIFIED.,.F.,
  .F.,(2,2),(6.95,7.2000006),.PIECEWISE_BEZIER_KNOTS.);
#6052 = CARTESIAN_POINT('',(21.95,0.284174486143));
#6053 = CARTESIAN_POINT('',(22.2000006,0.284174486143));
#6054 = ( GEOMETRIC_REPRESENTATION_CONTEXT(2) 
PARAMETRIC_REPRESENTATION_CONTEXT() REPRESENTATION_CONTEXT('2D SPACE',''
  ) );
#6055 = PCURVE('',#6056,#6061);
#6056 = CYLINDRICAL_SURFACE('',#6057,5.65);
#6057 = AXIS2_PLACEMENT_3D('',#6058,#6059,#6060);
#6058 = CARTESIAN_POINT('',(-7.,-58.,-19.5));
#6059 = DIRECTION('',(0.,0.,1.));
#6060 = DIRECTION('',(1.,0.,-0.));
#6061 = DEFINITIONAL_REPRESENTATION('',(#6062),#6065);
#6062 = B_SPLINE_CURVE_WITH_KNOTS('',1,(#6063,#6064),.UNSPECIFIED.,.F.,
  .F.,(2,2),(6.95,7.2000006),.PIECEWISE_BEZIER_KNOTS.);
#6063 = CARTESIAN_POINT('',(0.361825688051,6.95));
#6064 = CARTESIAN_POINT('',(0.361825688051,7.2000006));
#6065 = ( GEOMETRIC_REPRESENTATION_CONTEXT(2) 
PARAMETRIC_REPRESENTATION_CONTEXT() REPRESENTATION_CONTEXT('2D SPACE',''
  ) );
#6066 = ORIENTED_EDGE('',*,*,#6067,.F.);
#6067 = EDGE_CURVE('',#6068,#6042,#6070,.T.);
#6068 = VERTEX_POINT('',#6069);
#6069 = CARTESIAN_POINT('',(-2.,-56.,-12.3));
#6070 = SURFACE_CURVE('',#6071,(#6075,#6081),.PCURVE_S1.);
#6071 = LINE('',#6072,#6073);
#6072 = CARTESIAN_POINT('',(-4.5,-56.,-12.3));
#6073 = VECTOR('',#6074,1.);
#6074 = DIRECTION('',(1.,0.,-0.));
#6075 = PCURVE('',#5854,#6076);
#6076 = DEFINITIONAL_REPRESENTATION('',(#6077),#6080);
#6077 = B_SPLINE_CURVE_WITH_KNOTS('',1,(#6078,#6079),.UNSPECIFIED.,.F.,
  .F.,(2,2),(2.5,3.15),.PIECEWISE_BEZIER_KNOTS.);
#6078 = CARTESIAN_POINT('',(22.2,0.));
#6079 = CARTESIAN_POINT('',(22.2,0.65));
#6080 = ( GEOMETRIC_REPRESENTATION_CONTEXT(2) 
PARAMETRIC_REPRESENTATION_CONTEXT() REPRESENTATION_CONTEXT('2D SPACE',''
  ) );
#6081 = PCURVE('',#6082,#6087);
#6082 = PLANE('',#6083);
#6083 = AXIS2_PLACEMENT_3D('',#6084,#6085,#6086);
#6084 = CARTESIAN_POINT('',(-7.,-58.,-12.3));
#6085 = DIRECTION('',(0.,0.,1.));
#6086 = DIRECTION('',(1.,0.,-0.));
#6087 = DEFINITIONAL_REPRESENTATION('',(#6088),#6091);
#6088 = B_SPLINE_CURVE_WITH_KNOTS('',1,(#6089,#6090),.UNSPECIFIED.,.F.,
  .F.,(2,2),(2.5,3.15),.PIECEWISE_BEZIER_KNOTS.);
#6089 = CARTESIAN_POINT('',(5.,2.));
#6090 = CARTESIAN_POINT('',(5.65,2.));
#6091 = ( GEOMETRIC_REPRESENTATION_CONTEXT(2) 
PARAMETRIC_REPRESENTATION_CONTEXT() REPRESENTATION_CONTEXT('2D SPACE',''
  ) );
#6092 = ORIENTED_EDGE('',*,*,#6093,.T.);
#6093 = EDGE_CURVE('',#6068,#6094,#6096,.T.);
#6094 = VERTEX_POINT('',#6095);
#6095 = CARTESIAN_POINT('',(-2.,-56.,-12.));
#6096 = SURFACE_CURVE('',#6097,(#6101,#6108),.PCURVE_S1.);
#6097 = LINE('',#6098,#6099);
#6098 = CARTESIAN_POINT('',(-2.,-56.,-34.5));
#6099 = VECTOR('',#6100,1.);
#6100 = DIRECTION('',(0.,0.,1.));
#6101 = PCURVE('',#5854,#6102);
#6102 = DEFINITIONAL_REPRESENTATION('',(#6103),#6107);
#6103 = LINE('',#6104,#6105);
#6104 = CARTESIAN_POINT('',(0.,0.));
#6105 = VECTOR('',#6106,1.);
#6106 = DIRECTION('',(1.,0.));
#6107 = ( GEOMETRIC_REPRESENTATION_CONTEXT(2) 
PARAMETRIC_REPRESENTATION_CONTEXT() REPRESENTATION_CONTEXT('2D SPACE',''
  ) );
#6108 = PCURVE('',#6109,#6114);
#6109 = PLANE('',#6110);
#6110 = AXIS2_PLACEMENT_3D('',#6111,#6112,#6113);
#6111 = CARTESIAN_POINT('',(-2.,-58.,-34.5));
#6112 = DIRECTION('',(1.,0.,-0.));
#6113 = DIRECTION('',(0.,0.,1.));
#6114 = DEFINITIONAL_REPRESENTATION('',(#6115),#6119);
#6115 = LINE('',#6116,#6117);
#6116 = CARTESIAN_POINT('',(0.,-2.));
#6117 = VECTOR('',#6118,1.);
#6118 = DIRECTION('',(1.,0.));
#6119 = ( GEOMETRIC_REPRESENTATION_CONTEXT(2) 
PARAMETRIC_REPRESENTATION_CONTEXT() REPRESENTATION_CONTEXT('2D SPACE',''
  ) );
#6120 = ORIENTED_EDGE('',*,*,#6121,.T.);
#6121 = EDGE_CURVE('',#6094,#5971,#6122,.T.);
#6122 = SURFACE_CURVE('',#6123,(#6127,#6134),.PCURVE_S1.);
#6123 = LINE('',#6124,#6125);
#6124 = CARTESIAN_POINT('',(-2.,-56.,-12.));
#6125 = VECTOR('',#6126,1.);
#6126 = DIRECTION('',(1.,0.,-0.));
#6127 = PCURVE('',#5854,#6128);
#6128 = DEFINITIONAL_REPRESENTATION('',(#6129),#6133);
#6129 = LINE('',#6130,#6131);
#6130 = CARTESIAN_POINT('',(22.5,0.));
#6131 = VECTOR('',#6132,1.);
#6132 = DIRECTION('',(0.,1.));
#6133 = ( GEOMETRIC_REPRESENTATION_CONTEXT(2) 
PARAMETRIC_REPRESENTATION_CONTEXT() REPRESENTATION_CONTEXT('2D SPACE',''
  ) );
#6134 = PCURVE('',#6135,#6140);
#6135 = PLANE('',#6136);
#6136 = AXIS2_PLACEMENT_3D('',#6137,#6138,#6139);
#6137 = CARTESIAN_POINT('',(-2.,-60.,-12.));
#6138 = DIRECTION('',(0.,0.,1.));
#6139 = DIRECTION('',(1.,0.,-0.));
#6140 = DEFINITIONAL_REPRESENTATION('',(#6141),#6145);
#6141 = LINE('',#6142,#6143);
#6142 = CARTESIAN_POINT('',(0.,4.));
#6143 = VECTOR('',#6144,1.);
#6144 = DIRECTION('',(1.,0.));
#6145 = ( GEOMETRIC_REPRESENTATION_CONTEXT(2) 
PARAMETRIC_REPRESENTATION_CONTEXT() REPRESENTATION_CONTEXT('2D SPACE',''
  ) );
#6146 = ADVANCED_FACE('',(#6147),#6056,.F.);
#6147 = FACE_BOUND('',#6148,.F.);
#6148 = EDGE_LOOP('',(#6149,#6174,#6198,#6219,#6241,#6242,#6264,#6265));
#6149 = ORIENTED_EDGE('',*,*,#6150,.T.);
#6150 = EDGE_CURVE('',#6151,#6153,#6155,.T.);
#6151 = VERTEX_POINT('',#6152);
#6152 = CARTESIAN_POINT('',(-1.35,-58.,-19.5));
#6153 = VERTEX_POINT('',#6154);
#6154 = CARTESIAN_POINT('',(-1.35,-58.,-12.3));
#6155 = SEAM_CURVE('',#6156,(#6160,#6167),.PCURVE_S1.);
#6156 = LINE('',#6157,#6158);
#6157 = CARTESIAN_POINT('',(-1.35,-58.,-19.5));
#6158 = VECTOR('',#6159,1.);
#6159 = DIRECTION('',(0.,0.,1.));
#6160 = PCURVE('',#6056,#6161);
#6161 = DEFINITIONAL_REPRESENTATION('',(#6162),#6166);
#6162 = LINE('',#6163,#6164);
#6163 = CARTESIAN_POINT('',(6.28318530718,-0.));
#6164 = VECTOR('',#6165,1.);
#6165 = DIRECTION('',(0.,1.));
#6166 = ( GEOMETRIC_REPRESENTATION_CONTEXT(2) 
PARAMETRIC_REPRESENTATION_CONTEXT() REPRESENTATION_CONTEXT('2D SPACE',''
  ) );
#6167 = PCURVE('',#6056,#6168);
#6168 = DEFINITIONAL_REPRESENTATION('',(#6169),#6173);
#6169 = LINE('',#6170,#6171);
#6170 = CARTESIAN_POINT('',(0.,-0.));
#6171 = VECTOR('',#6172,1.);
#6172 = DIRECTION('',(0.,1.));
#6173 = ( GEOMETRIC_REPRESENTATION_CONTEXT(2) 
PARAMETRIC_REPRESENTATION_CONTEXT() REPRESENTATION_CONTEXT('2D SPACE',''
  ) );
#6174 = ORIENTED_EDGE('',*,*,#6175,.F.);
#6175 = EDGE_CURVE('',#6176,#6153,#6178,.T.);
#6176 = VERTEX_POINT('',#6177);
#6177 = CARTESIAN_POINT('',(-1.715825513857,-60.,-12.3));
#6178 = SURFACE_CURVE('',#6179,(#6184,#6191),.PCURVE_S1.);
#6179 = CIRCLE('',#6180,5.65);
#6180 = AXIS2_PLACEMENT_3D('',#6181,#6182,#6183);
#6181 = CARTESIAN_POINT('',(-7.,-58.,-12.3));
#6182 = DIRECTION('',(0.,0.,1.));
#6183 = DIRECTION('',(1.,0.,-0.));
#6184 = PCURVE('',#6056,#6185);
#6185 = DEFINITIONAL_REPRESENTATION('',(#6186),#6190);
#6186 = LINE('',#6187,#6188);
#6187 = CARTESIAN_POINT('',(0.,7.2));
#6188 = VECTOR('',#6189,1.);
#6189 = DIRECTION('',(1.,0.));
#6190 = ( GEOMETRIC_REPRESENTATION_CONTEXT(2) 
PARAMETRIC_REPRESENTATION_CONTEXT() REPRESENTATION_CONTEXT('2D SPACE',''
  ) );
#6191 = PCURVE('',#6082,#6192);
#6192 = DEFINITIONAL_REPRESENTATION('',(#6193),#6197);
#6193 = CIRCLE('',#6194,5.65);
#6194 = AXIS2_PLACEMENT_2D('',#6195,#6196);
#6195 = CARTESIAN_POINT('',(0.,0.));
#6196 = DIRECTION('',(1.,0.));
#6197 = ( GEOMETRIC_REPRESENTATION_CONTEXT(2) 
PARAMETRIC_REPRESENTATION_CONTEXT() REPRESENTATION_CONTEXT('2D SPACE',''
  ) );
#6198 = ORIENTED_EDGE('',*,*,#6199,.F.);
#6199 = EDGE_CURVE('',#6200,#6176,#6202,.T.);
#6200 = VERTEX_POINT('',#6201);
#6201 = CARTESIAN_POINT('',(-1.715825513857,-60.,-12.5));
#6202 = SURFACE_CURVE('',#6203,(#6207,#6213),.PCURVE_S1.);
#6203 = LINE('',#6204,#6205);
#6204 = CARTESIAN_POINT('',(-1.715825513857,-60.,-19.5));
#6205 = VECTOR('',#6206,1.);
#6206 = DIRECTION('',(0.,0.,1.));
#6207 = PCURVE('',#6056,#6208);
#6208 = DEFINITIONAL_REPRESENTATION('',(#6209),#6212);
#6209 = B_SPLINE_CURVE_WITH_KNOTS('',1,(#6210,#6211),.UNSPECIFIED.,.F.,
  .F.,(2,2),(6.95,7.2000006),.PIECEWISE_BEZIER_KNOTS.);
#6210 = CARTESIAN_POINT('',(5.921359619129,6.95));
#6211 = CARTESIAN_POINT('',(5.921359619129,7.2000006));
#6212 = ( GEOMETRIC_REPRESENTATION_CONTEXT(2) 
PARAMETRIC_REPRESENTATION_CONTEXT() REPRESENTATION_CONTEXT('2D SPACE',''
  ) );
#6213 = PCURVE('',#5954,#6214);
#6214 = DEFINITIONAL_REPRESENTATION('',(#6215),#6218);
#6215 = B_SPLINE_CURVE_WITH_KNOTS('',1,(#6216,#6217),.UNSPECIFIED.,.F.,
  .F.,(2,2),(6.95,7.2000006),.PIECEWISE_BEZIER_KNOTS.);
#6216 = CARTESIAN_POINT('',(21.95,0.284174486143));
#6217 = CARTESIAN_POINT('',(22.2000006,0.284174486143));
#6218 = ( GEOMETRIC_REPRESENTATION_CONTEXT(2) 
PARAMETRIC_REPRESENTATION_CONTEXT() REPRESENTATION_CONTEXT('2D SPACE',''
  ) );
#6219 = ORIENTED_EDGE('',*,*,#6220,.F.);
#6220 = EDGE_CURVE('',#6019,#6200,#6221,.T.);
#6221 = SURFACE_CURVE('',#6222,(#6227,#6234),.PCURVE_S1.);
#6222 = CIRCLE('',#6223,5.65);
#6223 = AXIS2_PLACEMENT_3D('',#6224,#6225,#6226);
#6224 = CARTESIAN_POINT('',(-7.,-58.,-12.5));
#6225 = DIRECTION('',(0.,0.,1.));
#6226 = DIRECTION('',(1.,0.,-0.));
#6227 = PCURVE('',#6056,#6228);
#6228 = DEFINITIONAL_REPRESENTATION('',(#6229),#6233);
#6229 = LINE('',#6230,#6231);
#6230 = CARTESIAN_POINT('',(0.,7.));
#6231 = VECTOR('',#6232,1.);
#6232 = DIRECTION('',(1.,0.));
#6233 = ( GEOMETRIC_REPRESENTATION_CONTEXT(2) 
PARAMETRIC_REPRESENTATION_CONTEXT() REPRESENTATION_CONTEXT('2D SPACE',''
  ) );
#6234 = PCURVE('',#5882,#6235);
#6235 = DEFINITIONAL_REPRESENTATION('',(#6236),#6240);
#6236 = CIRCLE('',#6237,5.65);
#6237 = AXIS2_PLACEMENT_2D('',#6238,#6239);
#6238 = CARTESIAN_POINT('',(-14.,0.));
#6239 = DIRECTION('',(1.,0.));
#6240 = ( GEOMETRIC_REPRESENTATION_CONTEXT(2) 
PARAMETRIC_REPRESENTATION_CONTEXT() REPRESENTATION_CONTEXT('2D SPACE',''
  ) );
#6241 = ORIENTED_EDGE('',*,*,#6041,.T.);
#6242 = ORIENTED_EDGE('',*,*,#6243,.F.);
#6243 = EDGE_CURVE('',#6153,#6042,#6244,.T.);
#6244 = SURFACE_CURVE('',#6245,(#6250,#6257),.PCURVE_S1.);
#6245 = CIRCLE('',#6246,5.65);
#6246 = AXIS2_PLACEMENT_3D('',#6247,#6248,#6249);
#6247 = CARTESIAN_POINT('',(-7.,-58.,-12.3));
#6248 = DIRECTION('',(0.,0.,1.));
#6249 = DIRECTION('',(1.,0.,-0.));
#6250 = PCURVE('',#6056,#6251);
#6251 = DEFINITIONAL_REPRESENTATION('',(#6252),#6256);
#6252 = LINE('',#6253,#6254);
#6253 = CARTESIAN_POINT('',(0.,7.2));
#6254 = VECTOR('',#6255,1.);
#6255 = DIRECTION('',(1.,0.));
#6256 = ( GEOMETRIC_REPRESENTATION_CONTEXT(2) 
PARAMETRIC_REPRESENTATION_CONTEXT() REPRESENTATION_CONTEXT('2D SPACE',''
  ) );
#6257 = PCURVE('',#6082,#6258);
#6258 = DEFINITIONAL_REPRESENTATION('',(#6259),#6263);
#6259 = CIRCLE('',#6260,5.65);
#6260 = AXIS2_PLACEMENT_2D('',#6261,#6262);
#6261 = CARTESIAN_POINT('',(0.,0.));
#6262 = DIRECTION('',(1.,0.));
#6263 = ( GEOMETRIC_REPRESENTATION_CONTEXT(2) 
PARAMETRIC_REPRESENTATION_CONTEXT() REPRESENTATION_CONTEXT('2D SPACE',''
  ) );
#6264 = ORIENTED_EDGE('',*,*,#6150,.F.);
#6265 = ORIENTED_EDGE('',*,*,#6266,.T.);
#6266 = EDGE_CURVE('',#6151,#6151,#6267,.T.);
#6267 = SURFACE_CURVE('',#6268,(#6273,#6280),.PCURVE_S1.);
#6268 = CIRCLE('',#6269,5.65);
#6269 = AXIS2_PLACEMENT_3D('',#6270,#6271,#6272);
#6270 = CARTESIAN_POINT('',(-7.,-58.,-19.5));
#6271 = DIRECTION('',(0.,0.,1.));
#6272 = DIRECTION('',(1.,0.,-0.));
#6273 = PCURVE('',#6056,#6274);
#6274 = DEFINITIONAL_REPRESENTATION('',(#6275),#6279);
#6275 = LINE('',#6276,#6277);
#6276 = CARTESIAN_POINT('',(0.,0.));
#6277 = VECTOR('',#6278,1.);
#6278 = DIRECTION('',(1.,0.));
#6279 = ( GEOMETRIC_REPRESENTATION_CONTEXT(2) 
PARAMETRIC_REPRESENTATION_CONTEXT() REPRESENTATION_CONTEXT('2D SPACE',''
  ) );
#6280 = PCURVE('',#6281,#6286);
#6281 = PLANE('',#6282);
#6282 = AXIS2_PLACEMENT_3D('',#6283,#6284,#6285);
#6283 = CARTESIAN_POINT('',(-7.,-58.,-19.5));
#6284 = DIRECTION('',(0.,0.,1.));
#6285 = DIRECTION('',(1.,0.,-0.));
#6286 = DEFINITIONAL_REPRESENTATION('',(#6287),#6291);
#6287 = CIRCLE('',#6288,5.65);
#6288 = AXIS2_PLACEMENT_2D('',#6289,#6290);
#6289 = CARTESIAN_POINT('',(0.,0.));
#6290 = DIRECTION('',(1.,0.));
#6291 = ( GEOMETRIC_REPRESENTATION_CONTEXT(2) 
PARAMETRIC_REPRESENTATION_CONTEXT() REPRESENTATION_CONTEXT('2D SPACE',''
  ) );
#6292 = ADVANCED_FACE('',(#6293,#6296),#6281,.T.);
#6293 = FACE_BOUND('',#6294,.T.);
#6294 = EDGE_LOOP('',(#6295));
#6295 = ORIENTED_EDGE('',*,*,#6266,.T.);
#6296 = FACE_BOUND('',#6297,.T.);
#6297 = EDGE_LOOP('',(#6298));
#6298 = ORIENTED_EDGE('',*,*,#6299,.F.);
#6299 = EDGE_CURVE('',#6300,#6300,#6302,.T.);
#6300 = VERTEX_POINT('',#6301);
#6301 = CARTESIAN_POINT('',(-4.882352941176,-58.,-19.5));
#6302 = SURFACE_CURVE('',#6303,(#6308,#6315),.PCURVE_S1.);
#6303 = CIRCLE('',#6304,2.117647058824);
#6304 = AXIS2_PLACEMENT_3D('',#6305,#6306,#6307);
#6305 = CARTESIAN_POINT('',(-7.,-58.,-19.5));
#6306 = DIRECTION('',(0.,0.,1.));
#6307 = DIRECTION('',(1.,0.,-0.));
#6308 = PCURVE('',#6281,#6309);
#6309 = DEFINITIONAL_REPRESENTATION('',(#6310),#6314);
#6310 = CIRCLE('',#6311,2.117647058824);
#6311 = AXIS2_PLACEMENT_2D('',#6312,#6313);
#6312 = CARTESIAN_POINT('',(0.,0.));
#6313 = DIRECTION('',(1.,0.));
#6314 = ( GEOMETRIC_REPRESENTATION_CONTEXT(2) 
PARAMETRIC_REPRESENTATION_CONTEXT() REPRESENTATION_CONTEXT('2D SPACE',''
  ) );
#6315 = PCURVE('',#6316,#6321);
#6316 = CONICAL_SURFACE('',#6317,3.,0.722979353401);
#6317 = AXIS2_PLACEMENT_3D('',#6318,#6319,#6320);
#6318 = CARTESIAN_POINT('',(-7.,-58.,-20.5));
#6319 = DIRECTION('',(-0.,-0.,-1.));
#6320 = DIRECTION('',(1.,0.,-0.));
#6321 = DEFINITIONAL_REPRESENTATION('',(#6322),#6326);
#6322 = LINE('',#6323,#6324);
#6323 = CARTESIAN_POINT('',(-0.,-1.));
#6324 = VECTOR('',#6325,1.);
#6325 = DIRECTION('',(-1.,-0.));
#6326 = ( GEOMETRIC_REPRESENTATION_CONTEXT(2) 
PARAMETRIC_REPRESENTATION_CONTEXT() REPRESENTATION_CONTEXT('2D SPACE',''
  ) );
#6327 = ADVANCED_FACE('',(#6328),#6316,.F.);
#6328 = FACE_BOUND('',#6329,.F.);
#6329 = EDGE_LOOP('',(#6330,#6353,#6380,#6381));
#6330 = ORIENTED_EDGE('',*,*,#6331,.F.);
#6331 = EDGE_CURVE('',#6332,#6300,#6334,.T.);
#6332 = VERTEX_POINT('',#6333);
#6333 = CARTESIAN_POINT('',(-4.000882352941,-58.,-20.499));
#6334 = SEAM_CURVE('',#6335,(#6339,#6346),.PCURVE_S1.);
#6335 = LINE('',#6336,#6337);
#6336 = CARTESIAN_POINT('',(-4.,-58.,-20.5));
#6337 = VECTOR('',#6338,1.);
#6338 = DIRECTION('',(-0.661621637087,1.62050564021E-16,0.749837855365)
  );
#6339 = PCURVE('',#6316,#6340);
#6340 = DEFINITIONAL_REPRESENTATION('',(#6341),#6345);
#6341 = LINE('',#6342,#6343);
#6342 = CARTESIAN_POINT('',(0.,-0.));
#6343 = VECTOR('',#6344,1.);
#6344 = DIRECTION('',(-0.,-1.));
#6345 = ( GEOMETRIC_REPRESENTATION_CONTEXT(2) 
PARAMETRIC_REPRESENTATION_CONTEXT() REPRESENTATION_CONTEXT('2D SPACE',''
  ) );
#6346 = PCURVE('',#6316,#6347);
#6347 = DEFINITIONAL_REPRESENTATION('',(#6348),#6352);
#6348 = LINE('',#6349,#6350);
#6349 = CARTESIAN_POINT('',(-6.28318530718,0.));
#6350 = VECTOR('',#6351,1.);
#6351 = DIRECTION('',(-0.,-1.));
#6352 = ( GEOMETRIC_REPRESENTATION_CONTEXT(2) 
PARAMETRIC_REPRESENTATION_CONTEXT() REPRESENTATION_CONTEXT('2D SPACE',''
  ) );
#6353 = ORIENTED_EDGE('',*,*,#6354,.T.);
#6354 = EDGE_CURVE('',#6332,#6332,#6355,.T.);
#6355 = SURFACE_CURVE('',#6356,(#6361,#6368),.PCURVE_S1.);
#6356 = CIRCLE('',#6357,2.999117647059);
#6357 = AXIS2_PLACEMENT_3D('',#6358,#6359,#6360);
#6358 = CARTESIAN_POINT('',(-7.,-58.,-20.499));
#6359 = DIRECTION('',(0.,0.,1.));
#6360 = DIRECTION('',(1.,0.,-0.));
#6361 = PCURVE('',#6316,#6362);
#6362 = DEFINITIONAL_REPRESENTATION('',(#6363),#6367);
#6363 = LINE('',#6364,#6365);
#6364 = CARTESIAN_POINT('',(-0.,-1.E-03));
#6365 = VECTOR('',#6366,1.);
#6366 = DIRECTION('',(-1.,-0.));
#6367 = ( GEOMETRIC_REPRESENTATION_CONTEXT(2) 
PARAMETRIC_REPRESENTATION_CONTEXT() REPRESENTATION_CONTEXT('2D SPACE',''
  ) );
#6368 = PCURVE('',#6369,#6374);
#6369 = PLANE('',#6370);
#6370 = AXIS2_PLACEMENT_3D('',#6371,#6372,#6373);
#6371 = CARTESIAN_POINT('',(-7.,-58.,-20.499));
#6372 = DIRECTION('',(0.,0.,1.));
#6373 = DIRECTION('',(1.,0.,-0.));
#6374 = DEFINITIONAL_REPRESENTATION('',(#6375),#6379);
#6375 = CIRCLE('',#6376,2.999117647059);
#6376 = AXIS2_PLACEMENT_2D('',#6377,#6378);
#6377 = CARTESIAN_POINT('',(0.,0.));
#6378 = DIRECTION('',(1.,0.));
#6379 = ( GEOMETRIC_REPRESENTATION_CONTEXT(2) 
PARAMETRIC_REPRESENTATION_CONTEXT() REPRESENTATION_CONTEXT('2D SPACE',''
  ) );
#6380 = ORIENTED_EDGE('',*,*,#6331,.T.);
#6381 = ORIENTED_EDGE('',*,*,#6299,.F.);
#6382 = ADVANCED_FACE('',(#6383,#6409),#6369,.F.);
#6383 = FACE_BOUND('',#6384,.F.);
#6384 = EDGE_LOOP('',(#6385));
#6385 = ORIENTED_EDGE('',*,*,#6386,.T.);
#6386 = EDGE_CURVE('',#6387,#6387,#6389,.T.);
#6387 = VERTEX_POINT('',#6388);
#6388 = CARTESIAN_POINT('',(-4.,-58.,-20.499));
#6389 = SURFACE_CURVE('',#6390,(#6395,#6402),.PCURVE_S1.);
#6390 = CIRCLE('',#6391,3.);
#6391 = AXIS2_PLACEMENT_3D('',#6392,#6393,#6394);
#6392 = CARTESIAN_POINT('',(-7.,-58.,-20.499));
#6393 = DIRECTION('',(0.,0.,1.));
#6394 = DIRECTION('',(1.,0.,-0.));
#6395 = PCURVE('',#6369,#6396);
#6396 = DEFINITIONAL_REPRESENTATION('',(#6397),#6401);
#6397 = CIRCLE('',#6398,3.);
#6398 = AXIS2_PLACEMENT_2D('',#6399,#6400);
#6399 = CARTESIAN_POINT('',(0.,0.));
#6400 = DIRECTION('',(1.,0.));
#6401 = ( GEOMETRIC_REPRESENTATION_CONTEXT(2) 
PARAMETRIC_REPRESENTATION_CONTEXT() REPRESENTATION_CONTEXT('2D SPACE',''
  ) );
#6402 = PCURVE('',#5514,#6403);
#6403 = DEFINITIONAL_REPRESENTATION('',(#6404),#6408);
#6404 = LINE('',#6405,#6406);
#6405 = CARTESIAN_POINT('',(0.,5.1E-02));
#6406 = VECTOR('',#6407,1.);
#6407 = DIRECTION('',(1.,0.));
#6408 = ( GEOMETRIC_REPRESENTATION_CONTEXT(2) 
PARAMETRIC_REPRESENTATION_CONTEXT() REPRESENTATION_CONTEXT('2D SPACE',''
  ) );
#6409 = FACE_BOUND('',#6410,.F.);
#6410 = EDGE_LOOP('',(#6411));
#6411 = ORIENTED_EDGE('',*,*,#6354,.F.);
#6412 = ADVANCED_FACE('',(#6413),#6082,.F.);
#6413 = FACE_BOUND('',#6414,.F.);
#6414 = EDGE_LOOP('',(#6415,#6416,#6417,#6418,#6439));
#6415 = ORIENTED_EDGE('',*,*,#6175,.T.);
#6416 = ORIENTED_EDGE('',*,*,#6243,.T.);
#6417 = ORIENTED_EDGE('',*,*,#6067,.F.);
#6418 = ORIENTED_EDGE('',*,*,#6419,.T.);
#6419 = EDGE_CURVE('',#6068,#6420,#6422,.T.);
#6420 = VERTEX_POINT('',#6421);
#6421 = CARTESIAN_POINT('',(-2.,-60.,-12.3));
#6422 = SURFACE_CURVE('',#6423,(#6427,#6433),.PCURVE_S1.);
#6423 = LINE('',#6424,#6425);
#6424 = CARTESIAN_POINT('',(-2.,-58.,-12.3));
#6425 = VECTOR('',#6426,1.);
#6426 = DIRECTION('',(0.,-1.,0.));
#6427 = PCURVE('',#6082,#6428);
#6428 = DEFINITIONAL_REPRESENTATION('',(#6429),#6432);
#6429 = B_SPLINE_CURVE_WITH_KNOTS('',1,(#6430,#6431),.UNSPECIFIED.,.F.,
  .F.,(2,2),(-2.,2.),.PIECEWISE_BEZIER_KNOTS.);
#6430 = CARTESIAN_POINT('',(5.,2.));
#6431 = CARTESIAN_POINT('',(5.,-2.));
#6432 = ( GEOMETRIC_REPRESENTATION_CONTEXT(2) 
PARAMETRIC_REPRESENTATION_CONTEXT() REPRESENTATION_CONTEXT('2D SPACE',''
  ) );
#6433 = PCURVE('',#6109,#6434);
#6434 = DEFINITIONAL_REPRESENTATION('',(#6435),#6438);
#6435 = B_SPLINE_CURVE_WITH_KNOTS('',1,(#6436,#6437),.UNSPECIFIED.,.F.,
  .F.,(2,2),(-2.,2.),.PIECEWISE_BEZIER_KNOTS.);
#6436 = CARTESIAN_POINT('',(22.2,-2.));
#6437 = CARTESIAN_POINT('',(22.2,2.));
#6438 = ( GEOMETRIC_REPRESENTATION_CONTEXT(2) 
PARAMETRIC_REPRESENTATION_CONTEXT() REPRESENTATION_CONTEXT('2D SPACE',''
  ) );
#6439 = ORIENTED_EDGE('',*,*,#6440,.T.);
#6440 = EDGE_CURVE('',#6420,#6176,#6441,.T.);
#6441 = SURFACE_CURVE('',#6442,(#6446,#6452),.PCURVE_S1.);
#6442 = LINE('',#6443,#6444);
#6443 = CARTESIAN_POINT('',(-4.5,-60.,-12.3));
#6444 = VECTOR('',#6445,1.);
#6445 = DIRECTION('',(1.,0.,-0.));
#6446 = PCURVE('',#6082,#6447);
#6447 = DEFINITIONAL_REPRESENTATION('',(#6448),#6451);
#6448 = B_SPLINE_CURVE_WITH_KNOTS('',1,(#6449,#6450),.UNSPECIFIED.,.F.,
  .F.,(2,2),(2.5,3.15),.PIECEWISE_BEZIER_KNOTS.);
#6449 = CARTESIAN_POINT('',(5.,-2.));
#6450 = CARTESIAN_POINT('',(5.65,-2.));
#6451 = ( GEOMETRIC_REPRESENTATION_CONTEXT(2) 
PARAMETRIC_REPRESENTATION_CONTEXT() REPRESENTATION_CONTEXT('2D SPACE',''
  ) );
#6452 = PCURVE('',#5954,#6453);
#6453 = DEFINITIONAL_REPRESENTATION('',(#6454),#6457);
#6454 = B_SPLINE_CURVE_WITH_KNOTS('',1,(#6455,#6456),.UNSPECIFIED.,.F.,
  .F.,(2,2),(2.5,3.15),.PIECEWISE_BEZIER_KNOTS.);
#6455 = CARTESIAN_POINT('',(22.2,0.));
#6456 = CARTESIAN_POINT('',(22.2,0.65));
#6457 = ( GEOMETRIC_REPRESENTATION_CONTEXT(2) 
PARAMETRIC_REPRESENTATION_CONTEXT() REPRESENTATION_CONTEXT('2D SPACE',''
  ) );
#6458 = ADVANCED_FACE('',(#6459),#6109,.F.);
#6459 = FACE_BOUND('',#6460,.F.);
#6460 = EDGE_LOOP('',(#6461,#6462,#6463,#6486));
#6461 = ORIENTED_EDGE('',*,*,#6419,.F.);
#6462 = ORIENTED_EDGE('',*,*,#6093,.T.);
#6463 = ORIENTED_EDGE('',*,*,#6464,.F.);
#6464 = EDGE_CURVE('',#6465,#6094,#6467,.T.);
#6465 = VERTEX_POINT('',#6466);
#6466 = CARTESIAN_POINT('',(-2.,-60.,-12.));
#6467 = SURFACE_CURVE('',#6468,(#6472,#6479),.PCURVE_S1.);
#6468 = LINE('',#6469,#6470);
#6469 = CARTESIAN_POINT('',(-2.,-60.,-12.));
#6470 = VECTOR('',#6471,1.);
#6471 = DIRECTION('',(-0.,1.,0.));
#6472 = PCURVE('',#6109,#6473);
#6473 = DEFINITIONAL_REPRESENTATION('',(#6474),#6478);
#6474 = LINE('',#6475,#6476);
#6475 = CARTESIAN_POINT('',(22.5,2.));
#6476 = VECTOR('',#6477,1.);
#6477 = DIRECTION('',(0.,-1.));
#6478 = ( GEOMETRIC_REPRESENTATION_CONTEXT(2) 
PARAMETRIC_REPRESENTATION_CONTEXT() REPRESENTATION_CONTEXT('2D SPACE',''
  ) );
#6479 = PCURVE('',#6135,#6480);
#6480 = DEFINITIONAL_REPRESENTATION('',(#6481),#6485);
#6481 = LINE('',#6482,#6483);
#6482 = CARTESIAN_POINT('',(0.,0.));
#6483 = VECTOR('',#6484,1.);
#6484 = DIRECTION('',(0.,1.));
#6485 = ( GEOMETRIC_REPRESENTATION_CONTEXT(2) 
PARAMETRIC_REPRESENTATION_CONTEXT() REPRESENTATION_CONTEXT('2D SPACE',''
  ) );
#6486 = ORIENTED_EDGE('',*,*,#6487,.F.);
#6487 = EDGE_CURVE('',#6420,#6465,#6488,.T.);
#6488 = SURFACE_CURVE('',#6489,(#6493,#6500),.PCURVE_S1.);
#6489 = LINE('',#6490,#6491);
#6490 = CARTESIAN_POINT('',(-2.,-60.,-34.5));
#6491 = VECTOR('',#6492,1.);
#6492 = DIRECTION('',(0.,0.,1.));
#6493 = PCURVE('',#6109,#6494);
#6494 = DEFINITIONAL_REPRESENTATION('',(#6495),#6499);
#6495 = LINE('',#6496,#6497);
#6496 = CARTESIAN_POINT('',(0.,2.));
#6497 = VECTOR('',#6498,1.);
#6498 = DIRECTION('',(1.,0.));
#6499 = ( GEOMETRIC_REPRESENTATION_CONTEXT(2) 
PARAMETRIC_REPRESENTATION_CONTEXT() REPRESENTATION_CONTEXT('2D SPACE',''
  ) );
#6500 = PCURVE('',#5954,#6501);
#6501 = DEFINITIONAL_REPRESENTATION('',(#6502),#6506);
#6502 = LINE('',#6503,#6504);
#6503 = CARTESIAN_POINT('',(0.,0.));
#6504 = VECTOR('',#6505,1.);
#6505 = DIRECTION('',(1.,0.));
#6506 = ( GEOMETRIC_REPRESENTATION_CONTEXT(2) 
PARAMETRIC_REPRESENTATION_CONTEXT() REPRESENTATION_CONTEXT('2D SPACE',''
  ) );
#6507 = ADVANCED_FACE('',(#6508),#6135,.T.);
#6508 = FACE_BOUND('',#6509,.T.);
#6509 = EDGE_LOOP('',(#6510,#6511,#6534,#6555));
#6510 = ORIENTED_EDGE('',*,*,#6464,.F.);
#6511 = ORIENTED_EDGE('',*,*,#6512,.T.);
#6512 = EDGE_CURVE('',#6465,#6513,#6515,.T.);
#6513 = VERTEX_POINT('',#6514);
#6514 = CARTESIAN_POINT('',(2.,-60.,-12.));
#6515 = SURFACE_CURVE('',#6516,(#6520,#6527),.PCURVE_S1.);
#6516 = LINE('',#6517,#6518);
#6517 = CARTESIAN_POINT('',(-2.,-60.,-12.));
#6518 = VECTOR('',#6519,1.);
#6519 = DIRECTION('',(1.,0.,-0.));
#6520 = PCURVE('',#6135,#6521);
#6521 = DEFINITIONAL_REPRESENTATION('',(#6522),#6526);
#6522 = LINE('',#6523,#6524);
#6523 = CARTESIAN_POINT('',(0.,0.));
#6524 = VECTOR('',#6525,1.);
#6525 = DIRECTION('',(1.,0.));
#6526 = ( GEOMETRIC_REPRESENTATION_CONTEXT(2) 
PARAMETRIC_REPRESENTATION_CONTEXT() REPRESENTATION_CONTEXT('2D SPACE',''
  ) );
#6527 = PCURVE('',#5954,#6528);
#6528 = DEFINITIONAL_REPRESENTATION('',(#6529),#6533);
#6529 = LINE('',#6530,#6531);
#6530 = CARTESIAN_POINT('',(22.5,0.));
#6531 = VECTOR('',#6532,1.);
#6532 = DIRECTION('',(0.,1.));
#6533 = ( GEOMETRIC_REPRESENTATION_CONTEXT(2) 
PARAMETRIC_REPRESENTATION_CONTEXT() REPRESENTATION_CONTEXT('2D SPACE',''
  ) );
#6534 = ORIENTED_EDGE('',*,*,#6535,.T.);
#6535 = EDGE_CURVE('',#6513,#5971,#6536,.T.);
#6536 = SURFACE_CURVE('',#6537,(#6541,#6548),.PCURVE_S1.);
#6537 = LINE('',#6538,#6539);
#6538 = CARTESIAN_POINT('',(2.,-60.,-12.));
#6539 = VECTOR('',#6540,1.);
#6540 = DIRECTION('',(-0.,1.,0.));
#6541 = PCURVE('',#6135,#6542);
#6542 = DEFINITIONAL_REPRESENTATION('',(#6543),#6547);
#6543 = LINE('',#6544,#6545);
#6544 = CARTESIAN_POINT('',(4.,0.));
#6545 = VECTOR('',#6546,1.);
#6546 = DIRECTION('',(0.,1.));
#6547 = ( GEOMETRIC_REPRESENTATION_CONTEXT(2) 
PARAMETRIC_REPRESENTATION_CONTEXT() REPRESENTATION_CONTEXT('2D SPACE',''
  ) );
#6548 = PCURVE('',#5986,#6549);
#6549 = DEFINITIONAL_REPRESENTATION('',(#6550),#6554);
#6550 = LINE('',#6551,#6552);
#6551 = CARTESIAN_POINT('',(22.5,2.));
#6552 = VECTOR('',#6553,1.);
#6553 = DIRECTION('',(0.,-1.));
#6554 = ( GEOMETRIC_REPRESENTATION_CONTEXT(2) 
PARAMETRIC_REPRESENTATION_CONTEXT() REPRESENTATION_CONTEXT('2D SPACE',''
  ) );
#6555 = ORIENTED_EDGE('',*,*,#6121,.F.);
#6556 = ADVANCED_FACE('',(#6557),#5986,.T.);
#6557 = FACE_BOUND('',#6558,.T.);
#6558 = EDGE_LOOP('',(#6559,#6580,#6581,#6582));
#6559 = ORIENTED_EDGE('',*,*,#6560,.F.);
#6560 = EDGE_CURVE('',#5969,#6561,#6563,.T.);
#6561 = VERTEX_POINT('',#6562);
#6562 = CARTESIAN_POINT('',(2.,-60.,-12.3));
#6563 = SURFACE_CURVE('',#6564,(#6568,#6574),.PCURVE_S1.);
#6564 = LINE('',#6565,#6566);
#6565 = CARTESIAN_POINT('',(2.,-58.,-12.3));
#6566 = VECTOR('',#6567,1.);
#6567 = DIRECTION('',(0.,-1.,0.));
#6568 = PCURVE('',#5986,#6569);
#6569 = DEFINITIONAL_REPRESENTATION('',(#6570),#6573);
#6570 = B_SPLINE_CURVE_WITH_KNOTS('',1,(#6571,#6572),.UNSPECIFIED.,.F.,
  .F.,(2,2),(-2.,2.),.PIECEWISE_BEZIER_KNOTS.);
#6571 = CARTESIAN_POINT('',(22.2,-2.));
#6572 = CARTESIAN_POINT('',(22.2,2.));
#6573 = ( GEOMETRIC_REPRESENTATION_CONTEXT(2) 
PARAMETRIC_REPRESENTATION_CONTEXT() REPRESENTATION_CONTEXT('2D SPACE',''
  ) );
#6574 = PCURVE('',#5827,#6575);
#6575 = DEFINITIONAL_REPRESENTATION('',(#6576),#6579);
#6576 = B_SPLINE_CURVE_WITH_KNOTS('',1,(#6577,#6578),.UNSPECIFIED.,.F.,
  .F.,(2,2),(-2.,2.),.PIECEWISE_BEZIER_KNOTS.);
#6577 = CARTESIAN_POINT('',(-5.,2.));
#6578 = CARTESIAN_POINT('',(-5.,-2.));
#6579 = ( GEOMETRIC_REPRESENTATION_CONTEXT(2) 
PARAMETRIC_REPRESENTATION_CONTEXT() REPRESENTATION_CONTEXT('2D SPACE',''
  ) );
#6580 = ORIENTED_EDGE('',*,*,#5968,.T.);
#6581 = ORIENTED_EDGE('',*,*,#6535,.F.);
#6582 = ORIENTED_EDGE('',*,*,#6583,.F.);
#6583 = EDGE_CURVE('',#6561,#6513,#6584,.T.);
#6584 = SURFACE_CURVE('',#6585,(#6589,#6596),.PCURVE_S1.);
#6585 = LINE('',#6586,#6587);
#6586 = CARTESIAN_POINT('',(2.,-60.,-34.5));
#6587 = VECTOR('',#6588,1.);
#6588 = DIRECTION('',(0.,0.,1.));
#6589 = PCURVE('',#5986,#6590);
#6590 = DEFINITIONAL_REPRESENTATION('',(#6591),#6595);
#6591 = LINE('',#6592,#6593);
#6592 = CARTESIAN_POINT('',(0.,2.));
#6593 = VECTOR('',#6594,1.);
#6594 = DIRECTION('',(1.,0.));
#6595 = ( GEOMETRIC_REPRESENTATION_CONTEXT(2) 
PARAMETRIC_REPRESENTATION_CONTEXT() REPRESENTATION_CONTEXT('2D SPACE',''
  ) );
#6596 = PCURVE('',#5954,#6597);
#6597 = DEFINITIONAL_REPRESENTATION('',(#6598),#6602);
#6598 = LINE('',#6599,#6600);
#6599 = CARTESIAN_POINT('',(0.,4.));
#6600 = VECTOR('',#6601,1.);
#6601 = DIRECTION('',(1.,0.));
#6602 = ( GEOMETRIC_REPRESENTATION_CONTEXT(2) 
PARAMETRIC_REPRESENTATION_CONTEXT() REPRESENTATION_CONTEXT('2D SPACE',''
  ) );
#6603 = ADVANCED_FACE('',(#6604,#6658),#5882,.T.);
#6604 = FACE_BOUND('',#6605,.T.);
#6605 = EDGE_LOOP('',(#6606,#6636));
#6606 = ORIENTED_EDGE('',*,*,#6607,.F.);
#6607 = EDGE_CURVE('',#6608,#6610,#6612,.T.);
#6608 = VERTEX_POINT('',#6609);
#6609 = CARTESIAN_POINT('',(1.42108547152E-14,-54.02476415794,-12.5));
#6610 = VERTEX_POINT('',#6611);
#6611 = CARTESIAN_POINT('',(1.50990331349E-14,-61.97523584206,-12.5));
#6612 = SURFACE_CURVE('',#6613,(#6618,#6629),.PCURVE_S1.);
#6613 = CIRCLE('',#6614,8.05);
#6614 = AXIS2_PLACEMENT_3D('',#6615,#6616,#6617);
#6615 = CARTESIAN_POINT('',(7.,-58.,-12.5));
#6616 = DIRECTION('',(0.,0.,-1.));
#6617 = DIRECTION('',(-0.869565217391,0.493818117026,0.));
#6618 = PCURVE('',#5882,#6619);
#6619 = DEFINITIONAL_REPRESENTATION('',(#6620),#6628);
#6620 = ( BOUNDED_CURVE() B_SPLINE_CURVE(2,(#6621,#6622,#6623,#6624,
#6625,#6626,#6627),.UNSPECIFIED.,.T.,.F.) B_SPLINE_CURVE_WITH_KNOTS((1,2
    ,2,2,2,1),(-2.094395102393,0.,2.094395102393,4.188790204786,
6.28318530718,8.377580409573),.UNSPECIFIED.) CURVE() 
GEOMETRIC_REPRESENTATION_ITEM() RATIONAL_B_SPLINE_CURVE((1.,0.5,1.,0.5,
1.,0.5,1.)) REPRESENTATION_ITEM('') );
#6621 = CARTESIAN_POINT('',(-7.,3.97523584206));
#6622 = CARTESIAN_POINT('',(-0.114689549483,16.099591495042));
#6623 = CARTESIAN_POINT('',(6.942655225259,4.074559905461));
#6624 = CARTESIAN_POINT('',(14.,-7.950471684121));
#6625 = CARTESIAN_POINT('',(5.734477474138E-02,-8.049795747521));
#6626 = CARTESIAN_POINT('',(-13.88531045051,-8.149119810922));
#6627 = CARTESIAN_POINT('',(-7.,3.97523584206));
#6628 = ( GEOMETRIC_REPRESENTATION_CONTEXT(2) 
PARAMETRIC_REPRESENTATION_CONTEXT() REPRESENTATION_CONTEXT('2D SPACE',''
  ) );
#6629 = PCURVE('',#5456,#6630);
#6630 = DEFINITIONAL_REPRESENTATION('',(#6631),#6635);
#6631 = LINE('',#6632,#6633);
#6632 = CARTESIAN_POINT('',(8.908302819922,8.));
#6633 = VECTOR('',#6634,1.);
#6634 = DIRECTION('',(-1.,-0.));
#6635 = ( GEOMETRIC_REPRESENTATION_CONTEXT(2) 
PARAMETRIC_REPRESENTATION_CONTEXT() REPRESENTATION_CONTEXT('2D SPACE',''
  ) );
#6636 = ORIENTED_EDGE('',*,*,#6637,.T.);
#6637 = EDGE_CURVE('',#6608,#6610,#6638,.T.);
#6638 = SURFACE_CURVE('',#6639,(#6644,#6651),.PCURVE_S1.);
#6639 = CIRCLE('',#6640,8.05);
#6640 = AXIS2_PLACEMENT_3D('',#6641,#6642,#6643);
#6641 = CARTESIAN_POINT('',(-7.,-58.,-12.5));
#6642 = DIRECTION('',(0.,0.,1.));
#6643 = DIRECTION('',(1.,0.,-0.));
#6644 = PCURVE('',#5882,#6645);
#6645 = DEFINITIONAL_REPRESENTATION('',(#6646),#6650);
#6646 = CIRCLE('',#6647,8.05);
#6647 = AXIS2_PLACEMENT_2D('',#6648,#6649);
#6648 = CARTESIAN_POINT('',(-14.,0.));
#6649 = DIRECTION('',(1.,0.));
#6650 = ( GEOMETRIC_REPRESENTATION_CONTEXT(2) 
PARAMETRIC_REPRESENTATION_CONTEXT() REPRESENTATION_CONTEXT('2D SPACE',''
  ) );
#6651 = PCURVE('',#5483,#6652);
#6652 = DEFINITIONAL_REPRESENTATION('',(#6653),#6657);
#6653 = LINE('',#6654,#6655);
#6654 = CARTESIAN_POINT('',(0.,8.));
#6655 = VECTOR('',#6656,1.);
#6656 = DIRECTION('',(1.,0.));
#6657 = ( GEOMETRIC_REPRESENTATION_CONTEXT(2) 
PARAMETRIC_REPRESENTATION_CONTEXT() REPRESENTATION_CONTEXT('2D SPACE',''
  ) );
#6658 = FACE_BOUND('',#6659,.T.);
#6659 = EDGE_LOOP('',(#6660,#6661,#6662,#6663,#6684));
#6660 = ORIENTED_EDGE('',*,*,#6018,.T.);
#6661 = ORIENTED_EDGE('',*,*,#5865,.F.);
#6662 = ORIENTED_EDGE('',*,*,#5917,.F.);
#6663 = ORIENTED_EDGE('',*,*,#6664,.T.);
#6664 = EDGE_CURVE('',#5918,#6200,#6665,.T.);
#6665 = SURFACE_CURVE('',#6666,(#6670,#6677),.PCURVE_S1.);
#6666 = LINE('',#6667,#6668);
#6667 = CARTESIAN_POINT('',(2.,-60.,-12.5));
#6668 = VECTOR('',#6669,1.);
#6669 = DIRECTION('',(-1.,0.,0.));
#6670 = PCURVE('',#5882,#6671);
#6671 = DEFINITIONAL_REPRESENTATION('',(#6672),#6676);
#6672 = LINE('',#6673,#6674);
#6673 = CARTESIAN_POINT('',(-5.,-2.));
#6674 = VECTOR('',#6675,1.);
#6675 = DIRECTION('',(-1.,0.));
#6676 = ( GEOMETRIC_REPRESENTATION_CONTEXT(2) 
PARAMETRIC_REPRESENTATION_CONTEXT() REPRESENTATION_CONTEXT('2D SPACE',''
  ) );
#6677 = PCURVE('',#5954,#6678);
#6678 = DEFINITIONAL_REPRESENTATION('',(#6679),#6683);
#6679 = LINE('',#6680,#6681);
#6680 = CARTESIAN_POINT('',(22.,4.));
#6681 = VECTOR('',#6682,1.);
#6682 = DIRECTION('',(0.,-1.));
#6683 = ( GEOMETRIC_REPRESENTATION_CONTEXT(2) 
PARAMETRIC_REPRESENTATION_CONTEXT() REPRESENTATION_CONTEXT('2D SPACE',''
  ) );
#6684 = ORIENTED_EDGE('',*,*,#6220,.F.);
#6685 = ADVANCED_FACE('',(#6686),#5954,.F.);
#6686 = FACE_BOUND('',#6687,.F.);
#6687 = EDGE_LOOP('',(#6688,#6689,#6708,#6709,#6710,#6711,#6712,#6713));
#6688 = ORIENTED_EDGE('',*,*,#6583,.F.);
#6689 = ORIENTED_EDGE('',*,*,#6690,.F.);
#6690 = EDGE_CURVE('',#5811,#6561,#6691,.T.);
#6691 = SURFACE_CURVE('',#6692,(#6696,#6702),.PCURVE_S1.);
#6692 = LINE('',#6693,#6694);
#6693 = CARTESIAN_POINT('',(2.5,-60.,-12.3));
#6694 = VECTOR('',#6695,1.);
#6695 = DIRECTION('',(1.,0.,-0.));
#6696 = PCURVE('',#5954,#6697);
#6697 = DEFINITIONAL_REPRESENTATION('',(#6698),#6701);
#6698 = B_SPLINE_CURVE_WITH_KNOTS('',1,(#6699,#6700),.UNSPECIFIED.,.F.,
  .F.,(2,2),(-1.15,-0.5),.PIECEWISE_BEZIER_KNOTS.);
#6699 = CARTESIAN_POINT('',(22.2,3.35));
#6700 = CARTESIAN_POINT('',(22.2,4.));
#6701 = ( GEOMETRIC_REPRESENTATION_CONTEXT(2) 
PARAMETRIC_REPRESENTATION_CONTEXT() REPRESENTATION_CONTEXT('2D SPACE',''
  ) );
#6702 = PCURVE('',#5827,#6703);
#6703 = DEFINITIONAL_REPRESENTATION('',(#6704),#6707);
#6704 = B_SPLINE_CURVE_WITH_KNOTS('',1,(#6705,#6706),.UNSPECIFIED.,.F.,
  .F.,(2,2),(-1.15,-0.5),.PIECEWISE_BEZIER_KNOTS.);
#6705 = CARTESIAN_POINT('',(-5.65,-2.));
#6706 = CARTESIAN_POINT('',(-5.,-2.));
#6707 = ( GEOMETRIC_REPRESENTATION_CONTEXT(2) 
PARAMETRIC_REPRESENTATION_CONTEXT() REPRESENTATION_CONTEXT('2D SPACE',''
  ) );
#6708 = ORIENTED_EDGE('',*,*,#5941,.F.);
#6709 = ORIENTED_EDGE('',*,*,#6664,.T.);
#6710 = ORIENTED_EDGE('',*,*,#6199,.T.);
#6711 = ORIENTED_EDGE('',*,*,#6440,.F.);
#6712 = ORIENTED_EDGE('',*,*,#6487,.T.);
#6713 = ORIENTED_EDGE('',*,*,#6512,.T.);
#6714 = ADVANCED_FACE('',(#6715),#5827,.F.);
#6715 = FACE_BOUND('',#6716,.F.);
#6716 = EDGE_LOOP('',(#6717,#6718,#6719,#6720));
#6717 = ORIENTED_EDGE('',*,*,#5998,.F.);
#6718 = ORIENTED_EDGE('',*,*,#5808,.T.);
#6719 = ORIENTED_EDGE('',*,*,#6690,.T.);
#6720 = ORIENTED_EDGE('',*,*,#6560,.F.);
#6721 = ADVANCED_FACE('',(#6722),#5514,.F.);
#6722 = FACE_BOUND('',#6723,.F.);
#6723 = EDGE_LOOP('',(#6724,#6745,#6746,#6747));
#6724 = ORIENTED_EDGE('',*,*,#6725,.F.);
#6725 = EDGE_CURVE('',#6387,#5498,#6726,.T.);
#6726 = SEAM_CURVE('',#6727,(#6731,#6738),.PCURVE_S1.);
#6727 = LINE('',#6728,#6729);
#6728 = CARTESIAN_POINT('',(-4.,-58.,-20.499));
#6729 = VECTOR('',#6730,1.);
#6730 = DIRECTION('',(0.,0.,-1.));
#6731 = PCURVE('',#5514,#6732);
#6732 = DEFINITIONAL_REPRESENTATION('',(#6733),#6737);
#6733 = LINE('',#6734,#6735);
#6734 = CARTESIAN_POINT('',(6.28318530718,5.1E-02));
#6735 = VECTOR('',#6736,1.);
#6736 = DIRECTION('',(-0.,-1.));
#6737 = ( GEOMETRIC_REPRESENTATION_CONTEXT(2) 
PARAMETRIC_REPRESENTATION_CONTEXT() REPRESENTATION_CONTEXT('2D SPACE',''
  ) );
#6738 = PCURVE('',#5514,#6739);
#6739 = DEFINITIONAL_REPRESENTATION('',(#6740),#6744);
#6740 = LINE('',#6741,#6742);
#6741 = CARTESIAN_POINT('',(0.,5.1E-02));
#6742 = VECTOR('',#6743,1.);
#6743 = DIRECTION('',(-0.,-1.));
#6744 = ( GEOMETRIC_REPRESENTATION_CONTEXT(2) 
PARAMETRIC_REPRESENTATION_CONTEXT() REPRESENTATION_CONTEXT('2D SPACE',''
  ) );
#6745 = ORIENTED_EDGE('',*,*,#6386,.F.);
#6746 = ORIENTED_EDGE('',*,*,#6725,.T.);
#6747 = ORIENTED_EDGE('',*,*,#5497,.T.);
#6748 = ADVANCED_FACE('',(#6749),#5483,.T.);
#6749 = FACE_BOUND('',#6750,.T.);
#6750 = EDGE_LOOP('',(#6751,#6752,#6771,#6772));
#6751 = ORIENTED_EDGE('',*,*,#6637,.F.);
#6752 = ORIENTED_EDGE('',*,*,#6753,.F.);
#6753 = EDGE_CURVE('',#5434,#6608,#6754,.T.);
#6754 = SURFACE_CURVE('',#6755,(#6759,#6765),.PCURVE_S1.);
#6755 = LINE('',#6756,#6757);
#6756 = CARTESIAN_POINT('',(-8.881784197001E-16,-54.02476415794,-20.5));
#6757 = VECTOR('',#6758,1.);
#6758 = DIRECTION('',(0.,0.,1.));
#6759 = PCURVE('',#5483,#6760);
#6760 = DEFINITIONAL_REPRESENTATION('',(#6761),#6764);
#6761 = B_SPLINE_CURVE_WITH_KNOTS('',1,(#6762,#6763),.UNSPECIFIED.,.F.,
  .F.,(2,2),(-2.399999999625E-06,8.0000024),.PIECEWISE_BEZIER_KNOTS.);
#6762 = CARTESIAN_POINT('',(0.516475140847,-2.399999999625E-06));
#6763 = CARTESIAN_POINT('',(0.516475140847,8.0000024));
#6764 = ( GEOMETRIC_REPRESENTATION_CONTEXT(2) 
PARAMETRIC_REPRESENTATION_CONTEXT() REPRESENTATION_CONTEXT('2D SPACE',''
  ) );
#6765 = PCURVE('',#5456,#6766);
#6766 = DEFINITIONAL_REPRESENTATION('',(#6767),#6770);
#6767 = B_SPLINE_CURVE_WITH_KNOTS('',1,(#6768,#6769),.UNSPECIFIED.,.F.,
  .F.,(2,2),(0.,8.),.PIECEWISE_BEZIER_KNOTS.);
#6768 = CARTESIAN_POINT('',(8.908302819923,0.));
#6769 = CARTESIAN_POINT('',(8.908302819923,8.));
#6770 = ( GEOMETRIC_REPRESENTATION_CONTEXT(2) 
PARAMETRIC_REPRESENTATION_CONTEXT() REPRESENTATION_CONTEXT('2D SPACE',''
  ) );
#6771 = ORIENTED_EDGE('',*,*,#5468,.T.);
#6772 = ORIENTED_EDGE('',*,*,#6773,.T.);
#6773 = EDGE_CURVE('',#5436,#6610,#6774,.T.);
#6774 = SURFACE_CURVE('',#6775,(#6779,#6785),.PCURVE_S1.);
#6775 = LINE('',#6776,#6777);
#6776 = CARTESIAN_POINT('',(-8.881784197001E-16,-61.97523584206,-20.5));
#6777 = VECTOR('',#6778,1.);
#6778 = DIRECTION('',(0.,0.,1.));
#6779 = PCURVE('',#5483,#6780);
#6780 = DEFINITIONAL_REPRESENTATION('',(#6781),#6784);
#6781 = B_SPLINE_CURVE_WITH_KNOTS('',1,(#6782,#6783),.UNSPECIFIED.,.F.,
  .F.,(2,2),(-2.399999999625E-06,8.0000024),.PIECEWISE_BEZIER_KNOTS.);
#6782 = CARTESIAN_POINT('',(5.766710166333,-2.399999999625E-06));
#6783 = CARTESIAN_POINT('',(5.766710166333,8.0000024));
#6784 = ( GEOMETRIC_REPRESENTATION_CONTEXT(2) 
PARAMETRIC_REPRESENTATION_CONTEXT() REPRESENTATION_CONTEXT('2D SPACE',''
  ) );
#6785 = PCURVE('',#5456,#6786);
#6786 = DEFINITIONAL_REPRESENTATION('',(#6787),#6790);
#6787 = B_SPLINE_CURVE_WITH_KNOTS('',1,(#6788,#6789),.UNSPECIFIED.,.F.,
  .F.,(2,2),(0.,8.),.PIECEWISE_BEZIER_KNOTS.);
#6788 = CARTESIAN_POINT('',(3.658067794437,0.));
#6789 = CARTESIAN_POINT('',(3.658067794437,8.));
#6790 = ( GEOMETRIC_REPRESENTATION_CONTEXT(2) 
PARAMETRIC_REPRESENTATION_CONTEXT() REPRESENTATION_CONTEXT('2D SPACE',''
  ) );
#6791 = ADVANCED_FACE('',(#6792),#5456,.T.);
#6792 = FACE_BOUND('',#6793,.T.);
#6793 = EDGE_LOOP('',(#6794,#6795,#6796,#6797));
#6794 = ORIENTED_EDGE('',*,*,#5433,.F.);
#6795 = ORIENTED_EDGE('',*,*,#6753,.T.);
#6796 = ORIENTED_EDGE('',*,*,#6607,.T.);
#6797 = ORIENTED_EDGE('',*,*,#6773,.F.);
#6798 = ADVANCED_FACE('',(#6799),#4797,.T.);
#6799 = FACE_BOUND('',#6800,.T.);
#6800 = EDGE_LOOP('',(#6801,#6802,#6803,#6804));
#6801 = ORIENTED_EDGE('',*,*,#4779,.F.);
#6802 = ORIENTED_EDGE('',*,*,#4891,.T.);
#6803 = ORIENTED_EDGE('',*,*,#5003,.T.);
#6804 = ORIENTED_EDGE('',*,*,#6805,.T.);
#6805 = EDGE_CURVE('',#5004,#4782,#6806,.T.);
#6806 = SURFACE_CURVE('',#6807,(#6811,#6817),.PCURVE_S1.);
#6807 = LINE('',#6808,#6809);
#6808 = CARTESIAN_POINT('',(-6.,-6.708203932499,-43.));
#6809 = VECTOR('',#6810,1.);
#6810 = DIRECTION('',(0.,0.,1.));
#6811 = PCURVE('',#4797,#6812);
#6812 = DEFINITIONAL_REPRESENTATION('',(#6813),#6816);
#6813 = B_SPLINE_CURVE_WITH_KNOTS('',1,(#6814,#6815),.UNSPECIFIED.,.F.,
  .F.,(2,2),(8.2,11.5000006),.PIECEWISE_BEZIER_KNOTS.);
#6814 = CARTESIAN_POINT('',(-0.3,-2.291796067501));
#6815 = CARTESIAN_POINT('',(3.0000006,-2.291796067501));
#6816 = ( GEOMETRIC_REPRESENTATION_CONTEXT(2) 
PARAMETRIC_REPRESENTATION_CONTEXT() REPRESENTATION_CONTEXT('2D SPACE',''
  ) );
#6817 = PCURVE('',#4275,#6818);
#6818 = DEFINITIONAL_REPRESENTATION('',(#6819),#6822);
#6819 = B_SPLINE_CURVE_WITH_KNOTS('',1,(#6820,#6821),.UNSPECIFIED.,.F.,
  .F.,(2,2),(8.5,11.5),.PIECEWISE_BEZIER_KNOTS.);
#6820 = CARTESIAN_POINT('',(3.982661324158,8.5));
#6821 = CARTESIAN_POINT('',(3.982661324158,11.5));
#6822 = ( GEOMETRIC_REPRESENTATION_CONTEXT(2) 
PARAMETRIC_REPRESENTATION_CONTEXT() REPRESENTATION_CONTEXT('2D SPACE',''
  ) );
#6823 = ADVANCED_FACE('',(#6824),#4765,.T.);
#6824 = FACE_BOUND('',#6825,.T.);
#6825 = EDGE_LOOP('',(#6826,#6827,#6846,#6847));
#6826 = ORIENTED_EDGE('',*,*,#4958,.F.);
#6827 = ORIENTED_EDGE('',*,*,#6828,.T.);
#6828 = EDGE_CURVE('',#4959,#4699,#6829,.T.);
#6829 = SURFACE_CURVE('',#6830,(#6834,#6840),.PCURVE_S1.);
#6830 = LINE('',#6831,#6832);
#6831 = CARTESIAN_POINT('',(5.656854249492,-7.,-43.));
#6832 = VECTOR('',#6833,1.);
#6833 = DIRECTION('',(0.,0.,1.));
#6834 = PCURVE('',#4765,#6835);
#6835 = DEFINITIONAL_REPRESENTATION('',(#6836),#6839);
#6836 = B_SPLINE_CURVE_WITH_KNOTS('',1,(#6837,#6838),.UNSPECIFIED.,.F.,
  .F.,(2,2),(8.2,11.5000006),.PIECEWISE_BEZIER_KNOTS.);
#6837 = CARTESIAN_POINT('',(-0.3,14.656854249492));
#6838 = CARTESIAN_POINT('',(3.0000006,14.656854249492));
#6839 = ( GEOMETRIC_REPRESENTATION_CONTEXT(2) 
PARAMETRIC_REPRESENTATION_CONTEXT() REPRESENTATION_CONTEXT('2D SPACE',''
  ) );
#6840 = PCURVE('',#4275,#6841);
#6841 = DEFINITIONAL_REPRESENTATION('',(#6842),#6845);
#6842 = B_SPLINE_CURVE_WITH_KNOTS('',1,(#6843,#6844),.UNSPECIFIED.,.F.,
  .F.,(2,2),(8.5,11.5),.PIECEWISE_BEZIER_KNOTS.);
#6843 = CARTESIAN_POINT('',(5.392062799293,8.5));
#6844 = CARTESIAN_POINT('',(5.392062799293,11.5));
#6845 = ( GEOMETRIC_REPRESENTATION_CONTEXT(2) 
PARAMETRIC_REPRESENTATION_CONTEXT() REPRESENTATION_CONTEXT('2D SPACE',''
  ) );
#6846 = ORIENTED_EDGE('',*,*,#4751,.T.);
#6847 = ORIENTED_EDGE('',*,*,#6848,.T.);
#6848 = EDGE_CURVE('',#4724,#4934,#6849,.T.);
#6849 = SURFACE_CURVE('',#6850,(#6854,#6860),.PCURVE_S1.);
#6850 = LINE('',#6851,#6852);
#6851 = CARTESIAN_POINT('',(6.,-7.,-34.5));
#6852 = VECTOR('',#6853,1.);
#6853 = DIRECTION('',(-0.,0.,-1.));
#6854 = PCURVE('',#4765,#6855);
#6855 = DEFINITIONAL_REPRESENTATION('',(#6856),#6859);
#6856 = B_SPLINE_CURVE_WITH_KNOTS('',1,(#6857,#6858),.UNSPECIFIED.,.F.,
  .F.,(2,2),(-3.,-0.),.PIECEWISE_BEZIER_KNOTS.);
#6857 = CARTESIAN_POINT('',(3.,15.));
#6858 = CARTESIAN_POINT('',(0.,15.));
#6859 = ( GEOMETRIC_REPRESENTATION_CONTEXT(2) 
PARAMETRIC_REPRESENTATION_CONTEXT() REPRESENTATION_CONTEXT('2D SPACE',''
  ) );
#6860 = PCURVE('',#4739,#6861);
#6861 = DEFINITIONAL_REPRESENTATION('',(#6862),#6865);
#6862 = B_SPLINE_CURVE_WITH_KNOTS('',1,(#6863,#6864),.UNSPECIFIED.,.F.,
  .F.,(2,2),(-3.,-0.),.PIECEWISE_BEZIER_KNOTS.);
#6863 = CARTESIAN_POINT('',(3.,-2.));
#6864 = CARTESIAN_POINT('',(0.,-2.));
#6865 = ( GEOMETRIC_REPRESENTATION_CONTEXT(2) 
PARAMETRIC_REPRESENTATION_CONTEXT() REPRESENTATION_CONTEXT('2D SPACE',''
  ) );
#6866 = ADVANCED_FACE('',(#6867),#4739,.F.);
#6867 = FACE_BOUND('',#6868,.F.);
#6868 = EDGE_LOOP('',(#6869,#6870,#6871,#6872));
#6869 = ORIENTED_EDGE('',*,*,#4723,.F.);
#6870 = ORIENTED_EDGE('',*,*,#6848,.T.);
#6871 = ORIENTED_EDGE('',*,*,#4933,.T.);
#6872 = ORIENTED_EDGE('',*,*,#6873,.T.);
#6873 = EDGE_CURVE('',#4936,#4701,#6874,.T.);
#6874 = SURFACE_CURVE('',#6875,(#6879,#6885),.PCURVE_S1.);
#6875 = LINE('',#6876,#6877);
#6876 = CARTESIAN_POINT('',(6.,-6.708203932499,-43.));
#6877 = VECTOR('',#6878,1.);
#6878 = DIRECTION('',(0.,0.,1.));
#6879 = PCURVE('',#4739,#6880);
#6880 = DEFINITIONAL_REPRESENTATION('',(#6881),#6884);
#6881 = B_SPLINE_CURVE_WITH_KNOTS('',1,(#6882,#6883),.UNSPECIFIED.,.F.,
  .F.,(2,2),(8.2,11.5000006),.PIECEWISE_BEZIER_KNOTS.);
#6882 = CARTESIAN_POINT('',(-0.3,-2.291796067501));
#6883 = CARTESIAN_POINT('',(3.0000006,-2.291796067501));
#6884 = ( GEOMETRIC_REPRESENTATION_CONTEXT(2) 
PARAMETRIC_REPRESENTATION_CONTEXT() REPRESENTATION_CONTEXT('2D SPACE',''
  ) );
#6885 = PCURVE('',#4275,#6886);
#6886 = DEFINITIONAL_REPRESENTATION('',(#6887),#6890);
#6887 = B_SPLINE_CURVE_WITH_KNOTS('',1,(#6888,#6889),.UNSPECIFIED.,.F.,
  .F.,(2,2),(8.5,11.5),.PIECEWISE_BEZIER_KNOTS.);
#6888 = CARTESIAN_POINT('',(5.442116636612,8.5));
#6889 = CARTESIAN_POINT('',(5.442116636612,11.5));
#6890 = ( GEOMETRIC_REPRESENTATION_CONTEXT(2) 
PARAMETRIC_REPRESENTATION_CONTEXT() REPRESENTATION_CONTEXT('2D SPACE',''
  ) );
#6891 = ADVANCED_FACE('',(#6892),#4663,.T.);
#6892 = FACE_BOUND('',#6893,.T.);
#6893 = EDGE_LOOP('',(#6894,#6924,#6943,#6944));
#6894 = ORIENTED_EDGE('',*,*,#6895,.F.);
#6895 = EDGE_CURVE('',#6896,#6898,#6900,.T.);
#6896 = VERTEX_POINT('',#6897);
#6897 = CARTESIAN_POINT('',(8.062257748299,4.,-34.5));
#6898 = VERTEX_POINT('',#6899);
#6899 = CARTESIAN_POINT('',(9.,4.,-34.5));
#6900 = SURFACE_CURVE('',#6901,(#6905,#6912),.PCURVE_S1.);
#6901 = LINE('',#6902,#6903);
#6902 = CARTESIAN_POINT('',(6.,4.,-34.5));
#6903 = VECTOR('',#6904,1.);
#6904 = DIRECTION('',(1.,0.,-0.));
#6905 = PCURVE('',#4663,#6906);
#6906 = DEFINITIONAL_REPRESENTATION('',(#6907),#6911);
#6907 = LINE('',#6908,#6909);
#6908 = CARTESIAN_POINT('',(0.,0.));
#6909 = VECTOR('',#6910,1.);
#6910 = DIRECTION('',(0.,1.));
#6911 = ( GEOMETRIC_REPRESENTATION_CONTEXT(2) 
PARAMETRIC_REPRESENTATION_CONTEXT() REPRESENTATION_CONTEXT('2D SPACE',''
  ) );
#6912 = PCURVE('',#6913,#6918);
#6913 = PLANE('',#6914);
#6914 = AXIS2_PLACEMENT_3D('',#6915,#6916,#6917);
#6915 = CARTESIAN_POINT('',(6.,-9.,-34.5));
#6916 = DIRECTION('',(0.,0.,1.));
#6917 = DIRECTION('',(1.,0.,-0.));
#6918 = DEFINITIONAL_REPRESENTATION('',(#6919),#6923);
#6919 = LINE('',#6920,#6921);
#6920 = CARTESIAN_POINT('',(0.,13.));
#6921 = VECTOR('',#6922,1.);
#6922 = DIRECTION('',(1.,0.));
#6923 = ( GEOMETRIC_REPRESENTATION_CONTEXT(2) 
PARAMETRIC_REPRESENTATION_CONTEXT() REPRESENTATION_CONTEXT('2D SPACE',''
  ) );
#6924 = ORIENTED_EDGE('',*,*,#6925,.T.);
#6925 = EDGE_CURVE('',#6896,#4648,#6926,.T.);
#6926 = SURFACE_CURVE('',#6927,(#6931,#6937),.PCURVE_S1.);
#6927 = LINE('',#6928,#6929);
#6928 = CARTESIAN_POINT('',(8.062257748299,4.,-43.));
#6929 = VECTOR('',#6930,1.);
#6930 = DIRECTION('',(0.,0.,1.));
#6931 = PCURVE('',#4663,#6932);
#6932 = DEFINITIONAL_REPRESENTATION('',(#6933),#6936);
#6933 = B_SPLINE_CURVE_WITH_KNOTS('',1,(#6934,#6935),.UNSPECIFIED.,.F.,
  .F.,(2,2),(8.2,11.5000006),.PIECEWISE_BEZIER_KNOTS.);
#6934 = CARTESIAN_POINT('',(-0.3,2.062257748299));
#6935 = CARTESIAN_POINT('',(3.0000006,2.062257748299));
#6936 = ( GEOMETRIC_REPRESENTATION_CONTEXT(2) 
PARAMETRIC_REPRESENTATION_CONTEXT() REPRESENTATION_CONTEXT('2D SPACE',''
  ) );
#6937 = PCURVE('',#4275,#6938);
#6938 = DEFINITIONAL_REPRESENTATION('',(#6939),#6942);
#6939 = B_SPLINE_CURVE_WITH_KNOTS('',1,(#6940,#6941),.UNSPECIFIED.,.F.,
  .F.,(2,2),(8.5,11.5),.PIECEWISE_BEZIER_KNOTS.);
#6940 = CARTESIAN_POINT('',(6.743739298861,8.5));
#6941 = CARTESIAN_POINT('',(6.743739298861,11.5));
#6942 = ( GEOMETRIC_REPRESENTATION_CONTEXT(2) 
PARAMETRIC_REPRESENTATION_CONTEXT() REPRESENTATION_CONTEXT('2D SPACE',''
  ) );
#6943 = ORIENTED_EDGE('',*,*,#4647,.T.);
#6944 = ORIENTED_EDGE('',*,*,#6945,.F.);
#6945 = EDGE_CURVE('',#6898,#4620,#6946,.T.);
#6946 = SURFACE_CURVE('',#6947,(#6951,#6958),.PCURVE_S1.);
#6947 = LINE('',#6948,#6949);
#6948 = CARTESIAN_POINT('',(9.,4.,-34.5));
#6949 = VECTOR('',#6950,1.);
#6950 = DIRECTION('',(0.,0.,1.));
#6951 = PCURVE('',#4663,#6952);
#6952 = DEFINITIONAL_REPRESENTATION('',(#6953),#6957);
#6953 = LINE('',#6954,#6955);
#6954 = CARTESIAN_POINT('',(0.,3.));
#6955 = VECTOR('',#6956,1.);
#6956 = DIRECTION('',(1.,0.));
#6957 = ( GEOMETRIC_REPRESENTATION_CONTEXT(2) 
PARAMETRIC_REPRESENTATION_CONTEXT() REPRESENTATION_CONTEXT('2D SPACE',''
  ) );
#6958 = PCURVE('',#4635,#6959);
#6959 = DEFINITIONAL_REPRESENTATION('',(#6960),#6964);
#6960 = LINE('',#6961,#6962);
#6961 = CARTESIAN_POINT('',(0.,-13.));
#6962 = VECTOR('',#6963,1.);
#6963 = DIRECTION('',(1.,0.));
#6964 = ( GEOMETRIC_REPRESENTATION_CONTEXT(2) 
PARAMETRIC_REPRESENTATION_CONTEXT() REPRESENTATION_CONTEXT('2D SPACE',''
  ) );
#6965 = ADVANCED_FACE('',(#6966),#6913,.F.);
#6966 = FACE_BOUND('',#6967,.F.);
#6967 = EDGE_LOOP('',(#6968,#6989,#7010));
#6968 = ORIENTED_EDGE('',*,*,#6969,.F.);
#6969 = EDGE_CURVE('',#5311,#6896,#6970,.T.);
#6970 = SURFACE_CURVE('',#6971,(#6976,#6983),.PCURVE_S1.);
#6971 = CIRCLE('',#6972,9.);
#6972 = AXIS2_PLACEMENT_3D('',#6973,#6974,#6975);
#6973 = CARTESIAN_POINT('',(0.,0.,-34.5));
#6974 = DIRECTION('',(0.,0.,1.));
#6975 = DIRECTION('',(1.,0.,-0.));
#6976 = PCURVE('',#6913,#6977);
#6977 = DEFINITIONAL_REPRESENTATION('',(#6978),#6982);
#6978 = CIRCLE('',#6979,9.);
#6979 = AXIS2_PLACEMENT_2D('',#6980,#6981);
#6980 = CARTESIAN_POINT('',(-6.,9.));
#6981 = DIRECTION('',(1.,0.));
#6982 = ( GEOMETRIC_REPRESENTATION_CONTEXT(2) 
PARAMETRIC_REPRESENTATION_CONTEXT() REPRESENTATION_CONTEXT('2D SPACE',''
  ) );
#6983 = PCURVE('',#4275,#6984);
#6984 = DEFINITIONAL_REPRESENTATION('',(#6985),#6988);
#6985 = B_SPLINE_CURVE_WITH_KNOTS('',1,(#6986,#6987),.UNSPECIFIED.,.F.,
  .F.,(2,2),(0.,0.460553991681),.PIECEWISE_BEZIER_KNOTS.);
#6986 = CARTESIAN_POINT('',(6.28318530718,8.5));
#6987 = CARTESIAN_POINT('',(6.743739298861,8.5));
#6988 = ( GEOMETRIC_REPRESENTATION_CONTEXT(2) 
PARAMETRIC_REPRESENTATION_CONTEXT() REPRESENTATION_CONTEXT('2D SPACE',''
  ) );
#6989 = ORIENTED_EDGE('',*,*,#6990,.F.);
#6990 = EDGE_CURVE('',#6898,#5311,#6991,.T.);
#6991 = SURFACE_CURVE('',#6992,(#6996,#7003),.PCURVE_S1.);
#6992 = LINE('',#6993,#6994);
#6993 = CARTESIAN_POINT('',(9.,4.,-34.5));
#6994 = VECTOR('',#6995,1.);
#6995 = DIRECTION('',(0.,-1.,0.));
#6996 = PCURVE('',#6913,#6997);
#6997 = DEFINITIONAL_REPRESENTATION('',(#6998),#7002);
#6998 = LINE('',#6999,#7000);
#6999 = CARTESIAN_POINT('',(3.,13.));
#7000 = VECTOR('',#7001,1.);
#7001 = DIRECTION('',(0.,-1.));
#7002 = ( GEOMETRIC_REPRESENTATION_CONTEXT(2) 
PARAMETRIC_REPRESENTATION_CONTEXT() REPRESENTATION_CONTEXT('2D SPACE',''
  ) );
#7003 = PCURVE('',#4635,#7004);
#7004 = DEFINITIONAL_REPRESENTATION('',(#7005),#7009);
#7005 = LINE('',#7006,#7007);
#7006 = CARTESIAN_POINT('',(0.,-13.));
#7007 = VECTOR('',#7008,1.);
#7008 = DIRECTION('',(0.,1.));
#7009 = ( GEOMETRIC_REPRESENTATION_CONTEXT(2) 
PARAMETRIC_REPRESENTATION_CONTEXT() REPRESENTATION_CONTEXT('2D SPACE',''
  ) );
#7010 = ORIENTED_EDGE('',*,*,#6895,.F.);
#7011 = ADVANCED_FACE('',(#7012),#4635,.T.);
#7012 = FACE_BOUND('',#7013,.T.);
#7013 = EDGE_LOOP('',(#7014,#7015,#7036,#7037,#7038));
#7014 = ORIENTED_EDGE('',*,*,#4619,.F.);
#7015 = ORIENTED_EDGE('',*,*,#7016,.F.);
#7016 = EDGE_CURVE('',#5288,#4592,#7017,.T.);
#7017 = SURFACE_CURVE('',#7018,(#7022,#7029),.PCURVE_S1.);
#7018 = LINE('',#7019,#7020);
#7019 = CARTESIAN_POINT('',(9.,-10.,-34.5));
#7020 = VECTOR('',#7021,1.);
#7021 = DIRECTION('',(0.,0.,1.));
#7022 = PCURVE('',#4635,#7023);
#7023 = DEFINITIONAL_REPRESENTATION('',(#7024),#7028);
#7024 = LINE('',#7025,#7026);
#7025 = CARTESIAN_POINT('',(0.,1.));
#7026 = VECTOR('',#7027,1.);
#7027 = DIRECTION('',(1.,0.));
#7028 = ( GEOMETRIC_REPRESENTATION_CONTEXT(2) 
PARAMETRIC_REPRESENTATION_CONTEXT() REPRESENTATION_CONTEXT('2D SPACE',''
  ) );
#7029 = PCURVE('',#4607,#7030);
#7030 = DEFINITIONAL_REPRESENTATION('',(#7031),#7035);
#7031 = LINE('',#7032,#7033);
#7032 = CARTESIAN_POINT('',(0.,18.));
#7033 = VECTOR('',#7034,1.);
#7034 = DIRECTION('',(1.,0.));
#7035 = ( GEOMETRIC_REPRESENTATION_CONTEXT(2) 
PARAMETRIC_REPRESENTATION_CONTEXT() REPRESENTATION_CONTEXT('2D SPACE',''
  ) );
#7036 = ORIENTED_EDGE('',*,*,#5310,.F.);
#7037 = ORIENTED_EDGE('',*,*,#6990,.F.);
#7038 = ORIENTED_EDGE('',*,*,#6945,.T.);
#7039 = ADVANCED_FACE('',(#7040),#4607,.F.);
#7040 = FACE_BOUND('',#7041,.F.);
#7041 = EDGE_LOOP('',(#7042,#7043,#7062,#7063));
#7042 = ORIENTED_EDGE('',*,*,#5287,.F.);
#7043 = ORIENTED_EDGE('',*,*,#7044,.T.);
#7044 = EDGE_CURVE('',#5265,#4564,#7045,.T.);
#7045 = SURFACE_CURVE('',#7046,(#7050,#7056),.PCURVE_S1.);
#7046 = LINE('',#7047,#7048);
#7047 = CARTESIAN_POINT('',(2.,-10.,-34.5));
#7048 = VECTOR('',#7049,1.);
#7049 = DIRECTION('',(0.,0.,1.));
#7050 = PCURVE('',#4607,#7051);
#7051 = DEFINITIONAL_REPRESENTATION('',(#7052),#7055);
#7052 = B_SPLINE_CURVE_WITH_KNOTS('',1,(#7053,#7054),.UNSPECIFIED.,.F.,
  .F.,(2,2),(0.,3.),.PIECEWISE_BEZIER_KNOTS.);
#7053 = CARTESIAN_POINT('',(0.,11.));
#7054 = CARTESIAN_POINT('',(3.,11.));
#7055 = ( GEOMETRIC_REPRESENTATION_CONTEXT(2) 
PARAMETRIC_REPRESENTATION_CONTEXT() REPRESENTATION_CONTEXT('2D SPACE',''
  ) );
#7056 = PCURVE('',#4579,#7057);
#7057 = DEFINITIONAL_REPRESENTATION('',(#7058),#7061);
#7058 = B_SPLINE_CURVE_WITH_KNOTS('',1,(#7059,#7060),.UNSPECIFIED.,.F.,
  .F.,(2,2),(0.,3.),.PIECEWISE_BEZIER_KNOTS.);
#7059 = CARTESIAN_POINT('',(0.,-48.));
#7060 = CARTESIAN_POINT('',(3.,-48.));
#7061 = ( GEOMETRIC_REPRESENTATION_CONTEXT(2) 
PARAMETRIC_REPRESENTATION_CONTEXT() REPRESENTATION_CONTEXT('2D SPACE',''
  ) );
#7062 = ORIENTED_EDGE('',*,*,#4591,.T.);
#7063 = ORIENTED_EDGE('',*,*,#7016,.F.);
#7064 = ADVANCED_FACE('',(#7065),#4579,.T.);
#7065 = FACE_BOUND('',#7066,.T.);
#7066 = EDGE_LOOP('',(#7067,#7068,#7087,#7088));
#7067 = ORIENTED_EDGE('',*,*,#4563,.F.);
#7068 = ORIENTED_EDGE('',*,*,#7069,.F.);
#7069 = EDGE_CURVE('',#5241,#4535,#7070,.T.);
#7070 = SURFACE_CURVE('',#7071,(#7075,#7081),.PCURVE_S1.);
#7071 = LINE('',#7072,#7073);
#7072 = CARTESIAN_POINT('',(2.,-19.66708334961,-38.12));
#7073 = VECTOR('',#7074,1.);
#7074 = DIRECTION('',(0.,0.,1.));
#7075 = PCURVE('',#4579,#7076);
#7076 = DEFINITIONAL_REPRESENTATION('',(#7077),#7080);
#7077 = B_SPLINE_CURVE_WITH_KNOTS('',1,(#7078,#7079),.UNSPECIFIED.,.F.,
  .F.,(2,2),(1.37,8.0000024),.PIECEWISE_BEZIER_KNOTS.);
#7078 = CARTESIAN_POINT('',(-2.25,-38.33291665038));
#7079 = CARTESIAN_POINT('',(4.3800024,-38.33291665038));
#7080 = ( GEOMETRIC_REPRESENTATION_CONTEXT(2) 
PARAMETRIC_REPRESENTATION_CONTEXT() REPRESENTATION_CONTEXT('2D SPACE',''
  ) );
#7081 = PCURVE('',#4551,#7082);
#7082 = DEFINITIONAL_REPRESENTATION('',(#7083),#7086);
#7083 = B_SPLINE_CURVE_WITH_KNOTS('',1,(#7084,#7085),.UNSPECIFIED.,.F.,
  .F.,(2,2),(1.37,8.0000024),.PIECEWISE_BEZIER_KNOTS.);
#7084 = CARTESIAN_POINT('',(2.490553596103,1.37));
#7085 = CARTESIAN_POINT('',(2.490553596103,8.0000024));
#7086 = ( GEOMETRIC_REPRESENTATION_CONTEXT(2) 
PARAMETRIC_REPRESENTATION_CONTEXT() REPRESENTATION_CONTEXT('2D SPACE',''
  ) );
#7087 = ORIENTED_EDGE('',*,*,#5264,.T.);
#7088 = ORIENTED_EDGE('',*,*,#7044,.T.);
#7089 = ADVANCED_FACE('',(#7090,#7172),#4551,.T.);
#7090 = FACE_BOUND('',#7091,.T.);
#7091 = EDGE_LOOP('',(#7092,#7117,#7144,#7145));
#7092 = ORIENTED_EDGE('',*,*,#7093,.T.);
#7093 = EDGE_CURVE('',#7094,#7096,#7098,.T.);
#7094 = VERTEX_POINT('',#7095);
#7095 = CARTESIAN_POINT('',(17.8,-25.,-38.12));
#7096 = VERTEX_POINT('',#7097);
#7097 = CARTESIAN_POINT('',(17.8,-25.,-30.12));
#7098 = SEAM_CURVE('',#7099,(#7103,#7110),.PCURVE_S1.);
#7099 = LINE('',#7100,#7101);
#7100 = CARTESIAN_POINT('',(17.8,-25.,-38.12));
#7101 = VECTOR('',#7102,1.);
#7102 = DIRECTION('',(0.,0.,1.));
#7103 = PCURVE('',#4551,#7104);
#7104 = DEFINITIONAL_REPRESENTATION('',(#7105),#7109);
#7105 = LINE('',#7106,#7107);
#7106 = CARTESIAN_POINT('',(6.28318530718,-0.));
#7107 = VECTOR('',#7108,1.);
#7108 = DIRECTION('',(0.,1.));
#7109 = ( GEOMETRIC_REPRESENTATION_CONTEXT(2) 
PARAMETRIC_REPRESENTATION_CONTEXT() REPRESENTATION_CONTEXT('2D SPACE',''
  ) );
#7110 = PCURVE('',#4551,#7111);
#7111 = DEFINITIONAL_REPRESENTATION('',(#7112),#7116);
#7112 = LINE('',#7113,#7114);
#7113 = CARTESIAN_POINT('',(0.,-0.));
#7114 = VECTOR('',#7115,1.);
#7115 = DIRECTION('',(0.,1.));
#7116 = ( GEOMETRIC_REPRESENTATION_CONTEXT(2) 
PARAMETRIC_REPRESENTATION_CONTEXT() REPRESENTATION_CONTEXT('2D SPACE',''
  ) );
#7117 = ORIENTED_EDGE('',*,*,#7118,.F.);
#7118 = EDGE_CURVE('',#7096,#7096,#7119,.T.);
#7119 = SURFACE_CURVE('',#7120,(#7125,#7132),.PCURVE_S1.);
#7120 = CIRCLE('',#7121,8.8);
#7121 = AXIS2_PLACEMENT_3D('',#7122,#7123,#7124);
#7122 = CARTESIAN_POINT('',(9.,-25.,-30.12));
#7123 = DIRECTION('',(0.,0.,1.));
#7124 = DIRECTION('',(1.,0.,-0.));
#7125 = PCURVE('',#4551,#7126);
#7126 = DEFINITIONAL_REPRESENTATION('',(#7127),#7131);
#7127 = LINE('',#7128,#7129);
#7128 = CARTESIAN_POINT('',(0.,8.));
#7129 = VECTOR('',#7130,1.);
#7130 = DIRECTION('',(1.,0.));
#7131 = ( GEOMETRIC_REPRESENTATION_CONTEXT(2) 
PARAMETRIC_REPRESENTATION_CONTEXT() REPRESENTATION_CONTEXT('2D SPACE',''
  ) );
#7132 = PCURVE('',#7133,#7138);
#7133 = PLANE('',#7134);
#7134 = AXIS2_PLACEMENT_3D('',#7135,#7136,#7137);
#7135 = CARTESIAN_POINT('',(9.,-25.,-30.12));
#7136 = DIRECTION('',(0.,0.,1.));
#7137 = DIRECTION('',(1.,0.,-0.));
#7138 = DEFINITIONAL_REPRESENTATION('',(#7139),#7143);
#7139 = CIRCLE('',#7140,8.8);
#7140 = AXIS2_PLACEMENT_2D('',#7141,#7142);
#7141 = CARTESIAN_POINT('',(0.,0.));
#7142 = DIRECTION('',(1.,0.));
#7143 = ( GEOMETRIC_REPRESENTATION_CONTEXT(2) 
PARAMETRIC_REPRESENTATION_CONTEXT() REPRESENTATION_CONTEXT('2D SPACE',''
  ) );
#7144 = ORIENTED_EDGE('',*,*,#7093,.F.);
#7145 = ORIENTED_EDGE('',*,*,#7146,.T.);
#7146 = EDGE_CURVE('',#7094,#7094,#7147,.T.);
#7147 = SURFACE_CURVE('',#7148,(#7153,#7160),.PCURVE_S1.);
#7148 = CIRCLE('',#7149,8.8);
#7149 = AXIS2_PLACEMENT_3D('',#7150,#7151,#7152);
#7150 = CARTESIAN_POINT('',(9.,-25.,-38.12));
#7151 = DIRECTION('',(0.,0.,1.));
#7152 = DIRECTION('',(1.,0.,-0.));
#7153 = PCURVE('',#4551,#7154);
#7154 = DEFINITIONAL_REPRESENTATION('',(#7155),#7159);
#7155 = LINE('',#7156,#7157);
#7156 = CARTESIAN_POINT('',(0.,0.));
#7157 = VECTOR('',#7158,1.);
#7158 = DIRECTION('',(1.,0.));
#7159 = ( GEOMETRIC_REPRESENTATION_CONTEXT(2) 
PARAMETRIC_REPRESENTATION_CONTEXT() REPRESENTATION_CONTEXT('2D SPACE',''
  ) );
#7160 = PCURVE('',#7161,#7166);
#7161 = PLANE('',#7162);
#7162 = AXIS2_PLACEMENT_3D('',#7163,#7164,#7165);
#7163 = CARTESIAN_POINT('',(9.,-25.,-38.12));
#7164 = DIRECTION('',(0.,0.,1.));
#7165 = DIRECTION('',(1.,0.,-0.));
#7166 = DEFINITIONAL_REPRESENTATION('',(#7167),#7171);
#7167 = CIRCLE('',#7168,8.8);
#7168 = AXIS2_PLACEMENT_2D('',#7169,#7170);
#7169 = CARTESIAN_POINT('',(0.,0.));
#7170 = DIRECTION('',(1.,0.));
#7171 = ( GEOMETRIC_REPRESENTATION_CONTEXT(2) 
PARAMETRIC_REPRESENTATION_CONTEXT() REPRESENTATION_CONTEXT('2D SPACE',''
  ) );
#7172 = FACE_BOUND('',#7173,.T.);
#7173 = EDGE_LOOP('',(#7174,#7175,#7176,#7177));
#7174 = ORIENTED_EDGE('',*,*,#5240,.F.);
#7175 = ORIENTED_EDGE('',*,*,#7069,.T.);
#7176 = ORIENTED_EDGE('',*,*,#4534,.T.);
#7177 = ORIENTED_EDGE('',*,*,#7178,.F.);
#7178 = EDGE_CURVE('',#5218,#4507,#7179,.T.);
#7179 = SURFACE_CURVE('',#7180,(#7184,#7190),.PCURVE_S1.);
#7180 = LINE('',#7181,#7182);
#7181 = CARTESIAN_POINT('',(2.,-30.33291665038,-38.12));
#7182 = VECTOR('',#7183,1.);
#7183 = DIRECTION('',(0.,0.,1.));
#7184 = PCURVE('',#4551,#7185);
#7185 = DEFINITIONAL_REPRESENTATION('',(#7186),#7189);
#7186 = B_SPLINE_CURVE_WITH_KNOTS('',1,(#7187,#7188),.UNSPECIFIED.,.F.,
  .F.,(2,2),(1.37,8.0000024),.PIECEWISE_BEZIER_KNOTS.);
#7187 = CARTESIAN_POINT('',(3.792631711076,1.37));
#7188 = CARTESIAN_POINT('',(3.792631711076,8.0000024));
#7189 = ( GEOMETRIC_REPRESENTATION_CONTEXT(2) 
PARAMETRIC_REPRESENTATION_CONTEXT() REPRESENTATION_CONTEXT('2D SPACE',''
  ) );
#7190 = PCURVE('',#4522,#7191);
#7191 = DEFINITIONAL_REPRESENTATION('',(#7192),#7195);
#7192 = B_SPLINE_CURVE_WITH_KNOTS('',1,(#7193,#7194),.UNSPECIFIED.,.F.,
  .F.,(2,2),(1.37,8.0000024),.PIECEWISE_BEZIER_KNOTS.);
#7193 = CARTESIAN_POINT('',(-2.25,-27.66708334961));
#7194 = CARTESIAN_POINT('',(4.3800024,-27.66708334961));
#7195 = ( GEOMETRIC_REPRESENTATION_CONTEXT(2) 
PARAMETRIC_REPRESENTATION_CONTEXT() REPRESENTATION_CONTEXT('2D SPACE',''
  ) );
#7196 = ADVANCED_FACE('',(#7197,#7200),#7133,.T.);
#7197 = FACE_BOUND('',#7198,.T.);
#7198 = EDGE_LOOP('',(#7199));
#7199 = ORIENTED_EDGE('',*,*,#7118,.T.);
#7200 = FACE_BOUND('',#7201,.T.);
#7201 = EDGE_LOOP('',(#7202));
#7202 = ORIENTED_EDGE('',*,*,#7203,.F.);
#7203 = EDGE_CURVE('',#7204,#7204,#7206,.T.);
#7204 = VERTEX_POINT('',#7205);
#7205 = CARTESIAN_POINT('',(15.4,-25.,-30.12));
#7206 = SURFACE_CURVE('',#7207,(#7212,#7219),.PCURVE_S1.);
#7207 = CIRCLE('',#7208,6.4);
#7208 = AXIS2_PLACEMENT_3D('',#7209,#7210,#7211);
#7209 = CARTESIAN_POINT('',(9.,-25.,-30.12));
#7210 = DIRECTION('',(0.,0.,1.));
#7211 = DIRECTION('',(1.,0.,-0.));
#7212 = PCURVE('',#7133,#7213);
#7213 = DEFINITIONAL_REPRESENTATION('',(#7214),#7218);
#7214 = CIRCLE('',#7215,6.4);
#7215 = AXIS2_PLACEMENT_2D('',#7216,#7217);
#7216 = CARTESIAN_POINT('',(0.,0.));
#7217 = DIRECTION('',(1.,0.));
#7218 = ( GEOMETRIC_REPRESENTATION_CONTEXT(2) 
PARAMETRIC_REPRESENTATION_CONTEXT() REPRESENTATION_CONTEXT('2D SPACE',''
  ) );
#7219 = PCURVE('',#7220,#7225);
#7220 = CYLINDRICAL_SURFACE('',#7221,6.4);
#7221 = AXIS2_PLACEMENT_3D('',#7222,#7223,#7224);
#7222 = CARTESIAN_POINT('',(9.,-25.,-37.12));
#7223 = DIRECTION('',(0.,0.,1.));
#7224 = DIRECTION('',(1.,0.,-0.));
#7225 = DEFINITIONAL_REPRESENTATION('',(#7226),#7230);
#7226 = LINE('',#7227,#7228);
#7227 = CARTESIAN_POINT('',(0.,7.));
#7228 = VECTOR('',#7229,1.);
#7229 = DIRECTION('',(1.,0.));
#7230 = ( GEOMETRIC_REPRESENTATION_CONTEXT(2) 
PARAMETRIC_REPRESENTATION_CONTEXT() REPRESENTATION_CONTEXT('2D SPACE',''
  ) );
#7231 = ADVANCED_FACE('',(#7232),#7220,.F.);
#7232 = FACE_BOUND('',#7233,.F.);
#7233 = EDGE_LOOP('',(#7234,#7235,#7258,#7285));
#7234 = ORIENTED_EDGE('',*,*,#7203,.F.);
#7235 = ORIENTED_EDGE('',*,*,#7236,.F.);
#7236 = EDGE_CURVE('',#7237,#7204,#7239,.T.);
#7237 = VERTEX_POINT('',#7238);
#7238 = CARTESIAN_POINT('',(15.4,-25.,-37.12));
#7239 = SEAM_CURVE('',#7240,(#7244,#7251),.PCURVE_S1.);
#7240 = LINE('',#7241,#7242);
#7241 = CARTESIAN_POINT('',(15.4,-25.,-37.12));
#7242 = VECTOR('',#7243,1.);
#7243 = DIRECTION('',(0.,0.,1.));
#7244 = PCURVE('',#7220,#7245);
#7245 = DEFINITIONAL_REPRESENTATION('',(#7246),#7250);
#7246 = LINE('',#7247,#7248);
#7247 = CARTESIAN_POINT('',(6.28318530718,-0.));
#7248 = VECTOR('',#7249,1.);
#7249 = DIRECTION('',(0.,1.));
#7250 = ( GEOMETRIC_REPRESENTATION_CONTEXT(2) 
PARAMETRIC_REPRESENTATION_CONTEXT() REPRESENTATION_CONTEXT('2D SPACE',''
  ) );
#7251 = PCURVE('',#7220,#7252);
#7252 = DEFINITIONAL_REPRESENTATION('',(#7253),#7257);
#7253 = LINE('',#7254,#7255);
#7254 = CARTESIAN_POINT('',(0.,-0.));
#7255 = VECTOR('',#7256,1.);
#7256 = DIRECTION('',(0.,1.));
#7257 = ( GEOMETRIC_REPRESENTATION_CONTEXT(2) 
PARAMETRIC_REPRESENTATION_CONTEXT() REPRESENTATION_CONTEXT('2D SPACE',''
  ) );
#7258 = ORIENTED_EDGE('',*,*,#7259,.T.);
#7259 = EDGE_CURVE('',#7237,#7237,#7260,.T.);
#7260 = SURFACE_CURVE('',#7261,(#7266,#7273),.PCURVE_S1.);
#7261 = CIRCLE('',#7262,6.4);
#7262 = AXIS2_PLACEMENT_3D('',#7263,#7264,#7265);
#7263 = CARTESIAN_POINT('',(9.,-25.,-37.12));
#7264 = DIRECTION('',(0.,0.,1.));
#7265 = DIRECTION('',(1.,0.,-0.));
#7266 = PCURVE('',#7220,#7267);
#7267 = DEFINITIONAL_REPRESENTATION('',(#7268),#7272);
#7268 = LINE('',#7269,#7270);
#7269 = CARTESIAN_POINT('',(0.,0.));
#7270 = VECTOR('',#7271,1.);
#7271 = DIRECTION('',(1.,0.));
#7272 = ( GEOMETRIC_REPRESENTATION_CONTEXT(2) 
PARAMETRIC_REPRESENTATION_CONTEXT() REPRESENTATION_CONTEXT('2D SPACE',''
  ) );
#7273 = PCURVE('',#7274,#7279);
#7274 = PLANE('',#7275);
#7275 = AXIS2_PLACEMENT_3D('',#7276,#7277,#7278);
#7276 = CARTESIAN_POINT('',(9.,-25.,-37.12));
#7277 = DIRECTION('',(0.,0.,1.));
#7278 = DIRECTION('',(1.,0.,-0.));
#7279 = DEFINITIONAL_REPRESENTATION('',(#7280),#7284);
#7280 = CIRCLE('',#7281,6.4);
#7281 = AXIS2_PLACEMENT_2D('',#7282,#7283);
#7282 = CARTESIAN_POINT('',(0.,0.));
#7283 = DIRECTION('',(1.,0.));
#7284 = ( GEOMETRIC_REPRESENTATION_CONTEXT(2) 
PARAMETRIC_REPRESENTATION_CONTEXT() REPRESENTATION_CONTEXT('2D SPACE',''
  ) );
#7285 = ORIENTED_EDGE('',*,*,#7236,.T.);
#7286 = ADVANCED_FACE('',(#7287,#7290),#7274,.T.);
#7287 = FACE_BOUND('',#7288,.T.);
#7288 = EDGE_LOOP('',(#7289));
#7289 = ORIENTED_EDGE('',*,*,#7259,.T.);
#7290 = FACE_BOUND('',#7291,.T.);
#7291 = EDGE_LOOP('',(#7292));
#7292 = ORIENTED_EDGE('',*,*,#7293,.F.);
#7293 = EDGE_CURVE('',#7294,#7294,#7296,.T.);
#7294 = VERTEX_POINT('',#7295);
#7295 = CARTESIAN_POINT('',(11.117647058824,-25.,-37.12));
#7296 = SURFACE_CURVE('',#7297,(#7302,#7309),.PCURVE_S1.);
#7297 = CIRCLE('',#7298,2.117647058824);
#7298 = AXIS2_PLACEMENT_3D('',#7299,#7300,#7301);
#7299 = CARTESIAN_POINT('',(9.,-25.,-37.12));
#7300 = DIRECTION('',(0.,0.,1.));
#7301 = DIRECTION('',(1.,0.,-0.));
#7302 = PCURVE('',#7274,#7303);
#7303 = DEFINITIONAL_REPRESENTATION('',(#7304),#7308);
#7304 = CIRCLE('',#7305,2.117647058824);
#7305 = AXIS2_PLACEMENT_2D('',#7306,#7307);
#7306 = CARTESIAN_POINT('',(0.,0.));
#7307 = DIRECTION('',(1.,0.));
#7308 = ( GEOMETRIC_REPRESENTATION_CONTEXT(2) 
PARAMETRIC_REPRESENTATION_CONTEXT() REPRESENTATION_CONTEXT('2D SPACE',''
  ) );
#7309 = PCURVE('',#7310,#7315);
#7310 = CONICAL_SURFACE('',#7311,3.,0.722979353401);
#7311 = AXIS2_PLACEMENT_3D('',#7312,#7313,#7314);
#7312 = CARTESIAN_POINT('',(9.,-25.,-38.12));
#7313 = DIRECTION('',(-0.,-0.,-1.));
#7314 = DIRECTION('',(1.,0.,-0.));
#7315 = DEFINITIONAL_REPRESENTATION('',(#7316),#7320);
#7316 = LINE('',#7317,#7318);
#7317 = CARTESIAN_POINT('',(-0.,-1.));
#7318 = VECTOR('',#7319,1.);
#7319 = DIRECTION('',(-1.,-0.));
#7320 = ( GEOMETRIC_REPRESENTATION_CONTEXT(2) 
PARAMETRIC_REPRESENTATION_CONTEXT() REPRESENTATION_CONTEXT('2D SPACE',''
  ) );
#7321 = ADVANCED_FACE('',(#7322),#7310,.F.);
#7322 = FACE_BOUND('',#7323,.F.);
#7323 = EDGE_LOOP('',(#7324,#7347,#7374,#7375));
#7324 = ORIENTED_EDGE('',*,*,#7325,.F.);
#7325 = EDGE_CURVE('',#7326,#7294,#7328,.T.);
#7326 = VERTEX_POINT('',#7327);
#7327 = CARTESIAN_POINT('',(11.999117647059,-25.,-38.119));
#7328 = SEAM_CURVE('',#7329,(#7333,#7340),.PCURVE_S1.);
#7329 = LINE('',#7330,#7331);
#7330 = CARTESIAN_POINT('',(12.,-25.,-38.12));
#7331 = VECTOR('',#7332,1.);
#7332 = DIRECTION('',(-0.661621637087,1.62050564021E-16,0.749837855365)
  );
#7333 = PCURVE('',#7310,#7334);
#7334 = DEFINITIONAL_REPRESENTATION('',(#7335),#7339);
#7335 = LINE('',#7336,#7337);
#7336 = CARTESIAN_POINT('',(0.,-0.));
#7337 = VECTOR('',#7338,1.);
#7338 = DIRECTION('',(-0.,-1.));
#7339 = ( GEOMETRIC_REPRESENTATION_CONTEXT(2) 
PARAMETRIC_REPRESENTATION_CONTEXT() REPRESENTATION_CONTEXT('2D SPACE',''
  ) );
#7340 = PCURVE('',#7310,#7341);
#7341 = DEFINITIONAL_REPRESENTATION('',(#7342),#7346);
#7342 = LINE('',#7343,#7344);
#7343 = CARTESIAN_POINT('',(-6.28318530718,0.));
#7344 = VECTOR('',#7345,1.);
#7345 = DIRECTION('',(-0.,-1.));
#7346 = ( GEOMETRIC_REPRESENTATION_CONTEXT(2) 
PARAMETRIC_REPRESENTATION_CONTEXT() REPRESENTATION_CONTEXT('2D SPACE',''
  ) );
#7347 = ORIENTED_EDGE('',*,*,#7348,.T.);
#7348 = EDGE_CURVE('',#7326,#7326,#7349,.T.);
#7349 = SURFACE_CURVE('',#7350,(#7355,#7362),.PCURVE_S1.);
#7350 = CIRCLE('',#7351,2.999117647059);
#7351 = AXIS2_PLACEMENT_3D('',#7352,#7353,#7354);
#7352 = CARTESIAN_POINT('',(9.,-25.,-38.119));
#7353 = DIRECTION('',(0.,0.,1.));
#7354 = DIRECTION('',(1.,0.,-0.));
#7355 = PCURVE('',#7310,#7356);
#7356 = DEFINITIONAL_REPRESENTATION('',(#7357),#7361);
#7357 = LINE('',#7358,#7359);
#7358 = CARTESIAN_POINT('',(-0.,-1.E-03));
#7359 = VECTOR('',#7360,1.);
#7360 = DIRECTION('',(-1.,-0.));
#7361 = ( GEOMETRIC_REPRESENTATION_CONTEXT(2) 
PARAMETRIC_REPRESENTATION_CONTEXT() REPRESENTATION_CONTEXT('2D SPACE',''
  ) );
#7362 = PCURVE('',#7363,#7368);
#7363 = PLANE('',#7364);
#7364 = AXIS2_PLACEMENT_3D('',#7365,#7366,#7367);
#7365 = CARTESIAN_POINT('',(9.,-25.,-38.119));
#7366 = DIRECTION('',(0.,0.,1.));
#7367 = DIRECTION('',(1.,0.,-0.));
#7368 = DEFINITIONAL_REPRESENTATION('',(#7369),#7373);
#7369 = CIRCLE('',#7370,2.999117647059);
#7370 = AXIS2_PLACEMENT_2D('',#7371,#7372);
#7371 = CARTESIAN_POINT('',(0.,0.));
#7372 = DIRECTION('',(1.,0.));
#7373 = ( GEOMETRIC_REPRESENTATION_CONTEXT(2) 
PARAMETRIC_REPRESENTATION_CONTEXT() REPRESENTATION_CONTEXT('2D SPACE',''
  ) );
#7374 = ORIENTED_EDGE('',*,*,#7325,.T.);
#7375 = ORIENTED_EDGE('',*,*,#7293,.F.);
#7376 = ADVANCED_FACE('',(#7377,#7408),#7363,.F.);
#7377 = FACE_BOUND('',#7378,.F.);
#7378 = EDGE_LOOP('',(#7379));
#7379 = ORIENTED_EDGE('',*,*,#7380,.T.);
#7380 = EDGE_CURVE('',#7381,#7381,#7383,.T.);
#7381 = VERTEX_POINT('',#7382);
#7382 = CARTESIAN_POINT('',(12.,-25.,-38.119));
#7383 = SURFACE_CURVE('',#7384,(#7389,#7396),.PCURVE_S1.);
#7384 = CIRCLE('',#7385,3.);
#7385 = AXIS2_PLACEMENT_3D('',#7386,#7387,#7388);
#7386 = CARTESIAN_POINT('',(9.,-25.,-38.119));
#7387 = DIRECTION('',(0.,0.,1.));
#7388 = DIRECTION('',(1.,0.,-0.));
#7389 = PCURVE('',#7363,#7390);
#7390 = DEFINITIONAL_REPRESENTATION('',(#7391),#7395);
#7391 = CIRCLE('',#7392,3.);
#7392 = AXIS2_PLACEMENT_2D('',#7393,#7394);
#7393 = CARTESIAN_POINT('',(0.,0.));
#7394 = DIRECTION('',(1.,0.));
#7395 = ( GEOMETRIC_REPRESENTATION_CONTEXT(2) 
PARAMETRIC_REPRESENTATION_CONTEXT() REPRESENTATION_CONTEXT('2D SPACE',''
  ) );
#7396 = PCURVE('',#7397,#7402);
#7397 = CYLINDRICAL_SURFACE('',#7398,3.);
#7398 = AXIS2_PLACEMENT_3D('',#7399,#7400,#7401);
#7399 = CARTESIAN_POINT('',(9.,-25.,-38.17));
#7400 = DIRECTION('',(0.,0.,1.));
#7401 = DIRECTION('',(1.,0.,-0.));
#7402 = DEFINITIONAL_REPRESENTATION('',(#7403),#7407);
#7403 = LINE('',#7404,#7405);
#7404 = CARTESIAN_POINT('',(0.,5.1E-02));
#7405 = VECTOR('',#7406,1.);
#7406 = DIRECTION('',(1.,0.));
#7407 = ( GEOMETRIC_REPRESENTATION_CONTEXT(2) 
PARAMETRIC_REPRESENTATION_CONTEXT() REPRESENTATION_CONTEXT('2D SPACE',''
  ) );
#7408 = FACE_BOUND('',#7409,.F.);
#7409 = EDGE_LOOP('',(#7410));
#7410 = ORIENTED_EDGE('',*,*,#7348,.F.);
#7411 = ADVANCED_FACE('',(#7412),#7397,.F.);
#7412 = FACE_BOUND('',#7413,.F.);
#7413 = EDGE_LOOP('',(#7414,#7437,#7438,#7439));
#7414 = ORIENTED_EDGE('',*,*,#7415,.F.);
#7415 = EDGE_CURVE('',#7381,#7416,#7418,.T.);
#7416 = VERTEX_POINT('',#7417);
#7417 = CARTESIAN_POINT('',(12.,-25.,-38.12));
#7418 = SEAM_CURVE('',#7419,(#7423,#7430),.PCURVE_S1.);
#7419 = LINE('',#7420,#7421);
#7420 = CARTESIAN_POINT('',(12.,-25.,-38.119));
#7421 = VECTOR('',#7422,1.);
#7422 = DIRECTION('',(0.,0.,-1.));
#7423 = PCURVE('',#7397,#7424);
#7424 = DEFINITIONAL_REPRESENTATION('',(#7425),#7429);
#7425 = LINE('',#7426,#7427);
#7426 = CARTESIAN_POINT('',(6.28318530718,5.1E-02));
#7427 = VECTOR('',#7428,1.);
#7428 = DIRECTION('',(-0.,-1.));
#7429 = ( GEOMETRIC_REPRESENTATION_CONTEXT(2) 
PARAMETRIC_REPRESENTATION_CONTEXT() REPRESENTATION_CONTEXT('2D SPACE',''
  ) );
#7430 = PCURVE('',#7397,#7431);
#7431 = DEFINITIONAL_REPRESENTATION('',(#7432),#7436);
#7432 = LINE('',#7433,#7434);
#7433 = CARTESIAN_POINT('',(0.,5.1E-02));
#7434 = VECTOR('',#7435,1.);
#7435 = DIRECTION('',(-0.,-1.));
#7436 = ( GEOMETRIC_REPRESENTATION_CONTEXT(2) 
PARAMETRIC_REPRESENTATION_CONTEXT() REPRESENTATION_CONTEXT('2D SPACE',''
  ) );
#7437 = ORIENTED_EDGE('',*,*,#7380,.F.);
#7438 = ORIENTED_EDGE('',*,*,#7415,.T.);
#7439 = ORIENTED_EDGE('',*,*,#7440,.T.);
#7440 = EDGE_CURVE('',#7416,#7416,#7441,.T.);
#7441 = SURFACE_CURVE('',#7442,(#7447,#7454),.PCURVE_S1.);
#7442 = CIRCLE('',#7443,3.);
#7443 = AXIS2_PLACEMENT_3D('',#7444,#7445,#7446);
#7444 = CARTESIAN_POINT('',(9.,-25.,-38.12));
#7445 = DIRECTION('',(0.,0.,1.));
#7446 = DIRECTION('',(1.,0.,-0.));
#7447 = PCURVE('',#7397,#7448);
#7448 = DEFINITIONAL_REPRESENTATION('',(#7449),#7453);
#7449 = LINE('',#7450,#7451);
#7450 = CARTESIAN_POINT('',(0.,5.E-02));
#7451 = VECTOR('',#7452,1.);
#7452 = DIRECTION('',(1.,0.));
#7453 = ( GEOMETRIC_REPRESENTATION_CONTEXT(2) 
PARAMETRIC_REPRESENTATION_CONTEXT() REPRESENTATION_CONTEXT('2D SPACE',''
  ) );
#7454 = PCURVE('',#7161,#7455);
#7455 = DEFINITIONAL_REPRESENTATION('',(#7456),#7460);
#7456 = CIRCLE('',#7457,3.);
#7457 = AXIS2_PLACEMENT_2D('',#7458,#7459);
#7458 = CARTESIAN_POINT('',(0.,0.));
#7459 = DIRECTION('',(1.,0.));
#7460 = ( GEOMETRIC_REPRESENTATION_CONTEXT(2) 
PARAMETRIC_REPRESENTATION_CONTEXT() REPRESENTATION_CONTEXT('2D SPACE',''
  ) );
#7461 = ADVANCED_FACE('',(#7462,#7465),#7161,.F.);
#7462 = FACE_BOUND('',#7463,.F.);
#7463 = EDGE_LOOP('',(#7464));
#7464 = ORIENTED_EDGE('',*,*,#7146,.T.);
#7465 = FACE_BOUND('',#7466,.F.);
#7466 = EDGE_LOOP('',(#7467));
#7467 = ORIENTED_EDGE('',*,*,#7440,.F.);
#7468 = ADVANCED_FACE('',(#7469),#4522,.T.);
#7469 = FACE_BOUND('',#7470,.T.);
#7470 = EDGE_LOOP('',(#7471,#7472,#7493,#7494,#7495,#7496));
#7471 = ORIENTED_EDGE('',*,*,#4506,.F.);
#7472 = ORIENTED_EDGE('',*,*,#7473,.T.);
#7473 = EDGE_CURVE('',#4480,#5552,#7474,.T.);
#7474 = SURFACE_CURVE('',#7475,(#7479,#7486),.PCURVE_S1.);
#7475 = LINE('',#7476,#7477);
#7476 = CARTESIAN_POINT('',(2.,-56.,-34.5));
#7477 = VECTOR('',#7478,1.);
#7478 = DIRECTION('',(0.,0.,1.));
#7479 = PCURVE('',#4522,#7480);
#7480 = DEFINITIONAL_REPRESENTATION('',(#7481),#7485);
#7481 = LINE('',#7482,#7483);
#7482 = CARTESIAN_POINT('',(0.,-2.));
#7483 = VECTOR('',#7484,1.);
#7484 = DIRECTION('',(1.,0.));
#7485 = ( GEOMETRIC_REPRESENTATION_CONTEXT(2) 
PARAMETRIC_REPRESENTATION_CONTEXT() REPRESENTATION_CONTEXT('2D SPACE',''
  ) );
#7486 = PCURVE('',#4495,#7487);
#7487 = DEFINITIONAL_REPRESENTATION('',(#7488),#7492);
#7488 = LINE('',#7489,#7490);
#7489 = CARTESIAN_POINT('',(0.,4.));
#7490 = VECTOR('',#7491,1.);
#7491 = DIRECTION('',(1.,0.));
#7492 = ( GEOMETRIC_REPRESENTATION_CONTEXT(2) 
PARAMETRIC_REPRESENTATION_CONTEXT() REPRESENTATION_CONTEXT('2D SPACE',''
  ) );
#7493 = ORIENTED_EDGE('',*,*,#5574,.T.);
#7494 = ORIENTED_EDGE('',*,*,#5357,.F.);
#7495 = ORIENTED_EDGE('',*,*,#5217,.T.);
#7496 = ORIENTED_EDGE('',*,*,#7178,.T.);
#7497 = ADVANCED_FACE('',(#7498),#4495,.T.);
#7498 = FACE_BOUND('',#7499,.T.);
#7499 = EDGE_LOOP('',(#7500,#7501,#7502,#7523));
#7500 = ORIENTED_EDGE('',*,*,#7473,.F.);
#7501 = ORIENTED_EDGE('',*,*,#4479,.T.);
#7502 = ORIENTED_EDGE('',*,*,#7503,.T.);
#7503 = EDGE_CURVE('',#4452,#5530,#7504,.T.);
#7504 = SURFACE_CURVE('',#7505,(#7509,#7516),.PCURVE_S1.);
#7505 = LINE('',#7506,#7507);
#7506 = CARTESIAN_POINT('',(-2.,-56.,-34.5));
#7507 = VECTOR('',#7508,1.);
#7508 = DIRECTION('',(0.,0.,1.));
#7509 = PCURVE('',#4495,#7510);
#7510 = DEFINITIONAL_REPRESENTATION('',(#7511),#7515);
#7511 = LINE('',#7512,#7513);
#7512 = CARTESIAN_POINT('',(0.,0.));
#7513 = VECTOR('',#7514,1.);
#7514 = DIRECTION('',(1.,0.));
#7515 = ( GEOMETRIC_REPRESENTATION_CONTEXT(2) 
PARAMETRIC_REPRESENTATION_CONTEXT() REPRESENTATION_CONTEXT('2D SPACE',''
  ) );
#7516 = PCURVE('',#4467,#7517);
#7517 = DEFINITIONAL_REPRESENTATION('',(#7518),#7522);
#7518 = LINE('',#7519,#7520);
#7519 = CARTESIAN_POINT('',(0.,-2.));
#7520 = VECTOR('',#7521,1.);
#7521 = DIRECTION('',(1.,0.));
#7522 = ( GEOMETRIC_REPRESENTATION_CONTEXT(2) 
PARAMETRIC_REPRESENTATION_CONTEXT() REPRESENTATION_CONTEXT('2D SPACE',''
  ) );
#7523 = ORIENTED_EDGE('',*,*,#5551,.T.);
#7524 = ADVANCED_FACE('',(#7525),#4467,.F.);
#7525 = FACE_BOUND('',#7526,.F.);
#7526 = EDGE_LOOP('',(#7527,#7528,#7529,#7530,#7531,#7532));
#7527 = ORIENTED_EDGE('',*,*,#4451,.F.);
#7528 = ORIENTED_EDGE('',*,*,#7503,.T.);
#7529 = ORIENTED_EDGE('',*,*,#5529,.T.);
#7530 = ORIENTED_EDGE('',*,*,#5381,.F.);
#7531 = ORIENTED_EDGE('',*,*,#5166,.T.);
#7532 = ORIENTED_EDGE('',*,*,#7533,.T.);
#7533 = EDGE_CURVE('',#5143,#4428,#7534,.T.);
#7534 = SURFACE_CURVE('',#7535,(#7539,#7545),.PCURVE_S1.);
#7535 = LINE('',#7536,#7537);
#7536 = CARTESIAN_POINT('',(-2.,-30.33291665038,-38.12));
#7537 = VECTOR('',#7538,1.);
#7538 = DIRECTION('',(0.,0.,1.));
#7539 = PCURVE('',#4467,#7540);
#7540 = DEFINITIONAL_REPRESENTATION('',(#7541),#7544);
#7541 = B_SPLINE_CURVE_WITH_KNOTS('',1,(#7542,#7543),.UNSPECIFIED.,.F.,
  .F.,(2,2),(1.37,8.0000024),.PIECEWISE_BEZIER_KNOTS.);
#7542 = CARTESIAN_POINT('',(-2.25,-27.66708334961));
#7543 = CARTESIAN_POINT('',(4.3800024,-27.66708334961));
#7544 = ( GEOMETRIC_REPRESENTATION_CONTEXT(2) 
PARAMETRIC_REPRESENTATION_CONTEXT() REPRESENTATION_CONTEXT('2D SPACE',''
  ) );
#7545 = PCURVE('',#4415,#7546);
#7546 = DEFINITIONAL_REPRESENTATION('',(#7547),#7550);
#7547 = B_SPLINE_CURVE_WITH_KNOTS('',1,(#7548,#7549),.UNSPECIFIED.,.F.,
  .F.,(2,2),(1.37,8.0000024),.PIECEWISE_BEZIER_KNOTS.);
#7548 = CARTESIAN_POINT('',(5.632146249693,1.37));
#7549 = CARTESIAN_POINT('',(5.632146249693,8.0000024));
#7550 = ( GEOMETRIC_REPRESENTATION_CONTEXT(2) 
PARAMETRIC_REPRESENTATION_CONTEXT() REPRESENTATION_CONTEXT('2D SPACE',''
  ) );
#7551 = ADVANCED_FACE('',(#7552),#4415,.T.);
#7552 = FACE_BOUND('',#7553,.T.);
#7553 = EDGE_LOOP('',(#7554,#7577,#7604,#7605,#7606,#7625,#7626,#7649,
    #7676,#7677,#7678,#7679));
#7554 = ORIENTED_EDGE('',*,*,#7555,.T.);
#7555 = EDGE_CURVE('',#4399,#7556,#7558,.T.);
#7556 = VERTEX_POINT('',#7557);
#7557 = CARTESIAN_POINT('',(-0.2,-25.,-30.12));
#7558 = SEAM_CURVE('',#7559,(#7563,#7570),.PCURVE_S1.);
#7559 = LINE('',#7560,#7561);
#7560 = CARTESIAN_POINT('',(-0.2,-25.,-38.12));
#7561 = VECTOR('',#7562,1.);
#7562 = DIRECTION('',(0.,0.,1.));
#7563 = PCURVE('',#4415,#7564);
#7564 = DEFINITIONAL_REPRESENTATION('',(#7565),#7569);
#7565 = LINE('',#7566,#7567);
#7566 = CARTESIAN_POINT('',(6.28318530718,-0.));
#7567 = VECTOR('',#7568,1.);
#7568 = DIRECTION('',(0.,1.));
#7569 = ( GEOMETRIC_REPRESENTATION_CONTEXT(2) 
PARAMETRIC_REPRESENTATION_CONTEXT() REPRESENTATION_CONTEXT('2D SPACE',''
  ) );
#7570 = PCURVE('',#4415,#7571);
#7571 = DEFINITIONAL_REPRESENTATION('',(#7572),#7576);
#7572 = LINE('',#7573,#7574);
#7573 = CARTESIAN_POINT('',(0.,-0.));
#7574 = VECTOR('',#7575,1.);
#7575 = DIRECTION('',(0.,1.));
#7576 = ( GEOMETRIC_REPRESENTATION_CONTEXT(2) 
PARAMETRIC_REPRESENTATION_CONTEXT() REPRESENTATION_CONTEXT('2D SPACE',''
  ) );
#7577 = ORIENTED_EDGE('',*,*,#7578,.F.);
#7578 = EDGE_CURVE('',#7556,#7556,#7579,.T.);
#7579 = SURFACE_CURVE('',#7580,(#7585,#7592),.PCURVE_S1.);
#7580 = CIRCLE('',#7581,8.8);
#7581 = AXIS2_PLACEMENT_3D('',#7582,#7583,#7584);
#7582 = CARTESIAN_POINT('',(-9.,-25.,-30.12));
#7583 = DIRECTION('',(0.,0.,1.));
#7584 = DIRECTION('',(1.,0.,-0.));
#7585 = PCURVE('',#4415,#7586);
#7586 = DEFINITIONAL_REPRESENTATION('',(#7587),#7591);
#7587 = LINE('',#7588,#7589);
#7588 = CARTESIAN_POINT('',(0.,8.));
#7589 = VECTOR('',#7590,1.);
#7590 = DIRECTION('',(1.,0.));
#7591 = ( GEOMETRIC_REPRESENTATION_CONTEXT(2) 
PARAMETRIC_REPRESENTATION_CONTEXT() REPRESENTATION_CONTEXT('2D SPACE',''
  ) );
#7592 = PCURVE('',#7593,#7598);
#7593 = PLANE('',#7594);
#7594 = AXIS2_PLACEMENT_3D('',#7595,#7596,#7597);
#7595 = CARTESIAN_POINT('',(-9.,-25.,-30.12));
#7596 = DIRECTION('',(0.,0.,1.));
#7597 = DIRECTION('',(1.,0.,-0.));
#7598 = DEFINITIONAL_REPRESENTATION('',(#7599),#7603);
#7599 = CIRCLE('',#7600,8.8);
#7600 = AXIS2_PLACEMENT_2D('',#7601,#7602);
#7601 = CARTESIAN_POINT('',(0.,0.));
#7602 = DIRECTION('',(1.,0.));
#7603 = ( GEOMETRIC_REPRESENTATION_CONTEXT(2) 
PARAMETRIC_REPRESENTATION_CONTEXT() REPRESENTATION_CONTEXT('2D SPACE',''
  ) );
#7604 = ORIENTED_EDGE('',*,*,#7555,.F.);
#7605 = ORIENTED_EDGE('',*,*,#4398,.T.);
#7606 = ORIENTED_EDGE('',*,*,#7607,.F.);
#7607 = EDGE_CURVE('',#5096,#4371,#7608,.T.);
#7608 = SURFACE_CURVE('',#7609,(#7613,#7619),.PCURVE_S1.);
#7609 = LINE('',#7610,#7611);
#7610 = CARTESIAN_POINT('',(-2.,-19.66708334961,-38.12));
#7611 = VECTOR('',#7612,1.);
#7612 = DIRECTION('',(0.,0.,1.));
#7613 = PCURVE('',#4415,#7614);
#7614 = DEFINITIONAL_REPRESENTATION('',(#7615),#7618);
#7615 = B_SPLINE_CURVE_WITH_KNOTS('',1,(#7616,#7617),.UNSPECIFIED.,.F.,
  .F.,(2,2),(1.37,8.0000024),.PIECEWISE_BEZIER_KNOTS.);
#7616 = CARTESIAN_POINT('',(0.651039057486,1.37));
#7617 = CARTESIAN_POINT('',(0.651039057486,8.0000024));
#7618 = ( GEOMETRIC_REPRESENTATION_CONTEXT(2) 
PARAMETRIC_REPRESENTATION_CONTEXT() REPRESENTATION_CONTEXT('2D SPACE',''
  ) );
#7619 = PCURVE('',#4386,#7620);
#7620 = DEFINITIONAL_REPRESENTATION('',(#7621),#7624);
#7621 = B_SPLINE_CURVE_WITH_KNOTS('',1,(#7622,#7623),.UNSPECIFIED.,.F.,
  .F.,(2,2),(1.37,8.0000024),.PIECEWISE_BEZIER_KNOTS.);
#7622 = CARTESIAN_POINT('',(-2.25,-38.33291665038));
#7623 = CARTESIAN_POINT('',(4.3800024,-38.33291665038));
#7624 = ( GEOMETRIC_REPRESENTATION_CONTEXT(2) 
PARAMETRIC_REPRESENTATION_CONTEXT() REPRESENTATION_CONTEXT('2D SPACE',''
  ) );
#7625 = ORIENTED_EDGE('',*,*,#5118,.F.);
#7626 = ORIENTED_EDGE('',*,*,#7627,.F.);
#7627 = EDGE_CURVE('',#7628,#5119,#7630,.T.);
#7628 = VERTEX_POINT('',#7629);
#7629 = CARTESIAN_POINT('',(-0.2,-25.,-38.12));
#7630 = SEAM_CURVE('',#7631,(#7635,#7642),.PCURVE_S1.);
#7631 = LINE('',#7632,#7633);
#7632 = CARTESIAN_POINT('',(-0.2,-25.,-38.12));
#7633 = VECTOR('',#7634,1.);
#7634 = DIRECTION('',(0.,0.,1.));
#7635 = PCURVE('',#4415,#7636);
#7636 = DEFINITIONAL_REPRESENTATION('',(#7637),#7641);
#7637 = LINE('',#7638,#7639);
#7638 = CARTESIAN_POINT('',(6.28318530718,-0.));
#7639 = VECTOR('',#7640,1.);
#7640 = DIRECTION('',(0.,1.));
#7641 = ( GEOMETRIC_REPRESENTATION_CONTEXT(2) 
PARAMETRIC_REPRESENTATION_CONTEXT() REPRESENTATION_CONTEXT('2D SPACE',''
  ) );
#7642 = PCURVE('',#4415,#7643);
#7643 = DEFINITIONAL_REPRESENTATION('',(#7644),#7648);
#7644 = LINE('',#7645,#7646);
#7645 = CARTESIAN_POINT('',(0.,-0.));
#7646 = VECTOR('',#7647,1.);
#7647 = DIRECTION('',(0.,1.));
#7648 = ( GEOMETRIC_REPRESENTATION_CONTEXT(2) 
PARAMETRIC_REPRESENTATION_CONTEXT() REPRESENTATION_CONTEXT('2D SPACE',''
  ) );
#7649 = ORIENTED_EDGE('',*,*,#7650,.T.);
#7650 = EDGE_CURVE('',#7628,#7628,#7651,.T.);
#7651 = SURFACE_CURVE('',#7652,(#7657,#7664),.PCURVE_S1.);
#7652 = CIRCLE('',#7653,8.8);
#7653 = AXIS2_PLACEMENT_3D('',#7654,#7655,#7656);
#7654 = CARTESIAN_POINT('',(-9.,-25.,-38.12));
#7655 = DIRECTION('',(0.,0.,1.));
#7656 = DIRECTION('',(1.,0.,-0.));
#7657 = PCURVE('',#4415,#7658);
#7658 = DEFINITIONAL_REPRESENTATION('',(#7659),#7663);
#7659 = LINE('',#7660,#7661);
#7660 = CARTESIAN_POINT('',(0.,0.));
#7661 = VECTOR('',#7662,1.);
#7662 = DIRECTION('',(1.,0.));
#7663 = ( GEOMETRIC_REPRESENTATION_CONTEXT(2) 
PARAMETRIC_REPRESENTATION_CONTEXT() REPRESENTATION_CONTEXT('2D SPACE',''
  ) );
#7664 = PCURVE('',#7665,#7670);
#7665 = PLANE('',#7666);
#7666 = AXIS2_PLACEMENT_3D('',#7667,#7668,#7669);
#7667 = CARTESIAN_POINT('',(-9.,-25.,-38.12));
#7668 = DIRECTION('',(0.,0.,1.));
#7669 = DIRECTION('',(1.,0.,-0.));
#7670 = DEFINITIONAL_REPRESENTATION('',(#7671),#7675);
#7671 = CIRCLE('',#7672,8.8);
#7672 = AXIS2_PLACEMENT_2D('',#7673,#7674);
#7673 = CARTESIAN_POINT('',(0.,0.));
#7674 = DIRECTION('',(1.,0.));
#7675 = ( GEOMETRIC_REPRESENTATION_CONTEXT(2) 
PARAMETRIC_REPRESENTATION_CONTEXT() REPRESENTATION_CONTEXT('2D SPACE',''
  ) );
#7676 = ORIENTED_EDGE('',*,*,#7627,.T.);
#7677 = ORIENTED_EDGE('',*,*,#5142,.F.);
#7678 = ORIENTED_EDGE('',*,*,#7533,.T.);
#7679 = ORIENTED_EDGE('',*,*,#4427,.T.);
#7680 = ADVANCED_FACE('',(#7681,#7684),#7593,.T.);
#7681 = FACE_BOUND('',#7682,.T.);
#7682 = EDGE_LOOP('',(#7683));
#7683 = ORIENTED_EDGE('',*,*,#7578,.T.);
#7684 = FACE_BOUND('',#7685,.T.);
#7685 = EDGE_LOOP('',(#7686));
#7686 = ORIENTED_EDGE('',*,*,#7687,.F.);
#7687 = EDGE_CURVE('',#7688,#7688,#7690,.T.);
#7688 = VERTEX_POINT('',#7689);
#7689 = CARTESIAN_POINT('',(-2.6,-25.,-30.12));
#7690 = SURFACE_CURVE('',#7691,(#7696,#7703),.PCURVE_S1.);
#7691 = CIRCLE('',#7692,6.4);
#7692 = AXIS2_PLACEMENT_3D('',#7693,#7694,#7695);
#7693 = CARTESIAN_POINT('',(-9.,-25.,-30.12));
#7694 = DIRECTION('',(0.,0.,1.));
#7695 = DIRECTION('',(1.,0.,-0.));
#7696 = PCURVE('',#7593,#7697);
#7697 = DEFINITIONAL_REPRESENTATION('',(#7698),#7702);
#7698 = CIRCLE('',#7699,6.4);
#7699 = AXIS2_PLACEMENT_2D('',#7700,#7701);
#7700 = CARTESIAN_POINT('',(0.,0.));
#7701 = DIRECTION('',(1.,0.));
#7702 = ( GEOMETRIC_REPRESENTATION_CONTEXT(2) 
PARAMETRIC_REPRESENTATION_CONTEXT() REPRESENTATION_CONTEXT('2D SPACE',''
  ) );
#7703 = PCURVE('',#7704,#7709);
#7704 = CYLINDRICAL_SURFACE('',#7705,6.4);
#7705 = AXIS2_PLACEMENT_3D('',#7706,#7707,#7708);
#7706 = CARTESIAN_POINT('',(-9.,-25.,-37.12));
#7707 = DIRECTION('',(0.,0.,1.));
#7708 = DIRECTION('',(1.,0.,-0.));
#7709 = DEFINITIONAL_REPRESENTATION('',(#7710),#7714);
#7710 = LINE('',#7711,#7712);
#7711 = CARTESIAN_POINT('',(0.,7.));
#7712 = VECTOR('',#7713,1.);
#7713 = DIRECTION('',(1.,0.));
#7714 = ( GEOMETRIC_REPRESENTATION_CONTEXT(2) 
PARAMETRIC_REPRESENTATION_CONTEXT() REPRESENTATION_CONTEXT('2D SPACE',''
  ) );
#7715 = ADVANCED_FACE('',(#7716),#7704,.F.);
#7716 = FACE_BOUND('',#7717,.F.);
#7717 = EDGE_LOOP('',(#7718,#7719,#7742,#7769));
#7718 = ORIENTED_EDGE('',*,*,#7687,.F.);
#7719 = ORIENTED_EDGE('',*,*,#7720,.F.);
#7720 = EDGE_CURVE('',#7721,#7688,#7723,.T.);
#7721 = VERTEX_POINT('',#7722);
#7722 = CARTESIAN_POINT('',(-2.6,-25.,-37.12));
#7723 = SEAM_CURVE('',#7724,(#7728,#7735),.PCURVE_S1.);
#7724 = LINE('',#7725,#7726);
#7725 = CARTESIAN_POINT('',(-2.6,-25.,-37.12));
#7726 = VECTOR('',#7727,1.);
#7727 = DIRECTION('',(0.,0.,1.));
#7728 = PCURVE('',#7704,#7729);
#7729 = DEFINITIONAL_REPRESENTATION('',(#7730),#7734);
#7730 = LINE('',#7731,#7732);
#7731 = CARTESIAN_POINT('',(6.28318530718,-0.));
#7732 = VECTOR('',#7733,1.);
#7733 = DIRECTION('',(0.,1.));
#7734 = ( GEOMETRIC_REPRESENTATION_CONTEXT(2) 
PARAMETRIC_REPRESENTATION_CONTEXT() REPRESENTATION_CONTEXT('2D SPACE',''
  ) );
#7735 = PCURVE('',#7704,#7736);
#7736 = DEFINITIONAL_REPRESENTATION('',(#7737),#7741);
#7737 = LINE('',#7738,#7739);
#7738 = CARTESIAN_POINT('',(0.,-0.));
#7739 = VECTOR('',#7740,1.);
#7740 = DIRECTION('',(0.,1.));
#7741 = ( GEOMETRIC_REPRESENTATION_CONTEXT(2) 
PARAMETRIC_REPRESENTATION_CONTEXT() REPRESENTATION_CONTEXT('2D SPACE',''
  ) );
#7742 = ORIENTED_EDGE('',*,*,#7743,.T.);
#7743 = EDGE_CURVE('',#7721,#7721,#7744,.T.);
#7744 = SURFACE_CURVE('',#7745,(#7750,#7757),.PCURVE_S1.);
#7745 = CIRCLE('',#7746,6.4);
#7746 = AXIS2_PLACEMENT_3D('',#7747,#7748,#7749);
#7747 = CARTESIAN_POINT('',(-9.,-25.,-37.12));
#7748 = DIRECTION('',(0.,0.,1.));
#7749 = DIRECTION('',(1.,0.,-0.));
#7750 = PCURVE('',#7704,#7751);
#7751 = DEFINITIONAL_REPRESENTATION('',(#7752),#7756);
#7752 = LINE('',#7753,#7754);
#7753 = CARTESIAN_POINT('',(0.,0.));
#7754 = VECTOR('',#7755,1.);
#7755 = DIRECTION('',(1.,0.));
#7756 = ( GEOMETRIC_REPRESENTATION_CONTEXT(2) 
PARAMETRIC_REPRESENTATION_CONTEXT() REPRESENTATION_CONTEXT('2D SPACE',''
  ) );
#7757 = PCURVE('',#7758,#7763);
#7758 = PLANE('',#7759);
#7759 = AXIS2_PLACEMENT_3D('',#7760,#7761,#7762);
#7760 = CARTESIAN_POINT('',(-9.,-25.,-37.12));
#7761 = DIRECTION('',(0.,0.,1.));
#7762 = DIRECTION('',(1.,0.,-0.));
#7763 = DEFINITIONAL_REPRESENTATION('',(#7764),#7768);
#7764 = CIRCLE('',#7765,6.4);
#7765 = AXIS2_PLACEMENT_2D('',#7766,#7767);
#7766 = CARTESIAN_POINT('',(0.,0.));
#7767 = DIRECTION('',(1.,0.));
#7768 = ( GEOMETRIC_REPRESENTATION_CONTEXT(2) 
PARAMETRIC_REPRESENTATION_CONTEXT() REPRESENTATION_CONTEXT('2D SPACE',''
  ) );
#7769 = ORIENTED_EDGE('',*,*,#7720,.T.);
#7770 = ADVANCED_FACE('',(#7771,#7774),#7758,.T.);
#7771 = FACE_BOUND('',#7772,.T.);
#7772 = EDGE_LOOP('',(#7773));
#7773 = ORIENTED_EDGE('',*,*,#7743,.T.);
#7774 = FACE_BOUND('',#7775,.T.);
#7775 = EDGE_LOOP('',(#7776));
#7776 = ORIENTED_EDGE('',*,*,#7777,.F.);
#7777 = EDGE_CURVE('',#7778,#7778,#7780,.T.);
#7778 = VERTEX_POINT('',#7779);
#7779 = CARTESIAN_POINT('',(-6.882352941176,-25.,-37.12));
#7780 = SURFACE_CURVE('',#7781,(#7786,#7793),.PCURVE_S1.);
#7781 = CIRCLE('',#7782,2.117647058824);
#7782 = AXIS2_PLACEMENT_3D('',#7783,#7784,#7785);
#7783 = CARTESIAN_POINT('',(-9.,-25.,-37.12));
#7784 = DIRECTION('',(0.,0.,1.));
#7785 = DIRECTION('',(1.,0.,-0.));
#7786 = PCURVE('',#7758,#7787);
#7787 = DEFINITIONAL_REPRESENTATION('',(#7788),#7792);
#7788 = CIRCLE('',#7789,2.117647058824);
#7789 = AXIS2_PLACEMENT_2D('',#7790,#7791);
#7790 = CARTESIAN_POINT('',(0.,0.));
#7791 = DIRECTION('',(1.,0.));
#7792 = ( GEOMETRIC_REPRESENTATION_CONTEXT(2) 
PARAMETRIC_REPRESENTATION_CONTEXT() REPRESENTATION_CONTEXT('2D SPACE',''
  ) );
#7793 = PCURVE('',#7794,#7799);
#7794 = CONICAL_SURFACE('',#7795,3.,0.722979353401);
#7795 = AXIS2_PLACEMENT_3D('',#7796,#7797,#7798);
#7796 = CARTESIAN_POINT('',(-9.,-25.,-38.12));
#7797 = DIRECTION('',(-0.,-0.,-1.));
#7798 = DIRECTION('',(1.,0.,-0.));
#7799 = DEFINITIONAL_REPRESENTATION('',(#7800),#7804);
#7800 = LINE('',#7801,#7802);
#7801 = CARTESIAN_POINT('',(-0.,-1.));
#7802 = VECTOR('',#7803,1.);
#7803 = DIRECTION('',(-1.,-0.));
#7804 = ( GEOMETRIC_REPRESENTATION_CONTEXT(2) 
PARAMETRIC_REPRESENTATION_CONTEXT() REPRESENTATION_CONTEXT('2D SPACE',''
  ) );
#7805 = ADVANCED_FACE('',(#7806),#7794,.F.);
#7806 = FACE_BOUND('',#7807,.F.);
#7807 = EDGE_LOOP('',(#7808,#7831,#7858,#7859));
#7808 = ORIENTED_EDGE('',*,*,#7809,.F.);
#7809 = EDGE_CURVE('',#7810,#7778,#7812,.T.);
#7810 = VERTEX_POINT('',#7811);
#7811 = CARTESIAN_POINT('',(-6.000882352941,-25.,-38.119));
#7812 = SEAM_CURVE('',#7813,(#7817,#7824),.PCURVE_S1.);
#7813 = LINE('',#7814,#7815);
#7814 = CARTESIAN_POINT('',(-6.,-25.,-38.12));
#7815 = VECTOR('',#7816,1.);
#7816 = DIRECTION('',(-0.661621637087,1.62050564021E-16,0.749837855365)
  );
#7817 = PCURVE('',#7794,#7818);
#7818 = DEFINITIONAL_REPRESENTATION('',(#7819),#7823);
#7819 = LINE('',#7820,#7821);
#7820 = CARTESIAN_POINT('',(0.,-0.));
#7821 = VECTOR('',#7822,1.);
#7822 = DIRECTION('',(-0.,-1.));
#7823 = ( GEOMETRIC_REPRESENTATION_CONTEXT(2) 
PARAMETRIC_REPRESENTATION_CONTEXT() REPRESENTATION_CONTEXT('2D SPACE',''
  ) );
#7824 = PCURVE('',#7794,#7825);
#7825 = DEFINITIONAL_REPRESENTATION('',(#7826),#7830);
#7826 = LINE('',#7827,#7828);
#7827 = CARTESIAN_POINT('',(-6.28318530718,0.));
#7828 = VECTOR('',#7829,1.);
#7829 = DIRECTION('',(-0.,-1.));
#7830 = ( GEOMETRIC_REPRESENTATION_CONTEXT(2) 
PARAMETRIC_REPRESENTATION_CONTEXT() REPRESENTATION_CONTEXT('2D SPACE',''
  ) );
#7831 = ORIENTED_EDGE('',*,*,#7832,.T.);
#7832 = EDGE_CURVE('',#7810,#7810,#7833,.T.);
#7833 = SURFACE_CURVE('',#7834,(#7839,#7846),.PCURVE_S1.);
#7834 = CIRCLE('',#7835,2.999117647059);
#7835 = AXIS2_PLACEMENT_3D('',#7836,#7837,#7838);
#7836 = CARTESIAN_POINT('',(-9.,-25.,-38.119));
#7837 = DIRECTION('',(0.,0.,1.));
#7838 = DIRECTION('',(1.,0.,-0.));
#7839 = PCURVE('',#7794,#7840);
#7840 = DEFINITIONAL_REPRESENTATION('',(#7841),#7845);
#7841 = LINE('',#7842,#7843);
#7842 = CARTESIAN_POINT('',(-0.,-1.E-03));
#7843 = VECTOR('',#7844,1.);
#7844 = DIRECTION('',(-1.,-0.));
#7845 = ( GEOMETRIC_REPRESENTATION_CONTEXT(2) 
PARAMETRIC_REPRESENTATION_CONTEXT() REPRESENTATION_CONTEXT('2D SPACE',''
  ) );
#7846 = PCURVE('',#7847,#7852);
#7847 = PLANE('',#7848);
#7848 = AXIS2_PLACEMENT_3D('',#7849,#7850,#7851);
#7849 = CARTESIAN_POINT('',(-9.,-25.,-38.119));
#7850 = DIRECTION('',(0.,0.,1.));
#7851 = DIRECTION('',(1.,0.,-0.));
#7852 = DEFINITIONAL_REPRESENTATION('',(#7853),#7857);
#7853 = CIRCLE('',#7854,2.999117647059);
#7854 = AXIS2_PLACEMENT_2D('',#7855,#7856);
#7855 = CARTESIAN_POINT('',(0.,0.));
#7856 = DIRECTION('',(1.,0.));
#7857 = ( GEOMETRIC_REPRESENTATION_CONTEXT(2) 
PARAMETRIC_REPRESENTATION_CONTEXT() REPRESENTATION_CONTEXT('2D SPACE',''
  ) );
#7858 = ORIENTED_EDGE('',*,*,#7809,.T.);
#7859 = ORIENTED_EDGE('',*,*,#7777,.F.);
#7860 = ADVANCED_FACE('',(#7861,#7892),#7847,.F.);
#7861 = FACE_BOUND('',#7862,.F.);
#7862 = EDGE_LOOP('',(#7863));
#7863 = ORIENTED_EDGE('',*,*,#7864,.T.);
#7864 = EDGE_CURVE('',#7865,#7865,#7867,.T.);
#7865 = VERTEX_POINT('',#7866);
#7866 = CARTESIAN_POINT('',(-6.,-25.,-38.119));
#7867 = SURFACE_CURVE('',#7868,(#7873,#7880),.PCURVE_S1.);
#7868 = CIRCLE('',#7869,3.);
#7869 = AXIS2_PLACEMENT_3D('',#7870,#7871,#7872);
#7870 = CARTESIAN_POINT('',(-9.,-25.,-38.119));
#7871 = DIRECTION('',(0.,0.,1.));
#7872 = DIRECTION('',(1.,0.,-0.));
#7873 = PCURVE('',#7847,#7874);
#7874 = DEFINITIONAL_REPRESENTATION('',(#7875),#7879);
#7875 = CIRCLE('',#7876,3.);
#7876 = AXIS2_PLACEMENT_2D('',#7877,#7878);
#7877 = CARTESIAN_POINT('',(0.,0.));
#7878 = DIRECTION('',(1.,0.));
#7879 = ( GEOMETRIC_REPRESENTATION_CONTEXT(2) 
PARAMETRIC_REPRESENTATION_CONTEXT() REPRESENTATION_CONTEXT('2D SPACE',''
  ) );
#7880 = PCURVE('',#7881,#7886);
#7881 = CYLINDRICAL_SURFACE('',#7882,3.);
#7882 = AXIS2_PLACEMENT_3D('',#7883,#7884,#7885);
#7883 = CARTESIAN_POINT('',(-9.,-25.,-38.17));
#7884 = DIRECTION('',(0.,0.,1.));
#7885 = DIRECTION('',(1.,0.,-0.));
#7886 = DEFINITIONAL_REPRESENTATION('',(#7887),#7891);
#7887 = LINE('',#7888,#7889);
#7888 = CARTESIAN_POINT('',(0.,5.1E-02));
#7889 = VECTOR('',#7890,1.);
#7890 = DIRECTION('',(1.,0.));
#7891 = ( GEOMETRIC_REPRESENTATION_CONTEXT(2) 
PARAMETRIC_REPRESENTATION_CONTEXT() REPRESENTATION_CONTEXT('2D SPACE',''
  ) );
#7892 = FACE_BOUND('',#7893,.F.);
#7893 = EDGE_LOOP('',(#7894));
#7894 = ORIENTED_EDGE('',*,*,#7832,.F.);
#7895 = ADVANCED_FACE('',(#7896),#7881,.F.);
#7896 = FACE_BOUND('',#7897,.F.);
#7897 = EDGE_LOOP('',(#7898,#7921,#7922,#7923));
#7898 = ORIENTED_EDGE('',*,*,#7899,.F.);
#7899 = EDGE_CURVE('',#7865,#7900,#7902,.T.);
#7900 = VERTEX_POINT('',#7901);
#7901 = CARTESIAN_POINT('',(-6.,-25.,-38.12));
#7902 = SEAM_CURVE('',#7903,(#7907,#7914),.PCURVE_S1.);
#7903 = LINE('',#7904,#7905);
#7904 = CARTESIAN_POINT('',(-6.,-25.,-38.119));
#7905 = VECTOR('',#7906,1.);
#7906 = DIRECTION('',(0.,0.,-1.));
#7907 = PCURVE('',#7881,#7908);
#7908 = DEFINITIONAL_REPRESENTATION('',(#7909),#7913);
#7909 = LINE('',#7910,#7911);
#7910 = CARTESIAN_POINT('',(6.28318530718,5.1E-02));
#7911 = VECTOR('',#7912,1.);
#7912 = DIRECTION('',(-0.,-1.));
#7913 = ( GEOMETRIC_REPRESENTATION_CONTEXT(2) 
PARAMETRIC_REPRESENTATION_CONTEXT() REPRESENTATION_CONTEXT('2D SPACE',''
  ) );
#7914 = PCURVE('',#7881,#7915);
#7915 = DEFINITIONAL_REPRESENTATION('',(#7916),#7920);
#7916 = LINE('',#7917,#7918);
#7917 = CARTESIAN_POINT('',(0.,5.1E-02));
#7918 = VECTOR('',#7919,1.);
#7919 = DIRECTION('',(-0.,-1.));
#7920 = ( GEOMETRIC_REPRESENTATION_CONTEXT(2) 
PARAMETRIC_REPRESENTATION_CONTEXT() REPRESENTATION_CONTEXT('2D SPACE',''
  ) );
#7921 = ORIENTED_EDGE('',*,*,#7864,.F.);
#7922 = ORIENTED_EDGE('',*,*,#7899,.T.);
#7923 = ORIENTED_EDGE('',*,*,#7924,.T.);
#7924 = EDGE_CURVE('',#7900,#7900,#7925,.T.);
#7925 = SURFACE_CURVE('',#7926,(#7931,#7938),.PCURVE_S1.);
#7926 = CIRCLE('',#7927,3.);
#7927 = AXIS2_PLACEMENT_3D('',#7928,#7929,#7930);
#7928 = CARTESIAN_POINT('',(-9.,-25.,-38.12));
#7929 = DIRECTION('',(0.,0.,1.));
#7930 = DIRECTION('',(1.,0.,-0.));
#7931 = PCURVE('',#7881,#7932);
#7932 = DEFINITIONAL_REPRESENTATION('',(#7933),#7937);
#7933 = LINE('',#7934,#7935);
#7934 = CARTESIAN_POINT('',(0.,5.E-02));
#7935 = VECTOR('',#7936,1.);
#7936 = DIRECTION('',(1.,0.));
#7937 = ( GEOMETRIC_REPRESENTATION_CONTEXT(2) 
PARAMETRIC_REPRESENTATION_CONTEXT() REPRESENTATION_CONTEXT('2D SPACE',''
  ) );
#7938 = PCURVE('',#7665,#7939);
#7939 = DEFINITIONAL_REPRESENTATION('',(#7940),#7944);
#7940 = CIRCLE('',#7941,3.);
#7941 = AXIS2_PLACEMENT_2D('',#7942,#7943);
#7942 = CARTESIAN_POINT('',(0.,0.));
#7943 = DIRECTION('',(1.,0.));
#7944 = ( GEOMETRIC_REPRESENTATION_CONTEXT(2) 
PARAMETRIC_REPRESENTATION_CONTEXT() REPRESENTATION_CONTEXT('2D SPACE',''
  ) );
#7945 = ADVANCED_FACE('',(#7946,#7949),#7665,.F.);
#7946 = FACE_BOUND('',#7947,.F.);
#7947 = EDGE_LOOP('',(#7948));
#7948 = ORIENTED_EDGE('',*,*,#7650,.T.);
#7949 = FACE_BOUND('',#7950,.F.);
#7950 = EDGE_LOOP('',(#7951));
#7951 = ORIENTED_EDGE('',*,*,#7924,.F.);
#7952 = ADVANCED_FACE('',(#7953),#4386,.F.);
#7953 = FACE_BOUND('',#7954,.F.);
#7954 = EDGE_LOOP('',(#7955,#7956,#7957,#7958));
#7955 = ORIENTED_EDGE('',*,*,#4370,.F.);
#7956 = ORIENTED_EDGE('',*,*,#7607,.F.);
#7957 = ORIENTED_EDGE('',*,*,#5095,.T.);
#7958 = ORIENTED_EDGE('',*,*,#7959,.T.);
#7959 = EDGE_CURVE('',#5073,#4343,#7960,.T.);
#7960 = SURFACE_CURVE('',#7961,(#7965,#7971),.PCURVE_S1.);
#7961 = LINE('',#7962,#7963);
#7962 = CARTESIAN_POINT('',(-2.,-10.,-34.5));
#7963 = VECTOR('',#7964,1.);
#7964 = DIRECTION('',(0.,0.,1.));
#7965 = PCURVE('',#4386,#7966);
#7966 = DEFINITIONAL_REPRESENTATION('',(#7967),#7970);
#7967 = B_SPLINE_CURVE_WITH_KNOTS('',1,(#7968,#7969),.UNSPECIFIED.,.F.,
  .F.,(2,2),(0.,3.),.PIECEWISE_BEZIER_KNOTS.);
#7968 = CARTESIAN_POINT('',(0.,-48.));
#7969 = CARTESIAN_POINT('',(3.,-48.));
#7970 = ( GEOMETRIC_REPRESENTATION_CONTEXT(2) 
PARAMETRIC_REPRESENTATION_CONTEXT() REPRESENTATION_CONTEXT('2D SPACE',''
  ) );
#7971 = PCURVE('',#4358,#7972);
#7972 = DEFINITIONAL_REPRESENTATION('',(#7973),#7976);
#7973 = B_SPLINE_CURVE_WITH_KNOTS('',1,(#7974,#7975),.UNSPECIFIED.,.F.,
  .F.,(2,2),(0.,3.),.PIECEWISE_BEZIER_KNOTS.);
#7974 = CARTESIAN_POINT('',(0.,7.));
#7975 = CARTESIAN_POINT('',(3.,7.));
#7976 = ( GEOMETRIC_REPRESENTATION_CONTEXT(2) 
PARAMETRIC_REPRESENTATION_CONTEXT() REPRESENTATION_CONTEXT('2D SPACE',''
  ) );
#7977 = ADVANCED_FACE('',(#7978),#4358,.F.);
#7978 = FACE_BOUND('',#7979,.F.);
#7979 = EDGE_LOOP('',(#7980,#7981,#8002,#8003));
#7980 = ORIENTED_EDGE('',*,*,#5072,.F.);
#7981 = ORIENTED_EDGE('',*,*,#7982,.T.);
#7982 = EDGE_CURVE('',#5050,#4315,#7983,.T.);
#7983 = SURFACE_CURVE('',#7984,(#7988,#7995),.PCURVE_S1.);
#7984 = LINE('',#7985,#7986);
#7985 = CARTESIAN_POINT('',(-9.,-10.,-34.5));
#7986 = VECTOR('',#7987,1.);
#7987 = DIRECTION('',(0.,0.,1.));
#7988 = PCURVE('',#4358,#7989);
#7989 = DEFINITIONAL_REPRESENTATION('',(#7990),#7994);
#7990 = LINE('',#7991,#7992);
#7991 = CARTESIAN_POINT('',(0.,0.));
#7992 = VECTOR('',#7993,1.);
#7993 = DIRECTION('',(1.,0.));
#7994 = ( GEOMETRIC_REPRESENTATION_CONTEXT(2) 
PARAMETRIC_REPRESENTATION_CONTEXT() REPRESENTATION_CONTEXT('2D SPACE',''
  ) );
#7995 = PCURVE('',#4330,#7996);
#7996 = DEFINITIONAL_REPRESENTATION('',(#7997),#8001);
#7997 = LINE('',#7998,#7999);
#7998 = CARTESIAN_POINT('',(0.,0.));
#7999 = VECTOR('',#8000,1.);
#8000 = DIRECTION('',(1.,0.));
#8001 = ( GEOMETRIC_REPRESENTATION_CONTEXT(2) 
PARAMETRIC_REPRESENTATION_CONTEXT() REPRESENTATION_CONTEXT('2D SPACE',''
  ) );
#8002 = ORIENTED_EDGE('',*,*,#4342,.T.);
#8003 = ORIENTED_EDGE('',*,*,#7959,.F.);
#8004 = ADVANCED_FACE('',(#8005),#4330,.F.);
#8005 = FACE_BOUND('',#8006,.F.);
#8006 = EDGE_LOOP('',(#8007,#8008,#8009,#8037,#8058));
#8007 = ORIENTED_EDGE('',*,*,#7982,.F.);
#8008 = ORIENTED_EDGE('',*,*,#5049,.T.);
#8009 = ORIENTED_EDGE('',*,*,#8010,.T.);
#8010 = EDGE_CURVE('',#5027,#8011,#8013,.T.);
#8011 = VERTEX_POINT('',#8012);
#8012 = CARTESIAN_POINT('',(-9.,4.,-34.5));
#8013 = SURFACE_CURVE('',#8014,(#8018,#8025),.PCURVE_S1.);
#8014 = LINE('',#8015,#8016);
#8015 = CARTESIAN_POINT('',(-9.,-10.,-34.5));
#8016 = VECTOR('',#8017,1.);
#8017 = DIRECTION('',(0.,1.,0.));
#8018 = PCURVE('',#4330,#8019);
#8019 = DEFINITIONAL_REPRESENTATION('',(#8020),#8024);
#8020 = LINE('',#8021,#8022);
#8021 = CARTESIAN_POINT('',(0.,0.));
#8022 = VECTOR('',#8023,1.);
#8023 = DIRECTION('',(0.,-1.));
#8024 = ( GEOMETRIC_REPRESENTATION_CONTEXT(2) 
PARAMETRIC_REPRESENTATION_CONTEXT() REPRESENTATION_CONTEXT('2D SPACE',''
  ) );
#8025 = PCURVE('',#8026,#8031);
#8026 = PLANE('',#8027);
#8027 = AXIS2_PLACEMENT_3D('',#8028,#8029,#8030);
#8028 = CARTESIAN_POINT('',(6.,-9.,-34.5));
#8029 = DIRECTION('',(0.,0.,1.));
#8030 = DIRECTION('',(1.,0.,-0.));
#8031 = DEFINITIONAL_REPRESENTATION('',(#8032),#8036);
#8032 = LINE('',#8033,#8034);
#8033 = CARTESIAN_POINT('',(-15.,-1.));
#8034 = VECTOR('',#8035,1.);
#8035 = DIRECTION('',(0.,1.));
#8036 = ( GEOMETRIC_REPRESENTATION_CONTEXT(2) 
PARAMETRIC_REPRESENTATION_CONTEXT() REPRESENTATION_CONTEXT('2D SPACE',''
  ) );
#8037 = ORIENTED_EDGE('',*,*,#8038,.T.);
#8038 = EDGE_CURVE('',#8011,#4287,#8039,.T.);
#8039 = SURFACE_CURVE('',#8040,(#8044,#8051),.PCURVE_S1.);
#8040 = LINE('',#8041,#8042);
#8041 = CARTESIAN_POINT('',(-9.,4.,-34.5));
#8042 = VECTOR('',#8043,1.);
#8043 = DIRECTION('',(0.,0.,1.));
#8044 = PCURVE('',#4330,#8045);
#8045 = DEFINITIONAL_REPRESENTATION('',(#8046),#8050);
#8046 = LINE('',#8047,#8048);
#8047 = CARTESIAN_POINT('',(0.,-14.));
#8048 = VECTOR('',#8049,1.);
#8049 = DIRECTION('',(1.,0.));
#8050 = ( GEOMETRIC_REPRESENTATION_CONTEXT(2) 
PARAMETRIC_REPRESENTATION_CONTEXT() REPRESENTATION_CONTEXT('2D SPACE',''
  ) );
#8051 = PCURVE('',#4302,#8052);
#8052 = DEFINITIONAL_REPRESENTATION('',(#8053),#8057);
#8053 = LINE('',#8054,#8055);
#8054 = CARTESIAN_POINT('',(0.,0.));
#8055 = VECTOR('',#8056,1.);
#8056 = DIRECTION('',(1.,0.));
#8057 = ( GEOMETRIC_REPRESENTATION_CONTEXT(2) 
PARAMETRIC_REPRESENTATION_CONTEXT() REPRESENTATION_CONTEXT('2D SPACE',''
  ) );
#8058 = ORIENTED_EDGE('',*,*,#4314,.T.);
#8059 = ADVANCED_FACE('',(#8060),#8026,.F.);
#8060 = FACE_BOUND('',#8061,.F.);
#8061 = EDGE_LOOP('',(#8062,#8063,#8086));
#8062 = ORIENTED_EDGE('',*,*,#8010,.F.);
#8063 = ORIENTED_EDGE('',*,*,#8064,.F.);
#8064 = EDGE_CURVE('',#8065,#5027,#8067,.T.);
#8065 = VERTEX_POINT('',#8066);
#8066 = CARTESIAN_POINT('',(-8.062257748299,4.,-34.5));
#8067 = SURFACE_CURVE('',#8068,(#8073,#8080),.PCURVE_S1.);
#8068 = CIRCLE('',#8069,9.);
#8069 = AXIS2_PLACEMENT_3D('',#8070,#8071,#8072);
#8070 = CARTESIAN_POINT('',(0.,0.,-34.5));
#8071 = DIRECTION('',(0.,0.,1.));
#8072 = DIRECTION('',(1.,0.,-0.));
#8073 = PCURVE('',#8026,#8074);
#8074 = DEFINITIONAL_REPRESENTATION('',(#8075),#8079);
#8075 = CIRCLE('',#8076,9.);
#8076 = AXIS2_PLACEMENT_2D('',#8077,#8078);
#8077 = CARTESIAN_POINT('',(-6.,9.));
#8078 = DIRECTION('',(1.,0.));
#8079 = ( GEOMETRIC_REPRESENTATION_CONTEXT(2) 
PARAMETRIC_REPRESENTATION_CONTEXT() REPRESENTATION_CONTEXT('2D SPACE',''
  ) );
#8080 = PCURVE('',#4275,#8081);
#8081 = DEFINITIONAL_REPRESENTATION('',(#8082),#8085);
#8082 = B_SPLINE_CURVE_WITH_KNOTS('',1,(#8083,#8084),.UNSPECIFIED.,.F.,
  .F.,(2,2),(2.681038661908,3.14159265359),.PIECEWISE_BEZIER_KNOTS.);
#8083 = CARTESIAN_POINT('',(2.681038661908,8.5));
#8084 = CARTESIAN_POINT('',(3.14159265359,8.5));
#8085 = ( GEOMETRIC_REPRESENTATION_CONTEXT(2) 
PARAMETRIC_REPRESENTATION_CONTEXT() REPRESENTATION_CONTEXT('2D SPACE',''
  ) );
#8086 = ORIENTED_EDGE('',*,*,#8087,.F.);
#8087 = EDGE_CURVE('',#8011,#8065,#8088,.T.);
#8088 = SURFACE_CURVE('',#8089,(#8093,#8100),.PCURVE_S1.);
#8089 = LINE('',#8090,#8091);
#8090 = CARTESIAN_POINT('',(-9.,4.,-34.5));
#8091 = VECTOR('',#8092,1.);
#8092 = DIRECTION('',(1.,0.,-0.));
#8093 = PCURVE('',#8026,#8094);
#8094 = DEFINITIONAL_REPRESENTATION('',(#8095),#8099);
#8095 = LINE('',#8096,#8097);
#8096 = CARTESIAN_POINT('',(-15.,13.));
#8097 = VECTOR('',#8098,1.);
#8098 = DIRECTION('',(1.,0.));
#8099 = ( GEOMETRIC_REPRESENTATION_CONTEXT(2) 
PARAMETRIC_REPRESENTATION_CONTEXT() REPRESENTATION_CONTEXT('2D SPACE',''
  ) );
#8100 = PCURVE('',#4302,#8101);
#8101 = DEFINITIONAL_REPRESENTATION('',(#8102),#8106);
#8102 = LINE('',#8103,#8104);
#8103 = CARTESIAN_POINT('',(0.,0.));
#8104 = VECTOR('',#8105,1.);
#8105 = DIRECTION('',(0.,1.));
#8106 = ( GEOMETRIC_REPRESENTATION_CONTEXT(2) 
PARAMETRIC_REPRESENTATION_CONTEXT() REPRESENTATION_CONTEXT('2D SPACE',''
  ) );
#8107 = ADVANCED_FACE('',(#8108),#4302,.T.);
#8108 = FACE_BOUND('',#8109,.T.);
#8109 = EDGE_LOOP('',(#8110,#8111,#8112,#8113));
#8110 = ORIENTED_EDGE('',*,*,#8087,.F.);
#8111 = ORIENTED_EDGE('',*,*,#8038,.T.);
#8112 = ORIENTED_EDGE('',*,*,#4286,.T.);
#8113 = ORIENTED_EDGE('',*,*,#8114,.F.);
#8114 = EDGE_CURVE('',#8065,#4259,#8115,.T.);
#8115 = SURFACE_CURVE('',#8116,(#8120,#8126),.PCURVE_S1.);
#8116 = LINE('',#8117,#8118);
#8117 = CARTESIAN_POINT('',(-8.062257748299,4.,-43.));
#8118 = VECTOR('',#8119,1.);
#8119 = DIRECTION('',(0.,0.,1.));
#8120 = PCURVE('',#4302,#8121);
#8121 = DEFINITIONAL_REPRESENTATION('',(#8122),#8125);
#8122 = B_SPLINE_CURVE_WITH_KNOTS('',1,(#8123,#8124),.UNSPECIFIED.,.F.,
  .F.,(2,2),(8.2,11.5000006),.PIECEWISE_BEZIER_KNOTS.);
#8123 = CARTESIAN_POINT('',(-0.3,0.937742251701));
#8124 = CARTESIAN_POINT('',(3.0000006,0.937742251701));
#8125 = ( GEOMETRIC_REPRESENTATION_CONTEXT(2) 
PARAMETRIC_REPRESENTATION_CONTEXT() REPRESENTATION_CONTEXT('2D SPACE',''
  ) );
#8126 = PCURVE('',#4275,#8127);
#8127 = DEFINITIONAL_REPRESENTATION('',(#8128),#8131);
#8128 = B_SPLINE_CURVE_WITH_KNOTS('',1,(#8129,#8130),.UNSPECIFIED.,.F.,
  .F.,(2,2),(8.5,11.5),.PIECEWISE_BEZIER_KNOTS.);
#8129 = CARTESIAN_POINT('',(2.681038661908,8.5));
#8130 = CARTESIAN_POINT('',(2.681038661908,11.5));
#8131 = ( GEOMETRIC_REPRESENTATION_CONTEXT(2) 
PARAMETRIC_REPRESENTATION_CONTEXT() REPRESENTATION_CONTEXT('2D SPACE',''
  ) );
#8132 = ADVANCED_FACE('',(#8133),#4275,.T.);
#8133 = FACE_BOUND('',#8134,.T.);
#8134 = EDGE_LOOP('',(#8135,#8136,#8137,#8138,#8139,#8140,#8141,#8142,
    #8143,#8144,#8145,#8146,#8167,#8195,#8214,#8215,#8216,#8217));
#8135 = ORIENTED_EDGE('',*,*,#6873,.T.);
#8136 = ORIENTED_EDGE('',*,*,#4698,.F.);
#8137 = ORIENTED_EDGE('',*,*,#6828,.F.);
#8138 = ORIENTED_EDGE('',*,*,#4981,.F.);
#8139 = ORIENTED_EDGE('',*,*,#4911,.T.);
#8140 = ORIENTED_EDGE('',*,*,#4809,.F.);
#8141 = ORIENTED_EDGE('',*,*,#6805,.F.);
#8142 = ORIENTED_EDGE('',*,*,#5026,.F.);
#8143 = ORIENTED_EDGE('',*,*,#8064,.F.);
#8144 = ORIENTED_EDGE('',*,*,#8114,.T.);
#8145 = ORIENTED_EDGE('',*,*,#4258,.F.);
#8146 = ORIENTED_EDGE('',*,*,#8147,.F.);
#8147 = EDGE_CURVE('',#8148,#4236,#8150,.T.);
#8148 = VERTEX_POINT('',#8149);
#8149 = CARTESIAN_POINT('',(-7.,5.656854249492,-37.8));
#8150 = SURFACE_CURVE('',#8151,(#8155,#8161),.PCURVE_S1.);
#8151 = LINE('',#8152,#8153);
#8152 = CARTESIAN_POINT('',(-7.,5.656854249492,-43.));
#8153 = VECTOR('',#8154,1.);
#8154 = DIRECTION('',(0.,0.,1.));
#8155 = PCURVE('',#4275,#8156);
#8156 = DEFINITIONAL_REPRESENTATION('',(#8157),#8160);
#8157 = B_SPLINE_CURVE_WITH_KNOTS('',1,(#8158,#8159),.UNSPECIFIED.,.F.,
  .F.,(2,2),(5.2,11.5),.PIECEWISE_BEZIER_KNOTS.);
#8158 = CARTESIAN_POINT('',(2.461918834682,5.2));
#8159 = CARTESIAN_POINT('',(2.461918834682,11.5));
#8160 = ( GEOMETRIC_REPRESENTATION_CONTEXT(2) 
PARAMETRIC_REPRESENTATION_CONTEXT() REPRESENTATION_CONTEXT('2D SPACE',''
  ) );
#8161 = PCURVE('',#261,#8162);
#8162 = DEFINITIONAL_REPRESENTATION('',(#8163),#8166);
#8163 = B_SPLINE_CURVE_WITH_KNOTS('',1,(#8164,#8165),.UNSPECIFIED.,.F.,
  .F.,(2,2),(2.368,11.5000006),.PIECEWISE_BEZIER_KNOTS.);
#8164 = CARTESIAN_POINT('',(-2.512,-5.656854249492));
#8165 = CARTESIAN_POINT('',(6.6200006,-5.656854249492));
#8166 = ( GEOMETRIC_REPRESENTATION_CONTEXT(2) 
PARAMETRIC_REPRESENTATION_CONTEXT() REPRESENTATION_CONTEXT('2D SPACE',''
  ) );
#8167 = ORIENTED_EDGE('',*,*,#8168,.F.);
#8168 = EDGE_CURVE('',#8169,#8148,#8171,.T.);
#8169 = VERTEX_POINT('',#8170);
#8170 = CARTESIAN_POINT('',(7.,5.656854249492,-37.8));
#8171 = SURFACE_CURVE('',#8172,(#8177,#8184),.PCURVE_S1.);
#8172 = CIRCLE('',#8173,9.);
#8173 = AXIS2_PLACEMENT_3D('',#8174,#8175,#8176);
#8174 = CARTESIAN_POINT('',(0.,0.,-37.8));
#8175 = DIRECTION('',(0.,0.,-1.));
#8176 = DIRECTION('',(0.777777777778,0.628539361055,0.));
#8177 = PCURVE('',#4275,#8178);
#8178 = DEFINITIONAL_REPRESENTATION('',(#8179),#8183);
#8179 = LINE('',#8180,#8181);
#8180 = CARTESIAN_POINT('',(6.962859126088,5.2));
#8181 = VECTOR('',#8182,1.);
#8182 = DIRECTION('',(-1.,-0.));
#8183 = ( GEOMETRIC_REPRESENTATION_CONTEXT(2) 
PARAMETRIC_REPRESENTATION_CONTEXT() REPRESENTATION_CONTEXT('2D SPACE',''
  ) );
#8184 = PCURVE('',#234,#8185);
#8185 = DEFINITIONAL_REPRESENTATION('',(#8186),#8194);
#8186 = ( BOUNDED_CURVE() B_SPLINE_CURVE(2,(#8187,#8188,#8189,#8190,
#8191,#8192,#8193),.UNSPECIFIED.,.T.,.F.) B_SPLINE_CURVE_WITH_KNOTS((1,2
    ,2,2,2,1),(-2.094395102393,0.,2.094395102393,4.188790204786,
6.28318530718,8.377580409573),.UNSPECIFIED.) CURVE() 
GEOMETRIC_REPRESENTATION_ITEM() RATIONAL_B_SPLINE_CURVE((1.,0.5,1.,0.5,
1.,0.5,1.)) REPRESENTATION_ITEM('') );
#8187 = CARTESIAN_POINT('',(7.,5.656854249492));
#8188 = CARTESIAN_POINT('',(16.797958971133,-6.46750140349));
#8189 = CARTESIAN_POINT('',(1.398979485566,-8.890604951237));
#8190 = CARTESIAN_POINT('',(-14.,-11.31370849898));
#8191 = CARTESIAN_POINT('',(-8.398979485566,3.233750701745));
#8192 = CARTESIAN_POINT('',(-2.797958971133,17.781209902475));
#8193 = CARTESIAN_POINT('',(7.,5.656854249492));
#8194 = ( GEOMETRIC_REPRESENTATION_CONTEXT(2) 
PARAMETRIC_REPRESENTATION_CONTEXT() REPRESENTATION_CONTEXT('2D SPACE',''
  ) );
#8195 = ORIENTED_EDGE('',*,*,#8196,.T.);
#8196 = EDGE_CURVE('',#8169,#4210,#8197,.T.);
#8197 = SURFACE_CURVE('',#8198,(#8202,#8208),.PCURVE_S1.);
#8198 = LINE('',#8199,#8200);
#8199 = CARTESIAN_POINT('',(7.,5.656854249492,-43.));
#8200 = VECTOR('',#8201,1.);
#8201 = DIRECTION('',(0.,0.,1.));
#8202 = PCURVE('',#4275,#8203);
#8203 = DEFINITIONAL_REPRESENTATION('',(#8204),#8207);
#8204 = B_SPLINE_CURVE_WITH_KNOTS('',1,(#8205,#8206),.UNSPECIFIED.,.F.,
  .F.,(2,2),(5.2,11.5),.PIECEWISE_BEZIER_KNOTS.);
#8205 = CARTESIAN_POINT('',(6.962859126088,5.2));
#8206 = CARTESIAN_POINT('',(6.962859126088,11.5));
#8207 = ( GEOMETRIC_REPRESENTATION_CONTEXT(2) 
PARAMETRIC_REPRESENTATION_CONTEXT() REPRESENTATION_CONTEXT('2D SPACE',''
  ) );
#8208 = PCURVE('',#317,#8209);
#8209 = DEFINITIONAL_REPRESENTATION('',(#8210),#8213);
#8210 = B_SPLINE_CURVE_WITH_KNOTS('',1,(#8211,#8212),.UNSPECIFIED.,.F.,
  .F.,(2,2),(2.368,11.5000006),.PIECEWISE_BEZIER_KNOTS.);
#8211 = CARTESIAN_POINT('',(-2.512,-5.656854249492));
#8212 = CARTESIAN_POINT('',(6.6200006,-5.656854249492));
#8213 = ( GEOMETRIC_REPRESENTATION_CONTEXT(2) 
PARAMETRIC_REPRESENTATION_CONTEXT() REPRESENTATION_CONTEXT('2D SPACE',''
  ) );
#8214 = ORIENTED_EDGE('',*,*,#4675,.F.);
#8215 = ORIENTED_EDGE('',*,*,#6925,.F.);
#8216 = ORIENTED_EDGE('',*,*,#6969,.F.);
#8217 = ORIENTED_EDGE('',*,*,#5333,.F.);
#8218 = ADVANCED_FACE('',(#8219,#8222),#84,.F.);
#8219 = FACE_BOUND('',#8220,.F.);
#8220 = EDGE_LOOP('',(#8221));
#8221 = ORIENTED_EDGE('',*,*,#69,.T.);
#8222 = FACE_BOUND('',#8223,.F.);
#8223 = EDGE_LOOP('',(#8224));
#8224 = ORIENTED_EDGE('',*,*,#817,.F.);
#8225 = ADVANCED_FACE('',(#8226),#261,.F.);
#8226 = FACE_BOUND('',#8227,.F.);
#8227 = EDGE_LOOP('',(#8228,#8229,#8249,#8250,#8271,#8272,#8273,#8274,
    #8275,#8276,#8277,#8278));
#8228 = ORIENTED_EDGE('',*,*,#8147,.F.);
#8229 = ORIENTED_EDGE('',*,*,#8230,.T.);
#8230 = EDGE_CURVE('',#8148,#218,#8231,.T.);
#8231 = SURFACE_CURVE('',#8232,(#8236,#8243),.PCURVE_S1.);
#8232 = LINE('',#8233,#8234);
#8233 = CARTESIAN_POINT('',(-7.,0.,-37.8));
#8234 = VECTOR('',#8235,1.);
#8235 = DIRECTION('',(-0.,1.,0.));
#8236 = PCURVE('',#261,#8237);
#8237 = DEFINITIONAL_REPRESENTATION('',(#8238),#8242);
#8238 = LINE('',#8239,#8240);
#8239 = CARTESIAN_POINT('',(0.32,0.));
#8240 = VECTOR('',#8241,1.);
#8241 = DIRECTION('',(0.,-1.));
#8242 = ( GEOMETRIC_REPRESENTATION_CONTEXT(2) 
PARAMETRIC_REPRESENTATION_CONTEXT() REPRESENTATION_CONTEXT('2D SPACE',''
  ) );
#8243 = PCURVE('',#234,#8244);
#8244 = DEFINITIONAL_REPRESENTATION('',(#8245),#8248);
#8245 = B_SPLINE_CURVE_WITH_KNOTS('',1,(#8246,#8247),.UNSPECIFIED.,.F.,
  .F.,(2,2),(0.,14.),.PIECEWISE_BEZIER_KNOTS.);
#8246 = CARTESIAN_POINT('',(-7.,0.));
#8247 = CARTESIAN_POINT('',(-7.,14.));
#8248 = ( GEOMETRIC_REPRESENTATION_CONTEXT(2) 
PARAMETRIC_REPRESENTATION_CONTEXT() REPRESENTATION_CONTEXT('2D SPACE',''
  ) );
#8249 = ORIENTED_EDGE('',*,*,#246,.F.);
#8250 = ORIENTED_EDGE('',*,*,#8251,.T.);
#8251 = EDGE_CURVE('',#247,#2658,#8252,.T.);
#8252 = SURFACE_CURVE('',#8253,(#8257,#8264),.PCURVE_S1.);
#8253 = LINE('',#8254,#8255);
#8254 = CARTESIAN_POINT('',(-7.,12.124355652982,-38.12));
#8255 = VECTOR('',#8256,1.);
#8256 = DIRECTION('',(0.,1.,0.));
#8257 = PCURVE('',#261,#8258);
#8258 = DEFINITIONAL_REPRESENTATION('',(#8259),#8263);
#8259 = LINE('',#8260,#8261);
#8260 = CARTESIAN_POINT('',(0.,-12.12435565298));
#8261 = VECTOR('',#8262,1.);
#8262 = DIRECTION('',(0.,-1.));
#8263 = ( GEOMETRIC_REPRESENTATION_CONTEXT(2) 
PARAMETRIC_REPRESENTATION_CONTEXT() REPRESENTATION_CONTEXT('2D SPACE',''
  ) );
#8264 = PCURVE('',#290,#8265);
#8265 = DEFINITIONAL_REPRESENTATION('',(#8266),#8270);
#8266 = LINE('',#8267,#8268);
#8267 = CARTESIAN_POINT('',(0.,12.124355652982));
#8268 = VECTOR('',#8269,1.);
#8269 = DIRECTION('',(0.,1.));
#8270 = ( GEOMETRIC_REPRESENTATION_CONTEXT(2) 
PARAMETRIC_REPRESENTATION_CONTEXT() REPRESENTATION_CONTEXT('2D SPACE',''
  ) );
#8271 = ORIENTED_EDGE('',*,*,#2680,.T.);
#8272 = ORIENTED_EDGE('',*,*,#3162,.T.);
#8273 = ORIENTED_EDGE('',*,*,#2182,.T.);
#8274 = ORIENTED_EDGE('',*,*,#1716,.F.);
#8275 = ORIENTED_EDGE('',*,*,#1664,.F.);
#8276 = ORIENTED_EDGE('',*,*,#4110,.F.);
#8277 = ORIENTED_EDGE('',*,*,#4184,.F.);
#8278 = ORIENTED_EDGE('',*,*,#4235,.F.);
#8279 = ADVANCED_FACE('',(#8280),#290,.F.);
#8280 = FACE_BOUND('',#8281,.F.);
#8281 = EDGE_LOOP('',(#8282,#8283,#8284,#8305));
#8282 = ORIENTED_EDGE('',*,*,#8251,.F.);
#8283 = ORIENTED_EDGE('',*,*,#273,.F.);
#8284 = ORIENTED_EDGE('',*,*,#8285,.T.);
#8285 = EDGE_CURVE('',#274,#2633,#8286,.T.);
#8286 = SURFACE_CURVE('',#8287,(#8291,#8298),.PCURVE_S1.);
#8287 = LINE('',#8288,#8289);
#8288 = CARTESIAN_POINT('',(7.,12.124355652982,-38.12));
#8289 = VECTOR('',#8290,1.);
#8290 = DIRECTION('',(0.,1.,0.));
#8291 = PCURVE('',#290,#8292);
#8292 = DEFINITIONAL_REPRESENTATION('',(#8293),#8297);
#8293 = LINE('',#8294,#8295);
#8294 = CARTESIAN_POINT('',(14.,12.124355652982));
#8295 = VECTOR('',#8296,1.);
#8296 = DIRECTION('',(0.,1.));
#8297 = ( GEOMETRIC_REPRESENTATION_CONTEXT(2) 
PARAMETRIC_REPRESENTATION_CONTEXT() REPRESENTATION_CONTEXT('2D SPACE',''
  ) );
#8298 = PCURVE('',#317,#8299);
#8299 = DEFINITIONAL_REPRESENTATION('',(#8300),#8304);
#8300 = LINE('',#8301,#8302);
#8301 = CARTESIAN_POINT('',(0.,-12.12435565298));
#8302 = VECTOR('',#8303,1.);
#8303 = DIRECTION('',(0.,-1.));
#8304 = ( GEOMETRIC_REPRESENTATION_CONTEXT(2) 
PARAMETRIC_REPRESENTATION_CONTEXT() REPRESENTATION_CONTEXT('2D SPACE',''
  ) );
#8305 = ORIENTED_EDGE('',*,*,#2657,.F.);
#8306 = ADVANCED_FACE('',(#8307),#317,.T.);
#8307 = FACE_BOUND('',#8308,.T.);
#8308 = EDGE_LOOP('',(#8309,#8310,#8330,#8331,#8332,#8333,#8334,#8335,
    #8336,#8337,#8338,#8339));
#8309 = ORIENTED_EDGE('',*,*,#8196,.F.);
#8310 = ORIENTED_EDGE('',*,*,#8311,.T.);
#8311 = EDGE_CURVE('',#8169,#303,#8312,.T.);
#8312 = SURFACE_CURVE('',#8313,(#8317,#8324),.PCURVE_S1.);
#8313 = LINE('',#8314,#8315);
#8314 = CARTESIAN_POINT('',(7.,0.,-37.8));
#8315 = VECTOR('',#8316,1.);
#8316 = DIRECTION('',(-0.,1.,0.));
#8317 = PCURVE('',#317,#8318);
#8318 = DEFINITIONAL_REPRESENTATION('',(#8319),#8323);
#8319 = LINE('',#8320,#8321);
#8320 = CARTESIAN_POINT('',(0.32,0.));
#8321 = VECTOR('',#8322,1.);
#8322 = DIRECTION('',(0.,-1.));
#8323 = ( GEOMETRIC_REPRESENTATION_CONTEXT(2) 
PARAMETRIC_REPRESENTATION_CONTEXT() REPRESENTATION_CONTEXT('2D SPACE',''
  ) );
#8324 = PCURVE('',#234,#8325);
#8325 = DEFINITIONAL_REPRESENTATION('',(#8326),#8329);
#8326 = B_SPLINE_CURVE_WITH_KNOTS('',1,(#8327,#8328),.UNSPECIFIED.,.F.,
  .F.,(2,2),(0.,14.),.PIECEWISE_BEZIER_KNOTS.);
#8327 = CARTESIAN_POINT('',(7.,0.));
#8328 = CARTESIAN_POINT('',(7.,14.));
#8329 = ( GEOMETRIC_REPRESENTATION_CONTEXT(2) 
PARAMETRIC_REPRESENTATION_CONTEXT() REPRESENTATION_CONTEXT('2D SPACE',''
  ) );
#8330 = ORIENTED_EDGE('',*,*,#302,.F.);
#8331 = ORIENTED_EDGE('',*,*,#8285,.T.);
#8332 = ORIENTED_EDGE('',*,*,#2632,.T.);
#8333 = ORIENTED_EDGE('',*,*,#3186,.T.);
#8334 = ORIENTED_EDGE('',*,*,#2204,.T.);
#8335 = ORIENTED_EDGE('',*,*,#1740,.T.);
#8336 = ORIENTED_EDGE('',*,*,#1571,.F.);
#8337 = ORIENTED_EDGE('',*,*,#1521,.F.);
#8338 = ORIENTED_EDGE('',*,*,#1474,.F.);
#8339 = ORIENTED_EDGE('',*,*,#4209,.T.);
#8340 = ADVANCED_FACE('',(#8341),#234,.T.);
#8341 = FACE_BOUND('',#8342,.T.);
#8342 = EDGE_LOOP('',(#8343,#8344,#8345,#8346,#8347));
#8343 = ORIENTED_EDGE('',*,*,#8230,.T.);
#8344 = ORIENTED_EDGE('',*,*,#217,.T.);
#8345 = ORIENTED_EDGE('',*,*,#329,.T.);
#8346 = ORIENTED_EDGE('',*,*,#8311,.F.);
#8347 = ORIENTED_EDGE('',*,*,#8168,.T.);
#8348 = ADVANCED_FACE('',(#8349),#159,.F.);
#8349 = FACE_BOUND('',#8350,.F.);
#8350 = EDGE_LOOP('',(#8351,#8352,#8373,#8374,#8375,#8376));
#8351 = ORIENTED_EDGE('',*,*,#352,.F.);
#8352 = ORIENTED_EDGE('',*,*,#8353,.F.);
#8353 = EDGE_CURVE('',#842,#42,#8354,.T.);
#8354 = SEAM_CURVE('',#8355,(#8359,#8366),.PCURVE_S1.);
#8355 = LINE('',#8356,#8357);
#8356 = CARTESIAN_POINT('',(0.,-4.898587196589E-16,-48.));
#8357 = VECTOR('',#8358,1.);
#8358 = DIRECTION('',(1.,0.,0.));
#8359 = PCURVE('',#159,#8360);
#8360 = DEFINITIONAL_REPRESENTATION('',(#8361),#8365);
#8361 = LINE('',#8362,#8363);
#8362 = CARTESIAN_POINT('',(6.28318530718,-0.));
#8363 = VECTOR('',#8364,1.);
#8364 = DIRECTION('',(0.,1.));
#8365 = ( GEOMETRIC_REPRESENTATION_CONTEXT(2) 
PARAMETRIC_REPRESENTATION_CONTEXT() REPRESENTATION_CONTEXT('2D SPACE',''
  ) );
#8366 = PCURVE('',#159,#8367);
#8367 = DEFINITIONAL_REPRESENTATION('',(#8368),#8372);
#8368 = LINE('',#8369,#8370);
#8369 = CARTESIAN_POINT('',(0.,-0.));
#8370 = VECTOR('',#8371,1.);
#8371 = DIRECTION('',(0.,1.));
#8372 = ( GEOMETRIC_REPRESENTATION_CONTEXT(2) 
PARAMETRIC_REPRESENTATION_CONTEXT() REPRESENTATION_CONTEXT('2D SPACE',''
  ) );
#8373 = ORIENTED_EDGE('',*,*,#1318,.T.);
#8374 = ORIENTED_EDGE('',*,*,#864,.T.);
#8375 = ORIENTED_EDGE('',*,*,#8353,.T.);
#8376 = ORIENTED_EDGE('',*,*,#97,.F.);
#8377 = ( GEOMETRIC_REPRESENTATION_CONTEXT(3) 
GLOBAL_UNCERTAINTY_ASSIGNED_CONTEXT((#8381)) 
GLOBAL_UNIT_ASSIGNED_CONTEXT((#8378,#8379,#8380)) REPRESENTATION_CONTEXT
('Context #1','3D Context with UNIT and UNCERTAINTY') );
#8378 = ( LENGTH_UNIT() NAMED_UNIT(*) SI_UNIT(.MILLI.,.METRE.) );
#8379 = ( NAMED_UNIT(*) PLANE_ANGLE_UNIT() SI_UNIT($,.RADIAN.) );
#8380 = ( NAMED_UNIT(*) SI_UNIT($,.STERADIAN.) SOLID_ANGLE_UNIT() );
#8381 = UNCERTAINTY_MEASURE_WITH_UNIT(LENGTH_MEASURE(2.E-07),#8378,
  'distance_accuracy_value','confusion accuracy');
#8382 = CONTEXT_DEPENDENT_SHAPE_REPRESENTATION(#8383,#8385);
#8383 = ( REPRESENTATION_RELATIONSHIP('','',#32,#10) 
REPRESENTATION_RELATIONSHIP_WITH_TRANSFORMATION(#8384) 
SHAPE_REPRESENTATION_RELATIONSHIP() );
#8384 = ITEM_DEFINED_TRANSFORMATION('','',#11,#15);
#8385 = PRODUCT_DEFINITION_SHAPE('Placement','Placement of an item',
  #8386);
#8386 = NEXT_ASSEMBLY_USAGE_OCCURRENCE('2',
  'torus_free_retained_arm_with_open_PEEK_cradle_seat_one_solid','',#5,
  #27,$);
#8387 = PRODUCT_RELATED_PRODUCT_CATEGORY('part',$,(#29));
ENDSEC;
END-ISO-10303-21;
